0x0014eedc,task_AdditionAgent
0x006b1b14,DisableDispatch_low
0x006b1b40,EnableDispatch_low
0x006b1b94,get_self_task_id
0x006b21d8,get_task_properties
0x006b5480,RegisterInterruptHandler
0x006b5510,UnregisterInterruptHandler
0x006b55fc,GetSRAndDisableInterrupt
0x006b5600,SetSR
0x006b5620,EnableInterrupt
0x006b5658,CreateTask
0x006b5658,CreateTask_FW
0x006b5994,ExitTask
0x006b5994,ExitTask_FW
0x006b59f8,DebugAssert
0x006b7884,CreateBinarySemaphore
0x006b7908,CreateCountingSemaphore
0x006b7908,CreateCountingSemaphore_FW
0x006b7968,DeleteSemaphore
0x006b7968,DeleteSemaphore_FW
0x006b79dc,TryTakeSemaphore
0x006b7a2c,TakeSemaphore
0x006b7a2c,TakeSemaphore_FW
0x006b7b04,GiveSemaphore
0x006b7b04,GiveSemaphore_FW
0x006b7b54,GetSemaphoreValue
0x006b7bd4,CreateTaskStrictly
0x006b7c0c,CreateMessageQueueStrictly
0x006b7c34,CreateEventFlagStrictly
0x006b7c5c,CreateBinarySemaphoreStrictly
0x006b7c84,CreateCountingSemaphoreStrictly
0x006b7cac,CreateRecursiveLockStrictly
0x006b7cd4,TakeSemaphoreStrictly
0x006b7d00,ReceiveMessageQueueStrictly
0x006b7d2c,PostMessageQueueStrictly
0x006b7d58,WaitForAnyEventFlagStrictly
0x006b7d84,WaitForAllEventFlagStrictly
0x006b7db0,AcquireRecursiveLockStrictly
0x006b7eec,CreateEventFlag
0x006b7f4c,DeleteEventFlag
0x006b7fb4,CheckAnyEventFlag
0x006b8010,CheckAllEventFlag
0x006b806c,WaitForAnyEventFlag
0x006b8158,WaitForAllEventFlag
0x006b8224,SetEventFlag
0x006b826c,ClearEventFlag
0x006b82b8,GetEventFlagValue
0x006b833c,CreateMessageQueue
0x006b83ec,DeleteMessageQueue
0x006b8490,ReceiveMessageQueue
0x006b8584,TryReceiveMessageQueue
0x006b85f4,PostMessageQueue
0x006b86b8,TryPostMessageQueue
0x006b870c,GetNumberOfPostedMessages
0x006b87b8,CreateRecursiveLock
0x006b8810,DeleteRecursiveLock
0x006b8878,AcquireRecursiveLock
0x006b89e0,ReleaseRecursiveLock
0x006b8d54,SleepTask
0x006b8d54,SleepTask_FW
0x006b9234,GetTimeOfSystem_FW
0x006b9998,LocalTime
0x006ba89c,WriteSDCard
0x006baf0c,task_SD1stInit
0x006dad30,_divmod_signed_int
0x006dc34c,_divmod_unsigned_int
0x006ddda8,_log
0x006de2e8,_log10
0x006de6b0,_pow
0x006df768,_safe_sqrt
0x006df92c,_dadd
0x006dfc04,_ddiv
0x006e00d0,_dfix
0x006e0180,_dfixu
0x006e0208,_dflt
0x006e02b4,_dfltu
0x006e02c0,_dcmp
0x006e0348,_dmul
0x006e0518,_dcmp_reverse
0x006e0770,_drsb
0x006e0788,_sqrt
0x006e08fc,_dsub
0x006e0c80,_f2d
0x006e0e04,_fdiv
0x006e0fe8,_ffix
0x006e105c,_ffixu
0x006e10bc,_fflt
0x006e10f0,_ffltu
0x006e11d0,_fmul
0x006e16d0,_scalbn
0xff020b68,memShow_FW
0xff0229e4,task_ClockSave
0xff023398,get_self_task_errno_pointer
0xff023408,GetMemInfo
0xff023c70,open
0xff023d20,close
0xff023ec4,Read
0xff023ec4,Read_FW
0xff0247a0,err_init_task
0xff0248c4,_uartr_req
0xff024954,task_UartLog
0xff024af8,StartRedirectUART_FW
0xff024c0c,StopRedirectUART_FW
0xff024d98,sprintf_FW
0xff024db4,strcpy
0xff024db4,strcpy_FW
0xff024dcc,memcmp
0xff024dcc,memcmp_FW
0xff024ec8,j_strcmp_FW
0xff024ec8,strcmp
0xff024ef0,strcmp_FW
0xff024f0c,strlen
0xff024f0c,strlen_FW
0xff024ff4,malloc
0xff02504c,free
0xff025c18,AllocateUncacheableMemory
0xff025c54,FreeUncacheableMemory
0xff025dfc,_GetSystemTime
0xff025f4c,SetTimerAfter
0xff025fb8,SetTimerWhen
0xff02601c,CancelTimer
0xff0268f0,RenameFile_Fut
0xff0269f8,DeleteDirectory_Fut
0xff026a50,Fopen_Fut
0xff026a50,Fopen_Fut_FW
0xff026a90,Fclose_Fut
0xff026a90,Fclose_Fut_FW
0xff026b3c,Fread_Fut
0xff026b3c,Fread_Fut_FW
0xff026b90,Fwrite_Fut
0xff026b90,Fwrite_Fut_FW
0xff026be4,Fgets_Fut
0xff026c30,Fseek_Fut
0xff026c30,Fseek_Fut_FW
0xff026c7c,Feof_Fut
0xff026cb8,Fflush_Fut
0xff026f30,Open
0xff026f30,Open_FW
0xff026ff8,Close
0xff026ff8,Close_FW
0xff02704c,Write
0xff02704c,Write_FW
0xff0270a0,j_Open_FW
0xff0270a4,j_Close_FW
0xff02711c,Remove
0xff0271a4,j_Read_FW
0xff0271a8,j_Write_FW
0xff027214,Lseek
0xff027214,lseek
0xff027214,Lseek_FW
0xff027234,OpenForScrip_FW
0xff02725c,stat
0xff027384,SetFileTimeStamp
0xff0273fc,SetFileAttributes
0xff027494,mkdir
0xff02769c,j_StartCameraLog_FW
0xff0276a0,j_ShowCameraLog_FW
0xff0276a4,j_ShowCameraLogInfo_FW
0xff0276a8,j_StopCameraLog_FW
0xff0276ac,j_PutsCameraLogEvent_FW
0xff0276b0,OpLog.Create_FW
0xff02772c,j_NewTaskShell_FW
0xff027730,j_ExMem.View_FW
0xff027734,j_ExMem.AllocUncacheable_FW
0xff027738,j_ExMem.FreeUncacheable_FW
0xff02773c,j_ExMem.AllocCacheable_FW
0xff027740,j_ExMem.FreeCacheable_FW
0xff027744,ExMem_FW
0xff027a38,task_Startup
0xff027b2c,vsprintf
0xff027b6c,strncpy
0xff028eb0,RegComEventProc_FW
0xff0293f0,task_StartupImage
0xff02a694,task_BatteryTask
0xff02ab7c,GetVBatVoltage_FW
0xff02ab7c,VbattGet
0xff02ab7c,VbattGet_FW
0xff02b53c,kbd_p2_f
0xff02b8dc,task_PhySw
0xff02bd3c,GetSwitchStatus_FW
0xff02bda8,GetSDDetect_FW
0xff02bdb0,GetSDProtect
0xff02bdb0,GetSDProtect_FW
0xff02bdd4,GetDialEventId_FW
0xff02bdd8,GetLcdPosition_FW
0xff02bde0,GetBatteryCoverClose_FW
0xff02bde8,IsHvSensorExist_FW
0xff02bdf0,GetPopupOpen_FW
0xff02bdfc,kbd_read_keys
0xff02be4c,kbd_p1_f
0xff02be58,kbd_p1_f_cont
0xff02bf3c,EngDrvOut
0xff02bf54,EngDrvIn
0xff02bf5c,EngDrvRead
0xff02bf70,EngDrvBits
0xff02c230,DisplayFactoryMode_FW
0xff02c23c,UndisplayFactoryMode_FW
0xff02c390,IsFAWLANRunning_FW
0xff02c39c,IsFAConnectUSB_FW
0xff02c3a8,task_bomStopPTPIPTask
0xff02c3d8,StopPtpipServiceForFAWLAN_FW
0xff02c890,SetWLANFactoryMode_FW
0xff02c8d0,ClearWLANFactoryMode_FW
0xff02c910,SetSSIDForFAWLAN_FW
0xff02c96c,DummyUSBConnection_FW
0xff02cd0c,SetDurianMode_FW
0xff02cd4c,ClearDurianMode_FW
0xff02cd4c,ClearFactoryMode_FW
0xff02cd8c,SetFactoryMode_FW
0xff02cdcc,ClearDUIDFixFlag_FW
0xff02ce04,SetDUIDFixFlag_FW
0xff02cef8,ClearFactoryMasterFlag_FW
0xff02cf04,SetFactoryMasterFlag_FW
0xff02cf10,ClearFactoryMasterROMProtection_FW
0xff02cf34,SetFactoryMasterROMProtection_FW
0xff02cf58,IsMountLens_FW
0xff02cf84,IsFactoryMode_FW
0xff02d004,IsDUIDFixFlag_FW
0xff02d04c,IsNormalCameraMode_FW
0xff02d064,StartFactoryModeController_FW
0xff02d284,task_FsIoNotifyTask
0xff0300f8,get_fstype
0xff030180,GetDrive_ClusterSize
0xff03092c,GetDrive_TotalClusters
0xff030958,GetDrive_FreeClusters
0xff030d68,MakeSDCardBootable
0xff03192c,MoveOpticalZoomAt
0xff031b98,SS.GetDigitalZoomPosition_FW
0xff031fb8,DoAFLock
0xff031fe8,UnlockAF
0xff032250,EnterToCompensationEVF
0xff032298,ExitFromCompensationEVF
0xff0322ec,DoAELock
0xff032310,UnlockAE
0xff032b68,MenuIn
0xff032b94,MenuOut
0xff033868,drysh_FW
0xff033978,ExMem.View_FW
0xff033ee0,exmem_ualloc
0xff033f6c,ExMem.AllocUncacheable_FW
0xff034028,exmem_ufree
0xff034068,ExMem.FreeUncacheable_FW
0xff03407c,exmem_alloc
0xff0340d4,ExMem.AllocCacheable_FW
0xff0340e4,exmem_free
0xff034148,ExMem.FreeCacheable_FW
0xff03436c,RegisterEventProcedure
0xff034494,ExecuteEventProcedure
0xff03450c,ExecuteEventProcedure_FW
0xff034dcc,ExportToEventProcedure_FW
0xff034dd8,CreateProxyOfEventProcedure_FW
0xff034e30,DeleteProxyOfEventProcedure_FW
0xff034ebc,PutsCameraLogEvent_FW
0xff034f1c,ShowCameraLogInfo_FW
0xff034f88,ShowCameraLog_FW
0xff034fd8,StartCameraLog_FW
0xff0351a0,StopCameraLog_FW
0xff035200,LogCameraEvent
0xff0356c0,task_OpePlay
0xff035814,OpLog.Stop_FW
0xff035840,OpLog.WriteToROM_FW
0xff035870,j_OpLog.WriteToROM_FW
0xff0358a4,OpLog.ReadFromROM_FW
0xff03590c,OpLog.ReadFromSD_FW
0xff035d4c,OpLog.WriteToSD_FW
0xff0362a0,OpLog.Get_FW
0xff0362c0,OpLog.GetUsrSet_FW
0xff036380,OpLog.Play_FW
0xff036598,OpLog.Start_FW
0xff036684,OpLog.Terminate_FW
0xff036ffc,task_EvShel
0xff0370b0,NewTaskShell
0xff037110,NewTaskShell_FW
0xff0372b0,TurnOffE1_FW
0xff037354,task_Bye
0xff037528,Restart
0xff037970,HardwareDefect_FW
0xff037a54,malloc_strictly
0xff037c30,atol_FW
0xff037c3c,strtolx
0xff037e38,strtol
0xff037e4c,strcat
0xff037e88,strncmp
0xff037ed4,strchr
0xff044064,ExpCtrlTool_StartContiAE
0xff044280,ExpCtrlTool_StopContiAE
0xff049528,task_AFTask
0xff04a6e0,GetMacroSupportZoomPoint_FW
0xff04c204,ImagerActivate
0xff04c2e0,ClearImageDrive_FW
0xff04d4b8,task__imageSensorTask
0xff0507e8,LiveImageTool.GetDzoomPosition_FW
0xff050c68,GetVRAMHPixelsSize
0xff050c68,GetVRAMHPixelsSize_FW
0xff050c74,GetVRAMVPixelsSize
0xff050c74,GetVRAMVPixelsSize_FW
0xff050c80,GetMovieJpegVRAMHPixelsSize_FW
0xff050c8c,GetMovieJpegVRAMVPixelsSize_FW
0xff050de0,task_WBCtrl
0xff052b84,task_NfcCon_EvtTask
0xff052ff4,NFCEvt.Create_FW
0xff054830,handle_PTP_OC_CloseSession
0xff0548e4,handle_PTP_OC_OpenSession
0xff05a374,InitializeWLAN_FW
0xff05a394,TerminateWLAN_FW
0xff05a464,LeaveWLANNetwork_FW
0xff05c068,task_RedirectUARTTask
0xff05c19c,task_fprintSNRTask
0xff05c910,task_LachesisTest
0xff05d588,PB2Rec
0xff05d5e0,Rec2PB
0xff05f824,UIFS_CancelStoreLensTimer_FW
0xff0602c0,task_InitFileModules
0xff0602f8,task_CommonDrivers
0xff061a14,DispSwCon_TurnOffDisplayDevice_FW
0xff065eac,UIFS_StartMovieRecord_FW
0xff065ed0,UIFS_StopMovieRecord_FW
0xff069a90,UIFS_IsAvailableShots_FW
0xff06a040,UIFS_GetStillShotableNumber_FW
0xff06a044,UIFS_GetMovieRecoadableNumber_FW
0xff06d7c8,DispCon_ShowColorBar_FW
0xff06d854,DispCon_ShowFiveStep_FW
0xff06d9a4,DispCon_ShowWhiteChart_FW
0xff06d9f8,DispCon_ShowBlackChart_FW
0xff06da14,DispCon_ShowBitmapColorBar
0xff06da14,DispCon_ShowBitmapColorBar_FW
0xff06da84,DispCon_ShowCustomColorBar_FW
0xff06daf0,DispCon_SetDisplayType_FW
0xff06db10,DispCon_ShowColorChart_FW
0xff06db2c,DispCon_ShowWhiteLine_FW
0xff06dd00,DispCon_ShowNStepsChart_FW
0xff06de50,DispCon_TurnOnDisplay_FW
0xff06de50,TurnOnDisplay
0xff06de60,DispCon_TurnOffDisplay_FW
0xff06de60,TurnOffDisplay
0xff06de70,DispCon_TurnOnBackLight_FW
0xff06de80,DispCon_TurnOffBackLight_FW
0xff06de90,DispCon_SetMaxBackLightBrightness_FW
0xff06dea4,DispCon_TurnOnBackLightForCheckVoltage_FW
0xff06dee8,DispCon_TurnOffBackLightForCheckVoltage_FW
0xff06dfa4,DispCon_SetVideoAdjParameter_FW
0xff06e034,DispCon_GetVideoAdjParameter_FW
0xff06e09c,DispCon_ShowVideoAdjParameter_FW
0xff06e0d4,DispCon_SaveVideoAdjParameter_FW
0xff06e1f4,DispCon_SetLcdGainAdjParameter_FW
0xff06e244,DispCon_GetLcdGainAdjParameter_FW
0xff06e280,DispCon_ShowLcdGainAdjParameter_FW
0xff06e290,DispCon_SaveLcdGainAdjParameter_FW
0xff06e2ac,DispCon_ShowHdChart_FW
0xff06f278,GetAdVBattBottom_FW
0xff06f280,GetAdChValue
0xff06f280,GetAdChValue_FW
0xff06f63c,task_Accelerometer
0xff06fedc,GetSlantData_FW
0xff070050,j_GetX_AxisAcceleration_FW
0xff070054,j_GetY_AxisAcceleration_FW
0xff070058,j_GetZ_AxisAcceleration_FW
0xff07005c,GetScalar_Acceleration_FW
0xff070068,GetAccelerometerDataWithCorrect_FW
0xff070098,CalcAccelerometerAtanAngle_FW
0xff0700b8,j_GetSlantData_FW
0xff0700bc,EnableAcceleLogWrite_FW
0xff0700d0,DisableAcceleLogWrite_FW
0xff070100,EnableAcceleLogRead_FW
0xff070114,DisableAcceleLogRead_FW
0xff070144,StartAcceleSlantMotionDetect_FW
0xff07014c,StopAcceleSlantMotionDetect_FW
0xff070154,LoadAcceleParamFromFile_FW
0xff0701bc,RegisterElecLevelInfoNotifyCBR_FW
0xff0701d8,UnRegisterElecLevelInfoNotifyCBR_FW
0xff0701ec,EnableHvUpdate_FW
0xff0701fc,DisableHvUpdate_FW
0xff07020c,j_GetSlantAngle_FW
0xff070210,j_GetAcceleHvPosition_FW
0xff071de4,task_BeepTask
0xff07216c,BeepDrive_FW
0xff07218c,BeepDriveComp_FW
0xff072b88,task_HdmiCecTask
0xff072dcc,ChangePowerState_FW
0xff072e38,EnableHDMIPower
0xff072e8c,DisableHDMIPower
0xff073728,task_LEDCon
0xff0742a4,kbd_read_keys_r2
0xff074a2c,GetKbdState
0xff074bec,WriteToRom_FW
0xff074c5c,EraseRom_FW
0xff074d3c,GetRomID_FW
0xff074fe4,task_AudioTsk
0xff076424,TurnOnVideoOutMode_FW
0xff07645c,TurnOffVideoOutMode_FW
0xff076f60,GetInputAverageLevel_FW
0xff076f6c,GetNowInputAverageLevel_FW
0xff0785ec,task_Thermometer
0xff0787e8,GetCCDTemperature
0xff0787e8,GetCCDTemperature_FW
0xff078860,GetBatteryTemperature
0xff078860,GetBatteryTemperature_FW
0xff0788d8,GetOpticalTemperature
0xff0788d8,GetOpticalTemperature_FW
0xff0789cc,IsOpticalTemperature_FW
0xff078a00,IsCCDTemperature_FW
0xff078a34,IsBatteryTemperature_FW
0xff078a84,j_GetOpticalTemperature_FW
0xff078a88,j_GetCCDTemperature_FW
0xff078a8c,j_GetBatteryTemperature_FW
0xff078a90,j_IsOpticalTemperature_FW
0xff078a94,j_IsCCDTemperature_FW
0xff078a98,j_IsBatteryTemperature_FW
0xff07a880,task_FrameTask
0xff07e8a4,EraseAdjustmentArea_FW
0xff07e98c,DumpAdjMirror_FW
0xff07e9b4,GetAdjTableVersion_FW
0xff07e9e8,j_GetAdjTableVersion_FW
0xff07e9ec,GetAdjTableMapVersion_FW
0xff07e9fc,GetAdjTableValueVersion_FW
0xff07ea10,ShowDefaultAdjTableVersion_FW
0xff07eab0,LoadAdjustmentTable_FW
0xff07eac0,LoadDefectAdjTable_FW
0xff07ee4c,SaveAdjustmentTable_FW
0xff07eeb8,SaveDefectAdjTable_FW
0xff07eed4,SaveAdjustmentValue_FW
0xff07ef0c,LoadAdjustmentValue_FW
0xff07ef30,PrintAdjTableMap_FW
0xff07f2bc,CreateAdjustmentTableMirror_FW
0xff07f2c4,RefreshAdjustmentTableMirror_FW
0xff07f2cc,CreateDefectTableMirror_FW
0xff07f354,RefreshDefectTableMirror_FW
0xff07f35c,j_CreateUserSettingMirror_FW
0xff07f360,PrintAdjKabotanInfo_FW
0xff07f3f0,WRITEADJTABLETOFROM_FW
0xff07f424,j_WRITEADJTABLETOFROM_FW
0xff07f428,WRITEADJUSTMENTDATATOFROM_FW
0xff07f45c,WRITEUSERSETTINGDATATOFROM_FW
0xff07f878,GetDCPAdjOffset_FW
0xff07fe10,GetAdjustmentOffset_FW
0xff07fe18,GetProductID_FW
0xff07fe34,GetAdjDataAreaAddress_FW
0xff07fe3c,GetAdjDurianFlagSize_FW
0xff07fea8,CreateUserSettingMirror_FW
0xff084030,InitializeTestRec_FW
0xff08409c,TerminateTestRec_FW
0xff084b08,Initializedccd_FW
0xff084b08,InitializeDigicon_FW
0xff084c20,Terminatedccd_FW
0xff084c20,TerminateDigicon_FW
0xff084c8c,ExecuteDigicon_FW
0xff0853ac,Executedccd_FW
0xff085540,GetdccdImage_FW
0xff0855dc,GetdccdFilterValue_FW
0xff0856d4,j_InitializeTestRec_FW
0xff0856d8,j_TerminateTestRec_FW
0xff0856dc,ExecuteTestRec_FW
0xff0856f0,ExecuteSubCameraTestRec_FW
0xff0856f8,ExecuteTestRecCF_FW
0xff0856f8,ExecuteTestRecSD_FW
0xff085710,SetTestRecMasterCxCy_FW
0xff085810,ExecuteTestRecWithInteg_FW
0xff085828,ExecuteTestRecSw1_FW
0xff085874,GetTestRecCrawAddress_FW
0xff085880,CalculateTestRecYUVData_FW
0xff085890,SetTestRecSkimmingYUV_FW
0xff0858d4,ExecuteTestRecDevelopProcess_FW
0xff085920,j_Initializedccd_FW
0xff085920,j_InitializeDigicon_FW
0xff085924,j_Terminatedccd_FW
0xff085924,j_TerminateDigicon_FW
0xff085928,j_ExecuteDigicon_FW
0xff08592c,j_Executedccd_FW
0xff085930,j_GetdccdImage_FW
0xff085934,j_GetdccdFilterValue_FW
0xff085938,ResetRegistNoticeCBR_FW
0xff085948,RegistFirmScanNoticeCBR_FW
0xff08a898,task_MediaStatusMngr
0xff08bf04,task_RedEyeCapt
0xff090de0,StartCzTuning_FW
0xff090de8,MoveCzPeakPositon_FW
0xff090df0,CzDebugPrint_FW
0xff090df0,SetCzDebugFocusMode_FW
0xff090df0,SetCzDebugSubjectDistance_FW
0xff090e04,CzDebugPrintToFile_FW
0xff091614,GetCurrentAvValue
0xff091614,GetCurrentAvValue_FW
0xff091614,GetIrisAv_FW
0xff0916b4,GetUsableAvRange
0xff091ac0,task_LensController
0xff092678,IsLensOutside_FW
0xff09269c,GetFocusStartZoomPosition_FW
0xff0926a8,GetMechaCondition_FW
0xff094968,task_ISMainTask
0xff094d6c,ISInitMotion_FW
0xff0956f0,GetISPWMFrequency_FW
0xff0956f4,GetISPWMPeriod_FW
0xff095778,StartISLocalAutoCenter_FW
0xff0957c0,StartISLocalHallAdjust_FW
0xff095c80,GetGyroDataPitch_FW
0xff095ca8,GetGyroDataYaw_FW
0xff095d08,GetGyro10BitDACPitch_FW
0xff095d14,GetGyro10BitDACYaw_FW
0xff095d20,GetGyroHPFINOffsetPitch_FW
0xff095d2c,GetGyroHPFINOffsetYaw_FW
0xff095d38,GetGyroHPFINPitch_FW
0xff095d44,GetGyroHPFINYaw_FW
0xff09601c,GetDISModeParameter_FW
0xff0961bc,GetFixedPWMOutA_FW
0xff0961c4,GetFixedPWMOutB_FW
0xff0983f8,task_SsStartupTask
0xff0998e8,task_CaptSeq
0xff0998e8,task_CaptSeqTask
0xff0a25cc,SSFS_CompleteCaptModeChange_FW
0xff0a25cc,SSFS_CompleteFileWrite_FW
0xff0a25cc,SSFS_CompletePreCapt_FW
0xff0a25cc,SSFS_CompleteShootPicture_FW
0xff0a25cc,SSFS_CompleteStopDigZoom_FW
0xff0a25cc,SSFS_CompleteStopZoom_FW
0xff0a25cc,SSFS_CompleteSynchroWrite_FW
0xff0a25cc,SSFS_ShootPicture_FW
0xff0a264c,task_SsTask
0xff0a4f9c,GetLogToFile_FW
0xff0a4fc0,IsRomLogAvailable_FW
0xff0a4fd4,EraseLogSector_FW
0xff0a5a5c,EpilogShow_FW
0xff0a5d54,EpilogFile_FW
0xff0a5d80,task_Epilog
0xff0a5dc0,EpilogMenu_FW
0xff0a68cc,GetCurrentMachineTime
0xff0a78d0,ExecuteShutDownPropertyService_FW
0xff0a7ad8,get_resource_pointer
0xff0a7da4,UnLoadScript_FW
0xff0a7e90,Printf_FW
0xff0a7ea0,LoadScript_FW
0xff0a8ee0,SetHPTimerAfterNow
0xff0a8f60,SetHPTimerAfterTimeout
0xff0a8fe8,CancelHPTimer
0xff0aa9c4,task_WdtPrint
0xff0aaa74,task_WdtReset
0xff0aab34,StartWDT_FW
0xff0aab94,StopWDT_FW
0xff0aaca8,GetBuildDate_FW
0xff0aacb0,PrintBuildDate_FW
0xff0aacbc,GetBuildTime_FW
0xff0aacc4,PrintBuildTime_FW
0xff0aacd0,GetFirmwareVersion_FW
0xff0aacd8,PrintFirmwareVersion_FW
0xff0aad4c,GetInternalFirmwareVersion_FW
0xff0aad54,PrintInternalFirmwareVersion_FW
0xff0aadf4,CheckSumAll_FW
0xff0aafe0,GetChipVersion_FW
0xff0aafe8,RomCheckSum_FW
0xff0ab0a0,task_ConsoleSvr
0xff0ab6ac,RotateConsoleZOder_FW
0xff0ab73c,task_LowConsole
0xff0ab8bc,CPrintf_FW
0xff0ab914,CPutChar_FW
0xff0ab93c,GetCh_FW
0xff0ab98c,GetStringWithPrompt_FW
0xff0aba2c,OpenConsole_FW
0xff0abb5c,CloseConsole_FW
0xff0ac6bc,SetPropertyCase
0xff0ac894,GetPropertyCase
0xff0ad638,task_CtrlSrv
0xff0adf10,CreateController_FW
0xff0adfec,DeleteController_FW
0xff0ae0e8,MoveControllerToTopOfZOrder_FW
0xff0ae190,CtrlMan_ChangeZOrder_FW
0xff0ae228,GetSelfControllerHandle_FW
0xff0ae784,GetLogicalEventName_FW
0xff0ae7e0,PostLogicalEventForNotPowerType
0xff0ae7e0,PostLogicalEventForNotPowerType_FW
0xff0ae838,PostLogicalEventToUI
0xff0ae838,PostLogicalEventToUI_FW
0xff0aea1c,PostEventShootSeqToUI_FW
0xff0aea78,ShowLogicalEventName_FW
0xff0aeb78,set_control_event
0xff0aee48,IsControlEventActive_FW
0xff0aeeb8,SetLogicalEventActive
0xff0aeeb8,UiEvnt_SetLogicalEventActive_FW
0xff0aef0c,SetScriptMode
0xff0aef0c,SetScriptMode_FW
0xff0af07c,UiEvnt_StartDisguiseCradleStatus_FW
0xff0af08c,UiEvnt_StopDisguiseCradleStatus_FW
0xff0b11b0,UnlockMainPower
0xff0b11b0,UnlockMainPower_FW
0xff0b1258,LockMainPower
0xff0b1258,LockMainPower_FW
0xff0b12cc,SetAutoShutdownTime
0xff0b12cc,SetAutoShutdownTime_FW
0xff0b293c,PTM_AllResetToFactorySetting_FW
0xff0b294c,j_PTM_AllReset_FW
0xff0b2c74,PTM_SetCurrentCaptureMode_FW
0xff0b2df4,j_PTM_GetWorkingCaptureMode_FW
0xff0b2df8,j_PTM_SetCurrentItem_FW
0xff0b2e04,PTM_GetCurrentItem
0xff0b2e04,PTM_GetCurrentItem_FW
0xff0b2e70,j_PTM_NextItem_FW
0xff0b2e74,j_PTM_PrevItem_FW
0xff0b2e88,j_PTM_IsEnableItem_FW
0xff0b2e90,j_PTM_SetProprietyEnable_FW
0xff0b2ea8,j_PTM_BackupUIProperty_FW
0xff0b2eac,PTM_RestoreUIProperty_FW
0xff0b3d8c,GUISrv_StartGUISystem
0xff0b3d8c,GUISrv_StartGUISystem_FW
0xff0b4ddc,ScreenUnlock
0xff0b4e24,ScreenLock
0xff0b56fc,StartPlayModeMenu_FW
0xff0b5718,StartRecModeMenu
0xff0b5718,StartRecModeMenu_FW
0xff0b57e4,ShutdownRecModeMenu_FW
0xff0b59cc,ShutdownPlayModeMenu_FW
0xff0b5ad0,ShutdownPlayModeMenuWithoutPbRedraw_FW
0xff0bf550,SetCurrentCaptureModeType
0xff0bf550,SetCurrentCaptureModeType_FW
0xff0bf57c,GetCurrentCaptureModeType_FW
0xff0bfd98,task_FaceFrame
0xff0c1f74,TurnOffBackLight
0xff0c1fc0,TurnOnBackLight
0xff0c28ec,PT_PlaySound
0xff0c5b78,DisplayBusyOnScreen
0xff0c5c54,UndisplayBusyOnScreen
0xff0c7460,mktime_ext
0xff0c74e0,strftime
0xff0c7b64,sscanf_FW
0xff0c7ce0,srand
0xff0c7cec,rand
0xff0c7d1c,memcpy
0xff0c7d1c,memcpy_FW
0xff0c7e68,strrchr
0xff0db164,GetCurrentShutterSpeed
0xff0db164,GetCurrentShutterSpeed_FW
0xff0db4a4,GetCurrentExposureTime_FW
0xff0dfb44,task_WBIntegTask
0xff0e5dec,DoMovieFrameCapture
0xff0e9f10,task_BrtMsrTask
0xff0f6cf8,ExpCtrlTool.SetExpMode_FW
0xff0f6d48,ExpCtrlTool.SoundDevTest_FW
0xff0fc5c8,task_ExpDrv
0xff0fc5c8,task_ExpDrvTask
0xff0fe578,get_current_exp
0xff101638,task_OBCtrlTask
0xff1027c8,task_DetectMoveTask
0xff1047dc,task_DevelopModule
0xff108edc,task_EFChargeT
0xff109238,EF.IsChargeFull_FW
0xff109238,IsStrobeChargeCompleted
0xff10bac4,MovieAF.Suspend_FW
0xff10bad8,MovieAF.Resume_FW
0xff10d9b4,task_AfIntSrvTask
0xff12871c,AFTool.GetEVal_FW
0xff1288b4,j_GetMacroSupportZoomPoint_FW
0xff1288b8,SetLockPosNonCorrectFlag_FW
0xff1288d8,GetDarkFixedFocusPosition_FW
0xff1288f4,AFTool.StoreAFixPosition_FW
0xff128924,AFTool.SetAFLogType_FW
0xff12892c,AFTool.SetDebugAFSequence_FW
0xff12e064,task_GapSnd
0xff12f93c,j_GetBaseSv
0xff130284,E2LatOn_FW
0xff130390,ActivateImager_FW
0xff130428,ActivateImagerXOne_FW
0xff130510,QuietImager_FW
0xff1305fc,CancelImager_FW
0xff130620,ChangeImagerToRegularDrive_FW
0xff130628,ChangeImagerToWholeParallel_FW
0xff130630,ChangeImagerToWholeParallelBP_FW
0xff130638,ChangeImagerToWideDraftFinancier_FW
0xff130640,ChangeImagerToCombiParallel_FW
0xff130648,ChangeImagerToWideDraft_FW
0xff130650,ChangeImagerToFocusJet_FW
0xff130658,ChangeImagerToMangoPudding_FW
0xff130660,ChangeImagerToSuperWideDraft_FW
0xff130668,ChangeImagerToHoneyFlash_FW
0xff130670,ChangeImagerToMillefeAdjust_FW
0xff130678,ChangeImagerToDigiconMode_FW
0xff130678,ChangeImagerToOITA_XAVIER_FW
0xff130680,ChangeImagerToAlternateDraft_FW
0xff130688,ChangeImagerToUltraGhostQ_FW
0xff130690,ChangeImagerToMontblancWhole_FW
0xff130698,ChangeImagerToMontblancMillefe_FW
0xff1306a0,ChangeImagerToMontblancMovie_FW
0xff1306a8,ChangeImagerToHarleyDavidson_FW
0xff1306b0,ChangeImagerToMachDashV_FW
0xff1306b8,ChangeImagerToFantaJungle_FW
0xff1306c0,ChangeImagerToHoneyFlashDark_FW
0xff1306c8,ChangeImagerToRoadKing_FW
0xff1306d0,ChangeImagerToLCWideDraft_FW
0xff1306d8,ChangeImagerToFalconJump_FW
0xff1306e0,ChangeImagerToSpriteSunshine_FW
0xff1306e8,ChangeImagerToHealthyVegetable_FW
0xff1306f0,ChangeImagerToElectraGlide_FW
0xff1306f8,ChangeImagerToVeryFastWideDraft_FW
0xff130700,ChangeImagerToVeryFastMangoPudding_FW
0xff130708,ChangeImagerToHarleySunshine_FW
0xff130710,ChangeImagerToRoadQueen_FW
0xff130718,ChangeImagerToHarleyDavidsonNepal_FW
0xff130720,ChangeImagerToRoadKingNepal_FW
0xff130728,ChangeImagerToSuperWideNepal_FW
0xff130730,ChangeImagerToLasVegasMagic_FW
0xff130738,ChangeImagerToEsperRocketH_FW
0xff130740,ChangeImagerToElectraGlideNepal_FW
0xff130748,ChangeImagerToHarleySunshineNepal_FW
0xff130774,j_E2LatOn_FW
0xff130778,ChangeAutoSlowShutterEnable_FW
0xff131bc4,j_j_GetBaseSv
0xff132950,task_SsgMainTask
0xff132b20,task_SsgPeriodTask
0xff137ab0,task__tgTask
0xff13a948,task_LiveImageTask
0xff13b550,task_SyncPeriod
0xff13b600,task_SynchTask
0xff14ae80,task_WBLPFace
0xff14fcfc,get_ptp_buf_size
0xff14fd74,task_TimerUtility
0xff151030,task_NfcConTask
0xff151ba0,ClearNFCSystemArea_FW
0xff151e94,ResetNFCSystemArea_FW
0xff151ee0,WriteNFCUserArea_FW
0xff15299c,handle_PTP_OC_0x9805
0xff152ecc,handle_PTP_OC_0x9804
0xff152ff0,handle_PTP_OC_0x9803
0xff153268,handle_PTP_OC_0x9802
0xff153688,handle_PTP_OC_0x9801
0xff154034,handle_PTP_OC_0x9051
0xff154034,handle_PTP_OC_0x905d
0xff154138,handle_PTP_OC_0x905b
0xff1542b8,handle_PTP_OC_0x905a
0xff154430,handle_PTP_OC_0x9059
0xff154564,handle_PTP_OC_0x9058
0xff1547c0,handle_PTP_OC_0x9057
0xff1548f4,handle_PTP_OC_0x9053
0xff1549e8,handle_PTP_OC_0x9052
0xff154ac0,handle_PTP_OC_0x9050
0xff154ac0,handle_PTP_OC_0x905c
0xff155498,task_PTPtoFAPI_EventProcTask_Try
0xff155540,task_PTPtoFAPI_EventProcTask_Block
0xff1564cc,handle_PTP_OC_CANON_EOS_SetDevicePropValueEx
0xff156668,handle_PTP_OC_CANON_EOS_RequestDevicePropValue
0xff1568d0,handle_PTP_OC_CANON_EOS_GetEvent
0xff159bdc,handle_PTP_OC_CANON_EOS_SetEventMode
0xff159cb0,handle_PTP_OC_CANON_EOS_SetUILock
0xff159d00,handle_PTP_OC_CANON_EOS_ResetUILock
0xff159d50,handle_PTP_OC_CANON_EOS_KeepDeviceOn
0xff159da0,handle_PTP_OC_CANON_EOS_SetRequestOLCInfoGroup
0xff159fe4,handle_PTP_OC_CANON_EOS_GetStorageIDs
0xff15a0dc,handle_PTP_OC_CANON_EOS_GetStorageInfo
0xff15a2d4,handle_PTP_OC_CANON_EOS_GetObjectInfo
0xff15a3b4,handle_PTP_OC_CANON_EOS_DeleteObject
0xff15a470,handle_PTP_OC_CANON_EOS_FormatStore
0xff15a634,handle_PTP_OC_CANON_EOS_GetPartialObject
0xff15a7d4,handle_PTP_OC_CANON_EOS_GetObjectInfoEx
0xff15aa9c,handle_PTP_OC_CANON_EOS_GetThumbEx
0xff15ac5c,handle_PTP_OC_CANON_EOS_SetObjectAttributes
0xff15ad10,handle_PTP_OC_CANON_EOS_TransferComplete
0xff15ad60,handle_PTP_OC_CANON_EOS_CancelTransfer
0xff15adb0,handle_PTP_OC_CANON_EOS_GetPartialObjectEx
0xff15af30,handle_PTP_OC_CANON_EOS_EndGetPartialObjectEx
0xff15b060,handle_PTP_OC_CANON_EOS_GetCTGInfo
0xff15b418,handle_PTP_OC_CANON_EOS_SetRating
0xff15b4b8,handle_PTP_OC_CANON_EOS_RequestInnerDevelopStart
0xff15b6b8,handle_PTP_OC_CANON_EOS_RequestInnerDevelopEnd
0xff15c060,handle_PTP_OC_CANON_EOS_SetRemoteMode
0xff15c160,handle_PTP_OC_CANON_EOS_RemoteReleaseOn
0xff15c2c8,handle_PTP_OC_CANON_EOS_RemoteReleaseOff
0xff15c360,handle_PTP_OC_CANON_EOS_GetViewFinderData
0xff15d8d4,add_ptp_handler
0xff15dff4,handle_PTP_OC_ResetDevicePropValue
0xff15e244,handle_PTP_OC_SetDevicePropValue
0xff15e3c4,handle_PTP_OC_GetDevicePropValue
0xff15e4e4,handle_PTP_OC_GetDevicePropDesc
0xff15eeb8,handle_PTP_OC_CANON_CheckEvent
0xff15f9f8,task_PTPSessionTASK
0xff1603c8,handle_PTP_OC_CANON_ChangeUSBProtocol
0xff161f88,task_NormalThumbCache
0xff162548,handle_PTP_OC_GetStorageIDs
0xff162640,handle_PTP_OC_GetStorageInfo
0xff162f40,handle_PTP_OC_GetObject
0xff1630c8,handle_PTP_OC_GetThumb
0xff163198,handle_PTP_OC_GetPartialObject
0xff163344,handle_PTP_OC_SetObjectProtection
0xff1633e8,handle_PTP_OC_GetObjectInfo
0xff1634c8,handle_PTP_OC_CANON_GetPartialObjectInfo
0xff163744,handle_PTP_OC_CANON_GetPartialObjectEx
0xff1639f4,handle_PTP_OC_CANON_GetObjectAttributes
0xff163a90,handle_PTP_OC_CANON_SetObjectArchive
0xff163b24,handle_PTP_OC_CANON_SendObjectInfoByPath
0xff163b24,handle_PTP_OC_SendObjectInfo
0xff163e80,handle_PTP_OC_0x904c
0xff164178,handle_PTP_OC_CANON_GetObjectHandleByName
0xff1642b4,handle_PTP_OC_CANON_SetObjectTime
0xff16432c,handle_PTP_OC_DeleteObject
0xff1644a4,handle_PTP_OC_FormatStore
0xff164594,handle_PTP_OC_0x9038
0xff164680,handle_PTP_OC_0x9039
0xff164774,handle_PTP_OC_0x903a
0xff164830,handle_PTP_OC_0x903b
0xff164870,handle_PTP_OC_0x904b
0xff164a04,handle_PTP_OC_GetNumObjects
0xff164af4,handle_PTP_OC_GetObjectHandles
0xff164d00,handle_PTP_OC_CANON_GetObjectInfoEx
0xff164fe8,handle_PTP_OC_CANON_SendObjectByPath
0xff164fe8,handle_PTP_OC_SendObject
0xff165228,handle_PTP_OC_CANON_SendPartialObject
0xff165418,handle_PTP_OC_0x9060
0xff1654bc,handle_PTP_OC_0x9062
0xff1663a0,task_TrnsCtrlTask
0xff1715d0,task_ComWireless
0xff177a5c,task_IMLApp
0xff17ac0c,task_ImageSyncController
0xff180374,ConnectPtpIPService_FW
0xff180380,DisconnectPtpIPService_FW
0xff180d50,RequestDisconnectPTPIP_FW
0xff180e34,RequestConnectPTPIP_FW
0xff180e7c,RequestConnectPTPIPDef_FW
0xff180f2c,RegisterNotifyConnectPTPIP_FW
0xff180f2c,RegisterNotifyPTPIP_FW
0xff180f54,RegisterResponseConnectPTPIP_FW
0xff180f54,RegisterResponsePTPIP_FW
0xff180f7c,TerminatePTPIPTransportResponder_FW
0xff181004,InitializePTPIPTransportResponder_FW
0xff18167c,task_SelectFuncController
0xff1822e0,task_WebServiceApp
0xff1830f0,task_WSSAPP
0xff185fa8,ExecuteResetFactoryWithRomWrite_FW
0xff185fc0,ExecuteResetFactory_FW
0xff185fd8,j_ExecuteShutDownPropertyService_FW
0xff188a1c,UIFS_MoveZoomTo_FW
0xff188eec,UIFS_GetNumOfOptZoomPos_FW
0xff18901c,UIFS_MoveZoomToPositionWithTaskSwCtrlServ_FW
0xff18f8f8,UIFS_Capture_FW
0xff18f9cc,UIFS_CaptureNoneStop_FW
0xff1952e0,LcdCon_SetLcdBackLightBrightness_FW
0xff195324,LcdCon_SetLcdBackLightParameter_FW
0xff195388,LcdCon_GetLcdBackLightParameter_FW
0xff1953d4,LcdCon_ShowLcdBackLightParameter_FW
0xff195414,LcdCon_SaveLcdBackLightParameter_FW
0xff1955d8,LcdCon_SetLcdDriver_FW
0xff19564c,LcdCon_SetLcdAdjParameter_FW
0xff195710,LcdCon_GetLcdAdjParameter_FW
0xff195760,LcdCon_ShowLcdAdjParameter_FW
0xff1957a0,LcdCon_SaveLcdAdjParameter_FW
0xff1957bc,LcdCon_SetLcdParameter_FW
0xff19594c,LcdCon_GetLcdParameter_FW
0xff19599c,LcdCon_ShowLcdParameter_FW
0xff1959dc,LcdCon_SaveLcdParameter_FW
0xff195a24,task_LcdConTask
0xff195b14,LcdCon_StartLcdPeriodicalSetting_FW
0xff195b48,LcdCon_StopLcdPeriodicalSetting_FW
0xff198b00,GetZ_AxisAcceleration_FW
0xff198b14,GetY_AxisAcceleration_FW
0xff198b28,GetX_AxisAcceleration_FW
0xff198ce0,GetSlantAngle_FW
0xff198d34,GetAcceleHvPosition_FW
0xff19987c,GetDriverInfoEvent_FW
0xff19abbc,HdmiViewParameter_FW
0xff19f5a4,HdmiRegDump_FW
0xff19f650,CecRegDump_FW
0xff1a0448,GetLatestHVPosition_FW
0xff1a0840,task_AACTask
0xff1a1260,task_ASIF
0xff1a1e2c,Edet.Delete_FW
0xff1a1e44,Edet.Create_FW
0xff1a22dc,task_ChaseFrame
0xff1a4c78,task_DispFace
0xff1a5724,task_EncRemoteEVFJpgTask
0xff1a594c,EngApp.Delete_FW
0xff1a59a0,EngApp.Create_FW
0xff1a7930,task_SceneDetectTask
0xff1a813c,task_ChaseTask
0xff1a8574,Scene.ForbidContiSceneDetect_FW
0xff1a85a4,Scene.TestSunset_FW
0xff1a85d4,Scene.TestBabySmile_FW
0xff1a8608,Scene.TestBabySleep_FW
0xff1a863c,Scene.TestHumanSmile_FW
0xff1a8670,Scene.TestHumanSleep_FW
0xff1a86a4,Scene.TestKidMove_FW
0xff1a97b8,task_AutoShutterMan
0xff1b5840,task_AutoTrimming
0xff1ba9f8,task_MotionVector
0xff1c21f0,task_CorctTask
0xff1c5a60,task_Fencing
0xff1c8c18,task_DefMarkRomCopyTask
0xff1d3730,PrintAllAEIntegData_FW
0xff1d41cc,AbortAEIntegralValue_FW
0xff1d4200,j_AbortAEIntegralValue_FW
0xff1d4220,SetAEIntegStrobeProperty_FW
0xff1d42ac,SetAEIntegCorrectProperty_FW
0xff1d4300,SetAEIntegralValueProperty_FW
0xff1d4334,SetAEIntegralGetaTime_FW
0xff1d4768,GetAEIntegWinData_FW
0xff1d4778,j_GetAEIntegWinData_FW
0xff1d477c,GetAEIntegWinDataWithMode_FW
0xff1d4868,GetAEIntegralValueWithFix_FW
0xff1d498c,GetAllAEIntegralAllValueWithFix_FW
0xff1d4a5c,GetOnlyAEIntegData_FW
0xff1d4acc,SetWhiteCoefficient_FW
0xff1d4b40,SetAEIntegWindowsMode_FW
0xff1d4ba0,SetAEIntegValueBit_FW
0xff1d4bc0,GetAEIntegValueBit_FW
0xff1d4bcc,GetAEIntegralServiceMode_FW
0xff1d4bd8,StopAEIntegralService_FW
0xff1d4d3c,j_StopAEIntegralService_FW
0xff1d4ef4,StartAEIntegralService_FW
0xff1d4f00,SetLineDefMarkThroughMode_FW
0xff1d4f30,SetAEIntegAverageOBData_FW
0xff1d4fcc,SetAdjAEIntegSmearLimitter_FW
0xff1d4ff0,SetDefaultAEIntegSmearLimitter_FW
0xff1d5004,AttachIntegCrawData_FW
0xff1d51c4,GetCrawDataAddr_FW
0xff1d5684,MoveIrisToAv_FW
0xff1d56d4,j_GetCurrentAvValue_FW
0xff1d5774,MoveIrisFullOpen_FW
0xff1d57ac,MoveIrisFullClose_FW
0xff1d57e4,ResetIrisPosition_FW
0xff1d5818,MoveIrisWithTerminatePosition_FW
0xff1d584c,MoveIrisMechaPositionWithBacklash_FW
0xff1d5880,MoveIrisMechaPositionWithoutBacklash_FW
0xff1d58b4,MoveIrisToAvWithoutBacklash_FW
0xff1d58f4,GetUsableMinAv
0xff1d58f4,GetUsableMinAv_FW
0xff1d590c,j_GetUsableMinAv_FW
0xff1d5910,GetUsableMaxAv
0xff1d5910,GetUsableMaxAv_FW
0xff1d5928,j_GetUsableMaxAv_FW
0xff1d5934,GetCurrentIrisPosition_FW
0xff1d5940,ReloadIrisAdjustment_FW
0xff1d5954,ReloadGetaAdjustment_FW
0xff1d5964,GetCurrentAvCoefficient_FW
0xff1d597c,j_GetCurrentAvCoefficient_FW
0xff1d5988,GetIrisPRResetPosition_FW
0xff1d59d0,LoadParamDataFromAdjTableBin_FW
0xff1d5ad0,LoadDataFromAdjTableBin_FW
0xff1d5bbc,DeviceUniqueIDCheckSum_FW
0xff1d5fc4,LoadDUIDCheckSum_FW
0xff1d5fe0,SaveDUID_FW
0xff1d5ffc,LoadDUID_FW
0xff1d6004,SaveDUIDCheckSum_FW
0xff1d6018,j_LoadDUIDCheckSum_FW
0xff1d601c,SaveFactoryAdjData_FW
0xff1d6038,LoadFactoryAdjData_FW
0xff1d6048,SaveHistoryAdjData_FW
0xff1d6064,LoadHistoryAdjData_FW
0xff1d6074,SaveFactoryIDData_FW
0xff1d6094,LoadFactoryIDData_FW
0xff1d6254,PrintFirmVersion_FW
0xff1d6288,PrintFaexeVersioin_FW
0xff1d6298,CreateFADBGSingalID_FW
0xff1d62a8,FADBGSingal_FW
0xff1d63a0,FADBGPrintf_FW
0xff1d64e4,FAPrintf_FW
0xff1d6534,OutputLogToFile_FW
0xff1d6640,StopLogOut_FW
0xff1d6974,GetLogData_FW
0xff1d697c,GetLogDataOnlyAddMemory_FW
0xff1d6984,ActivateAdjLog_FW
0xff1d6998,InactivateAdjLog_FW
0xff1d69ac,StartLogOut_FW
0xff1d69bc,IsLogOutType_FW
0xff1d69c8,GetCurrentMaximumLogSize_FW
0xff1d8ab4,SetDefaultRecParameter_FW
0xff1d914c,EnableDebugLogMode_FW
0xff1d9160,DisableDebugLogMode_FW
0xff1db2b0,task_dccdCalcTask
0xff1dd75c,GetImageFolder
0xff1e1bd8,getImageDirName
0xff1e28e8,task_MetaCtg
0xff1eae98,task_DPOFTask
0xff1ece38,File.ClearExifInfo_FW
0xff1ecff0,File.Delete_AllImg_FW
0xff1ed160,File.Create_FW
0xff1f0514,task_ImageStoreTask
0xff1f1fd0,task_FileScheduleTask
0xff1f49f0,task_ReadScheduleTask
0xff200de0,task_ImgPlayDrv
0xff204784,GetFocusLensPullInMaxSpeed_FW
0xff204c94,GetCurrentTargetDistance_FW
0xff204c94,GetFocusLensSubjectDistance
0xff204cfc,GetCurrentFocusLensPosition_FW
0xff204cfc,GetCurrentFocusPosition_FW
0xff205124,GetFocusLensAvCoefficient_FW
0xff2051a8,IsFocusLensOutSidePosition_FW
0xff2051cc,GetFocusResetPosition_FW
0xff205238,GetFocusDefaultResetPosition_FW
0xff205c28,GetLensErrorStatus_FW
0xff2061d0,GetZoomPiSensorLevel_FW
0xff206218,GetFocusPiSensorLevel_FW
0xff206a88,task_MechaCPUTransfer
0xff20746c,GetMechaShutterMoveTime_FW
0xff207494,GetMechaShutterStatus_FW
0xff207aa8,GetCurrentZoomLensPosition_FW
0xff207aa8,GetCurrentZoomPosition_FW
0xff207aa8,GetZoomLensCurrentPosition_FW
0xff207b58,GetCurrentZoomLensPoint_FW
0xff207b58,GetCurrentZoomPoint_FW
0xff207b58,GetZoomLensCurrentPoint
0xff207b58,GetZoomLensCurrentPoint_FW
0xff208058,GetZoomLensTelePoint_FW
0xff208058,GetZoomTelePoint_FW
0xff208470,IsZoomLensOutSidePosition_FW
0xff20888c,GetZoomLensMechaEdgePosition_FW
0xff208890,GetZoomDrivingTime_FW
0xff2088b8,GetZoomLensMinimumSpeedMoveLimitTime_FW
0xff2097e4,GetZoomPiDefaultPosition_FW
0xff20980c,GetZoomResetSensorLevel_FW
0xff2099f0,GetZoomPiChangePosition_FW
0xff20b880,task_MechaNCTask
0xff20ca40,task_EISMainTask
0xff20eaa4,task_TmgGen
0xff211d34,task_MovieRecord
0xff21415c,task_MovPlay
0xff219d8c,task_MovEdit
0xff21a5e0,InitializeMechaUnitExeTest_FW
0xff21a5e8,TerminateMechaUnitExeTest_FW
0xff21a5f0,j_IsUnitFirmMode_FW
0xff21a5f4,MechaUnRegisterEventProcedure_FW
0xff21a654,Mecha.Create_FW
0xff21a6cc,MechaReset_FW
0xff21a6d8,MechaTerminate_FW
0xff21a6e4,ShowMechaMacro_FW
0xff21a844,DispDev_EnableEventProc_FW
0xff21a888,SetSDPwrPort_FW
0xff21a8a8,j_GetAdVBattBottom_FW
0xff21a8ac,j_GetAdChValue_FW
0xff21a8b0,j_BeepDrive_FW
0xff21a8b4,j_BeepDriveComp_FW
0xff21a8b8,SetStereoSeparation_FW
0xff21a8c4,j_VbattGet_FW
0xff21a8c8,LEDDrive
0xff21a8c8,LEDDrive_FW
0xff21a91c,ShowPhySwStatus_FW
0xff21a92c,SetRawSWCheckMode_FW
0xff21a93c,OnPrintPhySw_FW
0xff21a94c,OffPrintPhySw_FW
0xff21a95c,j_GetSwitchStatus_FW
0xff21a960,ShowSDStatus_FW
0xff21a970,j_GetSDDetect_FW
0xff21a974,j_GetSDProtect_FW
0xff21a978,SetIgnoreAVJACK_FW
0xff21a988,j_GetDialEventId_FW
0xff21a98c,j_GetLcdPosition_FW
0xff21a990,j_GetBatteryCoverClose_FW
0xff21a994,j_IsHvSensorExist_FW
0xff21a998,j_GetDriverInfoEvent_FW
0xff21a99c,GetTimeFromRTC_FW
0xff21a9b0,EraseSignature_FW
0xff21a9bc,j_GetPopupOpen_FW
0xff21a9c0,Driver.Create_FW
0xff21a9c0,Driver_EnableEventProc_FW
0xff21ada8,SetPropertyCase_FW
0xff21adc0,GetPropertyCase_FW
0xff21ae2c,mod_FW
0xff21ae48,GetDateAndTime_FW
0xff21aeec,j_Printf_FW
0xff21aef0,j_MonSelEvent_FW
0xff21aef4,j_MemoryChecker_FW
0xff21aef8,j_VerifyByte_FW
0xff21aefc,j_SDump_FW
0xff21af00,Dump_FW
0xff21af10,Dump32_FW
0xff21af24,Poke32_FW
0xff21af34,Poke16_FW
0xff21af44,Poke8_FW
0xff21af54,j_Peek32_FW
0xff21af58,j_Peek16_FW
0xff21af5c,j_Peek8_FW
0xff21af60,Wait_FW
0xff21af70,j_exec_FW
0xff21af74,ShowAllTaskInfo_FW
0xff21af84,System.Delete_FW
0xff21b64c,System.Create_FW
0xff21ba0c,SS.MoveOpticalZoomToTele_FW
0xff21ba20,SS.MoveOpticalZoomToWide_FW
0xff21ba34,PT_MoveOpticalZoomAt
0xff21ba34,SS.MoveOpticalZoomAt_FW
0xff21ba54,SS.MoveDigitalZoomToTele_FW
0xff21ba64,PT_MoveDigitalZoomToWide
0xff21ba64,SS.MoveDigitalZoomToWide_FW
0xff21ba74,SS.MoveDigitalZoomAt_FW
0xff21ba8c,SS.GetDigitalZoomTele_FW
0xff21baa0,j_SS.GetDigitalZoomPosition_FW
0xff21baa4,SS.ChangeZoomSpeed_FW
0xff21bab8,SS.DoAFLock_FW
0xff21bac8,SS.UnlockAF_FW
0xff21bad8,SS.DoAELock_FW
0xff21bae8,SS.UnlockAE_FW
0xff21baf8,SS.MFOn_FW
0xff21baf8,SS_MFOn
0xff21bb08,SS.MFOff_FW
0xff21bb08,SS_MFOff
0xff21bb18,SS.Create_FW
0xff21bb6c,InitializeAdjustmentSystem_FW
0xff21bba4,TerminateAdjustmentSystem_FW
0xff21bbdc,InitializeAdjustmentFunction_FW
0xff21bc04,FA.Delete_FW
0xff21bc18,FA.Create_FW
0xff21bc3c,DispDev.Create_FW
0xff21bda8,SaveBmpVRAMData_FW
0xff21c138,SavePaletteData
0xff21c138,SavePaletteData_FW
0xff21c39c,Capture.Create_FW
0xff21c3e0,EngineDriver.Create_FW
0xff21c428,EngApp.CreatePub_FW
0xff21ec54,task_ShutterSoundTask
0xff21fae0,task_WbSeqTask
0xff2201b8,task_DvlpSeqTask
0xff223340,HwOcReadICAPCounter
0xff228cf4,AdditionAgentRAM_FW
0xff2311fc,PTM_AllReset_FW
0xff231504,PTM_GetWorkingCaptureMode_FW
0xff23151c,PTM_SetCurrentItem
0xff23151c,PTM_SetCurrentItem_FW
0xff231864,PTM_NextItem
0xff231864,PTM_NextItem_FW
0xff23186c,PTM_PrevItem
0xff23186c,PTM_PrevItem_FW
0xff231c34,PTM_SetPropertyEnable
0xff231c34,PTM_SetProprietyEnable_FW
0xff231e98,PTM_IsEnableItem_FW
0xff231ff0,PTM_BackupUIProperty_FW
0xff231ff0,SetParameterData
0xff23208c,GetParameterData
0xff23234c,UIFS_CtrlManControllerAnytimeTop_FW
0xff232354,UIFS_IsAvailableMovieRecOptZoom_FW
0xff23235c,UIFS_IsAvailableMovieRecDigZoom_FW
0xff232364,UIFS_IsAvailableServoAF_FW
0xff23236c,UIFS_IsAvailableRecMenuAFMode_FW
0xff232374,UIFS_IsAutoPopupDownStrobe_FW
0xff23237c,UIFS_IsAvailableAvTvMode_FW
0xff232384,UIFS_IsAvailablePowerZoom_FW
0xff2324d8,UIFS_SetDialStillRec_FW
0xff2324f8,UIFS_SetDialMovieRec_FW
0xff23252c,UIFS_SetDialPlay_FW
0xff23254c,UIFS_OpenPopupStrobe_FW
0xff23257c,UIFS_ClosePopupStrobe_FW
0xff2325ac,UIFS_MountExtFlash_FW
0xff2325dc,UIFS_UnmountExtFlash_FW
0xff23260c,UIFS_ConnectVideo_FW
0xff23263c,UIFS_DisconnectVideo_FW
0xff23266c,j_UIFS_MoveZoomTo_FW
0xff232670,j_UIFS_MoveZoomToPositionWithTaskSwCtrlServ_FW
0xff232674,j_UIFS_GetNumOfOptZoomPos_FW
0xff232678,UIFS_StopPostingUIEvent_FW
0xff23267c,UIFS_RestartPostingUIEvent_FW
0xff232680,UIFS_PostModeDial_FW
0xff2326a8,j_UIFS_Capture_FW
0xff2326ac,j_UIFS_CaptureNoneStop_FW
0xff2326b0,j_UIFS_StartMovieRecord_FW
0xff2326b4,j_UIFS_StopMovieRecord_FW
0xff2326b8,UIFS_StartClockMode_FW
0xff2326c8,UIFS_EndClockMode_FW
0xff2326d8,UIFS_SetCradleSetting_FW
0xff2326dc,j_UIFS_WriteFirmInfoToFile_FW
0xff2326e0,j_UIFS_GetMovieRecoadableNumber_FW
0xff2326e4,j_UIFS_GetStillShotableNumber_FW
0xff2326e8,UIFS_ChangeShootState_FW
0xff23270c,UIFS_ShootSeqToUI_FW
0xff232730,UIFS_GetLastPath_FW
0xff232768,UIFS_GetAvItemCount_FW
0xff2327d8,UIFS_GetTvItemCount_FW
0xff232920,UIFS_GetAvItem_FW
0xff232958,UIFS_GetTvItem_FW
0xff232990,UIFS_GetCurrentAvString_FW
0xff232a10,UIFS_GetCurrentTvString_FW
0xff232a94,j_UIFS_IsAvailableShots_FW
0xff232a98,UIFS_IsOperationEvent_FW
0xff232ac8,j_UIFS_StartMoviePlay_FW
0xff232acc,j_UIFS_GetNumberOfDisplayedImage_FW
0xff232ad0,j_UIFS_PlayTrimExecuteAllImageSize_FW
0xff232ad4,j_UIFS_WirelessExecuteSendForever_FW
0xff232ad8,j_UIFS_CancelStoreLensTimer_FW
0xff232adc,j_UIFS_DisplayFirmUpdateView_FW
0xff232ae0,UI.CreatePublic_FW
0xff233678,UI_ShowStateOfRecMode_FW
0xff23368c,UI.Create_FW
0xff23368c,UI_RegistDebugEventProc_FW
0xff2354e8,CreateDialogBox
0xff235c04,DisplayDialogBox
0xff23a364,add_ui_to_dialog
0xff23aab0,get_string_by_id
0xff251a8c,UIFS_WriteFirmInfoToFile
0xff251a8c,UIFS_WriteFirmInfoToFile_FW
0xff255460,FmtMenu_ExecuteQuickFormat_FW
0xff256248,UIFS_DisplayFirmUpdateView_FW
0xff275e04,UIFS_StartMoviePlay_FW
0xff279f78,UIFS_GetNumberOfDisplayedImage_FW
0xff288ecc,UIFS_WirelessExecuteSendForever_FW
0xff298480,LCDMsg_SetStr_FW
0xff298608,LCDMsg_SetNum_FW
0xff2986ec,LCDMsg_SwDisp_FW
0xff29875c,LCDMsg_Move_FW
0xff298810,LCDMsg_MoveRatio_FW
0xff2988ac,LCDMsg_ChangeColor_FW
0xff298994,LCDMsg_Delete_FW
0xff298b04,LCDMsg_Create_FW
0xff298cc8,LCDRect_Move_FW
0xff298d7c,LCDRect_MoveRatio_FW
0xff298ebc,LCDRect_Resize_FW
0xff298f70,LCDRect_ResizeRatio_FW
0xff299060,LCDRect_ChangeColor_FW
0xff299134,LCDRect_SwDisp_FW
0xff299240,LCDRect_Create_FW
0xff299340,LCDRect_Delete_FW
0xff2ba600,task_DSITask
0xff2d2e90,qsort
0xff2d2ef0,memset
0xff2d2ef0,memset_FW
0xff2d2f6c,realloc
0xff2d95bc,apex2us
0xff2d9840,ShutterTool.SetTv_FW
0xff2d9854,ShutterTool.SetTvWithErrMode_FW
0xff2d994c,ShutterTool.CheckTv_FW
0xff2d99ec,ShutterTool.CheckTvWithErrMode_FW
0xff2d9ab4,ShutterTool.SetExpTime_FW
0xff2d9ac0,ShutterTool.SetExpTimeWithErrMode_FW
0xff2d9bac,ShutterTool.CheckExpTime_FW
0xff2d9bcc,ShutterTool.CheckExpTimeWithErrMode_FW
0xff2d9be8,ShutterTool.GetCurTv_FW
0xff2d9c08,ShutterTool.GetCurExpTime_FW
0xff2d9c28,ShutterTool.GetLimOfTv_FW
0xff2d9c58,ShutterTool.GetLimOfTvRegular_FW
0xff2d9cd4,ShutterTool.GetLimOfExpTime_FW
0xff2d9d04,ShutterTool.GetLimOfExpTimeRegular_FW
0xff2d9d34,ShutterTool.SetTvForFix_FW
0xff2d9d60,ShutterTool.SetExpTimeForFix_FW
0xff2d9d84,ShutterTool.GetLimOfTvForFix_FW
0xff2d9da0,ShutterTool.GetLimOfTvForFixWithAv_FW
0xff2e1790,NR_SetDarkSubType
0xff2e1790,NRTBL.SetDarkSubType_FW
0xff2e17ac,NRTBL.SetDefectCorrectType_FW
0xff2e17c8,NRTBL.SetTassenType_FW
0xff2e8f80,task_ExpDrvSubTask
0xff2f2084,PointDefDetect_FW
0xff2f2258,MergeAndConvertDefect_FW
0xff2f24d8,PointKizuCheck_FW
0xff2f254c,SensDefCrowdCheck_FW
0xff2f257c,CrossDefDetect_FW
0xff2f26ac,MixPixDetect_FW
0xff2f28b8,GetDefectCrawInfo_FW
0xff2f293c,GetDefectAllResultData_FW
0xff2f2988,GetDefectPartResultData_FW
0xff2f2a10,SetDefectDebugInfo_FW
0xff2f2a60,GetDefectHistgramInfo_FW
0xff2f2a94,MarkPointDefData_FW
0xff2f2a9c,GetDefectTvAdj_FW
0xff2f2b24,GetDefectRecParamForCorrelationTest_FW
0xff2f2be0,SetDefectRecParam_FW
0xff2f2d58,ChangeDefectRecParam_FW
0xff2f2dac,ExecuteDefectRec_FW
0xff2f2de8,ExecuteDefectRecAndSaveImage_FW
0xff2f2e6c,ExecuteDefectRecWithGrade_FW
0xff2f2eb0,ExecuteDefectRecAndSaveImageWithGrade_FW
0xff2f2f3c,InitializeDefectRec_FW
0xff2f2f58,TerminateDefectRec_FW
0xff2f2f68,MakeDefectTurnTable_FW
0xff2f2fa8,ClearDefectTurnTable_FW
0xff2f2fb8,GetDefectTurnTableParam_FW
0xff2f3028,GetWaitTemperatureDriveType_FW
0xff2f3054,ChangeDefectSpecParam_FW
0xff2f3870,DevelopTool.DevelopTest_FW
0xff2fb834,task__cntFlashTask
0xff2fd584,EF.StartEFCharge_FW
0xff2fd5e8,EF.StopEFCharge_FW
0xff2fd5f8,EF.SetEFChargeTimeOut_FW
0xff2fd614,EF.SetChargeOnTime_FW
0xff2fd62c,EF.GetEFY_FW
0xff2fd6cc,EF.GetEFY2_FW
0xff2fd6d8,EF.GetEFModAddPixelGain_FW
0xff2fd6e0,j_EF.GetAdjustPreSvOffset_FW
0xff2fd6e4,j_EF.GetEFModExamDriveType_FW
0xff2fd6e8,j_EF.IsIrisTypeKosaiShibori_FW
0xff2fd6f0,EF.StartInternalPreFlash_FW
0xff2fd730,EF.StartInternalMainFlash_FW
0xff2fd7b4,EF.FlashWithoutSync_FW
0xff2fd7d4,EF.FlashForColorTempEvaluation_FW
0xff2fd7dc,EF.SetMainFlashTime_FW
0xff2fd7f0,j_EF.IsChargeFull_FW
0xff2fd7f4,EF.AdjPreFlash_FW
0xff2fd830,EF.SetChargeMode_FW
0xff3110a0,GetBaseSv
0xff315a88,LiveImageTool.StartEVF_FW
0xff315a94,LiveImageTool.StartEVFFocusJet_FW
0xff315aa0,LiveImageTool.StartEVFMF_FW
0xff315aac,LiveImageTool.StartEVFMovFULLHD_FW
0xff315ac0,LiveImageTool.StartEVFMovFULLHD30P_FW
0xff315ad4,LiveImageTool.StartEVFMovFULLHD60P_FW
0xff315ae8,LiveImageTool.StartEVFMovHD_FW
0xff315afc,LiveImageTool.StartEVFMovHD60P_FW
0xff315b10,LiveImageTool.StartEVFMovQVGA_FW
0xff315b24,LiveImageTool.StartEVFMovQVGA_HS_FW
0xff315b2c,LiveImageTool.StartEVFMovVGA_FW
0xff315b40,LiveImageTool.StartEVFMovVGA_HS_FW
0xff315b54,LiveImageTool.StopEVF_FW
0xff315b64,LiveImageTool.DzoomTele_FW
0xff315bb8,LiveImageTool.DzoomWide_FW
0xff315bd8,LiveImageTool.StopDzoom_FW
0xff315be8,LiveImageTool.Pause_FW
0xff315bf0,LiveImageTool.Resume_FW
0xff315bf8,LiveImageTool.ChangeDzoom_FW
0xff315c30,j_LiveImageTool.GetDzoomPosition_FW
0xff315c34,LiveImageTool.Jump_FW
0xff315c50,LiveImageTool.Dister_FW
0xff32983c,get_ptp_file_buf
0xff330868,task_PingManager
0xff33d0e8,HdmiChange5VShortState_FW
0xff33d0f4,HecHdmiCecPhysicalCheckForScript_FW
0xff33d188,HdmiAudioSampleFreq_FW
0xff33d18c,LockHdmiState_FW
0xff33d190,EdidView_FW
0xff33d194,EdidDump_FW
0xff33d198,j_CecRegDump_FW
0xff33d19c,j_HdmiRegDump_FW
0xff33dedc,task_AACDrvTask
0xff33e69c,task_OhyIntegTask
0xff34e37c,GetFaceAuthBinAddr_FW
0xff34e384,GetFaceAuthBinSize_FW
0xff34e38c,IsOKFaceAuthBinFile_FW
0xff351960,task_FA_GyroInfo
0xff3535b8,EngDrvOut_FW
0xff3535d4,EngDrvIn_FW
0xff3535dc,EngDrvRead_FW
0xff3535e4,EngDrvBits_FW
0xff353600,EngDrvReadDump_FW
0xff3781a0,GetCurrentAdjImgDriveType_FW
0xff3781b8,GetCurrentImgDrvMode_FW
0xff3781d8,ConvertAEIntegDrvTypeToAdjImgDriveType_FW
0xff378224,ConvertAdjImgDrvModeToAdjImgDriveType_FW
0xff37828c,ChangeAdjImgDrvMode_FW
0xff3782b8,ChangeAEIntegDrvTypeToAdjImgDriveType_FW
0xff378348,GetAdjAcceleration_FW
0xff37835c,ReloadProtractorAdjustment_FW
0xff37836c,j_InitializeWLAN_FW
0xff378370,j_TerminateWLAN_FW
0xff37839c,JoinWLANNetwork_FW
0xff378514,PingWLANNetwork_FW
0xff378524,j_LeaveWLANNetwork_FW
0xff378528,StartFAWLANService_FW
0xff378530,StopFAWLANService_FW
0xff378544,GetWLANMACAddress_FW
0xff37856c,WriteWLANMACAddressToFROM_FW
0xff378604,GetWLANEepromNum_FW
0xff378714,GetCurrentCcdTemp_FW
0xff378730,j_GetCurrentCcdTemp_FW
0xff378734,GetCurrentOptTemp_FW
0xff378760,j_GetCurrentOptTemp_FW
0xff378764,GetCameraInformationData_FW
0xff3787a0,j_GetCameraInformationData_FW
0xff3787a4,GetTotalShootCount_FW
0xff37886c,j_GetTotalShootCount_FW
0xff3789c4,InitializeSoundDevForRecEvent_FW
0xff3789d4,SetNCParamForAdjEvent_FW
0xff3789e4,RecSoundForNCAdjEvent_FW
0xff3789f4,SetNoiseAddParamForZoomNCEvent_FW
0xff378a04,ReloadZoomNCProfileEvent_FW
0xff378a14,SetZoomNCEffectiveEvent_FW
0xff378a24,ClearSoundDevForRecEvent_FW
0xff378a44,GetModeDialState_FW
0xff378b00,GetModeDialName_FW
0xff378b14,IsSDDetect_FW
0xff378b64,j_IsSDDetect_FW
0xff378b6c,InitializeNFCAdjustment_FW
0xff378b78,j_ClearNFCSystemArea_FW
0xff378b80,WriteNFCSystemArea_FW
0xff378b94,j_WriteNFCUserArea_FW
0xff378bb4,WriteNFCUserAreaWithInitNFCAdj_FW
0xff378bc0,j_ResetNFCSystemArea_FW
0xff378c3c,GetNFCSystemAreaData_FW
0xff378dc0,GetNFCUserAreaData_FW
0xff378e00,GetBatteryVoltage_FW
0xff378e20,j_GetBatteryVoltage_FW
0xff378e34,SetFaexeEventTableActivation_FW
0xff378fdc,GetZoomLensResetPlus_FW
0xff3792e8,j_GetCurrentZoomLensPosition_FW
0xff3792e8,j_GetCurrentZoomPosition_FW
0xff3792f0,j_GetCurrentZoomLensPoint_FW
0xff3792f0,j_GetCurrentZoomPoint_FW
0xff3792f4,GetCurrentZoomLensDirection_FW
0xff379310,j_GetCurrentZoomLensDirection_FW
0xff379318,ReloadZoomAdjustment_FW
0xff3793dc,j_GetZoomTelePoint_FW
0xff3793e4,j_GetZoomResetSensorLevel_FW
0xff379424,j_GetZoomDrivingTime_FW
0xff37953c,ClearZoomDriveParam_FW
0xff3797c4,j_IsZoomLensOutSidePosition_FW
0xff3797d0,StopZoomEmergency_FW
0xff3797dc,SetZoomResetState_FW
0xff379828,ResetZoom_FW
0xff379860,ResetZoomToFirst_FW
0xff379860,ResetZoomToFirstPoint_FW
0xff379898,ResetZoomToTerminate_FW
0xff379898,ResetZoomToTerminatePoint_FW
0xff3798d0,MoveZoomLensToPosition_FW
0xff3798d0,MoveZoomPosition_FW
0xff379910,MoveZoomLensToPoint_FW
0xff379910,MoveZoomPoint_FW
0xff379950,MoveComputerZoomToPoint_FW
0xff379990,MoveComputerZoomToPointWithSpeed_FW
0xff379a3c,ResetZoomToAdjFirstPoint_FW
0xff379a84,ResetZoomToAdjTerminatePoint_FW
0xff379acc,SetZoomLensEncoderPowerControl_FW
0xff379ae0,SetZoomSpeedMode_FW
0xff379b48,GetZoomDefaultDriveParam_FW
0xff379b6c,SetZoomDriveParam_FW
0xff379ca8,GetZoomResetDriveParam_FW
0xff379ccc,SetZoomResetDriveParam_FW
0xff379d08,GetZoomNormalDriveParam_FW
0xff379d2c,SetZoomNormalDriveParam_FW
0xff379d68,GetZoomDefaultCommonDriveParam_FW
0xff379d94,SetZoomCommonDriveParam_FW
0xff379e24,ClearZoomCommonDriveParam_FW
0xff379e54,j_GetZoomLensResetPlus_FW
0xff379ef0,MoveZoomLensToMechaEnd_FW
0xff379ffc,MoveZoomLensToPositionByManual_FW
0xff37a0dc,SetZoomAmpereLimitOffTimeForAdjustZoom_FW
0xff37a0f0,j_GetZoomPiDefaultPosition_FW
0xff37a0f4,j_GetZoomPiChangePosition_FW
0xff37a15c,ReloadNdFilterAdjustment_FW
0xff37a180,PutInNdFilter_FW
0xff37a1bc,PutOutNdFilter_FW
0xff37a250,ShowTransparentMemory_FW
0xff37a270,DumpTransparentMemoryItem_FW
0xff37a2b0,AddTransparentMemory_FW
0xff37a2e8,AttachToTransparentMemory_FW
0xff37a320,RemoveTransparentMemory_FW
0xff37a340,GetTransparentMemorySize_FW
0xff37a350,GetTransparentMemory_FW
0xff37a394,GetTransparentMemoryPosition_FW
0xff37a8f0,InitializeSoundRec_FW
0xff37a940,TerminateSoundRec_FW
0xff37a96c,j_InitializeSoundRec_FW
0xff37a970,j_TerminateSoundRec_FW
0xff37a974,StartSoundRecord_FW
0xff37a9a8,StartSoundPlay_FW
0xff37aaa0,InitializeFAGeneralTest_FW
0xff37aab4,TerminateFAGeneralTest_FW
0xff37aac8,InitializeFAExtendFile_FW
0xff37aad8,TerminateFAExtendFile_FW
0xff37ac6c,StartTestRecLog_FW
0xff37ac84,StopTestRecLog_FW
0xff37e5cc,task_MetaInspiTask
0xff384c54,task_MetaCtgPrsTask
0xff38c16c,task_FileManMarkAllTask
0xff38c410,task_SetGeoTagExecution
0xff38d284,task_FORMAT_TASK_PROGRESS
0xff38d48c,task_FORMAT_TASK_NAME
0xff397488,task_FileWrite
0xff397488,task_FileWriteTask
0xff398058,task_ReadFileTask
0xff398dbc,closedir
0xff398e0c,OpenFastDir
0xff398f60,ReadFastDir
0xff399958,task_FilYuvMaker
0xff39a728,task_DecJpgRd
0xff39fe28,task_ImgPlyDC
0xff39ffdc,task_ImgPlyDCLow
0xff3a7360,task_FocusEvent
0xff3a8710,GetFocusLensFinalStopSettingTime_FW
0xff3a9fc8,GetFocusLensResetPosition_FW
0xff3a9fd8,GetFocusLensResetDefaultPosition_FW
0xff3aaa10,GetFocusLensCurrentPosition_FW
0xff3aaa14,GetFocusLensCurrentPositionWithMotor_FW
0xff3aaa18,GetFocusLensDriveVoltage_FW
0xff3aaaa4,GetFocusLensSettingWaitVoltage_FW
0xff3aaaf0,GetFocusLensHoldVoltage_FW
0xff3aab3c,GetFocusLensGainSlope_FW
0xff3ac214,task_MechaAlarm
0xff3ac748,task_MechaShutter
0xff3ad3c0,task_Nd
0xff3adc20,get_current_nd_value
0xff3adc80,get_nd_value
0xff3adf6c,GetNdMoveTime_FW
0xff3ae0d0,task_ZoomEvent
0xff3ae394,task_ZoomActuatorSpeedLog
0xff3aebf4,IsZoomActuatorResetSensorPlusSide_FW
0xff3af3f4,MoveZoomActuator_FW
0xff3af43c,SetZoomActuatorSpeedPPS_FW
0xff3af45c,GetZoomActuatorSpeedPPS_FW
0xff3af468,j_GetZoomActuatorCurrentPosition_FW
0xff3af46c,j_IsZoomActuatorResetSensorPlusSide_FW
0xff3af470,EnableZoomActuatorSpeedLog_FW
0xff3af480,DisableZoomActuatorSpeedLog_FW
0xff3af4b0,SetZoomSpeedCheckStopTime_FW
0xff3af4cc,SetZoomPermitTargetMaxSpeedPPS_FW
0xff3af4f8,GetZoomActuatorCurrentPosition_FW
0xff3b06c4,GetZoomLensCurrentPosition
0xff3b18bc,IsUnitFirmMode_FW
0xff3b4950,task_MovRead
0xff3b9534,task_MovieWriter
0xff3bf284,MoveCZToPoint_FW
0xff3bf2c4,MoveCZToWide_FW
0xff3bf2f4,MoveCZToTele_FW
0xff3bf324,MoveCZToPointByOVF_FW
0xff3bf35c,StopCZ_FW
0xff3bf388,GetCZStillHighSpeed_FW
0xff3bf390,GetCZStillLowSpeed_FW
0xff3bf398,GetCZMovieHighSpeed_FW
0xff3bf3a0,GetCZMovieLowSpeed_FW
0xff3bf3a8,GetCZStillDefaultSpeed_FW
0xff3bf3b0,GetCZMovieDefaultSpeed_FW
0xff3bf3b8,IsAvailableCZSpeed_FW
0xff3bf3c0,GetCZFramingAssistStillSpeed_FW
0xff3bf3c8,GetCZFramingAssistAutoHighSpeed_FW
0xff3bf3d0,GetCZFramingAssistAutoLowSpeed_FW
0xff3bf4ac,GetFocusLensIrisCoefficient_FW
0xff3bf4cc,ResetFocusLens
0xff3bf4cc,ResetFocusLens_FW
0xff3bf528,EscapeFocusLens_FW
0xff3bf5a0,MoveFocusLensToTerminate_FW
0xff3bf5fc,MoveFocusLensToTerminateWithKeepExciting_FW
0xff3bf658,MoveFocusLensWithDistance_FW
0xff3bf77c,MoveFocusLensWithPosition_FW
0xff3bf8a8,MoveFocusLensWithPositionWithNonStepOut_FW
0xff3bf9d4,MoveFocusLensWithFinalPosition_FW
0xff3bfb0c,MoveFocusLensWithPositionImmediateReturn_FW
0xff3bfbec,MoveFocusLensWithPositionWithoutBacklash_FW
0xff3bfd18,MoveFocusLensWithFinalPositionWithNonStepOutWithoutBacklash_FW
0xff3bfe44,MoveFocusLensWithFinalPositionWithoutBacklash_FW
0xff3bff70,MoveFocusLensTowardPosition_FW
0xff3c009c,MoveFocusLensWithPositionWithCompBacklash_FW
0xff3c01e8,MoveFocusActuator_FW
0xff3c0310,SetFocusActuatorHoldVoltage_FW
0xff3c0324,SetFocusActuatorSlopeHoldVoltage_FW
0xff3c0340,SetFocusLensSpeed_FW
0xff3c03c8,SetFocusLensSpeedTable_FW
0xff3c0480,SetFocusLensAccelerationTable_FW
0xff3c0570,SetFocusLensSlowdownTable_FW
0xff3c05ec,SetFocusLensDefaultPullOutTable_FW
0xff3c0600,SetFocusLensCondition_FW
0xff3c06ec,ShowFocusLensCurrentSpeedTable_FW
0xff3c0754,SetFocusLensMaxSpeedLimit_FW
0xff3c0764,CancelFocusLensMaxSpeedLimit_FW
0xff3c0774,EnableFocusLens_FW
0xff3c07c0,DisableFocusLens_FW
0xff3c0810,EnableFocusLensGainLockWithVoltage_FW
0xff3c083c,DisableFocusLensGainLock_FW
0xff3c084c,EnableFocusLensSlopeGain_FW
0xff3c0860,DisableFocusLensSlopeGain_FW
0xff3c0870,EnableFocusLensWaveLock_FW
0xff3c088c,DisableFocusLensWaveLock_FW
0xff3c089c,j_GetFocusLensCurrentPosition_FW
0xff3c08a0,j_GetFocusLensCurrentPositionWithMotor_FW
0xff3c08a4,j_GetFocusLensResetPosition_FW
0xff3c08a8,j_GetFocusLensResetDefaultPosition_FW
0xff3c08ac,GetFocusLensSubjectDistance_FW
0xff3c08c8,GetFocusLensSubjectDistanceNumber_FW
0xff3c0928,GetFocusLensPositionRatio_FW
0xff3c0930,GetFocusLensLoadSubjectDistance_FW
0xff3c0950,ChangeFocusDistanceToPosition_FW
0xff3c0958,GetFocusLensLoadCamTable_FW
0xff3c0984,j_GetFocusLensDriveVoltage_FW
0xff3c0988,SetFocusLensDriveVoltage_FW
0xff3c09c0,j_GetFocusLensSettingWaitVoltage_FW
0xff3c09c4,SetFocusLensSettingWaitVoltage_FW
0xff3c09fc,j_GetFocusLensHoldVoltage_FW
0xff3c0a00,SetFocusLensHoldVoltage_FW
0xff3c0a38,j_GetFocusLensResetVoltage_FW
0xff3c0a3c,j_GetFocusLensGainSlope_FW
0xff3c0a40,SetFocusLensGainSlope_FW
0xff3c0a78,GetFocusLensMoveMaxPosition_FW
0xff3c0a90,GetFocusLensMoveMinPosition_FW
0xff3c0aa8,j_GetFocusLensPullInMaxSpeed_FW
0xff3c0aac,GetFocusLensMoveRangeOfTelePoint_FW
0xff3c0b14,FocusLensStopQuickly_FW
0xff3c0b8c,GetFocusLensCarrierFrequency_FW
0xff3c0bac,SetFocusLensCarrierFrequency_FW
0xff3c0be4,MoveFocusLensChangeCarrierFrequency_FW
0xff3c0d5c,j_GetFocusLensAvCoefficient_FW
0xff3c0d60,ShowFocusLensIrisCoefficientCheckSum_FW
0xff3c0e64,ChangeFocusLensStopSettingType_FW
0xff3c0e78,j_GetFocusLensFinalStopSettingTime_FW
0xff3c0ec8,ResetIris_FW
0xff3c0eec,MoveIrisToTerminatePosition_FW
0xff3c0ef4,MoveIrisWithAv
0xff3c0ef4,MoveIrisWithAv_FW
0xff3c0f24,MoveIrisWithAvWithoutBacklash_FW
0xff3c0f54,j_GetIrisAv_FW
0xff3c0f58,ChangeIrisSpeed_FW
0xff3c0fdc,MoveLensToFirstPoint_FW
0xff3c102c,MoveLensToTerminatePoint_FW
0xff3c1064,j_IsLensOutside_FW
0xff3c1068,j_GetLensErrorStatus_FW
0xff3c106c,j_GetFocusStartZoomPosition_FW
0xff3c1070,EnableLensError_FW
0xff3c1080,DisableLensError_FW
0xff3c1090,SetLensOutsideFlag_FW
0xff3c10a4,ShowMechaCondition_FW
0xff3c1134,j_GetMechaCondition_FW
0xff3c1238,WriteMechaLogToRom_FW
0xff3c1248,WriteMechaLogToFile_FW
0xff3c126c,EnableMechaCircuit_FW
0xff3c127c,DisableMechaCircuit_FW
0xff3c128c,EnableFocusPiCircuit_FW
0xff3c129c,DisableFocusPiCircuit_FW
0xff3c12ac,j_GetFocusPiSensorLevel_FW
0xff3c12b0,EnableZoomPiCircuit_FW
0xff3c12c0,DisableZoomPiCircuit_FW
0xff3c12d0,j_GetZoomPiSensorLevel_FW
0xff3c12d4,EnableZoomEncoderCircuit_FW
0xff3c12e4,DisableZoomEncoderCircuit_FW
0xff3c12f4,SendMechaCircuitData_FW
0xff3c1318,ReceiveMechaCircuitData_FW
0xff3c1340,ReceiveMechaCircuitDataAll_FW
0xff3c1374,EnableResetGpio_FW
0xff3c1390,DisableResetGpio_FW
0xff3c1424,CloseMechaShutter_FW
0xff3c1450,OpenMechaShutter_FW
0xff3c147c,CloseMechaShutterWithTiming_FW
0xff3c14bc,SetMechaShutterCloseDacSetting_FW
0xff3c14d8,GetMechaShutterCloseDacSetting_FW
0xff3c150c,SetMechaShutterOpenDacSetting_FW
0xff3c1528,GetMechaShutterOpenDacSetting_FW
0xff3c155c,SetMechaShutterWaitTimeSetting_FW
0xff3c1570,j_GetMechaShutterStatus_FW
0xff3c1574,j_GetMechaShutterMoveTime_FW
0xff3c1578,SetMechaShutterMoveTime_FW
0xff3c1608,PutInNdFilter
0xff3c1608,TurnOnNdFilter_FW
0xff3c162c,PutOutNdFilter
0xff3c162c,TurnOffNdFilter_FW
0xff3c1650,TurnOnNdFilterWithTiming_FW
0xff3c1688,TurnOffNdFilterWithTiming_FW
0xff3c16c0,j_GetNdMoveTime_FW
0xff3c16c4,SetNdMoveTime_FW
0xff3c16d8,SetNdDacSetting_FW
0xff3c1708,EnableZoomLensEncoderPowerControl_FW
0xff3c1718,DisableZoomLensEncoderPowerControl_FW
0xff3c17a4,ResetZoomLens
0xff3c17a4,ResetZoomLens_FW
0xff3c17d0,ResetZoomLensToFirst_FW
0xff3c1810,ResetZoomLensToTerminate_FW
0xff3c1850,MoveZoomLensWithPoint
0xff3c1850,MoveZoomLensWithPoint_FW
0xff3c189c,MoveZoomLensWithPointImmediateReturn_FW
0xff3c18c0,WaitMoveZoomLensComplete_FW
0xff3c18ec,MoveZoomLensWithPosition_FW
0xff3c1938,MoveZoomLensToTerminatePosition_FW
0xff3c1978,MoveZoomLensToMechaEdge_FW
0xff3c1a20,SetZoomLensSpeedMode_FW
0xff3c1a34,GetZoomLensDriveAmpereDac_FW
0xff3c1a3c,SetZoomLensDriveAmpereDac_FW
0xff3c1a5c,EnableZoomLensSpeedControl_FW
0xff3c1a70,DisableZoomLensSpeedControl_FW
0xff3c1a84,EnableZoomLensElectricControl_FW
0xff3c1a98,DisableZoomLensElectricControl_FW
0xff3c1aac,j_GetZoomLensCurrentPoint_FW
0xff3c1ab0,j_GetZoomLensCurrentPosition_FW
0xff3c1ab4,j_GetZoomLensTelePoint_FW
0xff3c1ab8,j_GetZoomLensMechaEdgePosition_FW
0xff3c1abc,ChangeZoomLensPointToMagnification_FW
0xff3c1acc,ChangeZoomLensMagnificationToPoint_FW
0xff3c1adc,SetZoomAmpereLimitOffTime_FW
0xff3c1af8,j_GetZoomAmpereLimitOffTime_FW
0xff3c1afc,SetZoomLensMoveTimeLimit_FW
0xff3c1b10,j_GetZoomLensMinimumSpeedMoveLimitTime_FW
0xff3c1b14,SetZoomLensSpeedChangeMaxTime_FW
0xff3c1b28,SetZoomLensSpeedChangeRate_FW
0xff3c1b48,MoveZoomLensWithPositionAndSpeedChange_FW
0xff3c1e4c,DcmWowFla_FW
0xff3c1f08,DcmWowFlaForSD_FW
0xff3c225c,DcmTfMeasure_FW
0xff3c2318,DcmTfMeasureForSD_FW
0xff3c2454,ISAutoCenter_FW
0xff3c2464,StartISLocalAdjust_FW
0xff3c2474,j_StartISLocalHallAdjust_FW
0xff3c2478,j_StartISLocalAutoCenter_FW
0xff3c247c,ISMoveToMechaEdgeOPEN_FW
0xff3c2498,ISChangeOPENtoCLOSE_FW
0xff3c24a8,SetISDriveAaxis_FW
0xff3c24c4,SetISDriveBaxis_FW
0xff3c24e0,SetISHallOffsetAaxis_FW
0xff3c24fc,SetISHallOffsetBaxis_FW
0xff3c2518,SetISHallOffsetbyAxisType_FW
0xff3c2544,SetISHallGainAaxis_FW
0xff3c2560,SetISHallGainBaxis_FW
0xff3c257c,SetISHallGainbyAxisType_FW
0xff3c25a8,SetISGyroGainAaxis_FW
0xff3c25c4,SetISGyroGainBaxis_FW
0xff3c25e0,SetISGyroGainbyAxisType_FW
0xff3c260c,GetISDriveAaxis_FW
0xff3c262c,GetISDriveBaxis_FW
0xff3c264c,GetISPositionAaxis_FW
0xff3c266c,GetISPositionBaxis_FW
0xff3c268c,GetISHallOffsetAaxis_FW
0xff3c26ac,GetISHallOffsetBaxis_FW
0xff3c26cc,GetISHallOffsetbyAxisType_FW
0xff3c2700,GetISHallGainAaxis_FW
0xff3c2720,GetISHallGainBaxis_FW
0xff3c2740,GetISHallGainbyAxisType_FW
0xff3c2774,GetISGyroGainAaxis_FW
0xff3c289c,GetISGyroGainBaxis_FW
0xff3c28bc,GetISGyroGainbyAxisType_FW
0xff3c28f0,j_GetGyroDataPitch_FW
0xff3c28f4,j_GetGyroDataYaw_FW
0xff3c28f8,SetGyro10BitDACPitch_FW
0xff3c2914,SetGyro10BitDACYaw_FW
0xff3c2930,j_GetGyro10BitDACPitch_FW
0xff3c2934,j_GetGyro10BitDACYaw_FW
0xff3c2938,SetGyroHPFINOffsetPitch_FW
0xff3c2954,SetGyroHPFINOffsetYaw_FW
0xff3c2970,j_GetGyroHPFINOffsetPitch_FW
0xff3c2974,j_GetGyroHPFINOffsetYaw_FW
0xff3c2978,j_GetGyroHPFINPitch_FW
0xff3c297c,j_GetGyroHPFINYaw_FW
0xff3c2980,SetISTuningFlag_FW
0xff3c2998,SetGyroFilterChargeStart_FW
0xff3c29a0,SetGyroFilterChargeStop_FW
0xff3c29a8,GetGyroFilterCharge_FW
0xff3c29c8,GetISFirmVersion_FW
0xff3c29f0,GetMechaDSPVersion_FW
0xff3c2a18,GetISParamVersion_FW
0xff3c2a40,SetZoomPosition_FW
0xff3c2a58,ISControlStart_FW
0xff3c2a68,ISControlStop_FW
0xff3c2a78,ISPanModeStart_FW
0xff3c2b28,ISPanModeStop_FW
0xff3c2b38,SetISControlType_FW
0xff3c2b50,FixISStatus_FW
0xff3c2b68,SetISStillStatus_FW
0xff3c2b78,ChangeParallelMode_FW
0xff3c2b90,SetLPFParallelBest_FW
0xff3c2bb4,GetLPFParallelBest_FW
0xff3c2be4,SelectPositionSignal_FW
0xff3c2bfc,ClearISIComponent_FW
0xff3c2c0c,SetISHPFCutoff_FW
0xff3c2c24,ClearISZData_FW
0xff3c2c34,GetISHallOut1Amp_FW
0xff3c2c58,GetISHallOut2Amp_FW
0xff3c2c7c,ISMDStart_FW
0xff3c2c8c,ISMDStop_FW
0xff3c2c9c,SetISLPFAaxis_FW
0xff3c2cb4,SetISLPFBaxis_FW
0xff3c2ccc,EnableISDriveError_FW
0xff3c2cdc,DisableISDriveError
0xff3c2cdc,DisableISDriveError_FW
0xff3c2cec,EnableISAutoGyroOffset_FW
0xff3c2cfc,DisableISAutoGyroOffset_FW
0xff3c2d0c,SetISHallAmpFirstGain_FW
0xff3c2d24,GetISHallAmpFirstGain_FW
0xff3c2d50,StartLoopGainCalc_FW
0xff3c2d84,GetLoopGainCalcData_FW
0xff3c2e60,SetLoopGainAdjValue_FW
0xff3c2e84,GetLoopGainAdjValue_FW
0xff3c2ea8,StopLoopGainCalc_FW
0xff3c2eb8,GetISCrossTalkComp_FW
0xff3c2f0c,SetISCrossTalkCompA1_FW
0xff3c2f28,SetISCrossTalkCompA2_FW
0xff3c2f44,SetISCrossTalkCompB1_FW
0xff3c2f60,SetISCrossTalkCompB2_FW
0xff3c2f7c,SetDISModeParam_FW
0xff3c2f94,GetDISModeParamType_FW
0xff3c2fb4,DisableDISModeChange_FW
0xff3c2fc4,EnableDISModeChange_FW
0xff3c2fd4,SetISAdjData_FW
0xff3c2fe4,SetISCenterShiftA_FW
0xff3c3000,SetISCenterShiftB_FW
0xff3c301c,GetISCenterShiftA_FW
0xff3c3038,GetISCenterShiftB_FW
0xff3c3054,EnableMacroIS_FW
0xff3c3064,DisableMacroIS_FW
0xff3c30dc,StartMacroISContiMode_FW
0xff3c30ec,StartMacroISAdjust_FW
0xff3c30fc,StopMacroISAdjust_FW
0xff3c310c,GetMacroISEstimRadiusA_FW
0xff3c3128,GetMacroISEstimRadiusB_FW
0xff3c3144,SetISFocusLensDistance_FW
0xff3c3154,GetMacroISGainA_FW
0xff3c3170,GetMacroISGainB_FW
0xff3c318c,SetMacroISGainA_FW
0xff3c31a8,SetMacroISGainB_FW
0xff3c31c4,GetMacroISAngleAndVelocityA_FW
0xff3c31f4,GetMacroISAngleAndVelocityB_FW
0xff3c3224,GetAccelX_atMechaCpu_FW
0xff3c3240,GetAccelY_atMechaCpu_FW
0xff3c335c,GetAccelZ_atMechaCpu_FW
0xff3c3378,SetPoweredISON_FW
0xff3c338c,SetPoweredISOFF_FW
0xff3c33a0,ISFixedPWMON_FW
0xff3c33b4,ISFixedPWMOFF_FW
0xff3c33c8,SetFixedPWMOutA_FW
0xff3c33e4,SetFixedPWMOutB_FW
0xff3c3400,j_GetFixedPWMOutA_FW
0xff3c3404,j_GetFixedPWMOutB_FW
0xff3c3408,SetISPWMFreqAndFixed_FW
0xff3c341c,SetISPWMFrequency_FW
0xff3c3430,j_GetISPWMFrequency_FW
0xff3c3434,j_GetISPWMPeriod_FW
0xff3c3438,StartISPWMFreqChangeTest_FW
0xff3c3448,StopISPWMFreqChangeTest_FW
0xff3c3458,MechaCPUMemoryDump_FW
0xff3c347c,MechaCPUMemoryWrite_FW
0xff3c34a8,ISMemoryWrite_FW
0xff3c34d0,ISActive_FW
0xff3c34e4,SetWaitTime_FW
0xff3c3500,GetWaitTime_FW
0xff3c3520,SetSlowWaitTime_FW
0xff3c353c,GetSlowWaitTime_FW
0xff3c3590,SetMoveEdgeWaitTime_FW
0xff3c35ac,GetMoveEdgeWaitTime_FW
0xff3c35cc,GetDisSupportStatus_FW
0xff3c35d4,GetISCenterDrivebyAxisType_FW
0xff3c3608,StartImStEventProc_FW
0xff3c38cc,NR_SetDoubleNRType_FW
0xff3c4ad8,task_CreateHeaderTask
0xff3c4e64,task_DistTask
0xff3c53fc,task_ResizeTask
0xff3c6168,task_JpegEncTask
0xff3c6c50,reboot_fw_update
0xff3c7110,MemoryChecker_FW
0xff3c7148,VerifyByte_FW
0xff3c7320,SDump_FW
0xff3c7560,FreeMemory
0xff3c7560,FreeMemory_FW
0xff3c7568,AllocateMemory
0xff3c7568,AllocateMemory_FW
0xff3c7588,Peek32_FW
0xff3c7590,Peek16_FW
0xff3c7598,Peek8_FW
0xff3c75a0,GetSystemTime
0xff3c75a0,GetSystemTime_FW
0xff3c75b4,exec_FW
0xff3c7620,MonSelEvent_FW
0xff3c76e4,MakeBootDisk_FW
0xff3c76f8,MakeScriptDisk_FW
0xff3c79c4,task_ImagePlaySysConTask
0xff3ca37c,task_ImageRetryConTask
0xff4263d0,task_ReadMultiConTask
0xff42a31c,task_MrkSetTask
0xff42f6d4,UIFS_PlayTrimExecuteAllImageSize_FW
0xff47f180,EF.GetAdjustPreSvOffset_FW
0xff47f184,EF.GetEFModExamDriveType_FW
0xff47f198,EF.IsIrisTypeKosaiShibori_FW
0xff48ec80,Bat_Calc_FW
0xff48ec80,CalculateBatSenseOffset_FW
0xff4c364c,StopCaptureDrive_FW
0xff4c4144,CancelImageDrive_FW
0xff4c4234,StartCaptureDrive_FW
0xff4c423c,CaptureWithParam_FW
0xff4c4284,ChangeImageDrive_FW
0xff4c4298,GetCrwImageInfo_FW
0xff4c4324,GetRawBufferAdd_FW
0xff4c4350,ActivateImageDrive_FW
0xff4c43a8,QuietImageDrive_FW
0xff4c43e4,j_ClearImageDrive_FW
0xff4c43e8,GetCrwInfoData_FW
0xff4c43f8,DoMemToMemDarkSubtraction_FW
0xff4c4400,SetSafImageReadOutType_FW
0xff4c4404,SetSafImagePredictMode_FW
0xff4c440c,SetSafImageWindowHArea_FW
0xff4c4414,EnableHeadDirectCapturePath_FW
0xff4c4418,DisableHeadDirectCapturePath_FW
0xff4c441c,SetLtkidsCorrectThroughMode_FW
0xff4c4420,SetLtkidsRealtimeCorrectThroughMode_FW
0xff4c4424,SetSafPPPBypassMode_FW
0xff4c4444,SetSafFPGABypassMode_FW
0xff4c4448,CorrectMvFrMem2MemAfterDefMark_FW
0xff4c4450,SetLvMagSkipNum_FW
0xff4c4458,SetLvMagCenterWindow_FW
0xff4c4460,GetLvMagWindowInfo_FW
0xff4c446c,ConvertTvToExposureTime_FW
0xff4c4490,j_GetCurrentExposureTime_FW
0xff4c449c,j_GetCurrentShutterSpeed_FW
0xff4c44c8,SetShutterSpeedWithMecha_FW
0xff4c4524,SetShutterSpeed_FW
0xff4c457c,GetUserSetShutterSPeed_FW
0xff4c458c,GetShutterSpeedRegularMaxLimit_FW
0xff4c45a4,j_GetShutterSpeedRegularMaxLimit_FW
0xff4c45a8,GetShutterSpeedRegularMinLimit_FW
0xff4c45c0,j_GetShutterSpeedRegularMinLimit_FW
0xff4c45e4,GetFrameRateWithApex_FW
0xff4c4f88,CalculatePeakFromLeastSquareResult_FW
0xff4c4fb0,CalculateLog2ToApex_FW
0xff4c4fc4,CalculatePow2FromApex_FW
0xff4c4fe0,CalcLog10
0xff4c501c,CalcLog10_FW
0xff4c5044,ConvertApexToApexStd_FW
0xff4c5074,ConvertApexStdToApex_FW
0xff4c510c,CalcSqrt_FW
0xff4c5138,SetOneShotWBParam_FW
0xff4c5138,SetOneTypeWBParam_FW
0xff4c51c4,OneShotWhigeBalance_FW
0xff4c51c4,OneTypeWhiteBalance_FW
0xff4c5218,SetWBYlStandardWidth_FW
0xff4c5258,SetReferenceWBGainForCalibration_FW
0xff4c5280,SetToolCorrectCoefficient_FW
0xff4c52f8,ReloadWBAdjustment_FW
0xff4c5628,ConvertCxCyToWBGain_FW
0xff4c56f0,GetExStrobeID_FW
0xff4c5700,IsExStrobeChargeComp_FW
0xff4c570c,SetExStrobeMode_FW
0xff4c5718,CancelExStrobeMode_FW
0xff4c5724,ReloadEfAdjustment_FW
0xff4c5768,ChargeStrobe_FW
0xff4c57a0,ChargeStrobeForFA_FW
0xff4c57ec,StopStrobeChargeForFA_FW
0xff4c580c,ExecuteInternalPreFlash_FW
0xff4c58ac,ReloadColorAdjustment_FW
0xff4c5970,RegistColorMatrix_FW
0xff4c59a8,j_RegistColorMatrix_FW
0xff4c59b8,UnregistColorMatrix_FW
0xff4c5b3c,ShowCurrentExp_FW
0xff4c5b8c,SetAE_ShutterSpeed
0xff4c5b8c,SetAE_ShutterSpeed_FW
0xff4c5c50,FocusAEWithCompensation_FW
0xff4c5cd4,SetAE_CdsGainValue_FW
0xff4c5d98,FixAEWithCompensation_FW
0xff4c5dfc,SetAdj_AEMode_FW
0xff4c5e50,CancelAdj_AEMode_FW
0xff4c5e8c,PreFixAE_FW
0xff4c6018,AfAEWithAperturePriority_FW
0xff4c6070,AdjAEWithAperturePriority_FW
0xff4c60c8,SleepAE_FW
0xff4c6220,AfAEWithCompensation_FW
0xff4c6324,GetVideoOutType_FW
0xff4c63b4,SwitchOffDisplay_FW
0xff4c6404,SwitchOnDisplay_FW
0xff4c6414,j_GetVideoOutType_FW
0xff4c6474,SetVideoOutType_FW
0xff4c6488,IsEVFDrive_FW
0xff4c64b0,j_IsEVFDrive_FW
0xff4c64e8,StopEVFDrive_FW
0xff4c696c,StartEVFDriveWithMode_FW
0xff4c69b0,StartEVFDrive_FW
0xff4c6a0c,IsEvfDriveMode_FW
0xff4c6cd8,GetSumYOfVRAMCenterLine_FW
0xff4c6d44,j_GetVRAMHPixelsSize_FW
0xff4c6d4c,j_GetVRAMVPixelsSize_FW
0xff4c6d54,StopContinuousVRAMData_FW
0xff4c6ddc,GetContinuousVRAMData_FW
0xff4c74bc,GetPixelsOfViewangle_FW
0xff4c7558,GetContinuousVRAMDataWithRingBuffer_FW
0xff4c75f0,j_GetMovieJpegVRAMHPixelsSize_FW
0xff4c75f8,j_GetMovieJpegVRAMVPixelsSize_FW
0xff4c7724,GetContinuousMovieJpegVRAMData_FW
0xff4c779c,ChangeDistortionSetForLiveImage_FW
0xff4c77c4,ChangeElectronicRollISSetting_FW
0xff4c7960,SetImageMode
0xff4c7a10,Bat_VIN_FW
0xff4c7a10,SetInputVoltage_FW
0xff4c7a24,Bat_Save_FW
0xff4c7a24,SaveBatSenseOffsetAdjustmentTable_FW
0xff4c7a34,SetImageMode_FW
0xff4c7a3c,CalcLowBatteryOffsetValue_FW
0xff4c7a64,SetDate_FW
0xff4c7bc8,SetYear_FW
0xff4c7c28,SetMonth_FW
0xff4c7c84,SetDay_FW
0xff4c7cec,SetHour_FW
0xff4c7d50,SetMinute_FW
0xff4c7db4,SetSecond_FW
0xff4c7e18,GetYear_FW
0xff4c7e48,GetMonth_FW
0xff4c7e74,GetDay_FW
0xff4c7e9c,GetHour_FW
0xff4c7ec4,GetMinute_FW
0xff4c7eec,GetSecond_FW
0xff4c7f14,SetLangMenuType_FW
0xff4c7f68,SaveFromImage_FW
0xff4c812c,SetFactorySerialNumber_FW
0xff4c81a4,LoadFactoryNumber_FW
0xff4c8284,j_LoadFactoryNumber_FW
0xff4c8288,LoadSerialNumber_FW
0xff4c836c,j_LoadSerialNumber_FW
0xff4c8378,GetLastVBatADLevel_FW
0xff4c8380,j_GetVBatVoltage_FW
0xff4c8384,SaveFactoryReserveData_FW
0xff4c8490,j_GetDCPAdjOffset_FW
0xff4c8494,SetWindowSystemDrawSetting_FW
0xff4c84a8,GetEFUSEData_FW
0xff4c84bc,j_GetEFUSEData_FW
0xff4c84c4,TurnOffCamera_FW
0xff4c84d4,task_FAPowerOff
0xff4c851c,FactoryPowerOffWithTimer_FW
0xff4c8530,RegistFirmVer_FW
0xff4c8588,j_RegistFirmVer_FW
0xff4c87a4,ReloadDefectAdjustmentData_FW
0xff4c87b4,ReloadFROMDefectAdjustmentData_FW
0xff4c87c8,ReloadShadingAdjustmentData_FW
0xff4c87d8,SetWBTemperature_FW
0xff4c88ec,DevelopStillPicture_FW
0xff4c89c0,CloseMShutter_FW
0xff4c89fc,OpenMShutter_FW
0xff4c8a34,GetMShutterStatus_FW
0xff4c8a38,j_GetMShutterStatus_FW
0xff4c8aa0,InitializeMechaDevice_FW
0xff4c8adc,TerminateMechaDevice_FW
0xff4c8c04,CreateJumptable
0xff4ca304,GetCdsGainValue_FW
0xff4ca32c,SetDeltaCDSGain_FW
0xff4ca374,ReloadCdsAdjustment_FW
0xff4ca38c,GetObClampValue_FW
0xff4ca39c,SetObClamp_FW
0xff4ca39c,SetObClampValue_FW
0xff4ca3a4,j_GetCdsGainValue_FW
0xff4ca3a8,SetCDSGain_FW
0xff4ca3a8,SetCdsGainValue_FW
0xff4ca3e0,SetCdsPreGainReg_FW
0xff4ca414,GetCdsPreGainReg_FW
0xff4ca41c,SetSensorPreGain_FW
0xff4ca42c,GetSensorPreGain_FW
0xff4ca434,GetCurrentDriveBaseSvValue_FW
0xff4ca454,j_GetCurrentDriveBaseSvValue_FW
0xff4ca478,SetCDSGainStep_FW
0xff4ca4ac,SetAdjCdsMode_FW
0xff4ca594,CancelAdjCdsMode_FW
0xff4ca5b0,IsAdjCdsMode_FW
0xff4ca62c,ConvertToPositionWithDistanceAndZoomPoint_FW
0xff4ca648,ConvertToPositionWithDistance_FW
0xff4ca654,ReloadFocusLensAdjustment_FW
0xff4ca668,j_GetFocusDefaultResetPosition_FW
0xff4ca670,j_GetFocusResetPosition_FW
0xff4ca678,j_GetCurrentTargetDistance_FW
0xff4ca6d4,j_GetCurrentFocusLensPosition_FW
0xff4ca6d4,j_GetCurrentFocusPosition_FW
0xff4ca704,MoveFocusLensToTerminatePosition_FW
0xff4ca704,MoveFocusToTerminate_FW
0xff4ca7ec,MoveFocusLensToPositionWithMaxSpeed_FW
0xff4ca834,MoveFocusLensToPositionWithSpeed_FW
0xff4ca904,MoveFocusLensToPosition_FW
0xff4ca954,MoveFocusPosition_FW
0xff4caa20,MoveFocusDistance_FW
0xff4caa20,MoveFocusLensToDistance
0xff4caa20,MoveFocusLensToDistance_FW
0xff4caa8c,ResetFocus_FW
0xff4cac6c,j_IsFocusLensOutSidePosition_FW
0xff4caca8,SetFocusResetState_FW
0xff4cad70,SaveFocusResetPulse_FW
0xff4cb760,SetScanLensIndex_FW
0xff4cb870,SetScanWindowMode_FW
0xff4cbac8,SelectAdjBPFilter_FW
0xff4cbaf4,SetAdjAFWinPos_FW
0xff4cbb68,SetBPFilterForBP_FW
0xff4cbba0,CancelBPFilterForBP_FW
0xff4cbd80,StartAdjAFService_FW
0xff4cbec4,StopAdjAFService_FW
0xff4cc040,GetAdjAFInteg_FW
0xff4cc0e4,StopAdjAFInteg_FW
0xff4cc0f4,StartAdjAFInteg_FW
0xff4cc110,SetAdjAFIntegCrwAdd_FW
0xff4cc824,StopCustomScan_FW
0xff4cc834,StartCustomScan_FW
0xff4cc8a4,StartCrwCustomScan_FW
0xff4cd188,CalculatePeakPosByLS_FW
0xff4cd1e0,CalculateInterpolationByLS_FW
0xff4cd224,ReloadAFAdjustment_FW
0xff4cd300,PrintScanTable_FW
0xff4cd54c,PrintMultiWinScanTable_FW
0xff4ce03c,HitISLensAgainstTopEdge_FW
0xff4ce054,HitISLensAgainstBottomEdge_FW
0xff4ce06c,HitISLensAgainstLeftEdge_FW
0xff4ce084,HitISLensAgainstRightEdge_FW
0xff4ce09c,HitISLensToMechaEdge_FW
0xff4ce0b4,MoveISLensToRightLimitPosition_FW
0xff4ce0cc,MoveISLensToLeftLimitPosition_FW
0xff4ce0e4,MoveISLensToBottomLimitPosition_FW
0xff4ce0fc,MoveISLensToTopLimitPosition_FW
0xff4ce114,MoveISLensToLimitPosition_FW
0xff4ce12c,SearchBCentralPosition_FW
0xff4ce12c,SearchISLensCentralPosition_FW
0xff4ce13c,StopBDrive_FW
0xff4ce13c,StopISAdjustmentDrive_FW
0xff4ce13c,StopISDrive_FW
0xff4ce14c,StartBDrive_FW
0xff4ce14c,StartISAdjustmentDrive_FW
0xff4ce14c,StartISDrive_FW
0xff4ce15c,StopBPanDrive_FW
0xff4ce15c,StopISPanDrive_FW
0xff4ce16c,SetISControllMode_FW
0xff4ce184,StartBPanDrive_FW
0xff4ce184,StartISPanDrive_FW
0xff4ce194,WriteHallDeviceAdjustment_FW
0xff4ce1a4,WriteGyroAdjustment_FW
0xff4ce21c,WritePWMAdjustment_FW
0xff4ce284,SetISPitchPWM_FW
0xff4ce298,SetISYawPWM_FW
0xff4ce2ac,SetISLensDriveValue_FW
0xff4ce2c4,SetISGyroYawGain_FW
0xff4ce2d8,SetISGyroPitchGain_FW
0xff4ce2ec,SetISLensGyroGain_FW
0xff4ce304,SetISHallDeviceYawGain_FW
0xff4ce318,SetISHallDevicePitchGain_FW
0xff4ce32c,SetISLensHallGain_FW
0xff4ce344,SetISHallDeviceYawOffset_FW
0xff4ce358,SetISHallDevicePitchOffset_FW
0xff4ce36c,SetISLensHallOffset_FW
0xff4ce384,SetZoomPointToIS_FW
0xff4ce3c0,GetISLens1stHallAmpValue_FW
0xff4ce3d8,GetISHallOffsetDACValue_FW
0xff4ce3e0,GetISLensEViAaxis_FW
0xff4ce3ec,GetISLensEViBaxis_FW
0xff4ce3f8,GetISLensCorrectedEViAaxis_FW
0xff4ce404,GetISLensCorrectedEViBaxis_FW
0xff4ce410,GetISLensDampAaxis_FW
0xff4ce418,GetISLensDampBaxis_FW
0xff4ce420,SetISLPFCutOffFreqAaxis_FW
0xff4ce42c,SetISLPFCutOffFreqBaxis_FW
0xff4ce438,SetLPFForParallelFilter_FW
0xff4ce454,SetISCutOffFreqIndex_FW
0xff4ce454,SetISHPFCutOffFreqIndex_FW
0xff4ce468,ChangeFilterMode_FW
0xff4ce47c,HitISMechaEdgeInOpenControl_FW
0xff4ce498,ChangeToISCloseControl_FW
0xff4ce4a8,SetISGyroHPFINOffsetPitch_FW
0xff4ce4b4,SetISGyroHPFINOffsetYaw_FW
0xff4ce4c0,SetISGyroOffsetHPFINData_FW
0xff4ce4d0,SetISGyro10BitDACPitch_FW
0xff4ce4dc,SetISGyro10BitDACYaw_FW
0xff4ce4e8,SetISGyroOffset10BitDACData_FW
0xff4ce4f8,GetISGyroDataPitch_FW
0xff4ce500,GetISGyroDataYaw_FW
0xff4ce508,GetISGyroData_FW
0xff4ce510,GetISGyroHPFINPitch_FW
0xff4ce518,GetISGyroHPFINYaw_FW
0xff4ce520,GetISHPFINGyroData_FW
0xff4ce528,GetISGyro10BitDACPitch_FW
0xff4ce530,GetISGyro10BitDACYaw_FW
0xff4ce538,GetISGyroOffset10BitDACData_FW
0xff4ce540,GetISGyroHPFINOffsetPitch_FW
0xff4ce548,GetISGyroHPFINOffsetYaw_FW
0xff4ce550,GetISGyroOffsetHPFINData_FW
0xff4ce558,SetISGyroFilterCharge_FW
0xff4ce56c,SetISTuningMode_FW
0xff4ce584,SetISTuningOff_FW
0xff4ce598,SetISGyroCompensationMode_FW
0xff4ce5b4,CalcLoopGain_FW
0xff4ce624,GetLoopGainCalcData_FW
0xff4ce65c,SetLoopGain_FW
0xff4ce680,GetLoopGain_FW
0xff4ce688,SetISLensPWMMode_FW
0xff4ce69c,SetDISModeParameter_FW
0xff4ce6c0,GetGyroFilterChargeStatus_FW
0xff4ce6d4,j_GetDISModeParameter_FW
0xff4ce6d8,SetISCrossTalkCompCoeff_FW
0xff4ce6fc,GetISCrossTalkCompCoeff_FW
0xff4ce704,StartISAdjustMacro_FW
0xff4ce714,StopISAdjustMacro_FW
0xff4ce724,GetMacroISGain_FW
0xff4ce72c,SetMacroISGain_FW
0xff4ce750,GetMacroISEstimateRadius_FW
0xff4ce758,GetMacroISEstimateVelocity_FW
0xff4ce78c,SetISMacroMode_FW
0xff4ce7a0,NotifyISMacroDistance_FW
0xff4ce7b0,GetISHallDevicePitchOffset_FW
0xff4ce7b8,GetISHallDeviceYawOffset_FW
0xff4ce7c0,GetISLensHallOffset_FW
0xff4ce7c8,GetISHallDevicePitchGain_FW
0xff4ce7d0,GetISHallDeviceYawGain_FW
0xff4ce7d8,GetISLensHallGain_FW
0xff4ce7e0,GetISPitchPWM_FW
0xff4ce7e8,GetISYawPWM_FW
0xff4ce7f0,GetISLensDriveValue_FW
0xff4ce7f8,GetISShiftLensPitchPosition_FW
0xff4ce800,GetISShiftLensYawPosition_FW
0xff4ce808,GetISLensPositionValue_FW
0xff4ce810,GetISGyroPitchGain_FW
0xff4ce864,GetISGyroYawGain_FW
0xff4ce86c,GetISLensGyroGain_FW
0xff4ce874,ClearISCalcZData_FW
0xff4ce884,CancelLoopGainCalc_FW
0xff4ce894,ReloadISAdjustment_FW
0xff4ce8a8,MoveISLensToCentralPosition_FW
0xff4ce8b8,GetISHallOffsetDAConvertValue_FW
0xff4d1534,task_CtgTotalTask
0xff4e96f4,GetDcmSpeedLog_FW
0xff4e97f4,SetPMByGpio_FW
0xff4e980c,ClearPMByGpio_FW
0xff4e9824,ClearPMByFs_FW
0xff4e983c,MoveDCMotorCW_FW
0xff4e993c,MoveDCMotorCCW_FW
0xff4e99e4,SetDCMotorWaitTime_FW
0xff4e99f8,StartDCMDriveTimeCounter_FW
0xff4e9a08,StopDCMDriveTimeCounter_FW
0xff4ea5b8,GetFocusLensResetVoltage_FW
0xff4eb31c,GetZoomAmpereLimitOffTime_FW
