0x006befb4,_dadd
0x006bf8cc,_dcmp
0x006bfb24,_dcmp_reverse
0x006bf28c,_ddiv
0x006bf758,_dfix
0x006bf808,_dfixu
0x006bf890,_dflt
0x006bf8c0,_dfltu
0x006bd0bc,_divmod_signed_int
0x006bd554,_divmod_unsigned_int
0x006bf954,_dmul
0x006bfbc4,_drsb
0x006bfd50,_dsub
0x006c00d4,_f2d
0x006c0258,_fdiv
0x006c043c,_ffix
0x006c04b0,_ffixu
0x006c0510,_fflt
0x006c0544,_ffltu
0x006c054c,_fmul
0xff825fbc,_GetSystemTime
0x006bd900,_log
0x006bde40,_log10
0x006bdfb8,_pow
0x006bef68,_safe_sqrt
0x006c0a4c,_scalbn
0x006bfbdc,_sqrt
0xff824a9c,_uartr_req
0xff9637b0,AbortAEIntegralValue_FW
0x006b8840,AcquireRecursiveLock
0x006b7d78,AcquireRecursiveLockStrictly
0xff9659b4,ActivateAdjLog_FW
0xff91147c,ActivateImager_FW
0xff911514,ActivateImagerXOne_FW
0xffa67208,add_ptp_handler
0xff9b3df0,add_ui_to_dialog
0xff9a1c30,AdditionAgentRAM_FW
0xffa92274,AddTransparentMemory_FW
0xffb55080,AdjAEWithAperturePriority_FW
0xffb55028,AfAEWithAperturePriority_FW
0xffb55230,AfAEWithCompensation_FW
0xff90de18,AFTool.GetEVal_FW
0xffac4674,AllocateMemory
0xffac4674,AllocateMemory_FW
0xff825dec,AllocateUncacheableMemory
0xffa1cdcc,apex2us
0xff836ddc,atol_FW
0xff9645b4,AttachIntegCrawData_FW
0xffa922ac,AttachToTransparentMemory_FW
0xffb393f8,Bat_Calc_FW
0xffb56980,Bat_Save_FW
0xffb5696c,Bat_VIN_FW
0xff866690,BeepDrive_FW
0xff8666b0,BeepDriveComp_FW
0xffb53ff0,CalcLog10
0xffb5402c,CalcLog10_FW
0xffb5d2c4,CalcLoopGain_FW
0xffb56998,CalcLowBatteryOffsetValue_FW
0xffb5411c,CalcSqrt_FW
0xffb393f8,CalculateBatSenseOffset_FW
0xffb5be54,CalculateInterpolationByLS_FW
0xffb53fcc,CalculateLog2ToApex_FW
0xffb53fa4,CalculatePeakFromLeastSquareResult_FW
0xffb5bdfc,CalculatePeakPosByLS_FW
0xffb53fe0,CalculatePow2FromApex_FW
0xff878468,CalculateTestRecYUVData_FW
0xffb54e60,CancelAdj_AEMode_FW
0xffb5927c,CancelAdjCdsMode_FW
0xffb5a85c,CancelBPFilterForBP_FW
0xffb54728,CancelExStrobeMode_FW
0xffabe500,CancelFocusLensMaxSpeedLimit_FW
0xff898edc,CancelHPTimer
0xffb533f0,CancelImageDrive_FW
0xff9116e4,CancelImager_FW
0xffb5d594,CancelLoopGainCalc_FW
0xff8261c4,CancelTimer
0xff995b6c,Capture.Create_FW
0xffb53410,CaptureWithParam_FW
0xffa90ae0,ChangeAdjImgDrvMode_FW
0xffa90b0c,ChangeAEIntegDrvTypeToAdjImgDriveType_FW
0xffa40c14,ChangeDefectRecParam_FW
0xffb566f8,ChangeDistortionSetForLiveImage_FW
0xffb56720,ChangeElectronicRollISSetting_FW
0xffb5d178,ChangeFilterMode_FW
0xffabe6e8,ChangeFocusDistanceToPosition_FW
0xffb53458,ChangeImageDrive_FW
0xff911760,ChangeImagerToAlternateDraft_FW
0xff911720,ChangeImagerToCombiParallel_FW
0xff911758,ChangeImagerToDigiconMode_FW
0xff9117d0,ChangeImagerToElectraGlide_FW
0xff9117b8,ChangeImagerToFalconJump_FW
0xff911798,ChangeImagerToFantaJungle_FW
0xff911730,ChangeImagerToFocusJet_FW
0xff911788,ChangeImagerToHarleyDavidson_FW
0xff9117f8,ChangeImagerToHarleyDavidsonNepal_FW
0xff9117e8,ChangeImagerToHarleySunshine_FW
0xff9117c8,ChangeImagerToHealthyVegetable_FW
0xff911748,ChangeImagerToHoneyFlash_FW
0xff9117a0,ChangeImagerToHoneyFlashDark_FW
0xff9117b0,ChangeImagerToLCWideDraft_FW
0xff911790,ChangeImagerToMachDashV_FW
0xff911738,ChangeImagerToMangoPudding_FW
0xff911750,ChangeImagerToMillefeAdjust_FW
0xff911778,ChangeImagerToMontblancMillefe_FW
0xff911780,ChangeImagerToMontblancMovie_FW
0xff911770,ChangeImagerToMontblancWhole_FW
0xff911758,ChangeImagerToOITA_XAVIER_FW
0xff9117a8,ChangeImagerToRoadKing_FW
0xff911800,ChangeImagerToRoadKingNepal_FW
0xff9117f0,ChangeImagerToRoadQueen_FW
0xff9117c0,ChangeImagerToSpriteSunshine_FW
0xff911740,ChangeImagerToSuperWideDraft_FW
0xff911808,ChangeImagerToSuperWideNepal_FW
0xff911768,ChangeImagerToUltraGhostQ_FW
0xff9117e0,ChangeImagerToVeryFastMangoPudding_FW
0xff9117d8,ChangeImagerToVeryFastWideDraft_FW
0xff911708,ChangeImagerToWholeParallel_FW
0xff911710,ChangeImagerToWholeParallelBP_FW
0xff911728,ChangeImagerToWideDraft_FW
0xff911718,ChangeImagerToWideDraftFinancier_FW
0xffabeca8,ChangeIrisSpeed_FW
0xffabff18,ChangeParallelMode_FW
0xffb5d1a8,ChangeToISCloseControl_FW
0xffabf7c8,ChangeZoomLensMagnificationToPoint_FW
0xffabf7b8,ChangeZoomLensPointToMagnification_FW
0xffb54778,ChargeStrobe_FW
0xffb547b0,ChargeStrobeForFA_FW
0x006b7fd8,CheckAllEventFlag
0x006b7f7c,CheckAnyEventFlag
0xff89aca4,CheckSumAll_FW
0xffa40df0,ClearDefectTurnTable_FW
0xff82c68c,ClearDUIDFixFlag_FW
0xff82c60c,ClearDurianMode_FW
0x006b8234,ClearEventFlag
0xff82c7d8,ClearFactoryMasterFlag_FW
0xff82c7f0,ClearFactoryMasterROMProtection_FW
0xff82c60c,ClearFactoryMode_FW
0xffb5d584,ClearISCalcZData_FW
0xffabff9c,ClearISIComponent_FW
0xffabffc4,ClearISZData_FW
0xffb766d4,ClearPMByFs_FW
0xffb766bc,ClearPMByGpio_FW
0xffa90d6c,ClearSoundDevForRecEvent_FW
0xff82c248,ClearWLANFactoryMode_FW
0xffa91e2c,ClearZoomCommonDriveParam_FW
0xffa91594,ClearZoomDriveParam_FW
0xff827170,Close
0xff823ee4,close
0xff827170,Close_FW
0xff89ba00,CloseConsole_FW
0xffaa3914,closedir
0xffabf140,CloseMechaShutter_FW
0xffabf188,CloseMechaShutterWithTiming_FW
0xffb5788c,CloseMShutter_FW
0xffa90a78,ConvertAdjImgDrvModeToAdjImgDriveType_FW
0xffa90a2c,ConvertAEIntegDrvTypeToAdjImgDriveType_FW
0xffb54084,ConvertApexStdToApex_FW
0xffb54054,ConvertApexToApexStd_FW
0xffb54638,ConvertCxCyToWBGain_FW
0xffb59330,ConvertToPositionWithDistance_FW
0xffb59314,ConvertToPositionWithDistanceAndZoomPoint_FW
0xffb5350c,ConvertTvToExposureTime_FW
0xff89b760,CPrintf_FW
0xff89b7b8,CPutChar_FW
0xff872230,CreateAdjustmentTableMirror_FW
0x006b784c,CreateBinarySemaphore
0x006b7c24,CreateBinarySemaphoreStrictly
0xff89dd40,CreateController_FW
0x006b78d0,CreateCountingSemaphore
0x006b78d0,CreateCountingSemaphore_FW
0x006b7c4c,CreateCountingSemaphoreStrictly
0xff872240,CreateDefectTableMirror_FW
0xff9af314,CreateDialogBox
0x006b7eb4,CreateEventFlag
0x006b7bfc,CreateEventFlagStrictly
0xff9652e8,CreateFADBGSingalID_FW
0xffb57940,CreateJumptable
0x006b8304,CreateMessageQueue
0x006b7bd4,CreateMessageQueueStrictly
0xff833f40,CreateProxyOfEventProcedure_FW
0x006b8780,CreateRecursiveLock
0x006b7c74,CreateRecursiveLockStrictly
0x006b562c,CreateTask
0x006b562c,CreateTask_FW
0x006b7b9c,CreateTaskStrictly
0xff872c50,CreateUserSettingMirror_FW
0xffa40028,CrossDefDetect_FW
0xffa4016c,CrossPickUpDetect_FW
0xffa403bc,CrowdLineDetect_FW
0xffa40534,CrowdLineKizuCheck_FW
0xff89dfc4,CtrlMan_ChangeZOrder_FW
0xff883ba4,CzDebugPrint_FW
0xff883bb8,CzDebugPrintToFile_FW
0x006b59c0,DebugAssert
0xff89de20,DeleteController_FW
0xff826b70,DeleteDirectory_Fut
0x006b7f14,DeleteEventFlag
0x006b83b4,DeleteMessageQueue
0xff833f98,DeleteProxyOfEventProcedure_FW
0x006b87d8,DeleteRecursiveLock
0x006b7930,DeleteSemaphore
0x006b7930,DeleteSemaphore_FW
0xffb577ac,DevelopStillPicture_FW
0xffa40f20,DevelopTool.DevelopTest_FW
0xff964f84,DeviceUniqueIDCheckSum_FW
0xff967ea0,DisableDebugLogMode_FW
0xffac0330,DisableDISModeChange_FW
0xffabe55c,DisableFocusLens_FW
0xffabe5d8,DisableFocusLensGainLock_FW
0xffabe5fc,DisableFocusLensSlopeGain_FW
0xffabe628,DisableFocusLensWaveLock_FW
0xffabefe8,DisableFocusPiCircuit_FW
0xffac0078,DisableISAutoGyroOffset_FW
0xffac0058,DisableISDriveError
0xffac0058,DisableISDriveError_FW
0xffabedd0,DisableLensError_FW
0xffac03e0,DisableMacroIS_FW
0xffabefc8,DisableMechaCircuit_FW
0xffabf030,DisableZoomEncoderCircuit_FW
0xffabf794,DisableZoomLensElectricControl_FW
0xffabf41c,DisableZoomLensEncoderPowerControl_FW
0xffabf76c,DisableZoomLensSpeedControl_FW
0xffabf00c,DisableZoomPiCircuit_FW
0xff8636e0,DispCon_GetLcdGainAdjParameter_FW
0xff8634f4,DispCon_GetVideoAdjParameter_FW
0xff86372c,DispCon_SaveLcdGainAdjParameter_FW
0xff86357c,DispCon_SaveVideoAdjParameter_FW
0xff863040,DispCon_SetDisplayType_FW
0xff863690,DispCon_SetLcdGainAdjParameter_FW
0xff8633e0,DispCon_SetMaxBackLightBrightness_FW
0xff86346c,DispCon_SetVideoAdjParameter_FW
0xff862f90,DispCon_ShowBitmapColorBar
0xff862f90,DispCon_ShowBitmapColorBar_FW
0xff862f74,DispCon_ShowBlackChart_FW
0xff862e04,DispCon_ShowColorBar_FW
0xff863060,DispCon_ShowColorChart_FW
0xff862fec,DispCon_ShowCustomColorBar_FW
0xff862e5c,DispCon_ShowFiveStep_FW
0xff86371c,DispCon_ShowLcdGainAdjParameter_FW
0xff863250,DispCon_ShowNStepsChart_FW
0xff863550,DispCon_ShowVideoAdjParameter_FW
0xff862f3c,DispCon_ShowWhiteChart_FW
0xff86307c,DispCon_ShowWhiteLine_FW
0xff8633d0,DispCon_TurnOffBackLight_FW
0xff8633b0,DispCon_TurnOffDisplay_FW
0xff8633c0,DispCon_TurnOnBackLight_FW
0xff8633a0,DispCon_TurnOnDisplay_FW
0xff995440,DispDev.Create_FW
0xff99411c,DispDev_EnableEventProc_FW
0xff8af014,DisplayBusyOnScreen
0xff82c13c,DisplayFactoryMode_FW
0xff83186c,DoAELock
0xff831530,DoAFLock
0xff9942a8,Driver.Create_FW
0xff9942a8,Driver_EnableEventProc_FW
0xff832a90,drysh_FW
0xff82c258,DummyUSBConnection_FW
0xff9947cc,Dump32_FW
0xff9947bc,Dump_FW
0xff871998,DumpAdjMirror_FW
0xffa92234,DumpTransparentMemoryItem_FW
0xff911370,E2LatOn_FW
0xff940c8c,Edet.Create_FW
0xff940c74,Edet.Delete_FW
0xffa4773c,EF.AdjPreFlash_FW
0xffa47704,EF.FlashWithoutSync_FW
0xff8f19f8,EF.IsChargeFull_FW
0xffa47778,EF.SetChargeMode_FW
0xffa47640,EF.SetChargeOnTime_FW
0xffa47624,EF.SetEFChargeTimeOut_FW
0xffa47724,EF.SetMainFlashTime_FW
0xffa475b0,EF.StartEFCharge_FW
0xffa47680,EF.StartInternalMainFlash_FW
0xffa47648,EF.StartInternalPreFlash_FW
0xffa47614,EF.StopEFCharge_FW
0xff967e8c,EnableDebugLogMode_FW
0xffac0340,EnableDISModeChange_FW
0xffabe510,EnableFocusLens_FW
0xffabe5ac,EnableFocusLensGainLockWithVoltage_FW
0xffabe5e8,EnableFocusLensSlopeGain_FW
0xffabe60c,EnableFocusLensWaveLock_FW
0xffabefd8,EnableFocusPiCircuit_FW
0x006b55f4,EnableInterrupt
0xffac0068,EnableISAutoGyroOffset_FW
0xffac0048,EnableISDriveError_FW
0xffabedc0,EnableLensError_FW
0xffac03d0,EnableMacroIS_FW
0xffabefb8,EnableMechaCircuit_FW
0xffabf020,EnableZoomEncoderCircuit_FW
0xffabf780,EnableZoomLensElectricControl_FW
0xffabf40c,EnableZoomLensEncoderPowerControl_FW
0xffabf758,EnableZoomLensSpeedControl_FW
0xffabeffc,EnableZoomPiCircuit_FW
0xff944510,EngApp.Create_FW
0xff995bf8,EngApp.CreatePub_FW
0xff9444bc,EngApp.Delete_FW
0xff82bf18,EngDrvBits
0xffa7c240,EngDrvBits_FW
0xff82befc,EngDrvIn
0xffa7c230,EngDrvIn_FW
0xff82bee4,EngDrvOut
0xffa7c214,EngDrvOut_FW
0xff82bf04,EngDrvRead
0xffa7c238,EngDrvRead_FW
0xffa7c25c,EngDrvReadDump_FW
0xff995bb0,EngineDriver.Create_FW
0xff8317d0,EnterToCompensationEVF
0xff99ba44,EpilogFile_FW
0xff99bab0,EpilogMenu_FW
0xff99b74c,EpilogShow_FW
0xff87196c,EraseAdjustmentArea_FW
0xff895eb8,EraseLogSector_FW
0xff868798,EraseRom_FW
0xff994288,EraseSignature_FW
0xff824978,err_init_task
0xffabd884,EscapeFocusLens_FW
0xffac46c0,exec_FW
0xff877fa4,Executedccd_FW
0xffa40c30,ExecuteDefectRec_FW
0xffa40c68,ExecuteDefectRecAndSaveImage_FW
0xffa40d18,ExecuteDefectRecAndSaveImageWithGrade_FW
0xffa40cdc,ExecuteDefectRecWithGrade_FW
0xff877884,ExecuteDigicon_FW
0xff8335fc,ExecuteEventProcedure
0xff833674,ExecuteEventProcedure_FW
0xffb5481c,ExecuteInternalPreFlash_FW
0xff92ee7c,ExecuteResetFactory_FW
0xff92ee64,ExecuteResetFactoryWithRomWrite_FW
0xff8977e4,ExecuteShutDownPropertyService_FW
0xff8782cc,ExecuteTestRec_FW
0xff8782e0,ExecuteTestRecCF_FW
0xff8784bc,ExecuteTestRecDevelopProcess_FW
0xff8782e0,ExecuteTestRecSD_FW
0xff878410,ExecuteTestRecSw1_FW
0xff8783f8,ExecuteTestRecWithInteg_FW
0xff831818,ExitFromCompensationEVF
0x006b595c,ExitTask
0x006b595c,ExitTask_FW
0xff8331e0,ExMem.AllocCacheable_FW
0xff833040,ExMem.AllocUncacheable_FW
0xff833254,ExMem.FreeCacheable_FW
0xff833174,ExMem.FreeUncacheable_FW
0xff832b48,ExMem.View_FW
0xff833188,exmem_alloc
0xff8331f0,exmem_free
0xff8278bc,ExMem_FW
0xff8d46f0,ExpCtrlTool.SetExpMode_FW
0xff8d4740,ExpCtrlTool.SoundDevTest_FW
0xff84161c,ExpCtrlTool_StartContiAE
0xff841790,ExpCtrlTool_StopContiAE
0xff833f34,ExportToEventProcedure_FW
0xff99541c,FA.Create_FW
0xff995408,FA.Delete_FW
0xff9653a8,FADBGPrintf_FW
0xff9652f8,FADBGSingal_FW
0xff965528,FAPrintf_FW
0xff826c08,Fclose_Fut
0xff826c08,Fclose_Fut_FW
0xff826df4,Feof_Fut
0xff826e30,Fflush_Fut
0xff826d5c,Fgets_Fut
0xff9758f8,File.ClearExifInfo_FW
0xff975b80,File.Create_FW
0xff975a18,File.Delete_AllImg_FW
0xffb54da8,FixAEWithCompensation_FW
0xffabfef0,FixISStatus_FW
0xff9cc5cc,FmtMenu_ExecuteQuickFormat_FW
0xffb54c60,FocusAEWithCompensation_FW
0xffabe8ac,FocusLensStopQuickly_FW
0xff826bc8,Fopen_Fut
0xff826bc8,Fopen_Fut_FW
0xff826cb4,Fread_Fut
0xff826cb4,Fread_Fut_FW
0xff825220,free
0xffac466c,FreeMemory
0xffac466c,FreeMemory_FW
0xff825e28,FreeUncacheableMemory
0xff826da8,Fseek_Fut
0xff826da8,Fseek_Fut_FW
0xff826d08,Fwrite_Fut
0xff826d08,Fwrite_Fut_FW
0xff8db050,get_current_exp
0xffab12b4,get_current_nd_value
0xff82f76c,get_fstype
0xffab1314,get_nd_value
0xff8979d8,get_resource_pointer
0xff823568,get_self_task_errno_pointer
0x006b1b68,get_self_task_id
0xff9b44f4,get_string_by_id
0x006b21ac,get_task_properties
0xff864544,GetAdChValue
0xff864544,GetAdChValue_FW
0xffb5ad04,GetAdjAFInteg_FW
0xff872c34,GetAdjDataAreaAddress_FW
0xff8719f8,GetAdjTableMapVersion_FW
0xff871a08,GetAdjTableValueVersion_FW
0xff8719c0,GetAdjTableVersion_FW
0xff872c10,GetAdjustmentOffset_FW
0xff86453c,GetAdVBattBottom_FW
0xff964184,GetAEIntegralServiceMode_FW
0xff963e20,GetAEIntegralValueWithFix_FW
0xff964178,GetAEIntegValueBit_FW
0xff963d20,GetAEIntegWinData_FW
0xff963d34,GetAEIntegWinDataWithMode_FW
0xff963f44,GetAllAEIntegralAllValueWithFix_FW
0xffa5a36c,GetBaseSv
0xff82bd98,GetBatteryCoverClose_FW
0xff86bd40,GetBatteryTemperature
0xff86bd40,GetBatteryTemperature_FW
0xff89ab88,GetBuildDate_FW
0xff89ab90,GetBuildTime_FW
0xffa90ba8,GetCameraInformationData_FW
0xff86bcc8,GetCCDTemperature
0xff86bcc8,GetCCDTemperature_FW
0xffb58f80,GetCdsGainValue_FW
0xffb590e8,GetCdsPreGainReg_FW
0xff89b7e0,GetCh_FW
0xffb56680,GetContinuousMovieJpegVRAMData_FW
0xffb55d38,GetContinuousVRAMData_FW
0xffb564b4,GetContinuousVRAMDataWithRingBuffer_FW
0xffb5346c,GetCrwImageInfo_FW
0xffa909f4,GetCurrentAdjImgDriveType_FW
0xff964c10,GetCurrentAvCoefficient_FW
0xff8843f0,GetCurrentAvValue
0xff8843f0,GetCurrentAvValue_FW
0xff8a9220,GetCurrentCaptureModeType_FW
0xffa90b58,GetCurrentCcdTemp_FW
0xffb59108,GetCurrentDriveBaseSvValue_FW
0xff8c2e5c,GetCurrentExposureTime_FW
0xff987e34,GetCurrentFocusLensPosition_FW
0xff987e34,GetCurrentFocusPosition_FW
0xffa90a0c,GetCurrentImgDrvMode_FW
0xff8967e8,GetCurrentMachineTime
0xff9659f8,GetCurrentMaximumLogSize_FW
0xffa90b78,GetCurrentOptTemp_FW
0xff8c2b1c,GetCurrentShutterSpeed_FW
0xff987dcc,GetCurrentTargetDistance_FW
0xffa9134c,GetCurrentZoomLensDirection_FW
0xff98ad40,GetCurrentZoomLensPoint_FW
0xff98ac90,GetCurrentZoomLensPosition_FW
0xff98ad40,GetCurrentZoomPoint_FW
0xff98ac90,GetCurrentZoomPosition_FW
0xffabd728,GetCZFramingAssistAutoHighSpeed_FW
0xffabd730,GetCZFramingAssistAutoLowSpeed_FW
0xffabd720,GetCZFramingAssistStillSpeed_FW
0xffabd710,GetCZMovieDefaultSpeed_FW
0xffabd6f8,GetCZMovieHighSpeed_FW
0xffabd700,GetCZMovieLowSpeed_FW
0xffabd708,GetCZStillDefaultSpeed_FW
0xffabd6e8,GetCZStillHighSpeed_FW
0xffabd6f0,GetCZStillLowSpeed_FW
0xff90e054,GetDarkFixedFocusPosition_FW
0xff994704,GetDateAndTime_FW
0xffb56dd0,GetDay_FW
0xff8781d8,GetdccdFilterValue_FW
0xff87813c,GetdccdImage_FW
0xffb76820,GetDcmEncLog_FW
0xff872760,GetDCPAdjOffset_FW
0xffa40804,GetDefectAllResultData_FW
0xffa40780,GetDefectCrawInfo_FW
0xffa40994,GetDefectHistgramInfo_FW
0xffa40850,GetDefectPartResultData_FW
0xffa40e00,GetDefectTurnTableParam_FW
0xffa409d0,GetDefectTvAdj_FW
0xff82bd88,GetDialEventId_FW
0xff8889a4,GetDISModeParameter_FW
0xffac0310,GetDISModeParamType_FW
0xff82f7f4,GetDrive_ClusterSize
0xff830040,GetDrive_FreeClusters
0xff830014,GetDrive_TotalClusters
0xff93fa88,GetDriverInfoEvent_FW
0x006b8280,GetEventFlagValue
0xffb54700,GetExStrobeID_FW
0xffa7b06c,GetFaceAuthBinAddr_FW
0xffa7b074,GetFaceAuthBinSize_FW
0xff89ab98,GetFirmwareVersion_FW
0xff888b44,GetFixedPWMOutA_FW
0xff888b4c,GetFixedPWMOutB_FW
0xff988354,GetFocusDefaultResetPosition_FW
0xff988270,GetFocusLensAvCoefficient_FW
0xffabe924,GetFocusLensCarrierFrequency_FW
0xffaaf174,GetFocusLensCurrentPosition_FW
0xffaaf178,GetFocusLensCurrentPositionWithMotor_FW
0xffaaf17c,GetFocusLensDriveVoltage_FW
0xffaaf2a0,GetFocusLensGainSlope_FW
0xffaaf254,GetFocusLensHoldVoltage_FW
0xffabd804,GetFocusLensIrisCoefficient_FW
0xffabe6f0,GetFocusLensLoadCamTable_FW
0xffabe6c8,GetFocusLensLoadSubjectDistance_FW
0xffabe810,GetFocusLensMoveMaxPosition_FW
0xffabe828,GetFocusLensMoveMinPosition_FW
0xffabe844,GetFocusLensMoveRangeOfTelePoint_FW
0xffabe66c,GetFocusLensPositionRatio_FW
0xff98794c,GetFocusLensPullInMaxSpeed_FW
0xffaae76c,GetFocusLensResetDefaultPosition_FW
0xffaae75c,GetFocusLensResetPosition_FW
0xffb773d4,GetFocusLensResetVoltage_FW
0xffaaf208,GetFocusLensSettingWaitVoltage_FW
0xff987dcc,GetFocusLensSubjectDistance
0xffabe648,GetFocusLensSubjectDistance_FW
0xffabe664,GetFocusLensSubjectDistanceNumber_FW
0xff9892f8,GetFocusPiSensorLevel_FW
0xff9882e8,GetFocusResetPosition_FW
0xff885428,GetFocusStartZoomPosition_FW
0xffb53684,GetFrameRateWithApex_FW
0xff8886f8,GetGyro10BitDACPitch_FW
0xff888704,GetGyro10BitDACYaw_FW
0xff888690,GetGyroDataPitch_FW
0xff8886b8,GetGyroDataYaw_FW
0xffabfd48,GetGyroFilterCharge_FW
0xffb5d3d0,GetGyroFilterChargeStatus_FW
0xff888710,GetGyroHPFINOffsetPitch_FW
0xff88871c,GetGyroHPFINOffsetYaw_FW
0xff888728,GetGyroHPFINPitch_FW
0xff888734,GetGyroHPFINYaw_FW
0xffb56df8,GetHour_FW
0xffa9570c,getImageDirName
0xff96be7c,GetImageFolder
0xff86a9f8,GetInputAverageLevel_FW
0xff89ac08,GetInternalFirmwareVersion_FW
0xff8843f0,GetIrisAv_FW
0xffac0398,GetISCenterShiftA_FW
0xffac03b4,GetISCenterShiftB_FW
0xffac0234,GetISCrossTalkComp_FW
0xffb5d40c,GetISCrossTalkCompCoeff_FW
0xffabf9ac,GetISDriveAaxis_FW
0xffabf9cc,GetISDriveBaxis_FW
0xffabfd68,GetISFirmVersion_FW
0xffb5d238,GetISGyro10BitDACPitch_FW
0xffb5d240,GetISGyro10BitDACYaw_FW
0xffb5d218,GetISGyroData_FW
0xffb5d208,GetISGyroDataPitch_FW
0xffb5d210,GetISGyroDataYaw_FW
0xffabfb14,GetISGyroGainAaxis_FW
0xffabfc3c,GetISGyroGainBaxis_FW
0xffabfc5c,GetISGyroGainbyAxisType_FW
0xffb5d250,GetISGyroHPFINOffsetPitch_FW
0xffb5d258,GetISGyroHPFINOffsetYaw_FW
0xffb5d220,GetISGyroHPFINPitch_FW
0xffb5d228,GetISGyroHPFINYaw_FW
0xffb5d248,GetISGyroOffset10BitDACData_FW
0xffb5d260,GetISGyroOffsetHPFINData_FW
0xffb5d520,GetISGyroPitchGain_FW
0xffb5d574,GetISGyroYawGain_FW
0xffac00a0,GetISHallAmpFirstGain_FW
0xffb5d4d8,GetISHallDevicePitchGain_FW
0xffb5d4c0,GetISHallDevicePitchOffset_FW
0xffb5d4e0,GetISHallDeviceYawGain_FW
0xffb5d4c8,GetISHallDeviceYawOffset_FW
0xffabfaa0,GetISHallGainAaxis_FW
0xffabfac0,GetISHallGainBaxis_FW
0xffabfae0,GetISHallGainbyAxisType_FW
0xffabfa2c,GetISHallOffsetAaxis_FW
0xffabfa4c,GetISHallOffsetBaxis_FW
0xffabfa6c,GetISHallOffsetbyAxisType_FW
0xffb5d0e8,GetISHallOffsetDACValue_FW
0xffabffd4,GetISHallOut1Amp_FW
0xffb5d230,GetISHPFINGyroData_FW
0xffb5d0d0,GetISLens1stHallAmpValue_FW
0xffb5d108,GetISLensCorrectedEViAaxis_FW
0xffb5d114,GetISLensCorrectedEViBaxis_FW
0xffb5d120,GetISLensDampAaxis_FW
0xffb5d128,GetISLensDampBaxis_FW
0xffb5d500,GetISLensDriveValue_FW
0xffb5d0f0,GetISLensEViAaxis_FW
0xffb5d0fc,GetISLensEViBaxis_FW
0xffb5d57c,GetISLensGyroGain_FW
0xffb5d4e8,GetISLensHallGain_FW
0xffb5d4d0,GetISLensHallOffset_FW
0xffb5d518,GetISLensPositionValue_FW
0xffabfdb8,GetISParamVersion_FW
0xffb5d4f0,GetISPitchPWM_FW
0xffabf9ec,GetISPositionAaxis_FW
0xffabfa0c,GetISPositionBaxis_FW
0xff888228,GetISPWMFrequency_FW
0xff88822c,GetISPWMPeriod_FW
0xffb5d508,GetISShiftLensPitchPosition_FW
0xffb5d510,GetISShiftLensYawPosition_FW
0xffb5d4f8,GetISYawPWM_FW
0xff86855c,GetKbdState
0xffb572d4,GetLastVBatADLevel_FW
0xff94028c,GetLatestHVPosition_FW
0xff82bd90,GetLcdPosition_FW
0xff988d24,GetLensErrorStatus_FW
0xff9659a4,GetLogData_FW
0xff9659ac,GetLogDataOnlyAddMemory_FW
0xff89e50c,GetLogicalEventName_FW
0xff895e80,GetLogToFile_FW
0xffb5d390,GetLoopGain_FW
0xffac0200,GetLoopGainAdjValue_FW
0xffac0100,GetLoopGainCalcData_FW
0xffb5d334,GetLoopGainCalcData_FW
0xffabff54,GetLPFParallelBest_FW
0xffac0540,GetMacroISAngleAndVelocityA_FW
0xffac0570,GetMacroISAngleAndVelocityB_FW
0xffb5d460,GetMacroISEstimateRadius_FW
0xffb5d468,GetMacroISEstimateVelocity_FW
0xffac0488,GetMacroISEstimRadiusA_FW
0xffac04a4,GetMacroISEstimRadiusB_FW
0xffb5d434,GetMacroISGain_FW
0xffac04d0,GetMacroISGainA_FW
0xffac04ec,GetMacroISGainB_FW
0xff847c94,GetMacroSupportZoomPoint_FW
0xffabfd90,GetMechaDSPVersion_FW
0xffabf1dc,GetMechaShutterCloseDacSetting_FW
0xff98a648,GetMechaShutterMoveTime_FW
0xffabf22c,GetMechaShutterOpenDacSetting_FW
0xff98a670,GetMechaShutterStatus_FW
0xff8235cc,GetMemInfo
0xffb56e20,GetMinute_FW
0xffa90e5c,GetModeDialName_FW
0xffa90da0,GetModeDialState_FW
0xff84b258,GetMontblancVSize_FW
0xffb56da4,GetMonth_FW
0xff84dfa8,GetMovieJpegVRAMHPixelsSize_FW
0xff84dfb4,GetMovieJpegVRAMVPixelsSize_FW
0xffab15a8,GetNdMoveTime_FW
0xff86aa04,GetNowInputAverageLevel_FW
0x006b86d4,GetNumberOfPostedMessages
0xffb59000,GetObClampValue_FW
0xff964014,GetOnlyAEIntegData_FW
0xff86bdb8,GetOpticalTemperature
0xff86bdb8,GetOpticalTemperature_FW
0xff9abf28,GetParameterData
0xffb56418,GetPixelsOfViewangle_FW
0xff872c18,GetProductID_FW
0xff89c6c8,GetPropertyCase
0xff99467c,GetPropertyCase_FW
0xff868878,GetRomID_FW
0xff82bd5c,GetSDDetect_FW
0xff82bd64,GetSDProtect
0xff82bd64,GetSDProtect_FW
0xffb56e48,GetSecond_FW
0xff89e05c,GetSelfControllerHandle_FW
0x006b7b1c,GetSemaphoreValue
0xffb59100,GetSensorPreGain_FW
0xffb5362c,GetShutterSpeedRegularMaxLimit_FW
0xffb53648,GetShutterSpeedRegularMinLimit_FW
0x006b55d0,GetSRAndDisableInterrupt
0xff89b830,GetStringWithPrompt_FW
0xffb55c34,GetSumYOfVRAMCenterLine_FW
0xff82bcf0,GetSwitchStatus_FW
0xffac46ac,GetSystemTime
0xffac46ac,GetSystemTime_FW
0xff87845c,GetTestRecCrawAddress_FW
0xff994274,GetTimeFromRTC_FW
0x006b9330,GetTimeOfSystem_FW
0xffa92314,GetTransparentMemory_FW
0xffa92358,GetTransparentMemoryPosition_FW
0xffa92304,GetTransparentMemorySize_FW
0xff884490,GetUsableAvRange
0xffb5361c,GetUserSetShutterSPeed_FW
0xff82ac10,GetVBatVoltage_FW
0xffb55334,GetVideoOutType_FW
0xff84df90,GetVRAMHPixelsSize
0xff84df90,GetVRAMHPixelsSize_FW
0xff84df9c,GetVRAMVPixelsSize
0xff84df9c,GetVRAMVPixelsSize_FW
0xffb56d74,GetYear_FW
0xffab28d4,GetZoomActuatorCurrentPosition_FW
0xffab2874,GetZoomActuatorSpeedPPS_FW
0xffa91d70,GetZoomDefaultCommonDriveParam_FW
0xffa91b70,GetZoomDefaultDriveParam_FW
0xff98ba70,GetZoomDrivingTime_FW
0xff98ad40,GetZoomLensCurrentPoint
0xff98ad40,GetZoomLensCurrentPoint_FW
0xffab3a74,GetZoomLensCurrentPosition
0xff98ac90,GetZoomLensCurrentPosition_FW
0xffabf730,GetZoomLensDriveAmpereDac_FW
0xff98ba6c,GetZoomLensMechaEdgePosition_FW
0xffa9108c,GetZoomLensResetPlus_FW
0xff98b240,GetZoomLensTelePoint_FW
0xffa91c30,GetZoomNormalDriveParam_FW
0xff9892b0,GetZoomPiSensorLevel_FW
0xffa91bd0,GetZoomResetDriveParam_FW
0xff98ca54,GetZoomResetSensorLevel_FW
0xff98b240,GetZoomTelePoint_FW
0x006b7acc,GiveSemaphore
0x006b7acc,GiveSemaphore_FW
0xff8a1aec,GUISrv_StartGUISystem
0xff8a1aec,GUISrv_StartGUISystem_FW
0xff836afc,HardwareDefect_FW
0xff836aa8,HardwareDefectWithRestart_FW
0xffb5cd64,HitISLensAgainstBottomEdge_FW
0xffb5cd7c,HitISLensAgainstLeftEdge_FW
0xffb5cd94,HitISLensAgainstRightEdge_FW
0xffb5cd4c,HitISLensAgainstTopEdge_FW
0xffb5cdac,HitISLensToMechaEdge_FW
0xffb5d18c,HitISMechaEdgeInOpenControl_FW
0xff99c32c,HwOcReadICAPCounter
0xff9659c8,InactivateAdjLog_FW
0xff9953e0,InitializeAdjustmentFunction_FW
0xff995370,InitializeAdjustmentSystem_FW
0xff87770c,Initializedccd_FW
0xffa40d90,InitializeDefectRec_FW
0xff87770c,InitializeDigicon_FW
0xffa92a8c,InitializeFAExtendFile_FW
0xffa92a64,InitializeFAGeneralTest_FW
0xffb5c548,InitializeMechaDevice_FW
0xffa90d0c,InitializeSoundDevForRecEvent_FW
0xffa928b4,InitializeSoundRec_FW
0xff876ce0,InitializeTestRec_FW
0xffb59298,IsAdjCdsMode_FW
0xffabf7f4,ISAutoCenter_FW
0xffabd718,IsAvailableCZSpeed_FW
0xff86becc,IsBatteryTemperature_FW
0xff86be98,IsCCDTemperature_FW
0xffabf838,ISChangeOPENtoCLOSE_FW
0xff89eba0,IsControlEventActive_FW
0xffabfdf8,ISControlStart_FW
0xffabfe08,ISControlStop_FW
0xff82c8b8,IsDUIDFixFlag_FW
0xffb55438,IsEVFDrive_FW
0xffb559bc,IsEvfDriveMode_FW
0xffb54710,IsExStrobeChargeComp_FW
0xff82c838,IsFactoryMode_FW
0xffac05dc,ISFixedPWMOFF_FW
0xffac05c8,ISFixedPWMON_FW
0xff9882c4,IsFocusLensOutSidePosition_FW
0xff82bda0,IsHvSensorExist_FW
0xff8878a0,ISInitMotion_FW
0xff885404,IsLensOutside_FW
0xff9659ec,IsLogOutType_FW
0xffabfff8,ISMDStart_FW
0xffac0008,ISMDStop_FW
0xffac07a0,ISMemoryWrite_FW
0xffabf81c,ISMoveToMechaEdgeOPEN_FW
0xff82c900,IsNormalCameraMode_FW
0xffa7b07c,IsOKFaceAuthBinFile_FW
0xff86be64,IsOpticalTemperature_FW
0xffabfe18,ISPanModeStart_FW
0xffabfec8,ISPanModeStop_FW
0xff895ea4,IsRomLogAvailable_FW
0xff8f19f8,IsStrobeChargeCompleted
0xffab20d0,IsZoomActuatorResetSensorPlusSide_FW
0xff98b644,IsZoomLensOutSidePosition_FW
0xff9637e4,j_AbortAEIntegralValue_FW
0xff994188,j_BeepDrive_FW
0xff99418c,j_BeepDriveComp_FW
0xff82721c,j_Close_FW
0xff872250,j_CreateUserSettingMirror_FW
0xff911834,j_E2LatOn_FW
0xffa47738,j_EF.IsChargeFull_FW
0xff99482c,j_exec_FW
0xff878514,j_Executedccd_FW
0xff878510,j_ExecuteDigicon_FW
0xff92ee94,j_ExecuteShutDownPropertyService_FW
0xff8278b4,j_ExMem.AllocCacheable_FW
0xff8278ac,j_ExMem.AllocUncacheable_FW
0xff8278b8,j_ExMem.FreeCacheable_FW
0xff8278b0,j_ExMem.FreeUncacheable_FW
0xff8278a8,j_ExMem.View_FW
0xff994184,j_GetAdChValue_FW
0xff8719f4,j_GetAdjTableVersion_FW
0xff994180,j_GetAdVBattBottom_FW
0xff963d30,j_GetAEIntegWinData_FW
0xff910ec4,j_GetBaseSv
0xff994268,j_GetBatteryCoverClose_FW
0xff86bf24,j_GetBatteryTemperature_FW
0xffa90be4,j_GetCameraInformationData_FW
0xff86bf20,j_GetCCDTemperature_FW
0xffb59050,j_GetCdsGainValue_FW
0xff964c28,j_GetCurrentAvCoefficient_FW
0xff964c0c,j_GetCurrentAvValue_FW
0xffa90b74,j_GetCurrentCcdTemp_FW
0xffb59128,j_GetCurrentDriveBaseSvValue_FW
0xffb53530,j_GetCurrentExposureTime_FW
0xffb593bc,j_GetCurrentFocusLensPosition_FW
0xffb593bc,j_GetCurrentFocusPosition_FW
0xffa90ba4,j_GetCurrentOptTemp_FW
0xffb5353c,j_GetCurrentShutterSpeed_FW
0xffb59360,j_GetCurrentTargetDistance_FW
0xffa91368,j_GetCurrentZoomLensDirection_FW
0xffa91348,j_GetCurrentZoomLensPoint_FW
0xffa91340,j_GetCurrentZoomLensPosition_FW
0xffa91348,j_GetCurrentZoomPoint_FW
0xffa91340,j_GetCurrentZoomPosition_FW
0xff87851c,j_GetdccdFilterValue_FW
0xff878518,j_GetdccdImage_FW
0xffb57454,j_GetDCPAdjOffset_FW
0xff994260,j_GetDialEventId_FW
0xffb5d3e4,j_GetDISModeParameter_FW
0xff994270,j_GetDriverInfoEvent_FW
0xffac0628,j_GetFixedPWMOutA_FW
0xffac062c,j_GetFixedPWMOutB_FW
0xffb59350,j_GetFocusDefaultResetPosition_FW
0xffabeaec,j_GetFocusLensAvCoefficient_FW
0xffabe638,j_GetFocusLensCurrentPosition_FW
0xffabe63c,j_GetFocusLensCurrentPositionWithMotor_FW
0xffabe71c,j_GetFocusLensDriveVoltage_FW
0xffabe7d4,j_GetFocusLensGainSlope_FW
0xffabe794,j_GetFocusLensHoldVoltage_FW
0xffabe840,j_GetFocusLensPullInMaxSpeed_FW
0xffabe644,j_GetFocusLensResetDefaultPosition_FW
0xffabe640,j_GetFocusLensResetPosition_FW
0xffabe7d0,j_GetFocusLensResetVoltage_FW
0xffabe758,j_GetFocusLensSettingWaitVoltage_FW
0xffabeff8,j_GetFocusPiSensorLevel_FW
0xffb59358,j_GetFocusResetPosition_FW
0xffabedbc,j_GetFocusStartZoomPosition_FW
0xffabfcd0,j_GetGyro10BitDACPitch_FW
0xffabfcd4,j_GetGyro10BitDACYaw_FW
0xffabfc90,j_GetGyroDataPitch_FW
0xffabfc94,j_GetGyroDataYaw_FW
0xffabfd10,j_GetGyroHPFINOffsetPitch_FW
0xffabfd14,j_GetGyroHPFINOffsetYaw_FW
0xffabfd18,j_GetGyroHPFINPitch_FW
0xffabfd1c,j_GetGyroHPFINYaw_FW
0xffabeca4,j_GetIrisAv_FW
0xffac0658,j_GetISPWMFrequency_FW
0xffac065c,j_GetISPWMPeriod_FW
0xff994264,j_GetLcdPosition_FW
0xffabedb8,j_GetLensErrorStatus_FW
0xff90e030,j_GetMacroSupportZoomPoint_FW
0xffabf278,j_GetMechaShutterMoveTime_FW
0xffabf274,j_GetMechaShutterStatus_FW
0xffb5654c,j_GetMovieJpegVRAMHPixelsSize_FW
0xffb56554,j_GetMovieJpegVRAMVPixelsSize_FW
0xffabf3c4,j_GetNdMoveTime_FW
0xffb59020,j_GetObClampValue_FW
0xff86bf1c,j_GetOpticalTemperature_FW
0xff994248,j_GetSDDetect_FW
0xff99424c,j_GetSDProtect_FW
0xffb53644,j_GetShutterSpeedRegularMaxLimit_FW
0xffb53660,j_GetShutterSpeedRegularMinLimit_FW
0xff994234,j_GetSwitchStatus_FW
0xffb572dc,j_GetVBatVoltage_FW
0xffb553e4,j_GetVideoOutType_FW
0xffb55ca0,j_GetVRAMHPixelsSize_FW
0xffb55ca8,j_GetVRAMVPixelsSize_FW
0xffab2880,j_GetZoomActuatorCurrentPosition_FW
0xffa9147c,j_GetZoomDrivingTime_FW
0xffabf7a8,j_GetZoomLensCurrentPoint_FW
0xffabf7ac,j_GetZoomLensCurrentPosition_FW
0xffabf7b4,j_GetZoomLensMechaEdgePosition_FW
0xffa91e5c,j_GetZoomLensResetPlus_FW
0xffabf7b0,j_GetZoomLensTelePoint_FW
0xffabf01c,j_GetZoomPiSensorLevel_FW
0xffa9143c,j_GetZoomResetSensorLevel_FW
0xffa91434,j_GetZoomTelePoint_FW
0xff878508,j_Initializedccd_FW
0xff878508,j_InitializeDigicon_FW
0xffa92930,j_InitializeSoundRec_FW
0xff8782c4,j_InitializeTestRec_FW
0xff86bf30,j_IsBatteryTemperature_FW
0xff86bf2c,j_IsCCDTemperature_FW
0xffb55460,j_IsEVFDrive_FW
0xffb59954,j_IsFocusLensOutSidePosition_FW
0xff99426c,j_IsHvSensorExist_FW
0xffabedb4,j_IsLensOutside_FW
0xff86bf28,j_IsOpticalTemperature_FW
0xffab2884,j_IsZoomActuatorResetSensorPlusSide_FW
0xffa9181c,j_IsZoomLensOutSidePosition_FW
0xff912bd0,j_j_GetBaseSv
0xffa5d510,j_LiveImageTool.GetDzoomPosition_FW
0xffb571e0,j_LoadFactoryNumber_FW
0xffb572c8,j_LoadSerialNumber_FW
0xff9947b0,j_MemoryChecker_FW
0xff9947ac,j_MonSelEvent_FW
0xff8278a4,j_NewTaskShell_FW
0xff827218,j_Open_FW
0xff83499c,j_OpLog.WriteToROM_FW
0xff994814,j_Peek16_FW
0xff994810,j_Peek32_FW
0xff994818,j_Peek8_FW
0xff9947a8,j_Printf_FW
0xff8a0784,j_PTM_AllReset_FW
0xff8a0d0c,j_PTM_BackupUIProperty_FW
0xff8a0c5c,j_PTM_GetWorkingCaptureMode_FW
0xff8a0cf0,j_PTM_IsEnableItem_FW
0xff8a0cd8,j_PTM_NextItem_FW
0xff8a0cdc,j_PTM_PrevItem_FW
0xff8a0c60,j_PTM_SetCurrentItem_FW
0xff8a0cf4,j_PTM_SetProprietyEnable_FW
0xff827824,j_PutsCameraLogEvent_FW
0xff82731c,j_Read_FW
0xffb549b8,j_RegistColorMatrix_FW
0xff9947b8,j_SDump_FW
0xff827818,j_ShowCameraLog_FW
0xff82781c,j_ShowCameraLogInfo_FW
0xff9952a4,j_SS.GetDigitalZoomPosition_FW
0xff827814,j_StartCameraLog_FW
0xffabf818,j_StartISLocalAutoCenter_FW
0xffabf814,j_StartISLocalHallAdjust_FW
0xff9642f0,j_StopAEIntegralService_FW
0xff827820,j_StopCameraLog_FW
0xff82509c,j_strcmp_FW
0xff87850c,j_Terminatedccd_FW
0xff87850c,j_TerminateDigicon_FW
0xffa92934,j_TerminateSoundRec_FW
0xff8782c8,j_TerminateTestRec_FW
0xff9ac958,j_UIFS_CancelStoreLensTimer_FW
0xff9ac530,j_UIFS_Capture_FW
0xff9ac534,j_UIFS_CaptureNoneStop_FW
0xff9ac95c,j_UIFS_DisplayFirmUpdateView_FW
0xff9ac558,j_UIFS_GetMovieRecoadableNumber_FW
0xff9ac944,j_UIFS_GetNumberOfDisplayedImage_FW
0xff9ac4fc,j_UIFS_GetNumOfOptZoomPos_FW
0xff9ac55c,j_UIFS_GetStillShotableNumber_FW
0xff9ac910,j_UIFS_IsAvailableShots_FW
0xff9ac4f8,j_UIFS_MoveZoomTo_FW
0xff9ac538,j_UIFS_StartMovieRecord_FW
0xff9ac53c,j_UIFS_StopMovieRecord_FW
0xff9ac554,j_UIFS_WriteFirmInfoToFile_FW
0xff99419c,j_VbattGet_FW
0xff9947b4,j_VerifyByte_FW
0xff827320,j_Write_FW
0xff872318,j_WRITEADJTABLETOFROM_FW
0xff82bdf8,kbd_p1_f
0xff82be04,kbd_p1_f_cont
0xff82b598,kbd_p2_f
0xff82bda8,kbd_read_keys
0xff868048,kbd_read_keys_r2
0xff93ce70,LcdCon_GetLcdAdjParameter_FW
0xff93ca70,LcdCon_GetLcdBackLightParameter_FW
0xff93d0ac,LcdCon_GetLcdParameter_FW
0xff93cf00,LcdCon_SaveLcdAdjParameter_FW
0xff93cafc,LcdCon_SaveLcdBackLightParameter_FW
0xff93d13c,LcdCon_SaveLcdParameter_FW
0xff93cdac,LcdCon_SetLcdAdjParameter_FW
0xff93c9d4,LcdCon_SetLcdBackLightBrightness_FW
0xff93ca0c,LcdCon_SetLcdBackLightParameter_FW
0xff93cd38,LcdCon_SetLcdDriver_FW
0xff93cf1c,LcdCon_SetLcdParameter_FW
0xff93cec0,LcdCon_ShowLcdAdjParameter_FW
0xff93cabc,LcdCon_ShowLcdBackLightParameter_FW
0xff93d0fc,LcdCon_ShowLcdParameter_FW
0xff93d274,LcdCon_StartLcdPeriodicalSetting_FW
0xff93d2a8,LcdCon_StopLcdPeriodicalSetting_FW
0xffb18034,LCDMsg_ChangeColor_FW
0xffb17d84,LCDMsg_Create_FW
0xffb17bc8,LCDMsg_Delete_FW
0xffb17b64,LCDMsg_Move_FW
0xffb17f40,LCDMsg_SetNum_FW
0xffb17f58,LCDMsg_SetStr_FW
0xffb17e3c,LCDMsg_SwDisp_FW
0xff9941a0,LEDDrive
0xff9941a0,LEDDrive_FW
0xffa402ac,LineDefDetect_FW
0xffa4037c,LineKizuCheck_FW
0xffa5d4d8,LiveImageTool.ChangeDzoom_FW
0xffa5d530,LiveImageTool.Dister_FW
0xffa5d448,LiveImageTool.DzoomTele_FW
0xffa5d498,LiveImageTool.DzoomWide_FW
0xff84db60,LiveImageTool.GetDzoomPosition_FW
0xffa5d514,LiveImageTool.Jump_FW
0xffa5d4c8,LiveImageTool.Pause_FW
0xffa5d4d0,LiveImageTool.Resume_FW
0xffa5d380,LiveImageTool.StartEVF_FW
0xffa5d38c,LiveImageTool.StartEVFFocusJet_FW
0xffa5d398,LiveImageTool.StartEVFMF_FW
0xffa5d3cc,LiveImageTool.StartEVFMovFULLHD60P_FW
0xffa5d3a4,LiveImageTool.StartEVFMovFULLHD_FW
0xffa5d3e0,LiveImageTool.StartEVFMovHD_FW
0xffa5d3f4,LiveImageTool.StartEVFMovQVGA_FW
0xffa5d408,LiveImageTool.StartEVFMovQVGA_HS_FW
0xffa5d410,LiveImageTool.StartEVFMovVGA_FW
0xffa5d424,LiveImageTool.StartEVFMovVGA_HS_FW
0xffa5d4b8,LiveImageTool.StopDzoom_FW
0xffa5d438,LiveImageTool.StopEVF_FW
0xff871abc,LoadAdjustmentTable_FW
0xff871f0c,LoadAdjustmentValue_FW
0xff964e98,LoadDataFromAdjTableBin_FW
0xff871acc,LoadDefectAdjTable_FW
0xff9650f4,LoadFactoryIDData_FW
0xffb57100,LoadFactoryNumber_FW
0xff964d98,LoadParamDataFromAdjTableBin_FW
0xff897da0,LoadScript_FW
0xffb571e4,LoadSerialNumber_FW
0x006b9a18,LocalTime
0xff89f01c,LockMainPower
0xff89f01c,LockMainPower_FW
0xff834340,LogCameraEvent
0xff82738c,Lseek
0xff82738c,lseek
0xff82738c,Lseek_FW
0xffac47f0,MakeBootDisk_FW
0xffa40dbc,MakeDefectTurnTable_FW
0xffac4804,MakeScriptDisk_FW
0xff8304ec,MakeSDCardBootable
0xff8251c8,malloc
0xff836c00,malloc_strictly
0xffa409c8,MarkPointDefData_FW
0xff993f90,Mecha.Create_FW
0xffac0750,MechaCPUMemoryDump_FW
0xffac0774,MechaCPUMemoryWrite_FW
0xff994008,MechaReset_FW
0xff994014,MechaTerminate_FW
0xff993f30,MechaUnRegisterEventProcedure_FW
0xff824fa0,memcmp
0xff824fa0,memcmp_FW
0xff8affc0,memcpy
0xff8affc0,memcpy_FW
0xffac4218,MemoryChecker_FW
0xffa1703c,memset
0xffa1703c,memset_FW
0xff820b68,memShow_FW
0xffa3fc9c,MergeAndConvertDefect_FW
0xffa40574,MixPixDetect_FW
0xff82760c,mkdir
0xff8af848,mktime_ext
0xff9946e8,mod_FW
0xffac472c,MonSelEvent_FW
0xffa919a8,MoveComputerZoomToPoint_FW
0xff89df1c,MoveControllerToTopOfZOrder_FW
0xff883b9c,MoveCzPeakPositon_FW
0xffabd5e4,MoveCZToPoint_FW
0xffabd684,MoveCZToPointByOVF_FW
0xffabd654,MoveCZToTele_FW
0xffabd624,MoveCZToWide_FW
0xffb7676c,MoveDCMotorCCW_FW
0xffb766ec,MoveDCMotorCW_FW
0xffabdfa0,MoveFocusActuator_FW
0xffb59710,MoveFocusDistance_FW
0xffabe96c,MoveFocusLensChangeCarrierFrequency_FW
0xffb59710,MoveFocusLensToDistance
0xffb59710,MoveFocusLensToDistance_FW
0xffb595f4,MoveFocusLensToPosition_FW
0xffb594d4,MoveFocusLensToPositionWithMaxSpeed_FW
0xffb5951c,MoveFocusLensToPositionWithSpeed_FW
0xffabd8fc,MoveFocusLensToTerminate_FW
0xffb593ec,MoveFocusLensToTerminatePosition_FW
0xffabd958,MoveFocusLensToTerminateWithKeepExciting_FW
0xffabd9b4,MoveFocusLensWithDistance_FW
0xffabdae0,MoveFocusLensWithPosition_FW
0xffabdc24,MoveFocusLensWithPositionImmediateReturn_FW
0xffabde44,MoveFocusLensWithPositionWithCompBacklash_FW
0xffabdd0c,MoveFocusLensWithPositionWithoutBacklash_FW
0xffb59644,MoveFocusPosition_FW
0xffb593ec,MoveFocusToTerminate_FW
0xff964d20,MoveIrisFullClose_FW
0xff964ce8,MoveIrisFullOpen_FW
0xff964b94,MoveIrisToAv_FW
0xffabec3c,MoveIrisToTerminatePosition_FW
0xffabec44,MoveIrisWithAv
0xffabec44,MoveIrisWithAv_FW
0xffabec74,MoveIrisWithAvWithoutBacklash_FW
0xffb5cdf4,MoveISLensToBottomLimitPosition_FW
0xffb5d5b8,MoveISLensToCentralPosition_FW
0xffb5cddc,MoveISLensToLeftLimitPosition_FW
0xffb5ce24,MoveISLensToLimitPosition_FW
0xffb5cdc4,MoveISLensToRightLimitPosition_FW
0xffb5ce0c,MoveISLensToTopLimitPosition_FW
0xffabed2c,MoveLensToFirstPoint_FW
0xffabed7c,MoveLensToTerminatePoint_FW
0xffab280c,MoveZoomActuator_FW
0xffabf67c,MoveZoomLensToMechaEdge_FW
0xffa91ef8,MoveZoomLensToMechaEnd_FW
0xffa91968,MoveZoomLensToPoint_FW
0xffa91928,MoveZoomLensToPosition_FW
0xffa92004,MoveZoomLensToPositionByManual_FW
0xffabf63c,MoveZoomLensToTerminatePosition_FW
0xffabf554,MoveZoomLensWithPoint
0xffabf554,MoveZoomLensWithPoint_FW
0xffabf5a0,MoveZoomLensWithPointImmediateReturn_FW
0xffabf5f0,MoveZoomLensWithPosition_FW
0xffa91968,MoveZoomPoint_FW
0xffa91928,MoveZoomPosition_FW
0xff8f3ecc,MovieAF.Resume_FW
0xff8f3eb8,MovieAF.Suspend_FW
0xff8361ec,NewTaskShell
0xff83624c,NewTaskShell_FW
0xffb5d4b0,NotifyISMacroDistance_FW
0xffa243e4,NR_SetDarkSubType
0xff995e00,NR_SetDoubleNRType_FW
0xffa243e4,NRTBL.SetDarkSubType_FW
0xffa24400,NRTBL.SetDefectCorrectType_FW
0xffa2441c,NRTBL.SetTassenType_FW
0xff994224,OffPrintPhySw_FW
0xffb541d4,OneShotWhigeBalance_FW
0xffb541d4,OneTypeWhiteBalance_FW
0xff994214,OnPrintPhySw_FW
0xff8270a8,Open
0xff823e34,open
0xff8270a8,Open_FW
0xff89b8d0,OpenConsole_FW
0xffaa3964,OpenFastDir
0xff8273ac,OpenForScrip_FW
0xffabf164,OpenMechaShutter_FW
0xffb578c8,OpenMShutter_FW
0xff827828,OpLog.Create_FW
0xff8353cc,OpLog.Get_FW
0xff8353ec,OpLog.GetUsrSet_FW
0xff8354ac,OpLog.Play_FW
0xff8349d0,OpLog.ReadFromROM_FW
0xff834a38,OpLog.ReadFromSD_FW
0xff8356c4,OpLog.Start_FW
0xff834940,OpLog.Stop_FW
0xff8357b0,OpLog.Terminate_FW
0xff83496c,OpLog.WriteToROM_FW
0xff834e78,OpLog.WriteToSD_FW
0xff965578,OutputLogToFile_FW
0xff85735c,PB2Rec
0xffac469c,Peek16_FW
0xffac4694,Peek32_FW
0xffac46a4,Peek8_FW
0xffa3fabc,PointDefDetect_FW
0xffa3ff84,PointKizuCheck_FW
0xff9947f0,Poke16_FW
0xff9947e0,Poke32_FW
0xff994800,Poke8_FW
0xff89e774,PostEventShootSeqToUI_FW
0xff89e568,PostLogicalEventForNotPowerType
0xff89e568,PostLogicalEventForNotPowerType_FW
0xff89e5b4,PostLogicalEventToUI
0xff89e5b4,PostLogicalEventToUI_FW
0x006b85bc,PostMessageQueue
0x006b7cf4,PostMessageQueueStrictly
0xffb54e9c,PreFixAE_FW
0xff872254,PrintAdjKabotanInfo_FW
0xff871f30,PrintAdjTableMap_FW
0xff962d14,PrintAllAEIntegData_FW
0xff897d90,Printf_FW
0xff9652d8,PrintFaexeVersioin_FW
0xff9652a4,PrintFirmVersion_FW
0xffb5c1c0,PrintMultiWinScanTable_FW
0xffb5bf74,PrintScanTable_FW
0xff995268,PT_MoveDigitalZoomToWide
0xff995238,PT_MoveOpticalZoomAt
0xff8ac330,PT_PlaySound
0xff9ab13c,PTM_AllReset_FW
0xff8a0774,PTM_AllResetToFactorySetting_FW
0xff9abe8c,PTM_BackupUIProperty_FW
0xff8a0c6c,PTM_GetCurrentItem
0xff8a0c6c,PTM_GetCurrentItem_FW
0xff9ab494,PTM_GetWorkingCaptureMode_FW
0xff9abdb8,PTM_IsEnableItem_FW
0xff9ab7f4,PTM_NextItem
0xff9ab7f4,PTM_NextItem_FW
0xff9ab7fc,PTM_PrevItem
0xff9ab7fc,PTM_PrevItem_FW
0xff8a0d10,PTM_RestoreUIProperty_FW
0xff8a0ae8,PTM_SetCurrentCaptureMode_FW
0xff9ab4ac,PTM_SetCurrentItem
0xff9ab4ac,PTM_SetCurrentItem_FW
0xff9abb48,PTM_SetPropertyEnable
0xff9abb48,PTM_SetProprietyEnable_FW
0xffabf30c,PutInNdFilter
0xffa92144,PutInNdFilter_FW
0xffabf330,PutOutNdFilter
0xffa92180,PutOutNdFilter_FW
0xff834018,PutsCameraLogEvent_FW
0xffb19268,qsort
0xff9115fc,QuietImager_FW
0xffa1700c,rand
0xff824088,Read
0xff824088,Read_FW
0xffaa3ab8,ReadFastDir
0xffa170b8,realloc
0xffac3d60,reboot_fw_update
0xff855afc,Rec2PB
0xffabf064,ReceiveMechaCircuitData_FW
0xffabf08c,ReceiveMechaCircuitDataAll_FW
0x006b8458,ReceiveMessageQueue
0x006b7cc8,ReceiveMessageQueueStrictly
0xffa90d2c,RecSoundForNCAdjEvent_FW
0xff872238,RefreshAdjustmentTableMirror_FW
0xff872248,RefreshDefectTableMirror_FW
0xffb54980,RegistColorMatrix_FW
0xff8334d4,RegisterEventProcedure
0x006b5454,RegisterInterruptHandler
0xff878530,RegistFirmScanNoticeCBR_FW
0x006b89a8,ReleaseRecursiveLock
0xffb5be98,ReloadAFAdjustment_FW
0xffb58ff0,ReloadCdsAdjustment_FW
0xffb548bc,ReloadColorAdjustment_FW
0xffb57668,ReloadDefectAdjustmentData_FW
0xffb54734,ReloadEfAdjustment_FW
0xffb5933c,ReloadFocusLensAdjustment_FW
0xffb57678,ReloadFROMDefectAdjustmentData_FW
0xff964bf8,ReloadGetaAdjustment_FW
0xff964be4,ReloadIrisAdjustment_FW
0xffb5d5a4,ReloadISAdjustment_FW
0xffa92120,ReloadNdFilterAdjustment_FW
0xffb5768c,ReloadShadingAdjustmentData_FW
0xffb54308,ReloadWBAdjustment_FW
0xffa91370,ReloadZoomAdjustment_FW
0xffa90d4c,ReloadZoomNCProfileEvent_FW
0xffa922e4,RemoveTransparentMemory_FW
0xff826a68,RenameFile_Fut
0xffb5977c,ResetFocus_FW
0xffabd828,ResetFocusLens
0xffabd828,ResetFocusLens_FW
0xffabec18,ResetIris_FW
0xff878520,ResetRegistNoticeCBR_FW
0xffa91880,ResetZoom_FW
0xffabf4a8,ResetZoomLens
0xffabf4a8,ResetZoomLens_FW
0xffabf4d4,ResetZoomLensToFirst_FW
0xffabf514,ResetZoomLensToTermiante_FW
0xffa919e8,ResetZoomToAdjFirstPoint_FW
0xffa91aac,ResetZoomToAdjTerminatePoint_FW
0xffa918b8,ResetZoomToFirst_FW
0xffa918b8,ResetZoomToFirstPoint_FW
0xffa918f0,ResetZoomToTerminate_FW
0xffa918f0,ResetZoomToTerminatePoint_FW
0xff836668,Restart
0xff89ae8c,RomCheckSum_FW
0xff89b550,RotateConsoleZOder_FW
0xff871e4c,SaveAdjustmentTable_FW
0xff871ed4,SaveAdjustmentValue_FW
0xffb56980,SaveBatSenseOffsetAdjustmentTable_FW
0xff9955ac,SaveBmpVRAMData_FW
0xff871eb8,SaveDefectAdjTable_FW
0xff9650d4,SaveFactoryIDData_FW
0xffb572e0,SaveFactoryReserveData_FW
0xffb59a58,SaveFocusResetPulse_FW
0xffb56ec4,SaveFromImage_FW
0xff9959a0,SavePaletteData
0xff9959a0,SavePaletteData_FW
0xff947028,Scene.ForbidContiSceneDetect_FW
0xff9470bc,Scene.TestBabySleep_FW
0xff947088,Scene.TestBabySmile_FW
0xff947124,Scene.TestHumanSleep_FW
0xff9470f0,Scene.TestHumanSmile_FW
0xff947158,Scene.TestKidMove_FW
0xff947058,Scene.TestSunset_FW
0xff8a2a78,ScreenLock
0xff8a2ad4,ScreenUnlock
0xffac442c,SDump_FW
0xffb5ce3c,SearchBCentralPosition_FW
0xffb5ce3c,SearchISLensCentralPosition_FW
0xffb5a784,SelectAdjBPFilter_FW
0xffabff84,SelectPositionSignal_FW
0xffabf040,SendMechaCircuitData_FW
0xffa3fff8,SensDefCrowdCheck_FW
0xff89e8d0,set_control_event
0xffb54e0c,SetAdj_AEMode_FW
0xff96457c,SetAdjAEIntegSmearLimitter_FW
0xffb5add4,SetAdjAFIntegCrwAdd_FW
0xffb5a7b0,SetAdjAFWinPos_FW
0xffb59250,SetAdjCdsMode_FW
0xffb54ce4,SetAE_CdsGainValue_FW
0xffb54b9c,SetAE_ShutterSpeed
0xffb54b9c,SetAE_ShutterSpeed_FW
0xff9644e0,SetAEIntegAverageOBData_FW
0xff963890,SetAEIntegCorrectProperty_FW
0xff963918,SetAEIntegralGetaTime_FW
0xff9638e4,SetAEIntegralValueProperty_FW
0xff963804,SetAEIntegStrobeProperty_FW
0xff964158,SetAEIntegValueBit_FW
0xff9640f8,SetAEIntegWindowsMode_FW
0xff89f090,SetAutoShutdownTime
0xff89f090,SetAutoShutdownTime_FW
0xffb5a824,SetBPFilterForBP_FW
0xffb59054,SetCDSGain_FW
0xffb5921c,SetCDSGainStep_FW
0xffb59054,SetCdsGainValue_FW
0xffb590a0,SetCdsPreGainReg_FW
0xff8a91e4,SetCurrentCaptureModeType
0xff8a91e4,SetCurrentCaptureModeType_FW
0xff883ba4,SetCzDebugFocusMode_FW
0xff883ba4,SetCzDebugSubjectDistance_FW
0xffb569c0,SetDate_FW
0xffb56be0,SetDay_FW
0xffb767ec,SetDCMotorWaitTime_FW
0xff9645a0,SetDefaultAEIntegSmearLimitter_FW
0xff9679e4,SetDefaultRecParameter_FW
0xffa408d8,SetDefectDebugInfo_FW
0xffa40a64,SetDefectRecParam_FW
0xffb58fa8,SetDeltaCDSGain_FW
0xffac02f8,SetDISModeParam_FW
0xffb5d3ac,SetDISModeParameter_FW
0xff82c6c4,SetDUIDFixFlag_FW
0xff82c5cc,SetDurianMode_FW
0x006b81ec,SetEventFlag
0xffb5471c,SetExStrobeMode_FW
0xff82c7e4,SetFactoryMasterFlag_FW
0xff82c814,SetFactoryMasterROMProtection_FW
0xff82c64c,SetFactoryMode_FW
0xffb57088,SetFactorySerialNumber_FW
0xffa90ee8,SetFaexeEventTableActivation_FW
0xff827574,SetFileAttributes
0xff8274fc,SetFileTimeStamp
0xffac05f0,SetFixedPWMOutA_FW
0xffac060c,SetFixedPWMOutB_FW
0xffabe0b0,SetFocusActuatorHoldVoltage_FW
0xffabe0c4,SetFocusActuatorSlopeHoldVoltage_FW
0xffabe214,SetFocusLensAccelerationTable_FW
0xffabe934,SetFocusLensCarrierFrequency_FW
0xffabe3a4,SetFocusLensCondition_FW
0xffabe390,SetFocusLensDefaultPullOutTable_FW
0xffabe720,SetFocusLensDriveVoltage_FW
0xffabe7d8,SetFocusLensGainSlope_FW
0xffabe798,SetFocusLensHoldVoltage_FW
0xffabe4f0,SetFocusLensMaxSpeedLimit_FW
0xffabe75c,SetFocusLensSettingWaitVoltage_FW
0xffabe318,SetFocusLensSlowdownTable_FW
0xffabe0e0,SetFocusLensSpeed_FW
0xffabe164,SetFocusLensSpeedTable_FW
0xffb59990,SetFocusResetState_FW
0xffabfc98,SetGyro10BitDACPitch_FW
0xffabfcb4,SetGyro10BitDACYaw_FW
0xffabfd38,SetGyroFilterChargeStart_FW
0xffabfd40,SetGyroFilterChargeStop_FW
0xffabfcd8,SetGyroHPFINOffsetPitch_FW
0xffabfcf4,SetGyroHPFINOffsetYaw_FW
0xffb56c48,SetHour_FW
0xff898dd4,SetHPTimerAfterNow
0xff898e54,SetHPTimerAfterTimeout
0xff994250,SetIgnoreAVJACK_FW
0xffb56990,SetImageMode_FW
0xffb5696c,SetInputVoltage_FW
0xffac0350,SetISAdjData_FW
0xffac0360,SetISCenterShiftA_FW
0xffac037c,SetISCenterShiftB_FW
0xffb5ce7c,SetISControllMode_FW
0xffabfed8,SetISControlType_FW
0xffac0288,SetISCrossTalkCompA1_FW
0xffac02a4,SetISCrossTalkCompA2_FW
0xffac02c0,SetISCrossTalkCompB1_FW
0xffac02dc,SetISCrossTalkCompB2_FW
0xffb5d3e8,SetISCrossTalkCompCoeff_FW
0xffb5d164,SetISCutOffFreqIndex_FW
0xffabf848,SetISDriveAaxis_FW
0xffabf864,SetISDriveBaxis_FW
0xffac04c0,SetISFocusLensDistance_FW
0xffb5d1e0,SetISGyro10BitDACPitch_FW
0xffb5d1ec,SetISGyro10BitDACYaw_FW
0xffb5d2a8,SetISGyroCompensationMode_FW
0xffb5d268,SetISGyroFilterCharge_FW
0xffabf948,SetISGyroGainAaxis_FW
0xffabf964,SetISGyroGainBaxis_FW
0xffabf980,SetISGyroGainbyAxisType_FW
0xffb5d1b8,SetISGyroHPFINOffsetPitch_FW
0xffb5d1c4,SetISGyroHPFINOffsetYaw_FW
0xffb5d1f8,SetISGyroOffset10BitDACData_FW
0xffb5d1d0,SetISGyroOffsetHPFINData_FW
0xffb5cfe8,SetISGyroPitchGain_FW
0xffb5cfd4,SetISGyroYawGain_FW
0xffac0088,SetISHallAmpFirstGain_FW
0xffb5d028,SetISHallDevicePitchGain_FW
0xffb5d068,SetISHallDevicePitchOffset_FW
0xffb5d014,SetISHallDeviceYawGain_FW
0xffb5d054,SetISHallDeviceYawOffset_FW
0xffabf8e4,SetISHallGainAaxis_FW
0xffabf900,SetISHallGainBaxis_FW
0xffabf91c,SetISHallGainbyAxisType_FW
0xffabf880,SetISHallOffsetAaxis_FW
0xffabf89c,SetISHallOffsetBaxis_FW
0xffabf8b8,SetISHallOffsetbyAxisType_FW
0xffabffac,SetISHPFCutoff_FW
0xffb5d164,SetISHPFCutOffFreqIndex_FW
0xffb5cfbc,SetISLensDriveValue_FW
0xffb5cffc,SetISLensGyroGain_FW
0xffb5d03c,SetISLensHallGain_FW
0xffb5d07c,SetISLensHallOffset_FW
0xffb5d398,SetISLensPWMMode_FW
0xffac0018,SetISLPFAaxis_FW
0xffac0030,SetISLPFBaxis_FW
0xffb5d130,SetISLPFCutOffFreqAaxis_FW
0xffb5d13c,SetISLPFCutOffFreqBaxis_FW
0xffb5d49c,SetISMacroMode_FW
0xffb5cf94,SetISPitchPWM_FW
0xffac0630,SetISPWMFreqAndFixed_FW
0xffac0644,SetISPWMFrequency_FW
0xffabff08,SetISStillStatus_FW
0xffabfd20,SetISTuningFlag_FW
0xffb5d27c,SetISTuningMode_FW
0xffb5d294,SetISTuningOff_FW
0xffb5cfa8,SetISYawPWM_FW
0xffb56e70,SetLangMenuType_FW
0xffabede0,SetLensOutsideFlag_FW
0xff9644b0,SetLineDefMarkThroughMode_FW
0xff90e034,SetLockPosNonCorrectFlag_FW
0xff89ec10,SetLogicalEventActive
0xffb5d36c,SetLoopGain_FW
0xffac01dc,SetLoopGainAdjValue_FW
0xffb5d148,SetLPFForParallelFilter_FW
0xffabff30,SetLPFParallelBest_FW
0xffb5d43c,SetMacroISGain_FW
0xffac0508,SetMacroISGainA_FW
0xffac0524,SetMacroISGainB_FW
0xffabf1c0,SetMechaShutterCloseDacSetting_FW
0xffabf27c,SetMechaShutterMoveTime_FW
0xffabf210,SetMechaShutterOpenDacSetting_FW
0xffabf260,SetMechaShutterWaitTimeSetting_FW
0xffb56cac,SetMinute_FW
0xff84b244,SetMontblancVSize_FW
0xffb56b84,SetMonth_FW
0xffa90d1c,SetNCParamForAdjEvent_FW
0xffabf3dc,SetNdDacSetting_FW
0xffabf3c8,SetNdMoveTime_FW
0xffa90d3c,SetNoiseAddParamForZoomNCEvent_FW
0xffb59048,SetObClamp_FW
0xffb59048,SetObClampValue_FW
0xffb54148,SetOneShotWBParam_FW
0xffb54148,SetOneTypeWBParam_FW
0xff9abe8c,SetParameterData
0xffb766a4,SetPMByGpio_FW
0xffac05b4,SetPoweredISOFF_FW
0xffac05a0,SetPoweredISON_FW
0xffb573ec,SetProductVolume_FW
0xff89c528,SetPropertyCase
0xff994664,SetPropertyCase_FW
0xffa5cdb8,SetPTGDefaultData_FW
0xff994204,SetRawSWCheckMode_FW
0xffb54268,SetReferenceWBGainForCalibration_FW
0xffb5a41c,SetScanLensIndex_FW
0xffb5a52c,SetScanWindowMode_FW
0xff89ec64,SetScriptMode
0xff89ec64,SetScriptMode_FW
0xff994160,SetSDPwrPort_FW
0xffb56d10,SetSecond_FW
0xffb590f0,SetSensorPreGain_FW
0xffb535c4,SetShutterSpeed_FW
0xffb53568,SetShutterSpeedWithMecha_FW
0x006b55d4,SetSR
0xff82c250,SetSSIDForFAWLAN_FW
0xff994190,SetStereoSeparation_FW
0xffa5cdcc,SetTassenAdjSGMode_FW
0xff8782f8,SetTestRecMasterCxCy_FW
0xff878478,SetTestRecSkimmingYUV_FW
0xff8260f4,SetTimerAfter
0xff826160,SetTimerWhen
0xffb54290,SetToolCorrectCoefficient_FW
0xffb55424,SetVideoOutType_FW
0xffb5769c,SetWBTemperature_FW
0xffb54228,SetWBYlStandardWidth_FW
0xff964084,SetWhiteCoefficient_FW
0xffb57458,SetWindowSystemDrawSetting_FW
0xff82c240,SetWLANFactoryMode_FW
0xffb56b24,SetYear_FW
0xffab2854,SetZoomActuatorSpeedPPS_FW
0xffabf7d8,SetZoomAmpereLimitOffTime_FW
0xffa920e0,SetZoomAmpereLimitOffTimeForAdjustZoom_FW
0xffa91d9c,SetZoomCommonDriveParam_FW
0xffa91b94,SetZoomDriveParam_FW
0xffabf738,SetZoomLensDriveAmpereDac_FW
0xffa91af4,SetZoomLensEncoderPowerControl_FW
0xffabf71c,SetZoomLensSpeedMode_FW
0xffa90d5c,SetZoomNCEffectiveEvent_FW
0xffa91c54,SetZoomNormalDriveParam_FW
0xffb5d094,SetZoomPointToIS_FW
0xffabfde0,SetZoomPosition_FW
0xffa91bf4,SetZoomResetDriveParam_FW
0xffa91834,SetZoomResetState_FW
0xffab28a8,SetZoomSpeedCheckStopTime_FW
0xffa91b08,SetZoomSpeedMode_FW
0xff994830,ShowAllTaskInfo_FW
0xff8340c8,ShowCameraLog_FW
0xff83405c,ShowCameraLogInfo_FW
0xffb54b4c,ShowCurrentExp_FW
0xff871a1c,ShowDefaultAdjTableVersion_FW
0xffabe48c,ShowFocusLensCurrentSpeedTable_FW
0xffabeaf0,ShowFocusLensIrisCoefficientCheckSum_FW
0xff89e7d0,ShowLogicalEventName_FW
0xffabedf4,ShowMechaCondition_FW
0xff994020,ShowMechaMacro_FW
0xff9941f4,ShowPhySwStatus_FW
0xff994238,ShowSDStatus_FW
0xffa92214,ShowTransparentMemory_FW
0xff8a33b8,ShutdownPlayModeMenu_FW
0xff8a34c8,ShutdownPlayModeMenuWithoutPbRedraw_FW
0xff8a3204,ShutdownRecModeMenu_FW
0xffb550d8,SleepAE_FW
0x006b8d88,SleepTask
0x006b8d88,SleepTask_FW
0xff824f6c,sprintf_FW
0xffa17000,srand
0xff9952a8,SS.ChangeZoomSpeed_FW
0xff99531c,SS.Create_FW
0xff9952dc,SS.DoAELock_FW
0xff9952bc,SS.DoAFLock_FW
0xff83121c,SS.GetDigitalZoomPosition_FW
0xff995290,SS.GetDigitalZoomTele_FW
0xff99530c,SS.MFOff_FW
0xff9952fc,SS.MFOn_FW
0xff995278,SS.MoveDigitalZoomAt_FW
0xff995258,SS.MoveDigitalZoomToTele_FW
0xff995268,SS.MoveDigitalZoomToWide_FW
0xff995238,SS.MoveOpticalZoomAt_FW
0xff995210,SS.MoveOpticalZoomToTele_FW
0xff995224,SS.MoveOpticalZoomToWide_FW
0xff9952ec,SS.UnlockAE_FW
0xff9952cc,SS.UnlockAF_FW
0xff99530c,SS_MFOff
0xff9952fc,SS_MFOn
0xffa16eac,sscanf_FW
0xff8934b8,SSFS_CompleteCaptModeChange_FW
0xff8934b8,SSFS_CompleteFileWrite_FW
0xff8934b8,SSFS_CompletePreCapt_FW
0xff8934b8,SSFS_CompleteShootPicture_FW
0xff8934b8,SSFS_CompleteStopDigZoom_FW
0xff8934b8,SSFS_CompleteStopZoom_FW
0xff8934b8,SSFS_CompleteSynchroWrite_FW
0xff8934b8,SSFS_ShootPicture_FW
0xffb5adb8,StartAdjAFInteg_FW
0xffb5aa44,StartAdjAFService_FW
0xff9644a4,StartAEIntegralService_FW
0xffb5ce5c,StartBDrive_FW
0xffb5ce94,StartBPanDrive_FW
0xff834118,StartCameraLog_FW
0xffb53408,StartCaptureDrive_FW
0xffb5b564,StartCrwCustomScan_FW
0xffb5b4f4,StartCustomScan_FW
0xff883b94,StartCzTuning_FW
0xffb76800,StartDCMDriveTimeCounter_FW
0xffb55960,StartEVFDrive_FW
0xffb5591c,StartEVFDriveWithMode_FW
0xff82c918,StartFactoryModeController_FW
0xffac07c8,StartImStEventProc_FW
0xffb5d414,StartISAdjustMacro_FW
0xffb5ce5c,StartISAdjustmentDrive_FW
0xffb5ce5c,StartISDrive_FW
0xffabf804,StartISLocalAdjust_FW
0xff8882b0,StartISLocalAutoCenter_FW
0xff8882f0,StartISLocalHallAdjust_FW
0xffb5ce94,StartISPanDrive_FW
0xffac0660,StartISPWMFreqChangeTest_FW
0xff9659dc,StartLogOut_FW
0xffac00cc,StartLoopGainCalc_FW
0xffac0468,StartMacroISAdjust_FW
0xffac0458,StartMacroISContiMode_FW
0xff8a3130,StartPlayModeMenu_FW
0xff8a314c,StartRecModeMenu
0xff8a314c,StartRecModeMenu_FW
0xff824cd0,StartRedirectUART_FW
0xffa9296c,StartSoundPlay_FW
0xffa92938,StartSoundRecord_FW
0xffa92c30,StartTestRecLog_FW
0xff89aa28,StartWDT_FW
0xff8273d4,stat
0xffb5ada8,StopAdjAFInteg_FW
0xffb5ab88,StopAdjAFService_FW
0xff964190,StopAEIntegralService_FW
0xffb5ce4c,StopBDrive_FW
0xffb5ce6c,StopBPanDrive_FW
0xff8342e0,StopCameraLog_FW
0xffb52b10,StopCaptureDrive_FW
0xffb55cb0,StopContinuousVRAMData_FW
0xffb5b4e4,StopCustomScan_FW
0xffabd6bc,StopCZ_FW
0xffb76810,StopDCMDriveTimeCounter_FW
0xffb55498,StopEVFDrive_FW
0xffb5d424,StopISAdjustMacro_FW
0xffb5ce4c,StopISAdjustmentDrive_FW
0xffb5ce4c,StopISDrive_FW
0xffb5ce6c,StopISPanDrive_FW
0xffac0668,StopISPWMFreqChangeTest_FW
0xff965684,StopLogOut_FW
0xffac0224,StopLoopGainCalc_FW
0xffac0478,StopMacroISAdjust_FW
0xff82c180,StopPtpipServiceForFAWLAN_FW
0xff824de4,StopRedirectUART_FW
0xffb547fc,StopStrobeChargeForFA_FW
0xffa92c48,StopTestRecLog_FW
0xff89aa88,StopWDT_FW
0xffa91828,StopZoomEmergency_FW
0xff836ff8,strcat
0xff837080,strchr
0xff82509c,strcmp
0xff8250c4,strcmp_FW
0xff824f88,strcpy
0xff824f88,strcpy_FW
0xff8af894,strftime
0xff8250e0,strlen
0xff8250e0,strlen_FW
0xff837034,strncmp
0xff827d04,strncpy
0xff8b010c,strrchr
0xff836fe4,strtol
0xff836de8,strtolx
0xffb55384,SwitchOffDisplay_FW
0xffb553d4,SwitchOnDisplay_FW
0xff994f08,System.Create_FW
0xff994840,System.Delete_FW
0x006b79f4,TakeSemaphore
0x006b79f4,TakeSemaphore_FW
0x006b7c9c,TakeSemaphoreStrictly
0xffa456c8,task__cntFlashTask
0xff84aa30,task__imageSensorTask
0xff918b24,task__tgTask
0x000cfad4,task_AdditionAgent
0xff8f5c58,task_AfIntSrvTask
0xff846db0,task_AFTask
0xff940440,task_ASIF
0xff868b28,task_AudioTsk
0xff82a578,task_BatteryTask
0xff866308,task_BeepTask
0xff82c154,task_bomStopPTPIPTask
0xff8d011c,task_BrtMsrTask
0xff836498,task_Bye
0xff88bf78,task_CaptSeq
0xff88bf78,task_CaptSeqTask
0xff941124,task_ChaseFrame
0xff946c34,task_ChaseTask
0xff822a54,task_ClockSave
0xff857c70,task_CommonDrivers
0xff89af44,task_ConsoleSvr
0xff951ff0,task_CorctTask
0xffa7ceb4,task_CorrectLiveTassenTask
0xffac1f54,task_CreateHeaderTask
0xffb60000,task_CtgTotalTask
0xff89d468,task_CtrlSrv
0xff969e6c,task_dccdCalcTask
0xffaa5280,task_DecJpgRd
0xff952a38,task_DefMarkRomCopyTask
0xff8ef59c,task_DetectMoveTask
0xff8f0e94,task_DevelopModule
0xff943ab0,task_DispFace
0xffac22e0,task_DistTask
0xff9739ac,task_DPOFTask
0xffa101a0,task_DSITask
0xff998ae0,task_DvlpSeqTask
0xff8f16a4,task_EFChargeT
0xff98feb8,task_EISMainTask
0xff99ba70,task_Epilog
0xff836138,task_EvShel
0xff8d94a0,task_ExpDrv
0xffa31434,task_ExpDrvSubTask
0xff8d94a0,task_ExpDrvTask
0xff8a9ab0,task_FaceFrame
0xff957a80,task_Fencing
0xffa9bac4,task_FileManMarkAllTask
0xff979770,task_FileScheduleTask
0xffaa2554,task_FileWrite
0xffaa2554,task_FileWriteTask
0xffaa44b0,task_FilYuvMaker
0xffaabf90,task_FocusEvent
0xffa9c498,task_FORMAT_TASK_NAME
0xffa9c2b8,task_FORMAT_TASK_PROGRESS
0xff86dd44,task_FrameTask
0xff82caf0,task_FsIoNotifyTask
0xff90f624,task_GapSnd
0xffac4818,task_ImagePlaySysConTask
0xffac689c,task_ImageRetryConTask
0xff977f2c,task_ImageStoreTask
0xff9850f0,task_ImgPlayDrv
0xffaa8b7c,task_ImgPlyLowTask
0xffaa89c8,task_ImgPlyTask
0xff857c38,task_InitFileModules
0xff88759c,task_ISMainTask
0xffac3594,task_JpegEncTask
0xff93d184,task_LcdConTask
0xff86762c,task_LEDCon
0xff884880,task_LensController
0xff91b5b8,task_LiveImageTask
0xff89b5e0,task_LowConsole
0xff989968,task_MechaAlarm
0xff989bd8,task_MechaCPUTransfer
0xff8864f8,task_MechaLog
0xff98cc18,task_MechaNCTask
0xffab0030,task_MechaShutter
0xff87c344,task_MediaStatusMngr
0xff94cd88,task_MotionVector
0xff9934b0,task_MovieRecord
0xffabb630,task_MovieWriter
0xffab75f8,task_MovPlay
0xffb79fe8,task_MovRead
0xffab0b20,task_Nd
0xff9259fc,task_NormalThumbCache
0xff8ee720,task_OBCtrlTask
0xff8347ec,task_OpePlay
0xff82b8fc,task_PhySw
0xff9230f0,task_PTPSessionTASK
0xffa66758,task_PTPtoFAPI_EventProcTask_Block
0xffa666b0,task_PTPtoFAPI_EventProcTask_Try
0xffb90960,task_ReadFileTask
0xffb0ef60,task_ReadMultiConTask
0xffb6e60c,task_ReadScheduleTask
0xff87f190,task_RedEyeCapt
0xffac288c,task_ResizeTask
0xff946420,task_SceneDetectTask
0xff87e870,task_SD1stInit
0xffac1a04,task_ShutterSoundTask
0xff9135b8,task_SsgMainTask
0xff91377c,task_SsgPeriodTask
0xff88a9c8,task_SsStartupTask
0xff893538,task_SsTask
0xff827bb0,task_Startup
0xff8294a4,task_StartupImage
0xff91c0cc,task_SynchTask
0xff91c044,task_SyncPeriod
0xff86bad0,task_Thermometer
0xff91ddf4,task_TimerUtility
0xff991d34,task_TmgGen
0xff929a44,task_TrnsCtrlTask
0xff824b2c,task_UartLog
0xff84497c,task_WBCtrl
0xff8c75ec,task_WBIntegTask
0xff8eb3f4,task_WBLPFace
0xff998408,task_WbSeqTask
0xff89a8b8,task_WdtPrint
0xff89a968,task_WdtReset
0xffab16b0,task_ZoomEvent
0xff9953a8,TerminateAdjustmentSystem_FW
0xff877818,Terminatedccd_FW
0xffa40dac,TerminateDefectRec_FW
0xff877818,TerminateDigicon_FW
0xffa92a9c,TerminateFAExtendFile_FW
0xffa92a78,TerminateFAGeneralTest_FW
0xffb5c584,TerminateMechaDevice_FW
0xffa92904,TerminateSoundRec_FW
0xff876d4c,TerminateTestRec_FW
0x006b927c,time
0x006b8680,TryPostMessageQueue
0x006b854c,TryReceiveMessageQueue
0x006b79a4,TryTakeSemaphore
0xff8abbd4,TurnOffBackLight
0xff8633b0,TurnOffDisplay
0xff8363ec,TurnOffE1_FW
0xffabf330,TurnOffNdFilter_FW
0xffabf38c,TurnOffNdFilterWithTiming_FW
0xff869fa0,TurnOffVideoOutMode_FW
0xff8abbbc,TurnOnBackLight
0xff8633a0,TurnOnDisplay
0xffabf30c,TurnOnNdFilter_FW
0xffabf354,TurnOnNdFilterWithTiming_FW
0xff869f68,TurnOnVideoOutMode_FW
0xff9ad4d8,UI.Create_FW
0xff9ac960,UI.CreatePublic_FW
0xff9ad4d8,UI_RegistDebugEventProc_FW
0xff9ad4c4,UI_ShowStateOfRecMode_FW
0xff89ec10,UiEvnt_SetLogicalEventActive_FW
0xff89edd4,UiEvnt_StartDisguiseCradleStatus_FW
0xff89ede4,UiEvnt_StopDisguiseCradleStatus_FW
0xff85715c,UIFS_CancelStoreLensTimer_FW
0xff937054,UIFS_Capture_FW
0xff937128,UIFS_CaptureNoneStop_FW
0xff9ac560,UIFS_ChangeShootState_FW
0xff9ac408,UIFS_ClosePopupStrobe_FW
0xff9ac498,UIFS_ConnectVideo_FW
0xff9ac1dc,UIFS_CtrlManControllerAnytimeTop_FW
0xff9ac4c8,UIFS_DisconnectVideo_FW
0xff9cd290,UIFS_DisplayFirmUpdateView_FW
0xff9ac548,UIFS_EndClockMode_FW
0xff9ac79c,UIFS_GetAvItem_FW
0xff9ac5e0,UIFS_GetAvItemCount_FW
0xff9ac80c,UIFS_GetCurrentAvString_FW
0xff9ac88c,UIFS_GetCurrentTvString_FW
0xff9ac5a8,UIFS_GetLastPath_FW
0xff860110,UIFS_GetMovieRecoadableNumber_FW
0xff9e4f64,UIFS_GetNumberOfDisplayedImage_FW
0xff85d180,UIFS_GetNumOfOptZoomPos_FW
0xff86010c,UIFS_GetStillShotableNumber_FW
0xff9ac7d4,UIFS_GetTvItem_FW
0xff9ac650,UIFS_GetTvItemCount_FW
0xff9ac204,UIFS_IsAutoPopupDownStrobe_FW
0xff9ac20c,UIFS_IsAvailableAvTvMode_FW
0xff9ac1ec,UIFS_IsAvailableMovieRecDigZoom_FW
0xff9ac1e4,UIFS_IsAvailableMovieRecOptZoom_FW
0xff9ac1fc,UIFS_IsAvailableRecMenuAFMode_FW
0xff9ac1f4,UIFS_IsAvailableServoAF_FW
0xff85fbf4,UIFS_IsAvailableShots_FW
0xff9ac914,UIFS_IsOperationEvent_FW
0xff9ac438,UIFS_MountExtFlash_FW
0xff85d2a4,UIFS_MoveZoomTo_FW
0xff9ac3d8,UIFS_OpenPopupStrobe_FW
0xff9ac948,UIFS_PlayTrimExecuteAllImageSize_FW
0xff9ac508,UIFS_PostModeDial_FW
0xff9ac504,UIFS_RestartPostingUIEvent_FW
0xff9ac550,UIFS_SetCradleSetting_FW
0xff9ac380,UIFS_SetDialMovieRec_FW
0xff9ac3b8,UIFS_SetDialPlay_FW
0xff9ac360,UIFS_SetDialStillRec_FW
0xff9ac584,UIFS_ShootSeqToUI_FW
0xff9ac540,UIFS_StartClockMode_FW
0xff85b3fc,UIFS_StartMovieRecord_FW
0xff85b420,UIFS_StopMovieRecord_FW
0xff9ac500,UIFS_StopPostingUIEvent_FW
0xff9ac468,UIFS_UnmountExtFlash_FW
0xff9ac950,UIFS_WirelessExecuteSendForever_FW
0xff9c8b44,UIFS_WriteFirmInfoToFile
0xff9c8b44,UIFS_WriteFirmInfoToFile_FW
0xff8af198,UndisplayBusyOnScreen
0xff82c148,UndisplayFactoryMode_FW
0xff897ca4,UnLoadScript_FW
0xff831890,UnlockAE
0xff831560,UnlockAF
0xff89ef74,UnlockMainPower
0xff89ef74,UnlockMainPower_FW
0xffb549c8,UnregistColorMatrix_FW
0x006b54e4,UnregisterInterruptHandler
0xff82ac10,VbattGet
0xff82ac10,VbattGet_FW
0xffac4250,VerifyByte_FW
0xff827cc4,vsprintf
0xff99481c,Wait_FW
0x006b8120,WaitForAllEventFlag
0x006b7d4c,WaitForAllEventFlagStrictly
0x006b8034,WaitForAnyEventFlag
0x006b7d20,WaitForAnyEventFlagStrictly
0xffabf5c4,WaitMoveZoomLensComplete_FW
0xff8271c4,Write
0xff8271c4,Write_FW
0xff8722e4,WRITEADJTABLETOFROM_FW
0xff87231c,WRITEADJUSTMENTDATATOFROM_FW
0xffb5ceb4,WriteGyroAdjustment_FW
0xffb5cea4,WriteHallDeviceAdjustment_FW
0xffabef94,WriteMechaLogToFile_FW
0xffabef84,WriteMechaLogToRom_FW
0xffb5cf2c,WritePWMAdjustment_FW
0xff87e1a0,WriteSDCard
0xff868724,WriteToRom_FW
0xff872350,WRITEUSERSETTINGDATATOFROM_FW
