0x006dfdac,_dadd
0x006e0740,_dcmp
0x006e0998,_dcmp_reverse
0x006e0084,_ddiv
0x006e0550,_dfix
0x006e0600,_dfixu
0x006e0688,_dflt
0x006e0734,_dfltu
0x006dc130,_divmod_signed_int
0x006dd78c,_divmod_unsigned_int
0x006e07c8,_dmul
0x006e0a38,_drsb
0x006e0bc4,_dsub
0x006e0f48,_f2d
0x006e10cc,_fdiv
0x006e12b0,_ffix
0x006e1324,_ffixu
0x006e1384,_fflt
0x006e13b8,_ffltu
0x006e1438,_fmul
0xff025f14,_GetSystemTime
0x006de580,_log
0x006deac0,_log10
0x006dec38,_pow
0x006dfbe8,_safe_sqrt
0x006e1938,_scalbn
0x006e0a50,_sqrt
0xff0248fc,_uartr_req
0xff1aca3c,AbortAEIntegralValue_FW
0x006b8958,AcquireRecursiveLock
0x006b7e88,AcquireRecursiveLockStrictly
0xff1af228,ActivateAdjLog_FW
0xff461718,ActivateImageDrive_FW
0xff11c614,ActivateImager_FW
0xff11c6ac,ActivateImagerXOne_FW
0xff151550,add_ptp_handler
0xff212f30,add_ui_to_dialog
0xff1ff54c,AdditionAgentRAM_FW
0xff335188,AddTransparentMemory_FW
0xff463434,AdjAEWithAperturePriority_FW
0xff4633dc,AfAEWithAperturePriority_FW
0xff4635e4,AfAEWithCompensation_FW
0xff118df0,AFTool.GetEVal_FW
0xff118ff0,AFTool.SetAFLogType_FW
0xff118ff8,AFTool.SetDebugAFSequence_FW
0xff118fc0,AFTool.StoreAFixPosition_FW
0xff377e64,AllocateMemory
0xff377e64,AllocateMemory_FW
0xff025d38,AllocateUncacheableMemory
0xff2e5910,apex2us
0xff0381a8,atol_FW
0xff1ad840,AttachIntegCrawData_FW
0xff3351c0,AttachToTransparentMemory_FW
0xff44dcf8,Bat_Calc_FW
0xff464da0,Bat_Save_FW
0xff464d8c,Bat_VIN_FW
0xff0755d8,BatteryMilliTempCheck_FW
0xff06ef20,BeepDrive_FW
0xff06ef40,BeepDriveComp_FW
0xff4623a4,CalcLog10
0xff4623e0,CalcLog10_FW
0xff46bae8,CalcLoopGain_FW
0xff464db8,CalcLowBatteryOffsetValue_FW
0xff4624d0,CalcSqrt_FW
0xff44dcf8,CalculateBatSenseOffset_FW
0xff46a700,CalculateInterpolationByLS_FW
0xff462374,CalculateLog2ToApex_FW
0xff46234c,CalculatePeakFromLeastSquareResult_FW
0xff46a6a8,CalculatePeakPosByLS_FW
0xff462388,CalculatePow2FromApex_FW
0xff0826dc,CalculateTestRecYUVData_FW
0xff377840,CamInfo_Debug_FW
0xff463214,CancelAdj_AEMode_FW
0xff467a38,CancelAdjCdsMode_FW
0xff4690b8,CancelBPFilterForBP_FW
0xff462adc,CancelExStrobeMode_FW
0xff370a80,CancelFocusLensMaxSpeedLimit_FW
0xff0a60f0,CancelHPTimer
0xff461514,CancelImageDrive_FW
0xff11c87c,CancelImager_FW
0xff46bdb8,CancelLoopGainCalc_FW
0xff026134,CancelTimer
0xff1f38b8,Capture.Create_FW
0xff461604,CaptureWithParam_FW
0xff075404,CCDMilliTempCheck_FW
0xff33305c,ChangeAdjImgDrvMode_FW
0xff333088,ChangeAEIntegDrvTypeToAdjImgDriveType_FW
0xff11ca08,ChangeAutoSlowShutterEnable_FW
0xff2affe8,ChangeDefectRecParam_FW
0xff2b02ac,ChangeDefectSpecParam_FW
0xff464b1c,ChangeDistortionSetForLiveImage_FW
0xff464b44,ChangeElectronicRollISSetting_FW
0xff46b99c,ChangeFilterMode_FW
0xff370be0,ChangeFocusDistanceToPosition_FW
0xff3710c4,ChangeFocusLensStopSettingType_FW
0xff46164c,ChangeImageDrive_FW
0xff11c900,ChangeImagerToAlternateDraft_FW
0xff11c9d8,ChangeImagerToAstroMetamorphose_FW
0xff11c8c0,ChangeImagerToCombiParallel_FW
0xff11c8f8,ChangeImagerToDigiconMode_FW
0xff11c970,ChangeImagerToElectraGlide_FW
0xff11c9c0,ChangeImagerToElectraGlideNepal_FW
0xff11c9b8,ChangeImagerToEsperRocketH_FW
0xff11c9d0,ChangeImagerToEsperRocketHNepal_FW
0xff11c958,ChangeImagerToFalconJump_FW
0xff11c938,ChangeImagerToFantaJungle_FW
0xff11c8d0,ChangeImagerToFocusJet_FW
0xff11c928,ChangeImagerToHarleyDavidson_FW
0xff11c998,ChangeImagerToHarleyDavidsonNepal_FW
0xff11c988,ChangeImagerToHarleySunshine_FW
0xff11c9c8,ChangeImagerToHarleySunshineNepal_FW
0xff11c968,ChangeImagerToHealthyVegetable_FW
0xff11c8e8,ChangeImagerToHoneyFlash_FW
0xff11c940,ChangeImagerToHoneyFlashDark_FW
0xff11c9b0,ChangeImagerToLasVegasMagic_FW
0xff11c950,ChangeImagerToLCWideDraft_FW
0xff11c930,ChangeImagerToMachDashV_FW
0xff11c8d8,ChangeImagerToMangoPudding_FW
0xff11c8f0,ChangeImagerToMillefeAdjust_FW
0xff11c918,ChangeImagerToMontblancMillefe_FW
0xff11c920,ChangeImagerToMontblancMovie_FW
0xff11c910,ChangeImagerToMontblancWhole_FW
0xff11c8f8,ChangeImagerToOITA_XAVIER_FW
0xff11c8a0,ChangeImagerToRegularDrive_FW
0xff11c948,ChangeImagerToRoadKing_FW
0xff11c9a0,ChangeImagerToRoadKingNepal_FW
0xff11c990,ChangeImagerToRoadQueen_FW
0xff11c960,ChangeImagerToSpriteSunshine_FW
0xff11c8e0,ChangeImagerToSuperWideDraft_FW
0xff11c9a8,ChangeImagerToSuperWideNepal_FW
0xff11c908,ChangeImagerToUltraGhostQ_FW
0xff11c980,ChangeImagerToVeryFastMangoPudding_FW
0xff11c978,ChangeImagerToVeryFastWideDraft_FW
0xff11c8a8,ChangeImagerToWholeParallel_FW
0xff11c8b0,ChangeImagerToWholeParallelBP_FW
0xff11c8c8,ChangeImagerToWideDraft_FW
0xff11c8b8,ChangeImagerToWideDraftFinancier_FW
0xff371408,ChangeIrisSpeed_FW
0xff3737dc,ChangeParallelMode_FW
0xff46b9cc,ChangeToISCloseControl_FW
0xff371f60,ChangeZoomLensMagnificationToPoint_FW
0xff371f50,ChangeZoomLensPointToMagnification_FW
0xff371f40,ChangeZoomPointToPosition_FW
0xff462b2c,ChargeStrobe_FW
0xff462b64,ChargeStrobeForFA_FW
0x006b80e8,CheckAllEventFlag
0x006b808c,CheckAnyEventFlag
0xff333b6c,CheckNFCTagWithCount_FW
0xff0a7f18,CheckSumAll_FW
0xff08d588,ClearCzRecordingMovie_FW
0xff2b0200,ClearDefectTurnTable_FW
0xff02d3ac,ClearDUIDFixFlag_FW
0xff02d32c,ClearDurianMode_FW
0x006b8344,ClearEventFlag
0xff02d4d8,ClearFactoryMasterFlag_FW
0xff02d4f0,ClearFactoryMasterROMProtection_FW
0xff02d32c,ClearFactoryMode_FW
0xff04ad4c,ClearImageDrive_FW
0xff46bda8,ClearISCalcZData_FW
0xff372eec,ClearISIComponent_FW
0xff373860,ClearISZData_FW
0xff144358,ClearNFCOptUnitAssemblyAreaData_FW
0xff143818,ClearNFCSystemArea_FW
0xff488394,ClearPMByFs_FW
0xff48837c,ClearPMByGpio_FW
0xff33378c,ClearSoundDevForRecEvent_FW
0xff02ceb0,ClearWLANFactoryMode_FW
0xff334dd8,ClearZoomCommonDriveParam_FW
0xff3344f0,ClearZoomDriveParam_FW
0xff027218,Close
0xff027218,Close_FW
0xff0a8c94,CloseConsole_FW
0xff353650,closedir
0xff37196c,CloseMechaShutter_FW
0xff3719c4,CloseMechaShutterWithTiming_FW
0xff465d4c,CloseMShutter_FW
0xff171adc,ConnectPtpIPService_FW
0xff332ff4,ConvertAdjImgDrvModeToAdjImgDriveType_FW
0xff332fa8,ConvertAEIntegDrvTypeToAdjImgDriveType_FW
0xff462438,ConvertApexStdToApex_FW
0xff462408,ConvertApexToApexStd_FW
0xff4629ec,ConvertCxCyToWBGain_FW
0xff467aec,ConvertToPositionWithDistance_FW
0xff467ad0,ConvertToPositionWithDistanceAndZoomPoint_FW
0xff461830,ConvertTvToExposureTime_FW
0xff46180c,CorrectMvFrMem2MemAfterDefMark_FW
0xff0a89f4,CPrintf_FW
0xff0a8a4c,CPutChar_FW
0xff07bfb8,CreateAdjustmentTableMirror_FW
0x006b792c,CreateBinarySemaphore
0x006b7d0c,CreateBinarySemaphoreStrictly
0xff0ab020,CreateController_FW
0x006b79b0,CreateCountingSemaphore
0x006b79b0,CreateCountingSemaphore_FW
0x006b7d34,CreateCountingSemaphoreStrictly
0xff07bfc8,CreateDefectTableMirror_FW
0xff20dfd4,CreateDialogBox
0x006b7fc4,CreateEventFlag
0x006b7ce4,CreateEventFlagStrictly
0xff1aeb3c,CreateFADBGSingalID_FW
0xff465fb8,CreateJumptable
0x006b8418,CreateMessageQueue
0x006b7cbc,CreateMessageQueueStrictly
0xff035318,CreateProxyOfEventProcedure_FW
0x006b8898,CreateRecursiveLock
0x006b7d5c,CreateRecursiveLockStrictly
0x006b5714,CreateTask
0x006b5714,CreateTask_FW
0x006b7c84,CreateTaskStrictly
0xff07cbd4,CreateUserSettingMirror_FW
0xff2af4d4,CrossDefDetect_FW
0xff2af6d8,CrowdLineDetect_FW
0xff2af858,CrowdLineKizuCheck_FW
0xff0ab2a0,CtrlMan_ChangeZOrder_FW
0xff08d588,CzDebugPrint_FW
0xff08d59c,CzDebugPrintToFile_FW
0xff020234,dcache_clean_flush_and_disable
0xff020300,dcache_clean_flush_range
0xff0202a0,dcache_clean_range
0xff02020c,dcache_flush_and_enable
0xff020284,dcache_flush_range
0xff372768,DcmTfMeasure_FW
0xff372824,DcmTfMeasureForSD_FW
0xff372350,DcmWowFla_FW
0xff37240c,DcmWowFlaForSD_FW
0x006b5ac8,DebugAssert
0xff0ab0fc,DeleteController_FW
0xff026b0c,DeleteDirectory_Fut
0x006b8024,DeleteEventFlag
0x006b84c8,DeleteMessageQueue
0xff035370,DeleteProxyOfEventProcedure_FW
0x006b88f0,DeleteRecursiveLock
0x006b7a10,DeleteSemaphore
0x006b7a10,DeleteSemaphore_FW
0xff465c6c,DevelopStillPicture_FW
0xff2b5a60,DevelopTool.DevelopTest_FW
0xff1ae460,DeviceUniqueIDCheckSum_FW
0xff1b19fc,DisableDebugLogMode_FW
0xff373234,DisableDISModeChange_FW
0x006b1b10,DisableDispatch_low
0xff370adc,DisableFocusLens_FW
0xff370b58,DisableFocusLensSilentMode_FW
0xff3717e4,DisableFocusPiCircuit_FW
0xff4617e0,DisableHeadDirectCapturePath_FW
0xff37137c,DisableIris_FW
0xff1dc140,DisableIrisActuator_FW
0xff3738b0,DisableISAutoGyroOffset_FW
0xff372f74,DisableISDriveError
0xff372f74,DisableISDriveError_FW
0xff3715c8,DisableLensError_FW
0xff373970,DisableMacroIS_FW
0xff3717c4,DisableMechaCircuit_FW
0xff3718d8,DisableResetGpio_FW
0xff366c78,DisableZoomActuatorSpeedLog_FW
0xff37182c,DisableZoomEncoderCircuit_FW
0xff371f1c,DisableZoomLensElectricControl_FW
0xff371b14,DisableZoomLensEncoderPowerControl_FW
0xff371ef4,DisableZoomLensSpeedControl_FW
0xff371808,DisableZoomPiCircuit_FW
0xff171ae8,DisconnectPtpIPService_FW
0xff06c1bc,DispCon_GetLcdGainAdjParameter_FW
0xff06bfc8,DispCon_GetVideoAdjParameter_FW
0xff06c208,DispCon_SaveLcdGainAdjParameter_FW
0xff06c050,DispCon_SaveVideoAdjParameter_FW
0xff06baec,DispCon_SetDisplayType_FW
0xff06c16c,DispCon_SetLcdGainAdjParameter_FW
0xff06be7c,DispCon_SetMaxBackLightBrightness_FW
0xff06bf40,DispCon_SetVideoAdjParameter_FW
0xff06ba3c,DispCon_ShowBitmapColorBar
0xff06ba3c,DispCon_ShowBitmapColorBar_FW
0xff06ba20,DispCon_ShowBlackChart_FW
0xff06b874,DispCon_ShowColorBar_FW
0xff06bb0c,DispCon_ShowColorChart_FW
0xff06ba98,DispCon_ShowCustomColorBar_FW
0xff06b8e0,DispCon_ShowFiveStep_FW
0xff06c1f8,DispCon_ShowLcdGainAdjParameter_FW
0xff06bcfc,DispCon_ShowNStepsChart_FW
0xff06c024,DispCon_ShowVideoAdjParameter_FW
0xff06b9d4,DispCon_ShowWhiteChart_FW
0xff06bb28,DispCon_ShowWhiteLine_FW
0xff06be74,DispCon_TurnOffBackLight_FW
0xff06be5c,DispCon_TurnOffDisplay_FW
0xff06be6c,DispCon_TurnOnBackLight_FW
0xff06be84,DispCon_TurnOnBackLightForCheckVoltage_FW
0xff06be4c,DispCon_TurnOnDisplay_FW
0xff1f318c,DispDev.Create_FW
0xff1f1d98,DispDev_EnableEventProc_FW
0xff0c0db4,DisplayBusyOnScreen
0xff20e6e0,DisplayDialogBox
0xff02c810,DisplayFactoryMode_FW
0xff0605e0,DispSwCon_TurnOffDisplay_FW
0xff032898,DoAELock
0xff032548,DoAFLock
0xff4617c0,DoMemToMemDarkSubtraction_FW
0xff0d5544,DoMovieFrameCapture
0xff1f1f14,Driver.Create_FW
0xff1f1f14,Driver_EnableEventProc_FW
0xff033d70,drysh_FW
0xff02cf4c,DummyUSBConnection_FW
0xff1f245c,Dump32_FW
0xff1f244c,Dump_FW
0xff07b67c,DumpAdjMirror_FW
0xff335148,DumpTransparentMemoryItem_FW
0xff11c508,E2LatOn_FW
0xff18a934,Edet.Create_FW
0xff18a918,Edet.Delete_FW
0xff2b8a78,EF.AdjPreFlash_FW
0xff2b8a58,EF.FlashForColorTempEvaluation_FW
0xff2b8a38,EF.FlashWithoutSync_FW
0xff43d090,EF.GetAdjustPreSvOffset_FW
0xff2b895c,EF.GetEFModAddPixelGain_FW
0xff43d094,EF.GetEFModExamDriveType_FW
0xff2b8950,EF.GetEFY2_FW
0xff2b88b0,EF.GetEFY_FW
0xff0da8f0,EF.IsChargeFull_FW
0xff43d0a8,EF.IsIrisTypeKosaiShibori_FW
0xff2b8ab4,EF.SetChargeMode_FW
0xff2b8898,EF.SetChargeOnTime_FW
0xff2b887c,EF.SetEFChargeTimeOut_FW
0xff2b8a60,EF.SetMainFlashTime_FW
0xff2b8808,EF.StartEFCharge_FW
0xff2b89b0,EF.StartInternalMainFlash_FW
0xff2b8970,EF.StartInternalPreFlash_FW
0xff2b886c,EF.StopEFCharge_FW
0xff1b19e8,EnableDebugLogMode_FW
0xff373244,EnableDISModeChange_FW
0x006b1b3c,EnableDispatch_low
0xff370a90,EnableFocusLens_FW
0xff370b2c,EnableFocusLensSilentMode_FW
0xff3717d4,EnableFocusPiCircuit_FW
0xff4617dc,EnableHeadDirectCapturePath_FW
0x006b56c0,EnableInterrupt
0xff371358,EnableIris_FW
0xff1dc11c,EnableIrisActuator_FW
0xff3738a0,EnableISAutoGyroOffset_FW
0xff372f64,EnableISDriveError_FW
0xff3715b8,EnableLensError_FW
0xff3738d0,EnableMacroIS_FW
0xff3717b4,EnableMechaCircuit_FW
0xff3718bc,EnableResetGpio_FW
0xff366c68,EnableZoomActuatorSpeedLog_FW
0xff37181c,EnableZoomEncoderCircuit_FW
0xff371f08,EnableZoomLensElectricControl_FW
0xff371b04,EnableZoomLensEncoderPowerControl_FW
0xff371ee0,EnableZoomLensSpeedControl_FW
0xff3717f8,EnableZoomPiCircuit_FW
0xff18f0c8,EngApp.Create_FW
0xff1f3944,EngApp.CreatePub_FW
0xff18f074,EngApp.Delete_FW
0xff02c550,EngDrvBits
0xff31adbc,EngDrvBits_FW
0xff02c534,EngDrvIn
0xff31adac,EngDrvIn_FW
0xff02c51c,EngDrvOut
0xff31ad90,EngDrvOut_FW
0xff02c53c,EngDrvRead
0xff31adb4,EngDrvRead_FW
0xff31add8,EngDrvReadDump_FW
0xff1f38fc,EngineDriver.Create_FW
0xff0327c0,EnterToCompensationEVF
0xff0a2e6c,EpilogFile_FW
0xff0a2ed8,EpilogMenu_FW
0xff0a2b74,EpilogShow_FW
0xff07b640,EraseAdjustmentArea_FW
0xff0a20cc,EraseLogSector_FW
0xff071590,EraseRom_FW
0xff1f1f04,EraseSignature_FW
0xff0247d8,err_init_task
0xff36fc68,EscapeFocusLens_FW
0xff377eb0,exec_FW
0xff082208,Executedccd_FW
0xff2b0004,ExecuteDefectRec_FW
0xff2b0040,ExecuteDefectRecAndSaveImage_FW
0xff2b0108,ExecuteDefectRecAndSaveImageWithGrade_FW
0xff2b00c4,ExecuteDefectRecWithGrade_FW
0xff081ae8,ExecuteDigicon_FW
0xff0349d4,ExecuteEventProcedure
0xff034a4c,ExecuteEventProcedure_FW
0xff462bd0,ExecuteInternalPreFlash_FW
0xff177318,ExecuteResetFactory_FW
0xff177300,ExecuteResetFactoryWithRomWrite_FW
0xff0a49e4,ExecuteShutDownPropertyService_FW
0xff08254c,ExecuteSubCameraTestRec_FW
0xff082538,ExecuteTestRec_FW
0xff082554,ExecuteTestRecCF_FW
0xff082730,ExecuteTestRecDevelopProcess_FW
0xff082554,ExecuteTestRecSD_FW
0xff082684,ExecuteTestRecSw1_FW
0xff08266c,ExecuteTestRecWithInteg_FW
0xff032814,ExitFromCompensationEVF
0x006b5a68,ExitTask
0x006b5a68,ExitTask_FW
0xff034610,ExMem.AllocCacheable_FW
0xff0344a8,ExMem.AllocUncacheable_FW
0xff034684,ExMem.FreeCacheable_FW
0xff0345a4,ExMem.FreeUncacheable_FW
0xff033e80,ExMem.View_FW
0xff0345b8,exmem_alloc
0xff034620,exmem_free
0xff027a64,ExMem_FW
0xff03441c,exmem_ualloc
0xff034564,exmem_ufree
0xff0ee118,ExpCtrlTool.SetExpMode_FW
0xff0ee168,ExpCtrlTool.SoundDevTest_FW
0xff043e30,ExpCtrlTool_StartContiAE
0xff044068,ExpCtrlTool_StopContiAE
0xff03530c,ExportToEventProcedure_FW
0xff1f3168,FA.Create_FW
0xff1f3154,FA.Delete_FW
0xff4658a0,FactoryPowerOffWithTimer_FW
0xff1aec44,FADBGPrintf_FW
0xff1aeb4c,FADBGSingal_FW
0xff1aed88,FAPrintf_FW
0xff026ba4,Fclose_Fut
0xff026ba4,Fclose_Fut_FW
0xff026d90,Feof_Fut
0xff026dcc,Fflush_Fut
0xff026cf8,Fgets_Fut
0xff1c3d60,File.ClearExifInfo_FW
0xff1c4088,File.Create_FW
0xff1c3f18,File.Delete_AllImg_FW
0xff46315c,FixAEWithCompensation_FW
0xff372eac,FixISStatus_FW
0xff22c944,FmtMenu_ExecuteQuickFormat_FW
0xff463014,FocusAEWithCompensation_FW
0xff370dc0,FocusLensStopQuickly_FW
0xff026b64,Fopen_Fut
0xff026b64,Fopen_Fut_FW
0xff08d588,ForceCzRecordingMovie_FW
0xff026c50,Fread_Fut
0xff026c50,Fread_Fut_FW
0xff025084,free
0xff377e5c,FreeMemory
0xff377e5c,FreeMemory_FW
0xff025d74,FreeUncacheableMemory
0xff026d44,Fseek_Fut
0xff026d44,Fseek_Fut_FW
0xff026ca4,Fwrite_Fut
0xff026ca4,Fwrite_Fut_FW
0xff0f5640,get_current_exp
0xff030708,get_fstype
0xff14167c,get_ptp_buf_size
0xff2f8428,get_ptp_file_buf
0xff0a4bec,get_resource_pointer
0xff0233e0,get_self_task_errno_pointer
0x006b1b90,get_self_task_id
0xff213678,get_string_by_id
0x006b21d4,get_task_properties
0xff06d070,GetAdChValue
0xff06d070,GetAdChValue_FW
0xff46955c,GetAdjAFInteg_FW
0xff07cb58,GetAdjDataAreaAddress_FW
0xff07cb60,GetAdjDurianFlagSize_FW
0xff07b6dc,GetAdjTableMapVersion_FW
0xff07b6ec,GetAdjTableValueVersion_FW
0xff07b6a4,GetAdjTableVersion_FW
0xff07cb34,GetAdjustmentOffset_FW
0xff06d068,GetAdVBattBottom_FW
0xff1ad410,GetAEIntegralServiceMode_FW
0xff1ad0ac,GetAEIntegralValueWithFix_FW
0xff1ad404,GetAEIntegValueBit_FW
0xff1acfac,GetAEIntegWinData_FW
0xff1acfc0,GetAEIntegWinDataWithMode_FW
0xff1ad1d0,GetAllAEIntegralAllValueWithFix_FW
0xff2d8314,GetBaseSv
0xff02c3c0,GetBatteryCoverClose_FW
0xff075070,GetBatteryMilliTemperature_FW
0xff074ec4,GetBatteryTemperature
0xff074ec4,GetBatteryTemperature_FW
0xff333d94,GetBatteryVoltage_FW
0xff0a7dcc,GetBuildDate_FW
0xff0a7de0,GetBuildTime_FW
0xff3334cc,GetCameraInformationData_FW
0xff074fec,GetCCDMilliTemperature_FW
0xff074e4c,GetCCDTemperature
0xff074e4c,GetCCDTemperature_FW
0xff46773c,GetCdsGainValue_FW
0xff4678a4,GetCdsPreGainReg_FW
0xff0a8a74,GetCh_FW
0xff0a8118,GetChipVersion_FW
0xff464aa4,GetContinuousMovieJpegVRAMData_FW
0xff46415c,GetContinuousVRAMData_FW
0xff4648d8,GetContinuousVRAMDataWithRingBuffer_FW
0xff1ada00,GetCrawDataAddr_FW
0xff461660,GetCrwImageInfo_FW
0xff4617b0,GetCrwInfoData_FW
0xff332f70,GetCurrentAdjImgDriveType_FW
0xff1ae204,GetCurrentAvCoefficient_FW
0xff08f07c,GetCurrentAvValue
0xff08f07c,GetCurrentAvValue_FW
0xff0ba88c,GetCurrentCaptureModeType_FW
0xff33347c,GetCurrentCcdTemp_FW
0xff4678c4,GetCurrentDriveBaseSvValue_FW
0xff12829c,GetCurrentExposureTime_FW
0xff1da674,GetCurrentFocusLensPosition_FW
0xff1da674,GetCurrentFocusPosition_FW
0xff332f88,GetCurrentImgDrvMode_FW
0xff08f268,GetCurrentIrisPosition_FW
0xff0a39e0,GetCurrentMachineTime
0xff1af26c,GetCurrentMaximumLogSize_FW
0xff33349c,GetCurrentOptTemp_FW
0xff127f10,GetCurrentShutterSpeed
0xff127f10,GetCurrentShutterSpeed_FW
0xff1da60c,GetCurrentTargetDistance_FW
0xff3342a8,GetCurrentZoomLensDirection_FW
0xff1e0350,GetCurrentZoomLensPoint_FW
0xff1e02a0,GetCurrentZoomLensPosition_FW
0xff1e0350,GetCurrentZoomPoint_FW
0xff1e02a0,GetCurrentZoomPosition_FW
0xff36fb10,GetCZFramingAssistAutoHighSpeed_FW
0xff36fb18,GetCZFramingAssistAutoLowSpeed_FW
0xff36fb08,GetCZFramingAssistStillSpeed_FW
0xff36faf8,GetCZMovieDefaultSpeed_FW
0xff36fae0,GetCZMovieHighSpeed_FW
0xff36fae8,GetCZMovieLowSpeed_FW
0xff36faf0,GetCZStillDefaultSpeed_FW
0xff36fad0,GetCZStillHighSpeed_FW
0xff36fad8,GetCZStillLowSpeed_FW
0xff118fa4,GetDarkFixedFocusPosition_FW
0xff1f2394,GetDateAndTime_FW
0xff4651f0,GetDay_FW
0xff082438,GetdccdFilterValue_FW
0xff08239c,GetdccdImage_FW
0xff488264,GetDcmSpeedLog_FW
0xff07c558,GetDCPAdjOffset_FW
0xff2afb28,GetDefectAllResultData_FW
0xff2afaa4,GetDefectCrawInfo_FW
0xff2b02c8,GetDefectErrorInfo_FW
0xff2afcb8,GetDefectHistgramInfo_FW
0xff2afb74,GetDefectPartResultData_FW
0xff2afd7c,GetDefectRecParamForCorrelationTest_FW
0xff2b0210,GetDefectTurnTableParam_FW
0xff2afcf4,GetDefectTvAdj_FW
0xff02c3b0,GetDialEventId_FW
0xff09407c,GetDISModeParameter_FW
0xff373214,GetDISModeParamType_FW
0xff3734ac,GetDisSupportStatus_FW
0xff030790,GetDrive_ClusterSize
0xff030efc,GetDrive_FreeClusters
0xff030ed0,GetDrive_TotalClusters
0xff188e00,GetDriverInfoEvent_FW
0xff46582c,GetEFUSEData_FW
0x006b8390,GetEventFlagValue
0xff462ab4,GetExStrobeID_FW
0xff3195f4,GetFaceAuthBinAddr_FW
0xff3195fc,GetFaceAuthBinSize_FW
0xff0a7df4,GetFirmwareVersion_FW
0xff09421c,GetFixedPWMOutA_FW
0xff094224,GetFixedPWMOutB_FW
0xff1dabb0,GetFocusDefaultResetPosition_FW
0xff1daa9c,GetFocusLensAvCoefficient_FW
0xff370e38,GetFocusLensCarrierFrequency_FW
0xff362810,GetFocusLensCurrentPosition_FW
0xff362814,GetFocusLensCurrentPositionWithMotor_FW
0xff362818,GetFocusLensDriveVoltage_FW
0xff35fd10,GetFocusLensFinalStopSettingTime_FW
0xff3628cc,GetFocusLensGainSlope_FW
0xff362884,GetFocusLensHoldVoltage_FW
0xff36fbec,GetFocusLensIrisCoefficient_FW
0xff370c40,GetFocusLensLoadCamTable_FW
0xff370bc0,GetFocusLensLoadSubjectDistance_FW
0xff370d24,GetFocusLensMoveMaxPosition_FW
0xff370d3c,GetFocusLensMoveMinPosition_FW
0xff370d58,GetFocusLensMoveRangeOfTelePoint_FW
0xff370bb8,GetFocusLensPositionRatio_FW
0xff1da224,GetFocusLensPullInMaxSpeed_FW
0xff361efc,GetFocusLensResetDefaultPosition_FW
0xff361eec,GetFocusLensResetPosition_FW
0xff4890c8,GetFocusLensResetVoltage_FW
0xff1da60c,GetFocusLensSubjectDistance
0xff370b94,GetFocusLensSubjectDistance_FW
0xff370bb0,GetFocusLensSubjectDistanceNumber_FW
0xff1de97c,GetFocusPiSensorLevel_FW
0xff1dab44,GetFocusResetPosition_FW
0xff09044c,GetFocusStartZoomPosition_FW
0xff4619a8,GetFrameRateWithApex_FW
0xff4652f4,GetFromCountOfRom_FW
0xff093d08,GetGyro10BitDACPitch_FW
0xff093d14,GetGyro10BitDACYaw_FW
0xff093ca0,GetGyroDataPitch_FW
0xff093cc8,GetGyroDataYaw_FW
0xff3736ec,GetGyroFilterCharge_FW
0xff46bbf4,GetGyroFilterChargeStatus_FW
0xff093d20,GetGyroHPFINOffsetPitch_FW
0xff093d2c,GetGyroHPFINOffsetYaw_FW
0xff093d38,GetGyroHPFINPitch_FW
0xff093d44,GetGyroHPFINYaw_FW
0xff465218,GetHour_FW
0xff338638,getImageDirName
0xff1b5d60,GetImageFolder
0xff07387c,GetInputAverageLevel_FW
0xff0a7e70,GetInternalFirmwareVersion_FW
0xff08f07c,GetIrisAv_FW
0xff3714b8,GetIrisAvHysteresisOfPosition_FW
0xff08f268,GetIrisCurrentPosition_FW
0xff1dd8ec,GetIrisDriveVoltage_FW
0xff1dd8fc,GetIrisDriveVoltageLow_FW
0xff1dd940,GetIrisHoldVoltage_FW
0xff1ae228,GetIrisPRResetPosition_FW
0xff1dd920,GetIrisSettingWaitVoltage_FW
0xff1dc58c,GetIrisSpecClosePosition_FW
0xff1dc57c,GetIrisSpecOpenPosition_FW
0xff3734b4,GetISCenterDrivebyAxisType_FW
0xff37328c,GetISCenterShiftA_FW
0xff3732a8,GetISCenterShiftB_FW
0xff3730ac,GetISCrossTalkComp_FW
0xff46bc30,GetISCrossTalkCompCoeff_FW
0xff372c00,GetISDriveAaxis_FW
0xff372c20,GetISDriveBaxis_FW
0xff37370c,GetISFirmVersion_FW
0xff46ba5c,GetISGyro10BitDACPitch_FW
0xff46ba64,GetISGyro10BitDACYaw_FW
0xff46ba3c,GetISGyroData_FW
0xff46ba2c,GetISGyroDataPitch_FW
0xff46ba34,GetISGyroDataYaw_FW
0xff37354c,GetISGyroGainAaxis_FW
0xff37356c,GetISGyroGainBaxis_FW
0xff37358c,GetISGyroGainbyAxisType_FW
0xff46ba74,GetISGyroHPFINOffsetPitch_FW
0xff46ba7c,GetISGyroHPFINOffsetYaw_FW
0xff46ba44,GetISGyroHPFINPitch_FW
0xff46ba4c,GetISGyroHPFINYaw_FW
0xff46ba6c,GetISGyroOffset10BitDACData_FW
0xff46ba84,GetISGyroOffsetHPFINData_FW
0xff46bd44,GetISGyroPitchGain_FW
0xff46bd98,GetISGyroYawGain_FW
0xff372f9c,GetISHallAmpFirstGain_FW
0xff46bcfc,GetISHallDevicePitchGain_FW
0xff46bce4,GetISHallDevicePitchOffset_FW
0xff46bd04,GetISHallDeviceYawGain_FW
0xff46bcec,GetISHallDeviceYawOffset_FW
0xff372d14,GetISHallGainAaxis_FW
0xff372d34,GetISHallGainBaxis_FW
0xff372d54,GetISHallGainbyAxisType_FW
0xff372c80,GetISHallOffsetAaxis_FW
0xff372ca0,GetISHallOffsetBaxis_FW
0xff372cc0,GetISHallOffsetbyAxisType_FW
0xff372cf4,GetISHallOffsetDacBitNum_FW
0xff46bdec,GetISHallOffsetDAConvertValue_FW
0xff46b90c,GetISHallOffsetDACValue_FW
0xff372efc,GetISHallOut1Amp_FW
0xff372f20,GetISHallOut2Amp_FW
0xff46ba54,GetISHPFINGyroData_FW
0xff46b8f4,GetISLens1stHallAmpValue_FW
0xff46b92c,GetISLensCorrectedEViAaxis_FW
0xff46b938,GetISLensCorrectedEViBaxis_FW
0xff46b944,GetISLensDampAaxis_FW
0xff46b94c,GetISLensDampBaxis_FW
0xff46bd24,GetISLensDriveValue_FW
0xff46b914,GetISLensEViAaxis_FW
0xff46b920,GetISLensEViBaxis_FW
0xff46bda0,GetISLensGyroGain_FW
0xff46bd0c,GetISLensHallGain_FW
0xff46bcf4,GetISLensHallOffset_FW
0xff46bd3c,GetISLensPositionValue_FW
0xff37375c,GetISParamVersion_FW
0xff46bd14,GetISPitchPWM_FW
0xff372c40,GetISPositionAaxis_FW
0xff372c60,GetISPositionBaxis_FW
0xff093734,GetISPWMFreqData_FW
0xff093734,GetISPWMFrequency_FW
0xff093738,GetISPWMPeriod_FW
0xff46bd2c,GetISShiftLensPitchPosition_FW
0xff46bd34,GetISShiftLensYawPosition_FW
0xff46bd1c,GetISYawPWM_FW
0xff071314,GetKbdState
0xff4656fc,GetLastVBatADLevel_FW
0xff189634,GetLatestHVPosition_FW
0xff02c3b8,GetLcdPosition_FW
0xff1de0c0,GetLensErrorStatus_FW
0xff1af218,GetLogData_FW
0xff1af220,GetLogDataOnlyAddMemory_FW
0xff0ab89c,GetLogicalEventName_FW
0xff0a2094,GetLogToFile_FW
0xff46bbb4,GetLoopGain_FW
0xff373078,GetLoopGainAdjValue_FW
0xff372ffc,GetLoopGainCalcData_FW
0xff46bb58,GetLoopGainCalcData_FW
0xff373818,GetLPFParallelBest_FW
0xff461824,GetLvMagWindowInfo_FW
0xff373a68,GetMacroISAngleAndVelocityA_FW
0xff373a98,GetMacroISAngleAndVelocityB_FW
0xff46bc84,GetMacroISEstimateRadius_FW
0xff46bc8c,GetMacroISEstimateVelocity_FW
0xff3739b0,GetMacroISEstimRadiusA_FW
0xff3739cc,GetMacroISEstimRadiusB_FW
0xff46bc58,GetMacroISGain_FW
0xff3739f8,GetMacroISGainA_FW
0xff373a14,GetMacroISGainB_FW
0xff0490b4,GetMacroSupportZoomPoint_FW
0xff1f1ac4,GetMechaAdjParamData_FW
0xff090458,GetMechaCondition_FW
0xff373734,GetMechaDSPVersion_FW
0xff371a20,GetMechaShutterCloseDacSetting_FW
0xff1dfd3c,GetMechaShutterMoveTime_FW
0xff371a70,GetMechaShutterOpenDacSetting_FW
0xff1dfd64,GetMechaShutterStatus_FW
0xff023450,GetMemInfo
0xff465240,GetMinute_FW
0xff333868,GetModeDialName_FW
0xff3337ac,GetModeDialState_FW
0xff04caac,GetMontblancVSize_FW
0xff4651c4,GetMonth_FW
0xff37348c,GetMoveEdgeWaitTime_FW
0xff04fab0,GetMovieJpegVRAMHPixelsSize_FW
0xff04fabc,GetMovieJpegVRAMVPixelsSize_FW
0xff465dd8,GetMShutterDacValue_FW
0xff465de8,GetMShutterStatus_FW
0xff333c38,GetNFCOptUnitAssemblyAreaData_FW
0xff3339a4,GetNFCSystemAreaData_FW
0xff333b2c,GetNFCUserAreaData_FW
0xff073888,GetNowInputAverageLevel_FW
0x006b87f0,GetNumberOfPostedMessages
0xff4677bc,GetObClampValue_FW
0xff1ad2a0,GetOnlyAEIntegData_FW
0xff0750f4,GetOpticalMilliTemperature_FW
0xff074f3c,GetOpticalTemperature
0xff074f3c,GetOpticalTemperature_FW
0xff20abb8,GetParameterData
0xff46483c,GetPixelsOfViewangle_FW
0xff02c3d0,GetPopupOpen_FW
0xff07cb3c,GetProductID_FW
0xff0a99a8,GetPropertyCase
0xff1f230c,GetPropertyCase_FW
0xff4616ec,GetRawBufferAdd_FW
0xff071690,GetRomID_FW
0xff02c384,GetSDDetect_FW
0xff02c38c,GetSDProtect
0xff02c38c,GetSDProtect_FW
0xff465268,GetSecond_FW
0xff0ab338,GetSelfControllerHandle_FW
0x006b7c00,GetSemaphoreValue
0xff4678bc,GetSensorPreGain_FW
0xff461950,GetShutterSpeedRegularMaxLimit_FW
0xff46196c,GetShutterSpeedRegularMinLimit_FW
0xff3733ec,GetSlowWaitTime_FW
0x006b569c,GetSRAndDisableInterrupt
0xff0a8ac4,GetStringWithPrompt_FW
0xff464058,GetSumYOfVRAMCenterLine_FW
0xff02c318,GetSwitchStatus_FW
0xff377e9c,GetSystemTime
0xff377e9c,GetSystemTime_FW
0xff0826d0,GetTestRecCrawAddress_FW
0xff06f0d8,GetTimeFromRTC
0xff1f1ef0,GetTimeFromRTC_FW
0x006b9360,GetTimeOfSystem_FW
0xff33350c,GetTotalShootCount_FW
0xff335228,GetTransparentMemory_FW
0xff33526c,GetTransparentMemoryPosition_FW
0xff335218,GetTransparentMemorySize_FW
0xff08df44,GetUsableAvRange
0xff1ae15c,GetUsableMaxAv
0xff1ae15c,GetUsableMaxAv_FW
0xff1ae140,GetUsableMinAv
0xff1ae140,GetUsableMinAv_FW
0xff461940,GetUserSetShutterSPeed_FW
0x006b8c70,GetValidSystemCalender
0xff02b14c,GetVBatVoltage_FW
0xff4636e8,GetVideoOutType
0xff4636e8,GetVideoOutType_FW
0xff04fa98,GetVRAMHPixelsSize
0xff04fa98,GetVRAMHPixelsSize_FW
0xff04faa4,GetVRAMVPixelsSize
0xff04faa4,GetVRAMVPixelsSize_FW
0xff2b0280,GetWaitTemperatureDriveType_FW
0xff3733b0,GetWaitTime_FW
0xff33336c,GetWLANEepromNum_FW
0xff3332ac,GetWLANMACAddress_FW
0xff465194,GetYear_FW
0xff366cf0,GetZoomActuatorCurrentPosition_FW
0xff366c54,GetZoomActuatorSpeedPPS_FW
0xff48a570,GetZoomAmpereLimitOffTime_FW
0xff334d1c,GetZoomDefaultCommonDriveParam_FW
0xff334afc,GetZoomDefaultDriveParam_FW
0xff1e108c,GetZoomDrivingTime_FW
0xff1e0350,GetZoomLensCurrentPoint
0xff1e0350,GetZoomLensCurrentPoint_FW
0xff367fec,GetZoomLensCurrentPosition
0xff1e02a0,GetZoomLensCurrentPosition_FW
0xff371e68,GetZoomLensDriveAmpereDac_FW
0xff1e2134,GetZoomLensDriveResetAmpereDac_FW
0xff1e1088,GetZoomLensMechaEdgePosition_FW
0xff1e10b4,GetZoomLensMinimumSpeedMoveLimitTime_FW
0xff333f90,GetZoomLensResetPlus_FW
0xff1e0850,GetZoomLensTelePoint_FW
0xff334cbc,GetZoomNormalDriveParam_FW
0xff1e2230,GetZoomPiChangePosition_FW
0xff1e2000,GetZoomPiDefaultPosition_FW
0xff1de934,GetZoomPiSensorLevel_FW
0xff334c5c,GetZoomResetDriveParam_FW
0xff1e2028,GetZoomResetSensorLevel_FW
0xff371eb0,GetZoomResetWidePosition_FW
0xff371ec8,GetZoomSinkPosition_FW
0xff1e0850,GetZoomTelePoint_FW
0x006b7bb0,GiveSemaphore
0x006b7bb0,GiveSemaphore_FW
0xff0aefe0,GUISrv_StartGUISystem
0xff0aefe0,GUISrv_StartGUISystem_FW
0xff14fc04,handle_PTP_OC_0x902f
0xff158214,handle_PTP_OC_0x9038
0xff158300,handle_PTP_OC_0x9039
0xff1583f4,handle_PTP_OC_0x903a
0xff1584b0,handle_PTP_OC_0x903b
0xff1584f0,handle_PTP_OC_0x904b
0xff157b00,handle_PTP_OC_0x904c
0xff146c60,handle_PTP_OC_0x9050
0xff1461d4,handle_PTP_OC_0x9051
0xff146b88,handle_PTP_OC_0x9052
0xff146a94,handle_PTP_OC_0x9053
0xff146960,handle_PTP_OC_0x9057
0xff146704,handle_PTP_OC_0x9058
0xff1465d0,handle_PTP_OC_0x9059
0xff146458,handle_PTP_OC_0x905a
0xff1462d8,handle_PTP_OC_0x905b
0xff146c60,handle_PTP_OC_0x905c
0xff1461d4,handle_PTP_OC_0x905d
0xff159098,handle_PTP_OC_0x9060
0xff15913c,handle_PTP_OC_0x9062
0xff15af4c,handle_PTP_OC_0x906e
0xff145828,handle_PTP_OC_0x9801
0xff145408,handle_PTP_OC_0x9802
0xff145190,handle_PTP_OC_0x9803
0xff14506c,handle_PTP_OC_0x9804
0xff144b3c,handle_PTP_OC_0x9805
0xff154038,handle_PTP_OC_CANON_ChangeUSBProtocol
0xff152b34,handle_PTP_OC_CANON_CheckEvent
0xff14dd0c,handle_PTP_OC_CANON_EOS_CancelTransfer
0xff14d208,handle_PTP_OC_CANON_EOS_DeleteObject
0xff14dedc,handle_PTP_OC_CANON_EOS_EndGetPartialObjectEx
0xff14d2ac,handle_PTP_OC_CANON_EOS_FormatStore
0xff1486bc,handle_PTP_OC_CANON_EOS_GetCameraSupport
0xff14e00c,handle_PTP_OC_CANON_EOS_GetCTGInfo
0xff148ba0,handle_PTP_OC_CANON_EOS_GetEvent
0xff14d128,handle_PTP_OC_CANON_EOS_GetObjectInfo
0xff14d694,handle_PTP_OC_CANON_EOS_GetObjectInfoEx
0xff14d484,handle_PTP_OC_CANON_EOS_GetPartialObject
0xff14dd5c,handle_PTP_OC_CANON_EOS_GetPartialObjectEx
0xff14ce38,handle_PTP_OC_CANON_EOS_GetStorageIDs
0xff14cf30,handle_PTP_OC_CANON_EOS_GetStorageInfo
0xff14d970,handle_PTP_OC_CANON_EOS_GetThumbEx
0xff14ff30,handle_PTP_OC_CANON_EOS_GetViewFinderData
0xff14cbbc,handle_PTP_OC_CANON_EOS_KeepDeviceOn
0xff14e43c,handle_PTP_OC_CANON_EOS_NotifyEstimateNumberofImport
0xff14e7d4,handle_PTP_OC_CANON_EOS_NotifyFinish
0xff14e4bc,handle_PTP_OC_CANON_EOS_NotifyNumberofImported
0xff14e56c,handle_PTP_OC_CANON_EOS_NotifySizeOfPartialDataTransfer
0xff14866c,handle_PTP_OC_CANON_EOS_PCHDDCapacity
0xff14fe98,handle_PTP_OC_CANON_EOS_RemoteReleaseOff
0xff14fd30,handle_PTP_OC_CANON_EOS_RemoteReleaseOn
0xff148970,handle_PTP_OC_CANON_EOS_RequestDevicePropValue
0xff14eaa0,handle_PTP_OC_CANON_EOS_RequestInnerDevelopEnd
0xff14e8a0,handle_PTP_OC_CANON_EOS_RequestInnerDevelopStart
0xff14cb6c,handle_PTP_OC_CANON_EOS_ResetUILock
0xff1487d4,handle_PTP_OC_CANON_EOS_SetDevicePropValueEx
0xff14ca3c,handle_PTP_OC_CANON_EOS_SetEventMode
0xff14dc08,handle_PTP_OC_CANON_EOS_SetObjectAttributes
0xff14e39c,handle_PTP_OC_CANON_EOS_SetRating
0xff14fc7c,handle_PTP_OC_CANON_EOS_SetRemoteMode
0xff14cc0c,handle_PTP_OC_CANON_EOS_SetRequestOLCInfoGroup
0xff14cb1c,handle_PTP_OC_CANON_EOS_SetUILock
0xff14dcbc,handle_PTP_OC_CANON_EOS_TransferComplete
0xff14eb64,handle_PTP_OC_CANON_GetGpsMobilelinkObjectInfo
0xff157674,handle_PTP_OC_CANON_GetObjectAttributes
0xff157df8,handle_PTP_OC_CANON_GetObjectHandleByName
0xff158980,handle_PTP_OC_CANON_GetObjectInfoEx
0xff1573c4,handle_PTP_OC_CANON_GetPartialObjectEx
0xff157148,handle_PTP_OC_CANON_GetPartialObjectInfo
0xff15ae28,handle_PTP_OC_CANON_GetRootCertificateData
0xff15ad74,handle_PTP_OC_CANON_GetRootCertificateSpec
0xff14ed98,handle_PTP_OC_CANON_SendGpsTagInfo
0xff158c68,handle_PTP_OC_CANON_SendObjectByPath
0xff1577a4,handle_PTP_OC_CANON_SendObjectInfoByPath
0xff158ea8,handle_PTP_OC_CANON_SendPartialObject
0xff157710,handle_PTP_OC_CANON_SetObjectArchive
0xff157f34,handle_PTP_OC_CANON_SetObjectTime
0xff15b0ac,handle_PTP_OC_CANON_SetRootCertificateData
0xff053898,handle_PTP_OC_CloseSession
0xff157fac,handle_PTP_OC_DeleteObject
0xff158124,handle_PTP_OC_FormatStore
0xff152160,handle_PTP_OC_GetDevicePropDesc
0xff152040,handle_PTP_OC_GetDevicePropValue
0xff158684,handle_PTP_OC_GetNumObjects
0xff156bc0,handle_PTP_OC_GetObject
0xff158774,handle_PTP_OC_GetObjectHandles
0xff157068,handle_PTP_OC_GetObjectInfo
0xff156e18,handle_PTP_OC_GetPartialObject
0xff1561c8,handle_PTP_OC_GetStorageIDs
0xff1562c0,handle_PTP_OC_GetStorageInfo
0xff156d48,handle_PTP_OC_GetThumb
0xff05394c,handle_PTP_OC_OpenSession
0xff151c70,handle_PTP_OC_ResetDevicePropValue
0xff158c68,handle_PTP_OC_SendObject
0xff1577a4,handle_PTP_OC_SendObjectInfo
0xff151ec0,handle_PTP_OC_SetDevicePropValue
0xff156fc4,handle_PTP_OC_SetObjectProtection
0xff037ee8,HardwareDefect_FW
0xff46b5e0,HitISLensAgainstBottomEdge_FW
0xff46b5f8,HitISLensAgainstLeftEdge_FW
0xff46b610,HitISLensAgainstRightEdge_FW
0xff46b5c8,HitISLensAgainstTopEdge_FW
0xff46b628,HitISLensToMechaEdge_FW
0xff46b9b0,HitISMechaEdgeInOpenControl_FW
0xff1f9b7c,HwOcReadICAPCounter
0xff0201e4,icache_disable_and_flush
0xff0201bc,icache_flush_and_enable
0xff020384,icache_flush_range
0xff04ac70,ImagerActivate
0xff1af23c,InactivateAdjLog_FW
0xff1f312c,InitializeAdjustmentFunction_FW
0xff1f30bc,InitializeAdjustmentSystem_FW
0xff081968,Initializedccd_FW
0xff2b0194,InitializeDefectRec_FW
0xff081968,InitializeDigicon_FW
0xff3359a0,InitializeFAExtendFile_FW
0xff335978,InitializeFAGeneralTest_FW
0xff465e54,InitializeMechaDevice_FW
0xff36943c,InitializeMechaUnitExeTest_FW
0xff3338d4,InitializeNFCAdjustment_FW
0xff1727d0,InitializePTPIPTransportResponder_FW
0xff33372c,InitializeSoundDevForRecEvent_FW
0xff3357c8,InitializeSoundRec_FW
0xff080e94,InitializeTestRec_FW
0xff059480,InitializeWLAN_FW
0xff373b40,ISActive_FW
0xff467a54,IsAdjCdsMode_FW
0xff372aac,ISAutoCenter_FW
0xff36fb00,IsAvailableCZSpeed_FW
0xff07522c,IsBatteryTemperature_FW
0xff0751f8,IsCCDTemperature_FW
0xff372af0,ISChangeOPENtoCLOSE_FW
0xff0abfa0,IsControlEventActive_FW
0xff37379c,ISControlStart_FW
0xff3737ac,ISControlStop_FW
0xff02d5e4,IsDUIDFixFlag_FW
0xff4637c4,IsEVFDrive_FW
0xff463d8c,IsEvfDriveMode_FW
0xff462ac4,IsExStrobeChargeComp_FW
0xff02c97c,IsFAConnectUSB_FW
0xff02d564,IsFactoryMode_FW
0xff02c970,IsFAWLANRunning_FW
0xff373300,ISFixedPWMOFF_FW
0xff3732ec,ISFixedPWMON_FW
0xff1dab20,IsFocusLensOutSidePosition_FW
0xff02c3c8,IsHvSensorExist_FW
0xff092cc8,ISInitMotion_FW
0x006b8c90,IsInvalidTime
0xff090428,IsLensOutside_FW
0xff1af260,IsLogOutType_FW
0xff372f44,ISMDStart_FW
0xff372f54,ISMDStop_FW
0xff373b18,ISMemoryWrite_FW
0xff02d538,IsMountLens_FW
0xff372ad4,ISMoveToMechaEdgeOPEN_FW
0xff02d62c,IsNormalCameraMode_FW
0xff319604,IsOKFaceAuthBinFile_FW
0xff0751c4,IsOpticalTemperature_FW
0xff3737bc,ISPanModeStart_FW
0xff3737cc,ISPanModeStop_FW
0xff0a20b8,IsRomLogAvailable_FW
0xff33387c,IsSDDetect_FW
0xff0da8f0,IsStrobeChargeCompleted
0xff1e2508,IsUnitFirmMode_FW
0xff366414,IsZoomActuatorResetSensorPlusSide_FW
0xff1e0c68,IsZoomLensOutSidePosition_FW
0xff1aca70,j_AbortAEIntegralValue_FW
0xff1f1e04,j_BeepDrive_FW
0xff1f1e08,j_BeepDriveComp_FW
0xff4617ac,j_ClearImageDrive_FW
0xff333c90,j_ClearNFCOptUnitAssemblyAreaData_FW
0xff3338e0,j_ClearNFCSystemArea_FW
0xff07c058,j_CreateUserSettingMirror_FW
0xff11ca04,j_E2LatOn_FW
0xff2b8964,j_EF.GetAdjustPreSvOffset_FW
0xff2b8968,j_EF.GetEFModExamDriveType_FW
0xff2b8a74,j_EF.IsChargeFull_FW
0xff2b896c,j_EF.IsIrisTypeKosaiShibori_FW
0xff1f24bc,j_exec_FW
0xff082788,j_Executedccd_FW
0xff082784,j_ExecuteDigicon_FW
0xff177330,j_ExecuteShutDownPropertyService_FW
0xff027a5c,j_ExMem.AllocCacheable_FW
0xff027a54,j_ExMem.AllocUncacheable_FW
0xff027a60,j_ExMem.FreeCacheable_FW
0xff027a58,j_ExMem.FreeUncacheable_FW
0xff027a50,j_ExMem.View_FW
0xff1f1e00,j_GetAdChValue_FW
0xff07b6d8,j_GetAdjTableVersion_FW
0xff1f1dfc,j_GetAdVBattBottom_FW
0xff1acfbc,j_GetAEIntegWinData_FW
0xff11c058,j_GetBaseSv
0xff1f1ee4,j_GetBatteryCoverClose_FW
0xff075290,j_GetBatteryMilliTemperature_FW
0xff075284,j_GetBatteryTemperature_FW
0xff333db4,j_GetBatteryVoltage_FW
0xff333508,j_GetCameraInformationData_FW
0xff07528c,j_GetCCDMilliTemperature_FW
0xff075280,j_GetCCDTemperature_FW
0xff46780c,j_GetCdsGainValue_FW
0xff1ae21c,j_GetCurrentAvCoefficient_FW
0xff1adecc,j_GetCurrentAvValue_FW
0xff333498,j_GetCurrentCcdTemp_FW
0xff4678e4,j_GetCurrentDriveBaseSvValue_FW
0xff461854,j_GetCurrentExposureTime_FW
0xff467b78,j_GetCurrentFocusLensPosition_FW
0xff467b78,j_GetCurrentFocusPosition_FW
0xff1ae17c,j_GetCurrentIrisPosition_FW
0xff3334c8,j_GetCurrentOptTemp_FW
0xff461860,j_GetCurrentShutterSpeed_FW
0xff467b1c,j_GetCurrentTargetDistance_FW
0xff3342c4,j_GetCurrentZoomLensDirection_FW
0xff3342a4,j_GetCurrentZoomLensPoint_FW
0xff33429c,j_GetCurrentZoomLensPosition_FW
0xff3342a4,j_GetCurrentZoomPoint_FW
0xff33429c,j_GetCurrentZoomPosition_FW
0xff082790,j_GetdccdFilterValue_FW
0xff08278c,j_GetdccdImage_FW
0xff465814,j_GetDCPAdjOffset_FW
0xff1f1edc,j_GetDialEventId_FW
0xff46bc08,j_GetDISModeParameter_FW
0xff1f1eec,j_GetDriverInfoEvent_FW
0xff465840,j_GetEFUSEData_FW
0xff37334c,j_GetFixedPWMOutA_FW
0xff373350,j_GetFixedPWMOutB_FW
0xff467b0c,j_GetFocusDefaultResetPosition_FW
0xff370fbc,j_GetFocusLensAvCoefficient_FW
0xff370b84,j_GetFocusLensCurrentPosition_FW
0xff370b88,j_GetFocusLensCurrentPositionWithMotor_FW
0xff370c6c,j_GetFocusLensDriveVoltage_FW
0xff3710d8,j_GetFocusLensFinalStopSettingTime_FW
0xff370ce8,j_GetFocusLensGainSlope_FW
0xff370ca8,j_GetFocusLensHoldVoltage_FW
0xff370d54,j_GetFocusLensPullInMaxSpeed_FW
0xff370b90,j_GetFocusLensResetDefaultPosition_FW
0xff370b8c,j_GetFocusLensResetPosition_FW
0xff370ce4,j_GetFocusLensResetVoltage_FW
0xff3717f4,j_GetFocusPiSensorLevel_FW
0xff467b14,j_GetFocusResetPosition_FW
0xff3715b4,j_GetFocusStartZoomPosition_FW
0xff373600,j_GetGyro10BitDACPitch_FW
0xff373604,j_GetGyro10BitDACYaw_FW
0xff3735c0,j_GetGyroDataPitch_FW
0xff3735c4,j_GetGyroDataYaw_FW
0xff373640,j_GetGyroHPFINOffsetPitch_FW
0xff373644,j_GetGyroHPFINOffsetYaw_FW
0xff373648,j_GetGyroHPFINPitch_FW
0xff37364c,j_GetGyroHPFINYaw_FW
0xff3712a4,j_GetIrisAv_FW
0xff3712a8,j_GetIrisCurrentPosition_FW
0xff3713a8,j_GetIrisDriveVoltage_FW
0xff3713c0,j_GetIrisDriveVoltageLow_FW
0xff3713f0,j_GetIrisHoldVoltage_FW
0xff3713d8,j_GetIrisSettingWaitVoltage_FW
0xff3713a4,j_GetIrisSpecClosePosition_FW
0xff3713a0,j_GetIrisSpecOpenPosition_FW
0xff46be08,j_GetISPWMFreqData_FW
0xff37337c,j_GetISPWMFrequency_FW
0xff373380,j_GetISPWMPeriod_FW
0xff1f1ee0,j_GetLcdPosition_FW
0xff3715b0,j_GetLensErrorStatus_FW
0xff118f80,j_GetMacroSupportZoomPoint_FW
0xff37167c,j_GetMechaCondition_FW
0xff371abc,j_GetMechaShutterMoveTime_FW
0xff371ab8,j_GetMechaShutterStatus_FW
0xff464970,j_GetMovieJpegVRAMHPixelsSize_FW
0xff464978,j_GetMovieJpegVRAMVPixelsSize_FW
0xff465dec,j_GetMShutterStatus_FW
0xff4677dc,j_GetObClampValue_FW
0xff075288,j_GetOpticalMilliTemperature_FW
0xff07527c,j_GetOpticalTemperature_FW
0xff1f1f10,j_GetPopupOpen_FW
0xff1f1ec4,j_GetSDDetect_FW
0xff1f1ec8,j_GetSDProtect_FW
0xff461968,j_GetShutterSpeedRegularMaxLimit_FW
0xff461984,j_GetShutterSpeedRegularMinLimit_FW
0xff1f1eb0,j_GetSwitchStatus_FW
0xff3335d4,j_GetTotalShootCount_FW
0xff1ae174,j_GetUsableMaxAv_FW
0xff1ae158,j_GetUsableMinAv_FW
0xff465704,j_GetVBatVoltage_FW
0xff463770,j_GetVideoOutType_FW
0xff4640c4,j_GetVRAMHPixelsSize_FW
0xff4640cc,j_GetVRAMVPixelsSize_FW
0xff366c60,j_GetZoomActuatorCurrentPosition_FW
0xff371f8c,j_GetZoomAmpereLimitOffTime_FW
0xff3343d8,j_GetZoomDrivingTime_FW
0xff371f30,j_GetZoomLensCurrentPoint_FW
0xff371f34,j_GetZoomLensCurrentPosition_FW
0xff371e90,j_GetZoomLensDriveResetAmpereDac_FW
0xff371f3c,j_GetZoomLensMechaEdgePosition_FW
0xff371fa4,j_GetZoomLensMinimumSpeedMoveLimitTime_FW
0xff334e08,j_GetZoomLensResetPlus_FW
0xff371f38,j_GetZoomLensTelePoint_FW
0xff3350a8,j_GetZoomPiChangePosition_FW
0xff3350a4,j_GetZoomPiDefaultPosition_FW
0xff371818,j_GetZoomPiSensorLevel_FW
0xff334398,j_GetZoomResetSensorLevel_FW
0xff334390,j_GetZoomTelePoint_FW
0xff08277c,j_Initializedccd_FW
0xff08277c,j_InitializeDigicon_FW
0xff1f1974,j_InitializeMechaUnitExeTest_FW
0xff335844,j_InitializeSoundRec_FW
0xff082530,j_InitializeTestRec_FW
0xff3330d4,j_InitializeWLAN_FW
0xff07529c,j_IsBatteryTemperature_FW
0xff075298,j_IsCCDTemperature_FW
0xff4637ec,j_IsEVFDrive_FW
0xff4680ac,j_IsFocusLensOutSidePosition_FW
0xff1f1ee8,j_IsHvSensorExist_FW
0xff3715ac,j_IsLensOutside_FW
0xff075294,j_IsOpticalTemperature_FW
0xff3338cc,j_IsSDDetect_FW
0xff1f197c,j_IsUnitFirmMode_FW
0xff366c64,j_IsZoomActuatorResetSensorPlusSide_FW
0xff334778,j_IsZoomLensOutSidePosition_FW
0xff11dbe0,j_j_GetBaseSv
0xff33328c,j_LeaveWLANNetwork_FW
0xff2dd79c,j_LiveImageTool.GetDzoomPosition_FW
0xff1ae8bc,j_LoadDUIDCheckSum_FW
0xff465608,j_LoadFactoryNumber_FW
0xff4656f0,j_LoadSerialNumber_FW
0xff1f2440,j_MemoryChecker_FW
0xff1f243c,j_MonSelEvent_FW
0xff027a4c,j_NewTaskShell_FW
0xff035db0,j_OpLog.WriteToROM_FW
0xff1f24a4,j_Peek16_FW
0xff1f24a0,j_Peek32_FW
0xff1f24a8,j_Peek8_FW
0xff1f2438,j_Printf_FW
0xff0adcbc,j_PTM_AllReset_FW
0xff0ae20c,j_PTM_BackupUIProperty_FW
0xff0ae158,j_PTM_GetWorkingCaptureMode_FW
0xff0ae1ec,j_PTM_IsEnableItem_FW
0xff0ae1d4,j_PTM_NextItem_FW
0xff0ae1d8,j_PTM_PrevItem_FW
0xff0ae15c,j_PTM_SetCurrentItem_FW
0xff0ae1f4,j_PTM_SetProprietyEnable_FW
0xff0279cc,j_PutsCameraLogEvent_FW
0xff0274c8,j_Read_FW
0xff462d6c,j_RegistColorMatrix_FW
0xff46590c,j_RegistFirmVer_FW
0xff465de4,j_ReloadMechaShutterAdjustment_FW
0xff333928,j_ResetNFCSystemArea_FW
0xff1f2448,j_SDump_FW
0xff0279c0,j_ShowCameraLog_FW
0xff0279c4,j_ShowCameraLogInfo_FW
0xff1f2ff0,j_SS.GetDigitalZoomPosition_FW
0xff0279bc,j_StartCameraLog_FW
0xff372ad0,j_StartISLocalAutoCenter_FW
0xff372acc,j_StartISLocalHallAdjust_FW
0xff1ad57c,j_StopAEIntegralService_FW
0xff0279c8,j_StopCameraLog_FW
0xff024f00,j_strcmp_FW
0xff082780,j_Terminatedccd_FW
0xff082780,j_TerminateDigicon_FW
0xff1f1978,j_TerminateMechaUnitExeTest_FW
0xff335848,j_TerminateSoundRec_FW
0xff082534,j_TerminateTestRec_FW
0xff3330d8,j_TerminateWLAN_FW
0xff20b5e4,j_UIFS_CancelStoreLensTimer_FW
0xff20b1e4,j_UIFS_Capture_FW
0xff20b1e8,j_UIFS_CaptureNoneStop_FW
0xff20b21c,j_UIFS_GetMovieRecoadableNumber_FW
0xff20b5d8,j_UIFS_GetNumberOfDisplayedImage_FW
0xff20b1a0,j_UIFS_GetNumOfOptZoomPos_FW
0xff20b220,j_UIFS_GetStillShotableNumber_FW
0xff20b5a0,j_UIFS_IsAvailableShots_FW
0xff20b198,j_UIFS_MoveZoomTo_FW
0xff20b19c,j_UIFS_MoveZoomToPositionWithTaskSwCtrlServ_FW
0xff20b5dc,j_UIFS_PlayTrimExecuteAllImageSize_FW
0xff20b5d4,j_UIFS_StartMoviePlay_FW
0xff20b1ec,j_UIFS_StartMovieRecord_FW
0xff20b1f0,j_UIFS_StopMovieRecord_FW
0xff20b5e0,j_UIFS_WirelessExecuteSendForever_FW
0xff20b218,j_UIFS_WriteFirmInfoToFile_FW
0xff1f1e18,j_VbattGet_FW
0xff1f2444,j_VerifyByte_FW
0xff0274cc,j_Write_FW
0xff07c120,j_WRITEADJTABLETOFROM_FW
0xff333cf4,j_WriteNFCSystemAreaForOptUnitAssembly_FW
0xff3338fc,j_WriteNFCUserArea_FW
0xff333104,JoinWLANNetwork_FW
0xff02c42c,kbd_p1_f
0xff02c438,kbd_p1_f_cont
0xff02bae8,kbd_p2_f
0xff02c3dc,kbd_read_keys
0xff070bac,kbd_read_keys_r2
0xff186268,LcdCon_GetLcdAdjParameter_FW
0xff185e60,LcdCon_GetLcdBackLightParameter_FW
0xff1864a4,LcdCon_GetLcdParameter_FW
0xff1862f8,LcdCon_SaveLcdAdjParameter_FW
0xff185eec,LcdCon_SaveLcdBackLightParameter_FW
0xff186534,LcdCon_SaveLcdParameter_FW
0xff1861a4,LcdCon_SetLcdAdjParameter_FW
0xff185dc4,LcdCon_SetLcdBackLightBrightness_FW
0xff185dfc,LcdCon_SetLcdBackLightParameter_FW
0xff186130,LcdCon_SetLcdDriver_FW
0xff186314,LcdCon_SetLcdParameter_FW
0xff1862b8,LcdCon_ShowLcdAdjParameter_FW
0xff185eac,LcdCon_ShowLcdBackLightParameter_FW
0xff1864f4,LcdCon_ShowLcdParameter_FW
0xff26a5b0,LCDMsg_ChangeColor_FW
0xff26a7e4,LCDMsg_Create_FW
0xff26a694,LCDMsg_Delete_FW
0xff26a470,LCDMsg_Move_FW
0xff26a524,LCDMsg_MoveRatio_FW
0xff26a318,LCDMsg_SetNum_FW
0xff26a1d0,LCDMsg_SetStr_FW
0xff26a3ec,LCDMsg_SwDisp_FW
0xff26ac50,LCDRect_ChangeColor_FW
0xff26ae30,LCDRect_Create_FW
0xff26af14,LCDRect_Delete_FW
0xff26a8ec,LCDRect_Move_FW
0xff26a9b8,LCDRect_MoveRatio_FW
0xff26aaac,LCDRect_Resize_FW
0xff26ab60,LCDRect_ResizeRatio_FW
0xff26ad24,LCDRect_SwDisp_FW
0xff059570,LeaveWLANNetwork_FW
0xff1f1e1c,LEDDrive
0xff1f1e1c,LEDDrive_FW
0xff2af5c8,LineDefDetect_FW
0xff2af698,LineKizuCheck_FW
0xff2dd764,LiveImageTool.ChangeDzoom_FW
0xff2dd7bc,LiveImageTool.Dister_FW
0xff2dd704,LiveImageTool.DzoomTele_FW
0xff2dd724,LiveImageTool.DzoomWide_FW
0xff04f66c,LiveImageTool.GetDzoomPosition_FW
0xff2dd7a0,LiveImageTool.Jump_FW
0xff2dd754,LiveImageTool.Pause_FW
0xff2dd75c,LiveImageTool.Resume_FW
0xff2dd5f8,LiveImageTool.StartEVF_FW
0xff2dd604,LiveImageTool.StartEVFFocusJet_FW
0xff2dd610,LiveImageTool.StartEVFMF_FW
0xff2dd630,LiveImageTool.StartEVFMovFULLHD30P_FW
0xff2dd644,LiveImageTool.StartEVFMovFULLHD60P_FW
0xff2dd61c,LiveImageTool.StartEVFMovFULLHD_FW
0xff2dd66c,LiveImageTool.StartEVFMovHD60P_FW
0xff2dd658,LiveImageTool.StartEVFMovHD_FW
0xff2dd680,LiveImageTool.StartEVFMovQVGA_FW
0xff2dd694,LiveImageTool.StartEVFMovQVGA_HS_FW
0xff2dd69c,LiveImageTool.StartEVFMovVGA_FW
0xff2dd6b0,LiveImageTool.StartEVFMovVGA_HS_FW
0xff2dd744,LiveImageTool.StopDzoom_FW
0xff2dd6c4,LiveImageTool.StopEVF_FW
0xff07b7a0,LoadAdjustmentTable_FW
0xff07bc08,LoadAdjustmentValue_FW
0xff1ae374,LoadDataFromAdjTableBin_FW
0xff07b7b0,LoadDefectAdjTable_FW
0xff1ae8a0,LoadDUID_FW
0xff1ae868,LoadDUIDCheckSum_FW
0xff1ae8dc,LoadFactoryAdjData_FW
0xff1ae938,LoadFactoryIDData_FW
0xff465528,LoadFactoryNumber_FW
0xff1ae908,LoadHistoryAdjData_FW
0xff1ae274,LoadParamDataFromAdjTableBin_FW
0xff0a4fb4,LoadScript_FW
0xff46560c,LoadSerialNumber_FW
0x006b9ad8,LocalTime
0xff0ac4b4,LockMainPower
0xff0ac4b4,LockMainPower_FW
0xff035740,LogCameraEvent
0xff02752c,Lseek
0xff02752c,lseek
0xff02752c,Lseek_FW
0xff377fe0,MakeBootDisk_FW
0xff2b01c0,MakeDefectTurnTable_FW
0xff377ff4,MakeScriptDisk_FW
0xff031404,MakeSDCardBootable
0xff02502c,malloc
0xff037fcc,malloc_strictly
0xff2afcec,MarkPointDefData_FW
0xff1f19dc,Mecha.Create_FW
0xff373ac8,MechaCPUMemoryDump_FW
0xff373aec,MechaCPUMemoryWrite_FW
0xff1f1a50,MechaReset_FW
0xff1f1a5c,MechaTerminate_FW
0xff1f1980,MechaUnRegisterEventProcedure_FW
0xff024e04,memcmp
0xff024e04,memcmp_FW
0xff0c1dec,memcpy
0xff0c1dec,memcpy_FW
0xff376e88,MemoryChecker_FW
0xff2a5a00,memset
0xff2a5a00,memset_FW
0xff020b34,memShow_FW
0xff033080,MenuIn
0xff0330f4,MenuOut
0xff2af1b0,MergeAndConvertDefect_FW
0xff2af898,MixPixDetect_FW
0xff0277ac,mkdir
0xff0c157c,mktime_ext
0xff1f2378,mod_FW
0xff377f1c,MonSelEvent_FW
0xff334904,MoveComputerZoomToPoint_FW
0xff334944,MoveComputerZoomToPointWithSpeed_FW
0xff0ab1f8,MoveControllerToTopOfZOrder_FW
0xff08d580,MoveCzPeakPositon_FW
0xff36f9cc,MoveCZToPoint_FW
0xff36fa6c,MoveCZToPointByOVF_FW
0xff36fa3c,MoveCZToTele_FW
0xff36fa0c,MoveCZToWide_FW
0xff48842c,MoveDCMotorCCW_FW
0xff4883ac,MoveDCMotorCW_FW
0xff370518,MoveFocusActuator_FW
0xff467ec4,MoveFocusDistance_FW
0xff370e90,MoveFocusLensChangeCarrierFrequency_FW
0xff467ec4,MoveFocusLensToDistance
0xff467ec4,MoveFocusLensToDistance_FW
0xff467da8,MoveFocusLensToPosition_FW
0xff467c90,MoveFocusLensToPositionWithMaxSpeed_FW
0xff467cd8,MoveFocusLensToPositionWithSpeed_FW
0xff36fce0,MoveFocusLensToTerminate_FW
0xff467ba8,MoveFocusLensToTerminatePosition_FW
0xff36fd3c,MoveFocusLensToTerminateWithKeepExciting_FW
0xff37036c,MoveFocusLensTowardPosition_FW
0xff36fd98,MoveFocusLensWithDistance_FW
0xff36ffdc,MoveFocusLensWithFinalPosition_FW
0xff3701e4,MoveFocusLensWithFinalPositionWithNonStepOutWithoutBacklash_FW
0xff3702a8,MoveFocusLensWithFinalPositionWithoutBacklash_FW
0xff36fe54,MoveFocusLensWithPosition_FW
0xff3700ac,MoveFocusLensWithPositionImmediateReturn_FW
0xff370430,MoveFocusLensWithPositionWithCompBacklash_FW
0xff36ff18,MoveFocusLensWithPositionWithNonStepOut_FW
0xff370120,MoveFocusLensWithPositionWithoutBacklash_FW
0xff467df8,MoveFocusPosition_FW
0xff467ba8,MoveFocusToTerminate_FW
0xff1adfcc,MoveIrisFullClose_FW
0xff1adf94,MoveIrisFullOpen_FW
0xff1ae074,MoveIrisMechaPositionWithBacklash_FW
0xff1ae0b4,MoveIrisMechaPositionWithoutBacklash_FW
0xff1ade7c,MoveIrisToAv_FW
0xff1ae0f4,MoveIrisToAvWithoutBacklash_FW
0xff37127c,MoveIrisToFullClose_FW
0xff371254,MoveIrisToFullOpen_FW
0xff3711f8,MoveIrisToPositionWithBacklash_FW
0xff3712e0,MoveIrisToPositionWithoutBacklash_FW
0xff371158,MoveIrisToStandbyPosition_FW
0xff37122c,MoveIrisToTerminatePosition_FW
0xff371180,MoveIrisWithAv
0xff371180,MoveIrisWithAv_FW
0xff371430,MoveIrisWithAvAndAvSpeed_FW
0xff371474,MoveIrisWithAvAndAvSpeedWithoutBacklash_FW
0xff3711b4,MoveIrisWithAvAndSpeed_FW
0xff371314,MoveIrisWithAvAndSpeedWithoutBacklash_FW
0xff3712ac,MoveIrisWithAvWithoutBacklash_FW
0xff1ae03c,MoveIrisWithTerminatePosition_FW
0xff46b670,MoveISLensToBottomLimitPosition_FW
0xff46bddc,MoveISLensToCentralPosition_FW
0xff46b658,MoveISLensToLeftLimitPosition_FW
0xff46b6a0,MoveISLensToLimitPosition_FW
0xff46b640,MoveISLensToRightLimitPosition_FW
0xff46b688,MoveISLensToTopLimitPosition_FW
0xff371524,MoveLensToFirstPoint_FW
0xff371574,MoveLensToTerminatePoint_FW
0xff031f38,MoveOpticalZoomAt
0xff366bec,MoveZoomActuator_FW
0xff371dd0,MoveZoomLensToMechaEdge_FW
0xff334ea4,MoveZoomLensToMechaEnd_FW
0xff3348c4,MoveZoomLensToPoint_FW
0xff334884,MoveZoomLensToPosition_FW
0xff334fb0,MoveZoomLensToPositionByManual_FW
0xff371d58,MoveZoomLensToTerminatePosition_FW
0xff371c4c,MoveZoomLensWithPoint
0xff371c4c,MoveZoomLensWithPoint_FW
0xff371c98,MoveZoomLensWithPointImmediateReturn_FW
0xff371ce8,MoveZoomLensWithPosition_FW
0xff372018,MoveZoomLensWithPositionAndSpeedChange_FW
0xff371d34,MoveZoomLensWithPositionStart_FW
0xff3348c4,MoveZoomPoint_FW
0xff334884,MoveZoomPosition_FW
0xff0fbec8,MovieAF.Resume_FW
0xff0fbeb4,MovieAF.Suspend_FW
0xff0375e4,NewTaskShell
0xff037644,NewTaskShell_FW
0xff051364,NFCEvt.Create_FW
0xff0512d0,NFCEvt.IsNfcStart_FW
0xff46bcd4,NotifyISMacroDistance_FW
0xff2ae100,NR_SetDarkSubType
0xff1f3b3c,NR_SetDoubleNRType_FW
0xff2ae100,NRTBL.SetDarkSubType_FW
0xff2ae11c,NRTBL.SetDefectCorrectType_FW
0xff2ae138,NRTBL.SetTassenType_FW
0xff1f1ea0,OffPrintPhySw_FW
0xff462588,OneShotWhigeBalance_FW
0xff462588,OneTypeWhiteBalance_FW
0xff1f1e90,OnPrintPhySw_FW
0xff0271b4,Open
0xff0271b4,Open_FW
0xff0a8b64,OpenConsole_FW
0xff3536a0,OpenFastDir
0xff02754c,OpenForScrip_FW
0xff371998,OpenMechaShutter_FW
0xff465d88,OpenMShutter_FW
0xff0279d0,OpLog.Create_FW
0xff0367d4,OpLog.Get_FW
0xff0367f4,OpLog.GetUsrSet_FW
0xff0368b4,OpLog.Play_FW
0xff035de4,OpLog.ReadFromROM_FW
0xff035e4c,OpLog.ReadFromSD_FW
0xff036acc,OpLog.Start_FW
0xff035d54,OpLog.Stop_FW
0xff036bb8,OpLog.Terminate_FW
0xff035d80,OpLog.WriteToROM_FW
0xff036284,OpLog.WriteToSD_FW
0xff0752a0,OpticalMilliTempCheck_FW
0xff1aedd8,OutputLogToFile_FW
0x006b8ca8,PauseTimeOfSystem
0xff05c610,PB2Rec
0xff377e8c,Peek16_FW
0xff377e84,Peek32_FW
0xff377e94,Peek8_FW
0xff33327c,PingWLANNetwork_FW
0xff2aefdc,PointDefDetect_FW
0xff2af430,PointKizuCheck_FW
0xff1f2480,Poke16_FW
0xff1f2470,Poke32_FW
0xff1f2490,Poke8_FW
0xff0abb2c,PostEventShootSeqToUI_FW
0xff0ab8f8,PostLogicalEventForNotPowerType
0xff0ab8f8,PostLogicalEventForNotPowerType_FW
0xff0ab950,PostLogicalEventToUI
0xff0ab950,PostLogicalEventToUI_FW
0x006b86d8,PostMessageQueue
0x006b7e04,PostMessageQueueStrictly
0xff463250,PreFixAE_FW
0xff07c05c,PrintAdjKabotanInfo_FW
0xff07bc2c,PrintAdjTableMap_FW
0xff1abf70,PrintAllAEIntegData_FW
0xff0a7dd4,PrintBuildDate_FW
0xff0a7de8,PrintBuildTime_FW
0xff0a4fa4,Printf_FW
0xff1aeb2c,PrintFaexeVersioin_FW
0xff1aeaf8,PrintFirmVersion_FW
0xff0a7dfc,PrintFirmwareVersion_FW
0xff0a7e78,PrintInternalFirmwareVersion_FW
0xff46aa6c,PrintMultiWinScanTable_FW
0xff46a820,PrintScanTable_FW
0xff1f2fb4,PT_MoveDigitalZoomToWide
0xff1f2f84,PT_MoveOpticalZoomAt
0xff0bda14,PT_PlaySound
0xff209d28,PTM_AllReset_FW
0xff0adcac,PTM_AllResetToFactorySetting_FW
0xff20ab1c,PTM_BackupUIProperty_FW
0xff0ae168,PTM_GetCurrentItem
0xff0ae168,PTM_GetCurrentItem_FW
0xff20a030,PTM_GetWorkingCaptureMode_FW
0xff20a9c4,PTM_IsEnableItem_FW
0xff20a390,PTM_NextItem
0xff20a390,PTM_NextItem_FW
0xff20a398,PTM_PrevItem
0xff20a398,PTM_PrevItem_FW
0xff0ae210,PTM_RestoreUIProperty_FW
0xff0adfe4,PTM_SetCurrentCaptureMode_FW
0xff20a048,PTM_SetCurrentItem
0xff20a048,PTM_SetCurrentItem_FW
0xff20a760,PTM_SetPropertyEnable
0xff20a760,PTM_SetProprietyEnable_FW
0xff4682d4,PutInNdFilter
0xff4682d4,PutInNdFilter_FW
0xff468310,PutOutNdFilter
0xff468310,PutOutNdFilter_FW
0xff0353fc,PutsCameraLogEvent_FW
0xff2a59a0,qsort
0xff461770,QuietImageDrive_FW
0xff11c794,QuietImager_FW
0xff0c1dbc,rand
0xff023f0c,Read
0xff023f0c,Read_FW
0xff3537f4,ReadFastDir
0xff2a5a7c,realloc
0xff3769d0,reboot_fw_update
0xff05c668,Rec2PB
0xff371860,ReceiveMechaCircuitData_FW
0xff371888,ReceiveMechaCircuitDataAll_FW
0x006b8568,ReceiveMessageQueue
0x006b7dd8,ReceiveMessageQueueStrictly
0xff33374c,RecSoundForNCAdjEvent_FW
0xff07bfc0,RefreshAdjustmentTableMirror_FW
0xff07c050,RefreshDefectTableMirror_FW
0xff0291d0,RegComEventProc_FW
0xff462d34,RegistColorMatrix_FW
0xff0348ac,RegisterEventProcedure
0x006b5484,RegisterInterruptHandler
0xff1726ec,RegisterNotifyConnectPTPIP_FW
0xff1726ec,RegisterNotifyPTPIP_FW
0xff172714,RegisterResponseConnectPTPIP_FW
0xff172714,RegisterResponsePTPIP_FW
0xff372140,RegisterZoomLensPositionPassedCBR_FW
0xff0827a4,RegistFirmScanNoticeCBR_FW
0xff4658b4,RegistFirmVer_FW
0x006b8ab8,ReleaseRecursiveLock
0xff46a744,ReloadAFAdjustment_FW
0xff4677ac,ReloadCdsAdjustment_FW
0xff462c70,ReloadColorAdjustment_FW
0xff465b28,ReloadDefectAdjustmentData_FW
0xff462ae8,ReloadEfAdjustment_FW
0xff467af8,ReloadFocusLensAdjustment_FW
0xff465b38,ReloadFROMDefectAdjustmentData_FW
0xff1ae1f4,ReloadGetaAdjustment_FW
0xff1ae1e0,ReloadIrisAdjustment_FW
0xff46bdc8,ReloadISAdjustment_FW
0xff1dfd7c,ReloadMechaShutterAdjustment_FW
0xff4682b8,ReloadNdFilterAdjustment_FW
0xff465b4c,ReloadShadingAdjustmentData_FW
0xff4626bc,ReloadWBAdjustment_FW
0xff3342cc,ReloadZoomAdjustment_FW
0xff33376c,ReloadZoomNCProfileEvent_FW
0xff027440,Remove
0xff3351f8,RemoveTransparentMemory_FW
0xff026a04,RenameFile_Fut
0xff1725e8,RequestConnectPTPIP_FW
0xff17263c,RequestConnectPTPIPDef_FW
0xff1724f8,RequestDisconnectPTPIP_FW
0xff467f30,ResetFocus_FW
0xff36fc0c,ResetFocusLens
0xff36fc0c,ResetFocusLens_FW
0xff371130,ResetIris_FW
0xff1dc164,ResetIrisActuator_FW
0xff1ae004,ResetIrisPosition_FW
0xff143c54,ResetNFCSystemArea_FW
0xff082794,ResetRegistNoticeCBR_FW
0xff3347dc,ResetZoom_FW
0xff371ba0,ResetZoomLens
0xff371ba0,ResetZoomLens_FW
0xff371bcc,ResetZoomLensToFirst_FW
0xff371c0c,ResetZoomLensToTerminate_FW
0xff3349f0,ResetZoomToAdjFirstPoint_FW
0xff334a38,ResetZoomToAdjTerminatePoint_FW
0xff334814,ResetZoomToFirst_FW
0xff334814,ResetZoomToFirstPoint_FW
0xff33484c,ResetZoomToTerminate_FW
0xff33484c,ResetZoomToTerminatePoint_FW
0xff037a6c,Restart
0x006b8cb8,ResumeTimeOfSystem
0xff0a8120,RomCheckSum_FW
0xff0a7da4,RomIntegrityCheck_FW
0xff0a87e4,RotateConsoleZOder_FW
0xff07bb48,SaveAdjustmentTable_FW
0xff07bbd0,SaveAdjustmentValue_FW
0xff464da0,SaveBatSenseOffsetAdjustmentTable_FW
0xff1f32f8,SaveBmpVRAMData_FW
0xff07bbb4,SaveDefectAdjTable_FW
0xff1ae884,SaveDUID_FW
0xff1ae8a8,SaveDUIDCheckSum_FW
0xff1ae8c0,SaveFactoryAdjData_FW
0xff1ae918,SaveFactoryIDData_FW
0xff465708,SaveFactoryReserveData_FW
0xff4681b0,SaveFocusResetPulse_FW
0xff4652e4,SaveFromImage_FW
0xff1ae8ec,SaveHistoryAdjData_FW
0xff1f36ec,SavePaletteData
0xff1f36ec,SavePaletteData_FW
0xff18e758,Scene.ForbidContiSceneDetect_FW
0xff18e7ec,Scene.TestBabySleep_FW
0xff18e7b8,Scene.TestBabySmile_FW
0xff18e854,Scene.TestHumanSleep_FW
0xff18e820,Scene.TestHumanSmile_FW
0xff18e888,Scene.TestKidMove_FW
0xff18e788,Scene.TestSunset_FW
0xff0b00b8,ScreenLock
0xff0b010c,ScreenUnlock
0xff377c1c,SDump_FW
0xff46b6b8,SearchBCentralPosition_FW
0xff46b6b8,SearchISLensCentralPosition_FW
0xff468fe0,SelectAdjBPFilter_FW
0xff372ed4,SelectPositionSignal_FW
0xff37183c,SendMechaCircuitData_FW
0xff2af4a4,SensDefCrowdCheck_FW
0xff0abc80,set_control_event
0xff4631c0,SetAdj_AEMode_FW
0xff1ad808,SetAdjAEIntegSmearLimitter_FW
0xff46962c,SetAdjAFIntegCrwAdd_FW
0xff46900c,SetAdjAFWinPos_FW
0xff467a0c,SetAdjCdsMode_FW
0xff463098,SetAE_CdsGainValue_FW
0xff462f50,SetAE_ShutterSpeed
0xff462f50,SetAE_ShutterSpeed_FW
0xff1ad76c,SetAEIntegAverageOBData_FW
0xff1acb1c,SetAEIntegCorrectProperty_FW
0xff1acba4,SetAEIntegralGetaTime_FW
0xff1acb70,SetAEIntegralValueProperty_FW
0xff1aca90,SetAEIntegStrobeProperty_FW
0xff1ad3e4,SetAEIntegValueBit_FW
0xff1ad384,SetAEIntegWindowsMode_FW
0xff0ac528,SetAutoShutdownTime
0xff0ac528,SetAutoShutdownTime_FW
0xff469080,SetBPFilterForBP_FW
0xff467810,SetCDSGain_FW
0xff4679d8,SetCDSGainStep_FW
0xff467810,SetCdsGainValue_FW
0xff46785c,SetCdsPreGainReg_FW
0xff0ba860,SetCurrentCaptureModeType
0xff0ba860,SetCurrentCaptureModeType_FW
0xff08d588,SetCzDebugFocusMode_FW
0xff08d588,SetCzDebugSubjectDistance_FW
0xff464de0,SetDate
0xff464de0,SetDate_FW
0xff465000,SetDay_FW
0xff488500,SetDCMotorWaitTime_FW
0xff1ad82c,SetDefaultAEIntegSmearLimitter_FW
0xff1b1350,SetDefaultRecParameter_FW
0xff2afbfc,SetDefectDebugInfo_FW
0xff2afe38,SetDefectRecParam_FW
0xff467764,SetDeltaCDSGain_FW
0xff3731fc,SetDISModeParam_FW
0xff46bbd0,SetDISModeParameter_FW
0xff02d3e4,SetDUIDFixFlag_FW
0xff02d2ec,SetDurianMode_FW
0x006b82fc,SetEventFlag
0xff462ad0,SetExStrobeMode_FW
0xff02d4e4,SetFactoryMasterFlag_FW
0xff02d514,SetFactoryMasterROMProtection_FW
0xff02d36c,SetFactoryMode_FW
0xff4654b0,SetFactorySerialNumber_FW
0xff333de8,SetFaexeEventTableActivation_FW
0xff027714,SetFileAttributes
0xff02769c,SetFileTimeStamp
0xff373314,SetFixedPWMOutA_FW
0xff373330,SetFixedPWMOutB_FW
0xff37061c,SetFocusActuatorHoldVoltage_FW
0xff370630,SetFocusActuatorSlopeHoldVoltage_FW
0xff370784,SetFocusLensAccelerationTable_FW
0xff370e58,SetFocusLensCarrierFrequency_FW
0xff37091c,SetFocusLensCondition_FW
0xff370908,SetFocusLensDefaultPullOutTable_FW
0xff370c70,SetFocusLensDriveVoltage_FW
0xff370cec,SetFocusLensGainSlope_FW
0xff370cac,SetFocusLensHoldVoltage_FW
0xff370a70,SetFocusLensMaxSpeedLimit_FW
0xff37088c,SetFocusLensSlowdownTable_FW
0xff37064c,SetFocusLensSpeed_FW
0xff3706cc,SetFocusLensSpeedTable_FW
0xff4680e8,SetFocusResetState_FW
0xff3735c8,SetGyro10BitDACPitch_FW
0xff3735e4,SetGyro10BitDACYaw_FW
0xff373668,SetGyroFilterChargeStart_FW
0xff373670,SetGyroFilterChargeStop_FW
0xff373608,SetGyroHPFINOffsetPitch_FW
0xff373624,SetGyroHPFINOffsetYaw_FW
0xff465068,SetHour_FW
0xff0a5fe8,SetHPTimerAfterNow
0xff0a6068,SetHPTimerAfterTimeout
0xff1f1ecc,SetIgnoreAVJACK_FW
0xff464ce0,SetImageMode
0xff464db0,SetImageMode_FW
0xff464d8c,SetInputVoltage_FW
0xff3713ac,SetIrisDriveVoltage_FW
0xff3713c4,SetIrisDriveVoltageLow_FW
0xff3713f4,SetIrisHoldVoltage_FW
0xff3713dc,SetIrisSettingWaitVoltage_FW
0xff3738c0,SetISAdjData_FW
0xff373254,SetISCenterShiftA_FW
0xff373270,SetISCenterShiftB_FW
0xff46b6f8,SetISControllMode_FW
0xff372e94,SetISControlType_FW
0xff37318c,SetISCrossTalkCompA1_FW
0xff3731a8,SetISCrossTalkCompA2_FW
0xff3731c4,SetISCrossTalkCompB1_FW
0xff3731e0,SetISCrossTalkCompB2_FW
0xff46bc0c,SetISCrossTalkCompCoeff_FW
0xff46b988,SetISCutOffFreqIndex_FW
0xff372b00,SetISDriveAaxis_FW
0xff372b1c,SetISDriveBaxis_FW
0xff3739e8,SetISFocusLensDistance_FW
0xff46ba04,SetISGyro10BitDACPitch_FW
0xff46ba10,SetISGyro10BitDACYaw_FW
0xff46bacc,SetISGyroCompensationMode_FW
0xff46ba8c,SetISGyroFilterCharge_FW
0xff3734e8,SetISGyroGainAaxis_FW
0xff373504,SetISGyroGainBaxis_FW
0xff373520,SetISGyroGainbyAxisType_FW
0xff46b9dc,SetISGyroHPFINOffsetPitch_FW
0xff46b9e8,SetISGyroHPFINOffsetYaw_FW
0xff46ba1c,SetISGyroOffset10BitDACData_FW
0xff46b9f4,SetISGyroOffsetHPFINData_FW
0xff46b80c,SetISGyroPitchGain_FW
0xff46b7f8,SetISGyroYawGain_FW
0xff372f84,SetISHallAmpFirstGain_FW
0xff46b84c,SetISHallDevicePitchGain_FW
0xff46b88c,SetISHallDevicePitchOffset_FW
0xff46b838,SetISHallDeviceYawGain_FW
0xff46b878,SetISHallDeviceYawOffset_FW
0xff372b9c,SetISHallGainAaxis_FW
0xff372bb8,SetISHallGainBaxis_FW
0xff372bd4,SetISHallGainbyAxisType_FW
0xff372b38,SetISHallOffsetAaxis_FW
0xff372b54,SetISHallOffsetBaxis_FW
0xff372b70,SetISHallOffsetbyAxisType_FW
0xff373848,SetISHPFCutoff_FW
0xff46b988,SetISHPFCutOffFreqIndex_FW
0xff46b7e0,SetISLensDriveValue_FW
0xff46b820,SetISLensGyroGain_FW
0xff46b860,SetISLensHallGain_FW
0xff46b8a0,SetISLensHallOffset_FW
0xff46bbbc,SetISLensPWMMode_FW
0xff373870,SetISLPFAaxis_FW
0xff373888,SetISLPFBaxis_FW
0xff46b954,SetISLPFCutOffFreqAaxis_FW
0xff46b960,SetISLPFCutOffFreqBaxis_FW
0xff46bcc0,SetISMacroMode_FW
0xff46b7b8,SetISPitchPWM_FW
0xff373354,SetISPWMFreqAndFixed_FW
0xff46bdf4,SetISPWMFreqData_FW
0xff373368,SetISPWMFrequency_FW
0xff372ec4,SetISStillStatus_FW
0xff373650,SetISTuningFlag_FW
0xff46baa0,SetISTuningMode_FW
0xff46bab8,SetISTuningOff_FW
0xff46b7cc,SetISYawPWM_FW
0xff465290,SetLangMenuType_FW
0xff3715d8,SetLensOutsideFlag_FW
0xff1ad73c,SetLineDefMarkThroughMode_FW
0xff118f84,SetLockPosNonCorrectFlag_FW
0xff0ac010,SetLogicalEventActive
0xff46bb90,SetLoopGain_FW
0xff373054,SetLoopGainAdjValue_FW
0xff46b96c,SetLPFForParallelFilter_FW
0xff3737f4,SetLPFParallelBest_FW
0xff4617e4,SetLtkidsCorrectThroughMode_FW
0xff4617e8,SetLtkidsRealtimeCorrectThroughMode_FW
0xff46181c,SetLvMagCenterWindow_FW
0xff461814,SetLvMagSkipNum_FW
0xff46bc60,SetMacroISGain_FW
0xff373a30,SetMacroISGainA_FW
0xff373a4c,SetMacroISGainB_FW
0xff371a04,SetMechaShutterCloseDacSetting_FW
0xff371ac0,SetMechaShutterMoveTime_FW
0xff371a54,SetMechaShutterOpenDacSetting_FW
0xff371aa4,SetMechaShutterWaitTimeSetting_FW
0xff4650cc,SetMinute_FW
0xff04ca98,SetMontblancVSize_FW
0xff464fa4,SetMonth_FW
0xff373470,SetMoveEdgeWaitTime_FW
0xff465dc8,SetMShutterDacValue_FW
0xff33373c,SetNCParamForAdjEvent_FW
0xff33375c,SetNoiseAddParamForZoomNCEvent_FW
0xff467804,SetObClamp_FW
0xff467804,SetObClampValue_FW
0xff4624fc,SetOneShotWBParam_FW
0xff4624fc,SetOneTypeWBParam_FW
0xff20ab1c,SetParameterData
0xff488364,SetPMByGpio_FW
0xff3732d8,SetPoweredISOFF_FW
0xff3732c4,SetPoweredISON_FW
0xff0a97c8,SetPropertyCase
0xff1f22f4,SetPropertyCase_FW
0xff2da7c4,SetPTGDefaultData_FW
0xff1f1e80,SetRawSWCheckMode_FW
0xff46261c,SetReferenceWBGainForCalibration_FW
0xff4617f0,SetSafFPGABypassMode_FW
0xff4617cc,SetSafImagePredictMode_FW
0xff4617c8,SetSafImageReadOutType_FW
0xff4617d4,SetSafImageWindowHArea_FW
0xff4617ec,SetSafPPPBypassMode_FW
0xff468c78,SetScanLensIndex_FW
0xff468d88,SetScanWindowMode_FW
0xff0ac0a8,SetScriptMode
0xff0ac0a8,SetScriptMode_FW
0xff1f1ddc,SetSDPwrPort_FW
0xff465130,SetSecond_FW
0xff4678ac,SetSensorPreGain_FW
0xff4618e8,SetShutterSpeed_FW
0xff46188c,SetShutterSpeedWithMecha_FW
0xff3733d0,SetSlowWaitTime_FW
0x006b56a0,SetSR
0xff02cef0,SetSSIDForFAWLAN_FW
0xff1f1e0c,SetStereoSeparation_FW
0xff2da7d8,SetTassenAdjSGMode_FW
0xff08256c,SetTestRecMasterCxCy_FW
0xff0826ec,SetTestRecSkimmingYUV_FW
0xff026064,SetTimerAfter
0xff0260d0,SetTimerWhen
0xff462644,SetToolCorrectCoefficient_FW
0x006b8c60,SetValidSystemCalender
0xff463774,SetVideoOutType
0xff4637b0,SetVideoOutType_FW
0xff373394,SetWaitTime_FW
0xff465b5c,SetWBTemperature_FW
0xff4625dc,SetWBYlStandardWidth_FW
0xff1ad310,SetWhiteCoefficient_FW
0xff465818,SetWindowSystemDrawSetting_FW
0xff02ce70,SetWLANFactoryMode_FW
0xff464f44,SetYear_FW
0xff366c34,SetZoomActuatorSpeedPPS_FW
0xff371f70,SetZoomAmpereLimitOffTime_FW
0xff335090,SetZoomAmpereLimitOffTimeForAdjustZoom_FW
0xff334d48,SetZoomCommonDriveParam_FW
0xff334b20,SetZoomDriveParam_FW
0xff371fa8,SetZoomLensCurrentPosition_FW
0xff371e70,SetZoomLensDriveAmpereDac_FW
0xff371e94,SetZoomLensDriveResetAmpereDac_FW
0xff334a80,SetZoomLensEncoderPowerControl_FW
0xff371f90,SetZoomLensMoveTimeLimit_FW
0xff371fc4,SetZoomLensResetMoveTimeLimit_FW
0xff371fe4,SetZoomLensSpeedChangeMaxTime_FW
0xff371ff8,SetZoomLensSpeedChangeRate_FW
0xff371e54,SetZoomLensSpeedMode_FW
0xff33377c,SetZoomNCEffectiveEvent_FW
0xff334ce0,SetZoomNormalDriveParam_FW
0xff366cc4,SetZoomPermitTargetMaxSpeedPPS_FW
0xff46b8b8,SetZoomPointToIS_FW
0xff373784,SetZoomPosition_FW
0xff334c80,SetZoomResetDriveParam_FW
0xff334790,SetZoomResetState_FW
0xff366ca8,SetZoomSpeedCheckStopTime_FW
0xff334a94,SetZoomSpeedMode_FW
0xff1f24c0,ShowAllTaskInfo_FW
0xff0354c8,ShowCameraLog_FW
0xff03545c,ShowCameraLogInfo_FW
0xff462f00,ShowCurrentExp_FW
0xff07b700,ShowDefaultAdjTableVersion_FW
0xff370a08,ShowFocusLensCurrentSpeedTable_FW
0xff370fc0,ShowFocusLensIrisCoefficientCheckSum_FW
0xff0abb80,ShowLogicalEventName_FW
0xff3715ec,ShowMechaCondition_FW
0xff1f1a68,ShowMechaMacro_FW
0xff1f1e70,ShowPhySwStatus_FW
0xff1f1eb4,ShowSDStatus_FW
0xff335128,ShowTransparentMemory_FW
0xff0b0a54,ShutdownPlayModeMenu_FW
0xff0b0b58,ShutdownPlayModeMenuWithoutPbRedraw_FW
0xff0b086c,ShutdownRecModeMenu_FW
0xff2e5fa8,ShutterTool.CheckExpTime_FW
0xff2e5fc8,ShutterTool.CheckExpTimeWithErrMode_FW
0xff2e5db0,ShutterTool.CheckTv_FW
0xff2e5dec,ShutterTool.CheckTvWithErrMode_FW
0xff2e6004,ShutterTool.GetCurExpTime_FW
0xff2e5fe4,ShutterTool.GetCurTv_FW
0xff2e60cc,ShutterTool.GetLimOfExpTime_FW
0xff2e60fc,ShutterTool.GetLimOfExpTimeRegular_FW
0xff2e6024,ShutterTool.GetLimOfTv_FW
0xff2e617c,ShutterTool.GetLimOfTvForFix_FW
0xff2e6198,ShutterTool.GetLimOfTvForFixWithAv_FW
0xff2e6054,ShutterTool.GetLimOfTvRegular_FW
0xff2e5eb4,ShutterTool.SetExpTime_FW
0xff2e6158,ShutterTool.SetExpTimeForFix_FW
0xff2e5ec0,ShutterTool.SetExpTimeWithErrMode_FW
0xff2e5b94,ShutterTool.SetTv_FW
0xff2e5bc0,ShutterTool.SetTvAfterDriveChange_FW
0xff2e5bec,ShutterTool.SetTvAndFrameRateType_FW
0xff2e612c,ShutterTool.SetTvForFix_FW
0xff2e5ba8,ShutterTool.SetTvWithErrMode_FW
0xff46348c,SleepAE_FW
0x006b8f0c,SleepTask
0x006b8f0c,SleepTask_FW
0xff024dd0,sprintf_FW
0xff0c1db0,srand
0xff1f2ff4,SS.ChangeZoomSpeed_FW
0xff1f3068,SS.Create_FW
0xff1f3028,SS.DoAELock_FW
0xff1f3008,SS.DoAFLock_FW
0xff0321c0,SS.GetDigitalZoomPosition_FW
0xff1f2fdc,SS.GetDigitalZoomTele_FW
0xff1f3058,SS.MFOff_FW
0xff1f3048,SS.MFOn_FW
0xff1f2fc4,SS.MoveDigitalZoomAt_FW
0xff1f2fa4,SS.MoveDigitalZoomToTele_FW
0xff1f2fb4,SS.MoveDigitalZoomToWide_FW
0xff1f2f84,SS.MoveOpticalZoomAt_FW
0xff1f2f5c,SS.MoveOpticalZoomToTele_FW
0xff1f2f70,SS.MoveOpticalZoomToWide_FW
0xff033b80,SS.SetAvailShot_FW
0xff1f3038,SS.UnlockAE_FW
0xff1f3018,SS.UnlockAF_FW
0xff1f3058,SS_MFOff
0xff1f3048,SS_MFOn
0xff2a5348,sscanf_FW
0xff09f6f8,SSFS_CompleteCaptModeChange_FW
0xff09f6f8,SSFS_CompleteFileWrite_FW
0xff09f6f8,SSFS_CompletePreCapt_FW
0xff09f6f8,SSFS_CompleteShootPicture_FW
0xff09f6f8,SSFS_CompleteStopDigZoom_FW
0xff09f6f8,SSFS_CompleteStopZoom_FW
0xff09f6f8,SSFS_CompleteSynchroWrite_FW
0xff09f6f8,SSFS_ShootPicture_FW
0xff469610,StartAdjAFInteg_FW
0xff46929c,StartAdjAFService_FW
0xff1ad730,StartAEIntegralService_FW
0xff46b6d8,StartBDrive_FW
0xff46b710,StartBPanDrive_FW
0xff035518,StartCameraLog_FW
0xff4615fc,StartCaptureDrive_FW
0xff469dc0,StartCrwCustomScan_FW
0xff469d50,StartCustomScan_FW
0xff08d588,StartCzLog_FW
0xff08d578,StartCzTuning_FW
0xff488514,StartDCMDriveTimeCounter_FW
0xff463d30,StartEVFDrive_FW
0xff463cec,StartEVFDriveWithMode_FW
0xff02d644,StartFactoryModeController_FW
0xff333290,StartFAWLANService_FW
0xff373b54,StartImStEventProc_FW
0xff46bc38,StartISAdjustMacro_FW
0xff46b6d8,StartISAdjustmentDrive_FW
0xff46b6d8,StartISDrive_FW
0xff372abc,StartISLocalAdjust_FW
0xff0937bc,StartISLocalAutoCenter_FW
0xff093804,StartISLocalHallAdjust_FW
0xff46b710,StartISPanDrive_FW
0xff373384,StartISPWMFreqChangeTest_FW
0xff1af250,StartLogOut_FW
0xff372fc8,StartLoopGainCalc_FW
0xff373990,StartMacroISAdjust_FW
0xff373980,StartMacroISContiMode_FW
0xff0b0770,StartPlayModeMenu_FW
0xff0b079c,StartRecModeMenu
0xff0b079c,StartRecModeMenu_FW
0xff024b30,StartRedirectUART_FW
0xff335880,StartSoundPlay_FW
0xff33584c,StartSoundRecord_FW
0xff335b44,StartTestRecLog_FW
0xff0a7c3c,StartWDT_FW
0xff372960,StartZoomLensSpeedLog_FW
0xff027574,stat
0xff469600,StopAdjAFInteg_FW
0xff4693e0,StopAdjAFService_FW
0xff1ad41c,StopAEIntegralService_FW
0xff08d588,StopAndSaveCzLog_FW
0xff372984,StopAndSaveZoomLensSpeedLog_FW
0xff46b6c8,StopBDrive_FW
0xff46b6e8,StopBPanDrive_FW
0xff0356e0,StopCameraLog_FW
0xff460a3c,StopCaptureDrive_FW
0xff4640d4,StopContinuousVRAMData_FW
0xff469d40,StopCustomScan_FW
0xff36faa4,StopCZ_FW
0xff488524,StopDCMDriveTimeCounter_FW
0xff463824,StopEVFDrive_FW
0xff333298,StopFAWLANService_FW
0xff46bc48,StopISAdjustMacro_FW
0xff46b6c8,StopISAdjustmentDrive_FW
0xff46b6c8,StopISDrive_FW
0xff46b6e8,StopISPanDrive_FW
0xff37338c,StopISPWMFreqChangeTest_FW
0xff1aeee4,StopLogOut_FW
0xff37309c,StopLoopGainCalc_FW
0xff3739a0,StopMacroISAdjust_FW
0xff02c9b8,StopPtpipServiceForFAWLAN_FW
0xff024c44,StopRedirectUART_FW
0xff462bb0,StopStrobeChargeForFA_FW
0xff335b5c,StopTestRecLog_FW
0xff0a7c9c,StopWDT_FW
0xff334784,StopZoomEmergency_FW
0xff371e38,StopZoomLens_FW
0xff0383c4,strcat
0xff03844c,strchr
0xff024f00,strcmp
0xff024f28,strcmp_FW
0xff024dec,strcpy
0xff024dec,strcpy_FW
0xff0c15fc,strftime
0xff024f44,strlen
0xff024f44,strlen_FW
0xff038400,strncmp
0xff027e8c,strncpy
0xff0c1f38,strrchr
0xff0383b0,strtol
0xff0381b4,strtolx
0xff463728,SwitchOffDisplay_FW
0xff463760,SwitchOnDisplay_FW
0xff1f2b98,System.Create_FW
0xff1f24d0,System.Delete_FW
0x006b7ad4,TakeSemaphore
0x006b7ad4,TakeSemaphore_FW
0x006b7dac,TakeSemaphoreStrictly
0xff2b6ab0,task__cntFlashTask
0xff04c244,task__imageSensorTask
0xff1232ac,task__tgTask
0xff30b1b4,task_AACDrvTask
0xff18989c,task_AACTask
0x00131fa8,task_AdditionAgent
0xff0fddd0,task_AfIntSrvTask
0xff0480a4,task_AFTask
0xff18a0e4,task_ASIF
0xff071990,task_AudioTsk
0xff02ac18,task_BatteryTask
0xff06eb98,task_BeepTask
0xff02c988,task_bomStopPTPIPTask
0xff0e0ea4,task_BrtMsrTask
0xff037888,task_Bye
0xff097614,task_CaptSeq
0xff097614,task_CaptSeqTask
0xff18aea4,task_ChaseFrame
0xff1910a8,task_ChaseTask
0xff022a28,task_ClockSave
0xff05f570,task_CommonDrivers
0xff1659b0,task_ComWireless
0xff0a81d8,task_ConsoleSvr
0xff1de184,task_ControlLog
0xff19b830,task_CorctTask
0xff31ba68,task_CorrectLiveTassenTask
0xff374adc,task_CreateHeaderTask
0xff46ea68,task_CtgTotalTask
0xff0aa748,task_CtrlSrv
0xff1b3b54,task_dccdCalcTask
0xff354fbc,task_DecJpgRd
0xff19c408,task_DefMarkRomCopyTask
0xff0d7f60,task_DetectMoveTask
0xff0d9c98,task_DevelopModule
0xff18d418,task_DispFace
0xff374e6c,task_DistTask
0xff1c1e00,task_DPOFTask
0xff28a5d4,task_DSITask
0xff1f728c,task_DvlpSeqTask
0xff0da590,task_EFChargeT
0xff1e5d94,task_EISMainTask
0xff18ee4c,task_EncRemoteEVFJpgTask
0xff0a2e98,task_Epilog
0xff037530,task_EvShel
0xff0f3524,task_ExpDrv
0xff2c0614,task_ExpDrvSubTask
0xff0f3524,task_ExpDrvTask
0xff0bb154,task_FaceFrame
0xff465858,task_FAPowerOff
0xff19ee3c,task_Fencing
0xff346eac,task_FileManMarkAllTask
0xff1c892c,task_FileScheduleTask
0xff351ce8,task_FileWrite
0xff351ce8,task_FileWriteTask
0xff3541ec,task_FilYuvMaker
0xff35f3cc,task_FocusEvent
0xff347e90,task_FORMAT_TASK_NAME
0xff347c90,task_FORMAT_TASK_PROGRESS
0xff05b158,task_fprintSNRTask
0xff077558,task_FrameTask
0xff02d864,task_FsIoNotifyTask
0xff11a75c,task_GapSnd
0xff3782c0,task_ImagePlaySysConTask
0xff37aa0c,task_ImageRetryConTask
0xff1c7118,task_ImageStoreTask
0xff16bf58,task_ImageSyncController
0xff1d72ac,task_ImgPlayDrv
0xff3586f4,task_ImgPlyDC
0xff3588a8,task_ImgPlyDCLow
0xff169aa8,task_IMLApp
0xff05f530,task_InitFileModules
0xff1dcb9c,task_IrisCycleEvent
0xff1db2ec,task_IrisEvent
0xff092088,task_IS_ActiveShadCompTask
0xff092908,task_ISMainTask
0xff376040,task_JpegEncTask
0xff05b9f0,task_LachesisTest
0xff0700f4,task_LEDCon
0xff08f86c,task_LensController
0xff127064,task_LiveImageTask
0xff0a8874,task_LowConsole
0xff364590,task_MechaAlarm
0xff1df310,task_MechaCPUTransfer
0xff1e2570,task_MechaNCTask
0xff364bb0,task_MechaShutter
0xff087258,task_MediaStatusMngr
0xff1ba4d0,task_MetaCtg
0xff33faa0,task_MetaCtgPrsTask
0xff339920,task_MetaInspiTask
0xff19678c,task_MotionVector
0xff1f1138,task_MovEdit
0xff1ea45c,task_MovieRecord
0xff36dfe4,task_MovieWriter
0xff1ec244,task_MovPlay
0xff36b4e4,task_MovRead
0xff3e68b4,task_MrkSetTask
0xff0512e4,task_NfcCon_EvtTask
0xff142bcc,task_NfcConTask
0xff155c08,task_NormalThumbCache
0xff0d6d34,task_OBCtrlTask
0xff035c00,task_OpePlay
0xff02beb8,task_PhySw
0xff2fe2ec,task_PingManager
0xff153668,task_PTPSessionTASK
0xff1476e0,task_PTPtoFAPI_EventProcTask_Block
0xff147638,task_PTPtoFAPI_EventProcTask_Try
0xff352904,task_ReadFileTask
0xff3e2b54,task_ReadMultiConTask
0xff1caed4,task_ReadScheduleTask
0xff0888dc,task_RedEyeCapt
0xff05b024,task_RedirectUARTTask
0xff3753fc,task_ResizeTask
0xff1908b8,task_SceneDetectTask
0x006bb060,task_SD1stInit
0xff172e3c,task_SelectFuncController
0xff347150,task_SetGeoTagExecution
0xff1f5d18,task_ShutterSoundTask
0xff11e870,task_SsgMainTask
0xff11ea40,task_SsgPeriodTask
0xff0961c4,task_SsStartupTask
0xff09f778,task_SsTask
0xff027d58,task_Startup
0xff0296d4,task_StartupImage
0xff1286ec,task_SynchTask
0xff128648,task_SyncPeriod
0xff074c48,task_Thermometer
0xff1416f4,task_TimerUtility
0xff1e7f5c,task_TmgGen
0xff15a01c,task_TrnsCtrlTask
0xff02498c,task_UartLog
0xff04fc04,task_WBCtrl
0xff12c750,task_WBIntegTask
0xff13cc5c,task_WBLPFace
0xff1f6b40,task_WbSeqTask
0xff0a7acc,task_WdtPrint
0xff0a7b7c,task_WdtReset
0xff173a8c,task_WebServiceApp
0xff1749f0,task_WSSAPP
0xff365c48,task_ZoomActuatorSpeedLog
0xff365984,task_ZoomEvent
0xff1f30f4,TerminateAdjustmentSystem_FW
0xff081a7c,Terminatedccd_FW
0xff2b01b0,TerminateDefectRec_FW
0xff081a7c,TerminateDigicon_FW
0xff3359b0,TerminateFAExtendFile_FW
0xff33598c,TerminateFAGeneralTest_FW
0xff465e90,TerminateMechaDevice_FW
0xff369450,TerminateMechaUnitExeTest_FW
0xff17273c,TerminatePTPIPTransportResponder_FW
0xff335818,TerminateSoundRec_FW
0xff080efc,TerminateTestRec_FW
0xff0594a0,TerminateWLAN_FW
0x006b92ac,time
0x006b879c,TryPostMessageQueue
0x006b865c,TryReceiveMessageQueue
0x006b7a84,TryTakeSemaphore
0xff465848,TurnOffCamera_FW
0xff06be5c,TurnOffDisplay
0xff0377e4,TurnOffE1_FW
0xff072e1c,TurnOffVideoOutMode_FW
0xff06be4c,TurnOnDisplay
0xff072de4,TurnOnVideoOutMode_FW
0xff20c194,UI.Create_FW
0xff20b5f4,UI.CreatePublic_FW
0xff20c194,UI_RegistDebugEventProc_FW
0xff20c180,UI_ShowStateOfRecMode_FW
0xff0ac010,UiEvnt_SetLogicalEventActive_FW
0xff0ac18c,UiEvnt_StartDisguiseCradleStatus_FW
0xff0ac19c,UiEvnt_StopDisguiseCradleStatus_FW
0xff05e8b0,UIFS_CancelStoreLensTimer_FW
0xff180328,UIFS_Capture_FW
0xff1803fc,UIFS_CaptureNoneStop_FW
0xff20b224,UIFS_ChangeShootState_FW
0xff20b0a8,UIFS_ClosePopupStrobe_FW
0xff20b138,UIFS_ConnectVideo_FW
0xff20ae78,UIFS_CtrlManControllerAnytimeTop_FW
0xff20b168,UIFS_DisconnectVideo_FW
0xff20b5e8,UIFS_DisplayFirmUpdateView_FW
0xff20b204,UIFS_EndClockMode_FW
0xff20b364,UIFS_GetAvItem_FW
0xff20b280,UIFS_GetAvItemCount_FW
0xff20b49c,UIFS_GetCurrentAvString_FW
0xff20b51c,UIFS_GetCurrentTvString_FW
0xff20b248,UIFS_GetLastPath_FW
0xff0689d4,UIFS_GetMovieRecoadableNumber_FW
0xff24da50,UIFS_GetNumberOfDisplayedImage_FW
0xff17a204,UIFS_GetNumOfOptZoomPos_FW
0xff0689d0,UIFS_GetStillShotableNumber_FW
0xff20b464,UIFS_GetTvItem_FW
0xff20b2f0,UIFS_GetTvItemCount_FW
0xff20aea0,UIFS_IsAutoPopupDownStrobe_FW
0xff20aea8,UIFS_IsAvailableAvTvMode_FW
0xff20ae88,UIFS_IsAvailableMovieRecDigZoom_FW
0xff20ae80,UIFS_IsAvailableMovieRecOptZoom_FW
0xff20aeb0,UIFS_IsAvailablePowerZoom_FW
0xff20ae98,UIFS_IsAvailableRecMenuAFMode_FW
0xff20ae90,UIFS_IsAvailableServoAF_FW
0xff068418,UIFS_IsAvailableShots_FW
0xff20b5a4,UIFS_IsOperationEvent_FW
0xff20b0d8,UIFS_MountExtFlash_FW
0xff179d34,UIFS_MoveZoomTo_FW
0xff17a334,UIFS_MoveZoomToPositionWithTaskSwCtrlServ_FW
0xff20b078,UIFS_OpenPopupStrobe_FW
0xff3ebb54,UIFS_PlayTrimExecuteAllImageSize_FW
0xff20b1ac,UIFS_PostModeDial_FW
0xff20b1a8,UIFS_RestartPostingUIEvent_FW
0xff20b214,UIFS_SetCradleSetting_FW
0xff20b024,UIFS_SetDialMovieRec_FW
0xff20b058,UIFS_SetDialPlay_FW
0xff20b004,UIFS_SetDialStillRec_FW
0xff20b1f4,UIFS_StartClockMode_FW
0xff2499a4,UIFS_StartMoviePlay_FW
0xff064984,UIFS_StartMovieRecord_FW
0xff0649a8,UIFS_StopMovieRecord_FW
0xff20b1a4,UIFS_StopPostingUIEvent_FW
0xff20b108,UIFS_UnmountExtFlash_FW
0xff25bba8,UIFS_WirelessExecuteSendForever_FW
0xff22939c,UIFS_WriteFirmInfoToFile
0xff22939c,UIFS_WriteFirmInfoToFile_FW
0xff0c0e90,UndisplayBusyOnScreen
0xff02c81c,UndisplayFactoryMode_FW
0xff0a4eb8,UnLoadScript_FW
0xff0328bc,UnlockAE
0xff032578,UnlockAF
0xff0ac40c,UnlockMainPower
0xff0ac40c,UnlockMainPower_FW
0xff462d7c,UnregistColorMatrix_FW
0x006b5544,UnregisterInterruptHandler
0xff372164,UnRegisterZoomLensPositionPassedCBR_FW
0xff02b14c,VbattGet
0xff02b14c,VbattGet_FW
0xff376ebc,VerifyByte_FW
0xff027e4c,vsprintf
0xff2b02e8,VStripeCheck_FW
0xff2b03bc,VStripeTassenThrough_FW
0xff1f24ac,Wait_FW
0x006b8230,WaitForAllEventFlag
0x006b7e5c,WaitForAllEventFlagStrictly
0x006b8144,WaitForAnyEventFlag
0x006b7e30,WaitForAnyEventFlagStrictly
0xff371cbc,WaitMoveZoomLensComplete_FW
0xff027160,Write
0xff027160,Write_FW
0xff07c0ec,WRITEADJTABLETOFROM_FW
0xff07c124,WRITEADJUSTMENTDATATOFROM_FW
0xff46b730,WriteGyroAdjustment_FW
0xff46b720,WriteHallDeviceAdjustment_FW
0xff371790,WriteMechaLogToFile_FW
0xff371780,WriteMechaLogToRom_FW
0xff333c7c,WriteNFCOptUnitAssemblyAreaData_FW
0xff3338e8,WriteNFCSystemArea_FW
0xff333c9c,WriteNFCSystemAreaForOptUnitAssembly_FW
0xff143fa4,WriteNFCUserArea_FW
0xff33391c,WriteNFCUserAreaWithInitNFCAdj_FW
0xff46b7a8,WritePWMAdjustment_FW
0x006ba9d0,WriteSDCard
0xff0714dc,WriteToRom_FW
0xff07c158,WRITEUSERSETTINGDATATOFROM_FW
0xff3332d4,WriteWLANMACAddressToFROM_FW
