0xffaedfb0,_dadd
0xffaee964,_dcmp
0xffaeeddc,_dcmp_reverse
0xffaee258,_ddiv
0xffaee7f0,_dfix
0xffaee8a0,_dfixu
0xffaee928,_dflt
0xffaee958,_dfltu
0xffaebd40,_divmod_signed_int
0xffaedf68,_divmod_unsigned_int
0xffaee9ec,_dmul
0xffaeee7c,_drsb
0xffaef040,_dsub
0xffaef3f4,_f2d
0xffaef5a0,_fdiv
0xffaef7c4,_ffix
0xffaef838,_ffixu
0xffaef898,_fflt
0xffaef8cc,_ffltu
0xffaef8d4,_fmul
0xff827750,_GetSystemTime
0xffaed328,_log
0xffaebfb4,_log10
0xffaec124,_pow
0xffaed0d4,_safe_sqrt
0xffaefd98,_scalbn
0xffaeeecc,_sqrt
0xff81c35c,_uartr_req
0xff8eb74c,AbortAEIntegralValue_FW
0xff867e28,AcquireRecursiveLock
0xff8273ac,AcquireRecursiveLockStrictly
0xff8ed1ec,ActivateAdjLog_FW
0xff9f6e78,ActivateImager_FW
0xff9f6f04,ActivateImagerXOne_FW
0xffa02464,add_ptp_handler
0xff9b1f2c,add_ui_to_dialog
0xff92e330,AdditionAgentRAM_FW
0xffa1c764,AddTransparentMemory_FW
0xffab9cf4,AdjAEWithAperturePriority_FW
0xffab9cb0,AfAEWithAperturePriority_FW
0xffab9ea0,AfAEWithCompensation_FW
0xff9f2408,AFTool.GetEVal_FW
0xffa57eb0,AllocateMemory
0xffa57eb0,AllocateMemory_FW
0xff8274a4,AllocateUncacheableMemory
0xff9bafbc,apex2us
0xff88b954,atol_FW
0xff8ec2e0,AttachIntegCrawData_FW
0xffa1c79c,AttachToTransparentMemory_FW
0xff841920,Bat_Calc_FW
0xffabb2fc,Bat_Save_FW
0xffabb2e8,Bat_VIN_FW
0xff841f3c,BeepDrive_FW
0xff841f5c,BeepDriveComp_FW
0xffab58b8,CalcLog10
0xffab58f4,CalcLog10_FW
0xffabd408,CalcLoopGain_FW
0xffab59e4,CalcSqrt_FW
0xff841920,CalculateBatSenseOffset_FW
0xffab5894,CalculateLog2ToApex_FW
0xffab5858,CalculatePeakFromLeastSquareResult_FW
0xffab58a8,CalculatePow2FromApex_FW
0xff84d25c,CalculateTestRecYUVData_FW
0xffab9acc,CancelAdj_AEMode_FW
0xffab49ac,CancelAdjCdsMode_FW
0xffab7ed4,CancelBPFilterForBP_FW
0xffab9428,CancelExStrobeMode_FW
0xffa55cbc,CancelFocusLensMaxSpeedLimit_FW
0xff86b620,CancelHPTimer
0xff9f705c,CancelImager_FW
0xff85ade4,CancelLoopGainCalc_FW
0xff82796c,CancelTimer
0xff924018,Capture.Create_FW
0xffa1c1b8,ChangeAdjImgDrvMode_FW
0xffa1c1e4,ChangeAEIntegDrvTypeToAdjImgDriveType_FW
0xff8ef294,ChangeDefectRecExpGain_FW
0xff8ef268,ChangeDefectRecExpTv_FW
0xff8ef330,ChangeDefectRecMontblancSize_FW
0xff8ef250,ChangeDefectRecParameter_FW
0xff8ef2fc,ChangeDefectRecPeakHoldSetting_FW
0xffabb0b8,ChangeDistortionSetForLiveImage_FW
0xffabd098,ChangeFilterMode_FW
0xffa55e70,ChangeFocusDistanceToPosition_FW
0xff9dab2c,ChangeGradeTable_FW
0xff9f7138,ChangeImagerToAlternateDraft_FW
0xff9f70d4,ChangeImagerToCombiParallel_FW
0xff9f7130,ChangeImagerToDigiconMode_FW
0xff9f7158,ChangeImagerToFastBP_FW
0xff9f70f8,ChangeImagerToFocusJet_FW
0xff9f7160,ChangeImagerToHarleyDavidson_FW
0xff9f7120,ChangeImagerToHoneyFlash_FW
0xff9f7110,ChangeImagerToJetDraft_FW
0xff9f7118,ChangeImagerToJumboDraft_FW
0xff9f7100,ChangeImagerToMangoPudding_FW
0xff9f7128,ChangeImagerToMillefeAdjust_FW
0xff9f7150,ChangeImagerToMontblancMillefe_FW
0xff9f7148,ChangeImagerToMontblancWhole_FW
0xff9f7130,ChangeImagerToOITA_XAVIER_FW
0xff9f7108,ChangeImagerToSuperWideDraft_FW
0xff9f7140,ChangeImagerToUltraGhostQ_FW
0xff9f7080,ChangeImagerToWholeParallel_FW
0xff9f709c,ChangeImagerToWholeParallelBP_FW
0xff9f70b8,ChangeImagerToWholeParallelBPOne_FW
0xff9f70f0,ChangeImagerToWideDraft_FW
0xffa56bb4,ChangeParallelMode_FW
0xff85a940,ChangeToISCloseControl_FW
0xffab9464,ChargeStrobe_FW
0xffab9498,ChargeStrobeForFA_FW
0xff8679ac,CheckAllEventFlag
0xff867964,CheckAnyEventFlag
0xff86ebf8,CheckSumAll_FW
0xff84791c,ClearDUIDFixFlag_FW
0xff867bcc,ClearEventFlag
0xff8478ac,ClearFactoryMode_FW
0xff85abec,ClearISCalcZData_FW
0xffa56c28,ClearISIComponent_FW
0xffa56c4c,ClearISZData_FW
0xffad3ee4,ClearPMByFs_FW
0xffad3ebc,ClearPMByGpio_FW
0xffab6950,ClearZoomCommonDriveParam_FW
0xffa4cc8c,ClearZoomDriveParam_FW
0xff823c98,Close
0xff8198fc,close
0xff823c98,Close_FW
0xff81be40,CloseConsole_FW
0xffa37e78,closedir
0xffa562bc,CloseMechaShutter_FW
0xffa56304,CloseMechaShutterWithTiming_FW
0xffab4ef8,CloseMShutter_FW
0xffa1c154,ConvertAdjImgDrvModeToAdjImgDriveType_FW
0xffa1c108,ConvertAEIntegDrvTypeToAdjImgDriveType_FW
0xffab594c,ConvertApexStdToApex_FW
0xffab591c,ConvertApexToApexStd_FW
0xffab5ee8,ConvertCxCyToWBGain_FW
0xffab6cc4,ConvertToPositionWithDistanceAndZoomPoint_FW
0xffab4ad0,ConvertTvToExposureTime_FW
0xff81bb9c,CPrintf_FW
0xff81bbf8,CPutChar_FW
0xff848b84,CreateAdjustmentTableMirror_FW
0xff826c84,CreateBinarySemaphore
0xff827264,CreateBinarySemaphoreStrictly
0xff874c24,CreateController_FW
0xff826cec,CreateCountingSemaphore
0xff826cec,CreateCountingSemaphore_FW
0xff827288,CreateCountingSemaphoreStrictly
0xff9af8cc,CreateDialogBox
0xff8678bc,CreateEventFlag
0xff827240,CreateEventFlagStrictly
0xff8ecb2c,CreateFADBGSingalID_FW
0xffabd684,CreateJumptable
0xff93b8e0,CreateLanguageMenu_FW
0xff8268c0,CreateMessageQueue
0xff82721c,CreateMessageQueueStrictly
0xff86c97c,CreateProxyOfEventProcedure_FW
0xff867d88,CreateRecursiveLock
0xff8272ac,CreateRecursiveLockStrictly
0xff81afac,CreateTask
0xff81afac,CreateTask_FW
0xff8271e8,CreateTaskStrictly
0xff917a1c,CzDebugPrint_FW
0xff81b284,DebugAssert
0xff874ce0,DeleteController_FW
0xff823628,DeleteDirectory_Fut
0xff867914,DeleteEventFlag
0xff823544,DeleteFile_Fut
0xff93b424,DeleteLanguageMenu_FW
0xff826944,DeleteMessageQueue
0xff86c9d4,DeleteProxyOfEventProcedure_FW
0xff867dd8,DeleteRecursiveLock
0xff826d44,DeleteSemaphore
0xff826d44,DeleteSemaphore_FW
0xffabcc6c,DevelopStillPicture_FW
0xff9db10c,DevelopTool.DevelopTest_FW
0xff8ec894,DeviceUniqueIDCheckSum_FW
0xff917a08,DisableCzDebugLog_FW
0xff8ef744,DisableDebugLogMode_FW
0xff826f64,DisableDispatch
0xff812134,DisableDispatch_low
0xffa55d18,DisableFocusLens_FW
0xffa55d98,DisableFocusLensGainLock_FW
0xffa55dc4,DisableFocusLensWaveLock_FW
0xffa56190,DisableFocusPiCircuit_FW
0xffa56170,DisableMechaCircuit_FW
0xffa561d8,DisableZoomEncoderCircuit_FW
0xffa56474,DisableZoomLensEncoderPowerControl_FW
0xffa561b4,DisableZoomPiCircuit_FW
0xff83e0bc,DispCon_GetHdGainAdjParameter_FW
0xff83df64,DispCon_GetLcdGainAdjParameter_FW
0xff83dd68,DispCon_GetVideoAdjParameter_FW
0xff83e154,DispCon_SaveHdGainAdjParameter_FW
0xff83dfb0,DispCon_SaveLcdGainAdjParameter_FW
0xff83de08,DispCon_SaveVideoAdjParameter_FW
0xff83dbe8,DispCon_SetDisplayType_FW
0xff83e040,DispCon_SetHdGainAdjParameter_FW
0xff83df10,DispCon_SetLcdGainAdjParameter_FW
0xff83dc6c,DispCon_SetMaxBackLightBrightness_FW
0xff83dcec,DispCon_SetVideoAdjParameter_FW
0xff83db04,DispCon_ShowBitmapColorBar
0xff83db04,DispCon_ShowBitmapColorBar_FW
0xff83dae8,DispCon_ShowBlackChart_FW
0xff83d8e0,DispCon_ShowColorBar_FW
0xff83dc08,DispCon_ShowColorChart_FW
0xff83db78,DispCon_ShowCustomColorBar_FW
0xff83d968,DispCon_ShowFiveStep_FW
0xff83e170,DispCon_ShowHdChart_FW
0xff83e120,DispCon_ShowHdGainAdjParameter_FW
0xff83dfa0,DispCon_ShowLcdGainAdjParameter_FW
0xff83ddd0,DispCon_ShowVideoAdjParameter_FW
0xff83da94,DispCon_ShowWhiteChart_FW
0xff83dc5c,DispCon_TurnOffBackLight_FW
0xff83dc3c,DispCon_TurnOffDisplay_FW
0xff83dc4c,DispCon_TurnOnBackLight_FW
0xff83dc2c,DispCon_TurnOnDisplay_FW
0xff923fa8,DispDev.Create_FW
0xff9220ec,DispDev_EnableEventProc_FW
0xff888050,DisplayBusyOnScreen
0xff9b030c,DisplayDialogBox
0xff8476a8,DisplayFactoryMode_FW
0xff82556c,DoAELock
0xff825380,DoAFLock
0xff894238,DoMovieFrameCapture
0xff9221e4,Driver.Create_FW
0xff9221e4,Driver_EnableEventProc_FW
0xff814db0,drysh_FW
0xff922470,Dump32_FW
0xff922460,Dump_FW
0xff848a3c,DumpAdjMirror_FW
0xffa1c724,DumpTransparentMemoryItem_FW
0xff8ae180,E2LatOn_FW
0xff8429b4,EdidDump_FW
0xff9e3464,EF.AdjPreFlash_FW
0xff8a7748,EF.IsChargeFull_FW
0xff9e34a8,EF.SetChargeMode_FW
0xff9e3374,EF.SetEFChargeTimeOut_FW
0xff9e34bc,EF.SetFlashTime_FW
0xff9e344c,EF.SetMainFlashTime_FW
0xff9e3314,EF.StartEFCharge_FW
0xff9e33c4,EF.StartInternalMainFlash_FW
0xff9e3388,EF.StartInternalPreFlash_FW
0xff9e3364,EF.StopEFCharge_FW
0xff9179f0,EnableCzDebugLog_FW
0xff8ef730,EnableDebugLogMode_FW
0xff827194,EnableDispatch
0xff812160,EnableDispatch_low
0xffa55ccc,EnableFocusLens_FW
0xffa55d64,EnableFocusLensGainLockWithVoltage_FW
0xffa55da8,EnableFocusLensWaveLock_FW
0xffa56180,EnableFocusPiCircuit_FW
0xff81afa4,EnableInterrupt
0xff8a3904,EnableLog_FW
0xffa56160,EnableMechaCircuit_FW
0xffa561c8,EnableZoomEncoderCircuit_FW
0xffa56464,EnableZoomLensEncoderPowerControl_FW
0xffa561a4,EnableZoomPiCircuit_FW
0xff9232b0,EndClockMode_FW
0xff8d071c,EngApp.Create_FW
0xff8d06f0,EngApp.Delete_FW
0xff822c98,EngDrvBits
0xffa14080,EngDrvBits_FW
0xff822c7c,EngDrvIn
0xffa14070,EngDrvIn_FW
0xff822c64,EngDrvOut
0xffa14054,EngDrvOut_FW
0xff822c84,EngDrvRead
0xffa14078,EngDrvRead_FW
0xffa140a4,EngDrvReadDump_FW
0xff924058,EngineDriver.Create_FW
0xff82546c,EnterToCompensationEVF
0xff848a30,EraseAdjustmentArea_FW
0xff929984,EraseLogSector_FW
0xff92a0e8,EraseSectorOfRom_FW
0xff92244c,EraseSignature_FW
0xff814e2c,err_init_task
0xffa554ac,EscapeFocusLens_FW
0xffa57f1c,exec_FW
0xff84da44,Executedccd_FW
0xff84d3bc,ExecuteDigicon_FW
0xff86bf38,ExecuteEventProcedure
0xff86bfb0,ExecuteEventProcedure_FW
0xffab9504,ExecuteInternalPreFlash_FW
0xff94d1ac,ExecuteResetFactoryWithRomWrite_FW
0xff84cf94,ExecuteTestRec_FW
0xff84cfa8,ExecuteTestRecCF_FW
0xff84cfa8,ExecuteTestRecSD_FW
0xff84cfd8,ExecuteTestRecSw1_FW
0xff84cfc0,ExecuteTestRecWithInteg_FW
0xff8254b0,ExitFromCompensationEVF
0xff81b23c,ExitTask
0xff81b23c,ExitTask_FW
0xff86a850,ExMem.AllocCacheable_FW
0xff86a698,ExMem.AllocUncacheable_FW
0xff86a8d8,ExMem.FreeCacheable_FW
0xff86a7d4,ExMem.FreeUncacheable_FW
0xff86a1b4,ExMem.View_FW
0xff86a7e8,exmem_alloc
0xff86a860,exmem_free
0xff8243f8,ExMem_FW
0xff86a63c,exmem_ualloc
0xff86a788,exmem_ufree
0xff89a7d0,ExpCtrlTool.SetExpMode_FW
0xff830008,ExpCtrlTool_StartContiAE
0xff83014c,ExpCtrlTool_StopContiAE
0xff86c970,ExportToEventProcedure_FW
0xff923f84,FA.Create_FW
0xff923f70,FA.Delete_FW
0xff8ecbdc,FADBGPrintf_FW
0xff8ecb3c,FADBGSingal_FW
0xff8ecd5c,FAPrintf_FW
0xff8236c0,Fclose_Fut
0xff8236c0,Fclose_Fut_FW
0xff8238ac,Feof_Fut
0xff8238e8,Fflush_Fut
0xff823814,Fgets_Fut
0xffab9a34,FixAEWithCompensation_FW
0xff93d3e4,FmtMenu_ExecuteQuickFormat_FW
0xffab9908,FocusAEWithCompensation_FW
0xff823680,Fopen_Fut
0xff823680,Fopen_Fut_FW
0xff82376c,Fread_Fut
0xff82376c,Fread_Fut_FW
0xff813a3c,free
0xffa1c8ac,FreeBufferForSoundRec_FW
0xffa57ea8,FreeMemory
0xffa57ea8,FreeMemory_FW
0xff8274e4,FreeUncacheableMemory
0xff823860,Fseek_Fut
0xff823860,Fseek_Fut_FW
0xff8237c0,Fwrite_Fut
0xff8237c0,Fwrite_Fut_FW
0xff89f79c,get_current_exp
0xffa49060,get_current_nd_value
0xffa490a4,get_nd_value
0xff8b9538,get_ptp_buf_size
0xffa04038,get_ptp_file_buf
0xff868bc0,get_resource_pointer
0xff818c3c,get_self_task_errno_pointer
0xff8121b4,get_self_task_id
0xff9b2718,get_string_by_id
0xff8133b0,get_task_properties
0xff8404ac,GetAdChValue
0xff8404ac,GetAdChValue_FW
0xffa1c250,GetAdjAcceleration_FW
0xffab846c,GetAdjAFInteg_FW
0xff848a94,GetAdjTableMapVersion_FW
0xff848aa4,GetAdjTableValueVersion_FW
0xff848a60,GetAdjTableVersion_FW
0xff8404a4,GetAdVBattBottom_FW
0xff8ebf94,GetAEIntegralServiceMode_FW
0xff8ebc34,GetAEIntegralValueWithFix_FW
0xff8ebf88,GetAEIntegValueBit_FW
0xff8eb980,GetAEIntegWinData_FW
0xff8ebac0,GetAEIntegWinDataWithMode_FW
0xff8ebd58,GetAllAEIntegralAllValueWithFix_FW
0xff9f6c38,GetBaseSv
0xff821dc4,GetBatteryCoverClose_FW
0xff8472b8,GetBatteryTemperature
0xff8472b8,GetBatteryTemperature_FW
0xff86eadc,GetBuildDate_FW
0xff86eae4,GetBuildTime_FW
0xffabc9e0,GetCaptureInfoData_FW
0xff847244,GetCCDTemperature
0xff847244,GetCCDTemperature_FW
0xffab47e8,GetCdsGainValue_FW
0xffab48d8,GetCdsPreGain_FW
0xffab4930,GetCdsPreGainReg_FW
0xff81bc24,GetCh_FW
0xffabb054,GetContinuousMovieJpegVRAMData_FW
0xffaba6f8,GetContinuousVRAMData_FW
0xffabae94,GetContinuousVRAMDataWithRingBuffer_FW
0xffa1c0dc,GetCurrentAdjImgDriveType_FW
0xff919c98,GetCurrentAvValue
0xff919c98,GetCurrentAvValue_FW
0xff87eddc,GetCurrentCaptureModeType_FW
0xffa1c258,GetCurrentCcdTemp_FW
0xff88d27c,GetCurrentExposureTime_FW
0xff918e80,GetCurrentFocusLensPosition_FW
0xff918e80,GetCurrentFocusPosition_FW
0xffa1c0e8,GetCurrentImgDrvMode_FW
0xff866a8c,GetCurrentMachineTime
0xff8ed238,GetCurrentMaximumLogSize_FW
0xffa1c274,GetCurrentOptTemp_FW
0xff88cfa4,GetCurrentShutterSpeed
0xff88cfa4,GetCurrentShutterSpeed_FW
0xff918d48,GetCurrentTargetDistance_FW
0xffab610c,GetCurrentZoomLensDirection_FW
0xff91d3e4,GetCurrentZoomLensPoint_FW
0xff91d3bc,GetCurrentZoomLensPosition_FW
0xff91d3e4,GetCurrentZoomPoint_FW
0xff91d3bc,GetCurrentZoomPosition_FW
0xffabb700,GetDay_FW
0xff84db50,GetdccdFilterValue_FW
0xff84dabc,GetdccdImage_FW
0xff9dae70,GetDefectCount_FW
0xff821dc0,GetDialEventId_FW
0xff853790,GetDrive_ClusterSize
0xff8537e8,GetDrive_FreeClusters
0xff8537bc,GetDrive_TotalClusters
0xff867c04,GetEventFlagValue
0xffab9414,GetExStrobeID_FW
0xff86eaec,GetFirmwareVersion_FW
0xff91920c,GetFocusDefaultResetPosition_FW
0xffa466d0,GetFocusLensCurrentPosition_FW
0xffa46b84,GetFocusLensDriveVoltage_FW
0xffa46c4c,GetFocusLensHoldVoltage_FW
0xffa55e78,GetFocusLensLoadCamTable_FW
0xffa55e0c,GetFocusLensLoadSubjectDistance_FW
0xffa55f60,GetFocusLensMoveMaxPosition_FW
0xffa55f78,GetFocusLensMoveMinPosition_FW
0xffa55e04,GetFocusLensPositionRatio_FW
0xff9189ac,GetFocusLensPullInMaxSpeed_FW
0xffa45ee0,GetFocusLensResetDefaultPosition_FW
0xffa45ed0,GetFocusLensResetPosition_FW
0xffad4b38,GetFocusLensResetVoltage_FW
0xffa46c00,GetFocusLensSettingWaitVoltage_FW
0xff918d48,GetFocusLensSubjectDistance
0xffa55de0,GetFocusLensSubjectDistance_FW
0xff919124,GetFocusLensSubjectDistanceFromLens
0xffa55dfc,GetFocusLensSubjectDistanceNumber_FW
0xff91a4b8,GetFocusPiSensorLevel_FW
0xff9191a0,GetFocusResetPosition_FW
0xff859694,GetFocusStartZoomPosition_FW
0xff85aac0,GetGyro10BitDACPitch_FW
0xff85aac8,GetGyro10BitDACYaw_FW
0xff85aa98,GetGyroDataPitch_FW
0xff85aaa0,GetGyroDataYaw_FW
0xffa56ad0,GetGyroFilterCharge_FW
0xffabd520,GetGyroFilterChargeStatus_FW
0xff85aaf0,GetGyroHPFINOffsetPitch_FW
0xff85ab08,GetGyroHPFINOffsetYaw_FW
0xff85ab20,GetGyroHPFINPitch_FW
0xff85ab7c,GetGyroHPFINYaw_FW
0xffabb728,GetHour_FW
0xff919c98,GetIrisAv_FW
0xffa567ec,GetISDriveAaxis_FW
0xffa5680c,GetISDriveBaxis_FW
0xffa56af0,GetISFirmVersion_FW
0xff85aac0,GetISGyro10BitDACPitch_FW
0xff85aac8,GetISGyro10BitDACYaw_FW
0xff85aa98,GetISGyroDataPitch_FW
0xff85aaa0,GetISGyroDataYaw_FW
0xffa568ec,GetISGyroGainAaxis_FW
0xffa5690c,GetISGyroGainBaxis_FW
0xff85aaf0,GetISGyroHPFINOffsetPitch_FW
0xff85ab08,GetISGyroHPFINOffsetYaw_FW
0xff85ab20,GetISGyroHPFINPitch_FW
0xff85ab7c,GetISGyroHPFINYaw_FW
0xff85aa68,GetISGyroPitchGain_FW
0xffabcd70,GetISGyroPitchOffset_FW
0xff85aa70,GetISGyroYawGain_FW
0xffabcd68,GetISGyroYawOffset_FW
0xff85a9b8,GetISHallDevicePitchGain_FW
0xff85a9a8,GetISHallDevicePitchOffset_FW
0xff85aa60,GetISHallDeviceYawGain_FW
0xff85a9b0,GetISHallDeviceYawOffset_FW
0xffa568ac,GetISHallGainAaxis_FW
0xffa568cc,GetISHallGainBaxis_FW
0xffa5686c,GetISHallOffsetAaxis_FW
0xffa5688c,GetISHallOffsetBaxis_FW
0xffa56c5c,GetISHallOut1Amp_FW
0xff85b538,GetISLensDampAaxis_FW
0xff85b540,GetISLensDampBaxis_FW
0xffabd010,GetISLensEViAaxis_FW
0xffabd024,GetISLensEViBaxis_FW
0xffa56b18,GetISParamVersion_FW
0xff85aa78,GetISPitchPWM_FW
0xffa5682c,GetISPositionAaxis_FW
0xffa5684c,GetISPositionBaxis_FW
0xff85aa88,GetISShiftLensPitchPosition_FW
0xff85aa90,GetISShiftLensYawPosition_FW
0xff85aa80,GetISYawPWM_FW
0xff843f6c,GetKbdState
0xffabbfcc,GetLastVBatADLevel_FW
0xff8596d4,GetLensErrorStatus_FW
0xff8ed1dc,GetLogData_FW
0xff8ed1e4,GetLogDataOnlyAddMemory_FW
0xff92995c,GetLogToFile_FW
0xffabd4f8,GetLoopGain_FW
0xffa56e0c,GetLoopGainAdjValue_FW
0xffa56d9c,GetLoopGainCalcData_FW
0xffabd478,GetLoopGainCalcData_FW
0xffa56be4,GetLPFParallelBest_FW
0xff91b0e0,GetMechaShutterStatus_FW
0xff813be4,GetMemInfo
0xffabb750,GetMinute_FW
0xffabb6d4,GetMonth_FW
0xff8b67e0,GetMovieJpegVRAMHPixelsSize_FW
0xff8b67ec,GetMovieJpegVRAMVPixelsSize_FW
0xff826c18,GetNumberOfPostedMessages
0xffab4858,GetObClampValue_FW
0xff8ebe2c,GetOnlyAEIntegData_FW
0xff84732c,GetOpticalTemperature
0xff84732c,GetOpticalTemperature_FW
0xff94ce48,GetParameterData
0xffabadf0,GetPixelsOfViewangle_FW
0xff86fca4,GetPropertyCase
0xff821d9c,GetSDDetect_FW
0xff821da4,GetSDProtect
0xff821da4,GetSDProtect_FW
0xffabb778,GetSecond_FW
0xff874f94,GetSelfControllerHandle_FW
0xff826ef8,GetSemaphoreValue
0xffab4bd0,GetShutterSpeedRegularMaxLimit_FW
0xffab4be8,GetShutterSpeedRegularMinLimit_FW
0xff83f278,GetSlantData_FW
0xff81af80,GetSRAndDisableInterrupt
0xff81bc74,GetStringWithPrompt_FW
0xffaba60c,GetSumYOfVRAMCenterLine_FW
0xff821d30,GetSwitchStatus_FW
0xffa57f08,GetSystemTime
0xffa57f08,GetSystemTime_FW
0xff9dae90,GetTestRecCrwAddress_FW
0xff869f50,GetTimeOfSystem_FW
0xffa1c808,GetTransparentMemory_FW
0xffa1c84c,GetTransparentMemoryPosition_FW
0xffa1c7f4,GetTransparentMemorySize_FW
0xffabc8ac,GetUnpackCrwIntegralValue_FW
0xffab4bc0,GetUserSetShutterSPeed_FW
0xff820654,GetVBatVoltage_FW
0xffab9f94,GetVideoOutType
0xffab9f94,GetVideoOutType_FW
0xff8b67c8,GetVRAMHPixelsSize
0xff8b67c8,GetVRAMHPixelsSize_FW
0xff8b67d4,GetVRAMVPixelsSize
0xff8b67d4,GetVRAMVPixelsSize_FW
0xff83f254,GetX_AxisAcceleration_FW
0xff83f260,GetY_AxisAcceleration_FW
0xffabb6a4,GetYear_FW
0xff83f26c,GetZ_AxisAcceleration_FW
0xffa4a848,GetZoomActuatorCurrentPosition_FW
0xffa4a824,GetZoomActuatorSpeedPPS_FW
0xffab68a0,GetZoomDefaultCommonDriveParam_FW
0xffab67bc,GetZoomDefaultDriveParam_FW
0xff91de10,GetZoomDrivingTime_FW
0xff91d3e4,GetZoomLensCurrentPoint
0xff91d3e4,GetZoomLensCurrentPoint_FW
0xffa4b6e8,GetZoomLensCurrentPosition
0xff91d3bc,GetZoomLensCurrentPosition_FW
0xff91de0c,GetZoomLensMechaEdgePosition_FW
0xffab5f8c,GetZoomLensResetPlus_FW
0xff91d85c,GetZoomLensTelePoint_FW
0xffab6854,GetZoomNormalDriveParam_FW
0xff91a470,GetZoomPiSensorLevel_FW
0xffab6808,GetZoomResetDriveParam_FW
0xffa4cc74,GetZoomResetSensorLevel_FW
0xff91d85c,GetZoomTelePoint_FW
0xff826ec0,GiveSemaphore
0xff826ec0,GiveSemaphore_FW
0xff8c5804,handle_PTP_OC_0x9038
0xff8c58c0,handle_PTP_OC_0x9039
0xff8c59b4,handle_PTP_OC_0x903a
0xff8c5a74,handle_PTP_OC_0x903b
0xff8c5ab4,handle_PTP_OC_0x904b
0xff8c4e64,handle_PTP_OC_0x904c
0xffa018ac,handle_PTP_OC_0x9050
0xffa006d8,handle_PTP_OC_0x9051
0xffa01810,handle_PTP_OC_0x9052
0xffa00f3c,handle_PTP_OC_0x9053
0xffa00e04,handle_PTP_OC_0x9057
0xffa00bc8,handle_PTP_OC_0x9058
0xffa00a9c,handle_PTP_OC_0x9059
0xffa00944,handle_PTP_OC_0x905a
0xffa007dc,handle_PTP_OC_0x905b
0xffa018ac,handle_PTP_OC_0x905c
0xffa006d8,handle_PTP_OC_0x905d
0xff8c5170,handle_PTP_OC_0x905e
0xff8bb1a8,handle_PTP_OC_0x9801
0xff8bad64,handle_PTP_OC_0x9802
0xff8bac14,handle_PTP_OC_0x9803
0xff8baaf0,handle_PTP_OC_0x9804
0xff8ba458,handle_PTP_OC_0x9805
0xffa03004,handle_PTP_OC_CANON_ChangeUSBProtocol
0xff8bdad0,handle_PTP_OC_CANON_CheckEvent
0xff8bf8dc,handle_PTP_OC_CANON_GetCustomizeData
0xff8bfa24,handle_PTP_OC_CANON_GetCustomizeItemInfo
0xff8bfaf4,handle_PTP_OC_CANON_GetCustomizeSpec
0xff8c4998,handle_PTP_OC_CANON_GetObjectAttributes
0xff8c5400,handle_PTP_OC_CANON_GetObjectHandleByName
0xff8c5f38,handle_PTP_OC_CANON_GetObjectInfoEx
0xff8c46f0,handle_PTP_OC_CANON_GetPartialObjectEx
0xff8c44b0,handle_PTP_OC_CANON_GetPartialObjectInfo
0xff8c6210,handle_PTP_OC_CANON_SendObjectByPath
0xff8c4ad4,handle_PTP_OC_CANON_SendObjectInfoByPath
0xff8c644c,handle_PTP_OC_CANON_SendPartialObject
0xff8bf7b8,handle_PTP_OC_CANON_SetCustomizeData
0xff8c4a3c,handle_PTP_OC_CANON_SetObjectArchive
0xff8c5534,handle_PTP_OC_CANON_SetObjectTime
0xff8befd8,handle_PTP_OC_CloseSession
0xff8c55b0,handle_PTP_OC_DeleteObject
0xff8c5710,handle_PTP_OC_FormatStore
0xff8bce34,handle_PTP_OC_GetDevicePropDesc
0xff8bcd28,handle_PTP_OC_GetDevicePropValue
0xff8c5c3c,handle_PTP_OC_GetNumObjects
0xff8c3f4c,handle_PTP_OC_GetObject
0xff8c5d30,handle_PTP_OC_GetObjectHandles
0xff8c43d0,handle_PTP_OC_GetObjectInfo
0xff8c4208,handle_PTP_OC_GetPartialObject
0xff8c3760,handle_PTP_OC_GetStorageIDs
0xff8c3858,handle_PTP_OC_GetStorageInfo
0xff8c4160,handle_PTP_OC_GetThumb
0xff8bf090,handle_PTP_OC_OpenSession
0xff8bca68,handle_PTP_OC_ResetDevicePropValue
0xff8c6210,handle_PTP_OC_SendObject
0xff8c4ad4,handle_PTP_OC_SendObjectInfo
0xff8bcb88,handle_PTP_OC_SetDevicePropValue
0xff8c4328,handle_PTP_OC_SetObjectProtection
0xff877938,HardwareDefect_FW
0xff8778e8,HardwareDefectWithRestart_FW
0xff842958,HdmiHpd5VOutput_FW
0xff842a7c,HdmiRegDump_FW
0xffabcdb0,HitISLensAgainstBottomEdge_FW
0xffabcd9c,HitISLensAgainstLeftEdge_FW
0xffabcd88,HitISLensAgainstRightEdge_FW
0xffabcdc4,HitISLensAgainstTopEdge_FW
0xffabd0c0,HitISMechaEdgeInOpenControl_FW
0xff929e6c,HwOcReadICAPCounter
0xff84293c,i2c_read_event_FW
0xff8428f4,i2c_write_event_FW
0xff8331c8,ImagerActivate
0xff8ed200,InactivateAdjLog_FW
0xff923f48,InitializeAdjustmentFunction_FW
0xff923ed8,InitializeAdjustmentSystem_FW
0xff84d2bc,Initializedccd_FW
0xffabcab4,InitializeDefectAdjustment_FW
0xff84d2bc,InitializeDigicon_FW
0xffabd5dc,InitializeMechaDevice_FW
0xffa1c9a8,InitializeSoundRec_FW
0xff84ccc4,InitializeTestRec_FW
0xffab4a90,IsAdjCdsMode_FW
0xffa56700,ISAutoCenter_FW
0xff847440,IsBatteryTemperature_FW
0xff84740c,IsCCDTemperature_FW
0xffa5673c,ISChangeOPENtoCLOSE_FW
0xff87737c,IsControlEventActive_FW
0xffa56b54,ISControlStart_FW
0xffa56b64,ISControlStop_FW
0xff847a34,IsDUIDFixFlag_FW
0xffaba0c4,IsEVFDrive_FW
0xffaba43c,IsEvfDriveMode_FW
0xffab941c,IsExStrobeChargeComp_FW
0xff847a04,IsFactoryMode_FW
0xff91917c,IsFocusLensOutSidePosition_FW
0xff859fb4,ISInitMotion_FW
0xff859670,IsLensOutside_FW
0xff8ed22c,IsLogOutType_FW
0xffa56c80,ISMDStart_FW
0xffa56c90,ISMDStop_FW
0xffa56728,ISMoveToMechaEdgeOPEN_FW
0xff8473d8,IsOpticalTemperature_FW
0xffa56b74,ISPanModeStart_FW
0xffa56b84,ISPanModeStop_FW
0xff8a7748,IsStrobeChargeCompleted
0xffa4a1b8,IsZoomActuatorResetSensorPlusSide_FW
0xff91db90,IsZoomLensOutSidePosition_FW
0xff922160,j_BeepDrive_FW
0xff922164,j_BeepDriveComp_FW
0xffabd3e8,j_CancelLoopGainCalc_FW
0xffabd0d0,j_ChangeToISCloseControl_FW
0xffabd0a0,j_ClearISCalcZData_FW
0xffab6320,j_ClearZoomDriveParam_FW
0xff9f7168,j_E2LatOn_FW
0xff9e3460,j_EF.IsChargeFull_FW
0xff9224d0,j_exec_FW
0xff8243f0,j_ExMem.AllocCacheable_FW
0xff8243e8,j_ExMem.AllocUncacheable_FW
0xff8243f4,j_ExMem.FreeCacheable_FW
0xff8243ec,j_ExMem.FreeUncacheable_FW
0xff8243e4,j_ExMem.View_FW
0xff92215c,j_GetAdChValue_FW
0xff922158,j_GetAdVBattBottom_FW
0xff8ebabc,j_GetAEIntegWinData_FW
0xff8ad9f0,j_GetBaseSv
0xff9221e0,j_GetBatteryCoverClose_FW
0xff84748c,j_GetBatteryTemperature_FW
0xff847488,j_GetCCDTemperature_FW
0xffab4900,j_GetCdsPreGain_FW
0xffab4958,j_GetCdsPreGainReg_FW
0xffab4cd0,j_GetCurrentAvValue_FW
0xffab4af0,j_GetCurrentExposureTime_FW
0xffab6d1c,j_GetCurrentFocusLensPosition_FW
0xffab6d1c,j_GetCurrentFocusPosition_FW
0xffab4af8,j_GetCurrentShutterSpeed_FW
0xffab6ce0,j_GetCurrentTargetDistance_FW
0xffab6108,j_GetCurrentZoomLensPoint_FW
0xffab6104,j_GetCurrentZoomLensPosition_FW
0xffab6108,j_GetCurrentZoomPoint_FW
0xffab6104,j_GetCurrentZoomPosition_FW
0xff9221dc,j_GetDialEventId_FW
0xffab6cd8,j_GetFocusDefaultResetPosition_FW
0xffa55dd4,j_GetFocusLensCurrentPosition_FW
0xffa55ea8,j_GetFocusLensDriveVoltage_FW
0xffa55f20,j_GetFocusLensHoldVoltage_FW
0xffa55f90,j_GetFocusLensPullInMaxSpeed_FW
0xffa55ddc,j_GetFocusLensResetDefaultPosition_FW
0xffa55dd8,j_GetFocusLensResetPosition_FW
0xffa55f5c,j_GetFocusLensResetVoltage_FW
0xffa55ee4,j_GetFocusLensSettingWaitVoltage_FW
0xffa561a0,j_GetFocusPiSensorLevel_FW
0xffab6cdc,j_GetFocusResetPosition_FW
0xffa56140,j_GetFocusStartZoomPosition_FW
0xffa5695c,j_GetGyro10BitDACPitch_FW
0xffa56960,j_GetGyro10BitDACYaw_FW
0xffa5692c,j_GetGyroDataPitch_FW
0xffa56930,j_GetGyroDataYaw_FW
0xffa5698c,j_GetGyroHPFINOffsetPitch_FW
0xffa56990,j_GetGyroHPFINOffsetYaw_FW
0xffa56994,j_GetGyroHPFINPitch_FW
0xffa56998,j_GetGyroHPFINYaw_FW
0xffa5605c,j_GetIrisAv_FW
0xffabd324,j_GetISGyro10BitDACPitch_FW
0xffabd32c,j_GetISGyro10BitDACYaw_FW
0xffabd2bc,j_GetISGyroDataPitch_FW
0xffabd2c4,j_GetISGyroDataYaw_FW
0xffabd334,j_GetISGyroHPFINOffsetPitch_FW
0xffabd33c,j_GetISGyroHPFINOffsetYaw_FW
0xffabd2cc,j_GetISGyroHPFINPitch_FW
0xffabd2d4,j_GetISGyroHPFINYaw_FW
0xffabce8c,j_GetISGyroPitchGain_FW
0xffabce88,j_GetISGyroYawGain_FW
0xffabce44,j_GetISHallDevicePitchGain_FW
0xffabce4c,j_GetISHallDevicePitchOffset_FW
0xffabce40,j_GetISHallDeviceYawGain_FW
0xffabce48,j_GetISHallDeviceYawOffset_FW
0xffabd038,j_GetISLensDampAaxis_FW
0xffabd03c,j_GetISLensDampBaxis_FW
0xffabcf08,j_GetISPitchPWM_FW
0xffabd008,j_GetISShiftLensPitchPosition_FW
0xffabd00c,j_GetISShiftLensYawPosition_FW
0xffabcf04,j_GetISYawPWM_FW
0xffa5613c,j_GetLensErrorStatus_FW
0xffa56388,j_GetMechaShutterStatus_FW
0xffabaf28,j_GetMovieJpegVRAMHPixelsSize_FW
0xffabaf2c,j_GetMovieJpegVRAMVPixelsSize_FW
0xff847484,j_GetOpticalTemperature_FW
0xff9221c4,j_GetSDDetect_FW
0xff9221c8,j_GetSDProtect_FW
0xff9221b0,j_GetSwitchStatus_FW
0xffabbfd4,j_GetVBatVoltage_FW
0xffaba674,j_GetVRAMHPixelsSize_FW
0xffaba678,j_GetVRAMVPixelsSize_FW
0xffa4a830,j_GetZoomActuatorCurrentPosition_FW
0xffab62ac,j_GetZoomDrivingTime_FW
0xffa566cc,j_GetZoomLensCurrentPoint_FW
0xffa566f4,j_GetZoomLensCurrentPosition_FW
0xffa566fc,j_GetZoomLensMechaEdgePosition_FW
0xffa566f8,j_GetZoomLensTelePoint_FW
0xffa561c4,j_GetZoomPiSensorLevel_FW
0xffab626c,j_GetZoomResetSensorLevel_FW
0xffab6268,j_GetZoomTelePoint_FW
0xff847498,j_IsBatteryTemperature_FW
0xff847494,j_IsCCDTemperature_FW
0xffab72c0,j_IsFocusLensOutSidePosition_FW
0xffa56138,j_IsLensOutside_FW
0xff847490,j_IsOpticalTemperature_FW
0xffa4a834,j_IsZoomActuatorResetSensorPlusSide_FW
0xffab6498,j_IsZoomLensOutSidePosition_FW
0xff92216c,j_LEDDrive_FW
0xff9fbdd4,j_LiveImageTool.GetDzoomPosition_FW
0xff823ea0,j_Lseek_FW
0xff922444,j_MemoryChecker_FW
0xff922440,j_MonSelEvent_FW
0xffabd004,j_MoveISLensToCentralPosition_FW
0xff8243e0,j_NewTaskShell_FW
0xff86d618,j_OpLog.WriteToROM_FW
0xff9224b8,j_Peek16_FW
0xff9224b4,j_Peek32_FW
0xff9224bc,j_Peek8_FW
0xff92243c,j_Printf_FW
0xff877b5c,j_PTM_AllReset_FW
0xff87814c,j_PTM_BackupUIProperty_FW
0xff8780a0,j_PTM_GetWorkingCaptureMode_FW
0xff878130,j_PTM_IsEnableItem_FW
0xff87811c,j_PTM_NextItem_FW
0xff878120,j_PTM_PrevItem_FW
0xff8780a4,j_PTM_SetCurrentItem_FW
0xff878134,j_PTM_SetProprietyEnable_FW
0xff824378,j_PutsCameraLogEvent_FW
0xff823d40,j_Read_FW
0xffab4854,j_ReloadCdsAdjustment_FW
0xffab958c,j_ReloadColorAdjustment_FW
0xffab942c,j_ReloadEfAdjustment_FW
0xffab6cd4,j_ReloadFocusLensAdjustment_FW
0xffab4ccc,j_ReloadIrisAdjustment_FW
0xffab4e24,j_ReloadNdFilterAdjustment_FW
0xffab5bc8,j_ReloadWBAdjustment_FW
0xffab6128,j_ReloadZoomAdjustment_FW
0xff92245c,j_SDump_FW
0xffabd000,j_SearchBCentralPosition_FW
0xffabd000,j_SearchISLensCentralPosition_FW
0xffab72f8,j_SetFocusResetState_FW
0xffab64b0,j_SetZoomResetState_FW
0xff82436c,j_ShowCameraLog_FW
0xff824370,j_ShowCameraLogInfo_FW
0xffabce3c,j_StartBDrive_FW
0xffabcff8,j_StartBPanDrive_FW
0xff824368,j_StartCameraLog_FW
0xffabcff0,j_StartISAdjustmentDrive_FW
0xffabce3c,j_StartISDrive_FW
0xffa56724,j_StartISLocalAutoCenter_FW
0xffa56720,j_StartISLocalHallAdjust_FW
0xffabcff8,j_StartISPanDrive_FW
0xffabce38,j_StopBDrive_FW
0xffabcffc,j_StopBPanDrive_FW
0xff824374,j_StopCameraLog_FW
0xffaba67c,j_StopContinuousVRAMData_FW
0xffabcff4,j_StopISAdjustmentDrive_FW
0xffabce38,j_StopISDrive_FW
0xffabcffc,j_StopISPanDrive_FW
0xff81cc04,j_strcmp_FW
0xff923290,j_UIFS_Capture_FW
0xff923294,j_UIFS_CaptureNoneStop_FW
0xff9231ec,j_UIFS_MoveZoomTo_FW
0xff923298,j_UIFS_StartMovieRecord_FW
0xff92329c,j_UIFS_StopMovieRecord_FW
0xff9232c4,j_UIFS_WriteFirmInfoToFile_FW
0xff922168,j_VbattGet_FW
0xff922448,j_VerifyByte_FW
0xff821e48,kbd_p1_f
0xff821e54,kbd_p1_f_cont
0xff821708,kbd_p2_f
0xff821dcc,kbd_read_keys
0xff843930,kbd_read_keys_r2
0xff8cf2b4,LcdCon_GetLcdAdjParameter_FW
0xff8cf694,LcdCon_GetLcdBackLightParameter_FW
0xff8cf4c4,LcdCon_GetLcdParameter_FW
0xff8cf33c,LcdCon_SaveLcdAdjParameter_FW
0xff8cf718,LcdCon_SaveLcdBackLightParameter_FW
0xff8cf54c,LcdCon_SaveLcdParameter_FW
0xff8cf214,LcdCon_SetLcdAdjParameter_FW
0xff8cf60c,LcdCon_SetLcdBackLightBrightness_FW
0xff8cf63c,LcdCon_SetLcdBackLightParameter_FW
0xff8cf1c0,LcdCon_SetLcdDriver_FW
0xff8cf358,LcdCon_SetLcdParameter_FW
0xff8cf2fc,LcdCon_ShowLcdAdjParameter_FW
0xff8cf6d8,LcdCon_ShowLcdBackLightParameter_FW
0xff8cf50c,LcdCon_ShowLcdParameter_FW
0xffa82e74,LCDMsg_ChangeColor_FW
0xffa82c9c,LCDMsg_Create_FW
0xffa829b0,LCDMsg_Delete_FW
0xffa82970,LCDMsg_Move_FW
0xffa82d9c,LCDMsg_SetNum_FW
0xffa82dac,LCDMsg_SetStr_FW
0xffa82d4c,LCDMsg_SwDisp_FW
0xff843460,LEDDrive
0xff843460,LEDDrive_FW
0xff9fbd64,LiveImageTool.ChangeDzoom_FW
0xff9fbcf4,LiveImageTool.DzoomTele_FW
0xff9fbd14,LiveImageTool.DzoomWide_FW
0xff8b6690,LiveImageTool.GetDzoomPosition_FW
0xff9fbdd8,LiveImageTool.Jump_FW
0xff9fbd44,LiveImageTool.Pause_FW
0xff9fbd54,LiveImageTool.Resume_FW
0xff9fb6a0,LiveImageTool.StartEVF_FW
0xff9fb71c,LiveImageTool.StartEVFFocusJet_FW
0xff9fb798,LiveImageTool.StartEVFMF_FW
0xff9fbbf8,LiveImageTool.StartEVFMovHD_FW
0xff9fba84,LiveImageTool.StartEVFMovQQVGA_FW
0xff9fb90c,LiveImageTool.StartEVFMovQVGA60_FW
0xff9fb9c8,LiveImageTool.StartEVFMovQVGA_FW
0xff9fb82c,LiveImageTool.StartEVFMovVGA_FW
0xff9fbb40,LiveImageTool.StartEVFMovXGA_FW
0xff9fbcc4,LiveImageTool.StartMjpegMaking_FW
0xff9fbd34,LiveImageTool.StopDzoom_FW
0xff9fbcb4,LiveImageTool.StopEVF_FW
0xff9fbce4,LiveImageTool.StopMjpegMaking_FW
0xff848b74,LoadAdjustmentTable_FW
0xff848f9c,LoadAdjustmentValue_FW
0xff8ec798,LoadDataFromAdjTableBin_FW
0xffabbdb0,LoadFactoryNumber_FW
0xff8ec694,LoadParamDataFromAdjTableBin_FW
0xff869108,LoadScript_FW
0xffabbee0,LoadSerialNumber_FW
0xff869928,LocalTime
0xff842970,LockHdmiState_FW
0xff87769c,LockMainPower
0xff87769c,LockMainPower_FW
0xff86cf10,LogCameraEvent
0xff823dd8,Lseek
0xff823dd8,lseek
0xff823dd8,Lseek_FW
0xffa58464,MakeBootDisk_FW
0xff8235b8,MakeDirectory_Fut
0xffa58478,MakeScriptDisk_FW
0xff813968,malloc
0xff8273f8,malloc_strictly
0xff921f84,Mecha.Create_FW
0xff921fdc,MechaReset_FW
0xff921fe8,MechaTerminate_FW
0xff921f44,MechaUnRegisterEventProcedure_FW
0xff81cc6c,memcmp
0xff81cc6c,memcmp_FW
0xff88bb4c,memcpy
0xff88bb4c,memcpy_FW
0xffa576ac,MemoryChecker_FW
0xff9ba2a4,memset
0xff9ba2a4,memset_FW
0xff810bf4,memShow_FW
0xff825ab4,MenuIn
0xff825ae0,MenuOut
0xff82403c,mkdir
0xff88c3b8,mktime_ext
0xffa57f90,MonSelEvent_FW
0xff874e64,MoveControllerToTopOfZOrder_FW
0xffa552b0,MoveCZToPoint_FW
0xffa55348,MoveCZToPointByOVF_FW
0xffa55318,MoveCZToTele_FW
0xffa552e8,MoveCZToWide_FW
0xffad3f64,MoveDCMotorCCW_FW
0xffad3ef4,MoveDCMotorCW_FW
0xffa558b4,MoveFocusActuator_FW
0xffab7064,MoveFocusDistance_FW
0xffab7064,MoveFocusLensToDistance
0xffab7064,MoveFocusLensToDistance_FW
0xffab6f4c,MoveFocusLensToPosition_FW
0xffab6e30,MoveFocusLensToPositionWithMaxSpeed_FW
0xffab6e74,MoveFocusLensToPositionWithSpeed_FW
0xffa55524,MoveFocusLensToTerminate_FW
0xffab6d4c,MoveFocusLensToTerminatePosition_FW
0xffa55580,MoveFocusLensWithDistance_FW
0xffa5568c,MoveFocusLensWithPosition_FW
0xffa557a0,MoveFocusLensWithPositionWithoutBacklash_FW
0xffab6f9c,MoveFocusPosition_FW
0xffab6d4c,MoveFocusToTerminate_FW
0xffab4db4,MoveIrisFullClose_FW
0xffab4d80,MoveIrisFullOpen_FW
0xffab4c80,MoveIrisToAv_FW
0xffa56004,MoveIrisToTerminatePosition_FW
0xffa5600c,MoveIrisWithAv
0xffa5600c,MoveIrisWithAv_FW
0xffa56034,MoveIrisWithAvWithoutBacklash_FW
0xffabce10,MoveISLensToBottomLimitPosition_FW
0xff85a8fc,MoveISLensToCentralPosition_FW
0xffabcdfc,MoveISLensToLeftLimitPosition_FW
0xffabcde8,MoveISLensToRightLimitPosition_FW
0xffabce24,MoveISLensToTopLimitPosition_FW
0xffa560b8,MoveLensToFirstPoint_FW
0xffa56100,MoveLensToTerminatePoint_FW
0xff824edc,MoveOpticalZoomAt
0xffa4a7c8,MoveZoomActuator_FW
0xffa5665c,MoveZoomLensToMechaEdge_FW
0xffab6ae4,MoveZoomLensToMechaEnd_FW
0xffab6598,MoveZoomLensToPoint_FW
0xffab655c,MoveZoomLensToPosition_FW
0xffab6b84,MoveZoomLensToPositionByManual_FW
0xffa5661c,MoveZoomLensToTerminatePosition_FW
0xffa56594,MoveZoomLensWithPoint
0xffa56594,MoveZoomLensWithPoint_FW
0xffa565d8,MoveZoomLensWithPosition_FW
0xffab6598,MoveZoomPoint_FW
0xffab655c,MoveZoomPosition_FW
0xff86f748,NewTaskShell
0xff86f7a8,NewTaskShell_FW
0xff92869c,NR_GetDarkSubType
0xff92869c,NR_GetDarkSubType_FW
0xff92870c,NR_GetDefectCorrectType_FW
0xff9285f4,NR_SetDarkSubType
0xff9285f4,NR_SetDarkSubType_FW
0xff928670,NR_SetDefectCorrectType_FW
0xff928760,NR_SetDoubleNRType_FW
0xff92874c,NR_SetLotasPonyType_FW
0xff9286dc,NR_SetTassenType_FW
0xff9221a0,OffPrintPhySw_FW
0xffab5a90,OneShotWhigeBalance_FW
0xffab5a90,OneTypeWhiteBalance_FW
0xff922190,OnPrintPhySw_FW
0xff823c70,Open
0xff81984c,open
0xff823c70,Open_FW
0xff81bcd4,OpenConsole_FW
0xffa37d14,OpenFastDir
0xffa562e0,OpenMechaShutter_FW
0xffab4f30,OpenMShutter_FW
0xff82437c,OpLog.Create_FW
0xff86df5c,OpLog.Get_FW
0xff86dfc0,OpLog.Play_FW
0xff86d63c,OpLog.ReadFromROM_FW
0xff86d688,OpLog.ReadFromSD_FW
0xff86d544,OpLog.Show_FW
0xff86e0bc,OpLog.Start_FW
0xff86d5bc,OpLog.Stop_FW
0xff86d5e8,OpLog.WriteToROM_FW
0xff86dae0,OpLog.WriteToSD_FW
0xff8ecdac,OutputLogToFile_FW
0xff87a684,PB2Rec
0xffa57ed8,Peek16_FW
0xffa57ed0,Peek32_FW
0xffa57ee0,Peek8_FW
0xff9dac24,PointDefDetect_FW
0xff9dacdc,PointDefMergeConvert_FW
0xff9dae10,PointKizuCheck_FW
0xff922494,Poke16_FW
0xff922484,Poke32_FW
0xff9224a4,Poke8_FW
0xff875488,PostEventShootSeqToUI_FW
0xff8753c4,PostLogicalEventForNotPowerType
0xff8753c4,PostLogicalEventForNotPowerType_FW
0xff875410,PostLogicalEventToUI
0xff875410,PostLogicalEventToUI_FW
0xff826b20,PostMessageQueue
0xff827328,PostMessageQueueStrictly
0xffab9b1c,PreFixAE_FW
0xff8492d0,PrintAdjKabotanInfo_FW
0xff848fc0,PrintAdjTableMap_FW
0xff8eadbc,PrintAllAEIntegData_FW
0xff8690fc,Printf_FW
0xff8ecb1c,PrintFaexeVersioin_FW
0xff8ecae8,PrintFirmVersion_FW
0xffab8f0c,PrintMultiWinScanTable_FW
0xffab8e78,PrintScanTable_FW
0xff85ca58,PT_ChangeZoomSpeed_FW
0xff85c7e4,PT_CompleteCaptModeChange_FW
0xff85c7f4,PT_CompleteCharge_FW
0xff85c7fc,PT_CompleteFileWrite_FW
0xff85c7ac,PT_CompletePreCapt_FW
0xff85c7cc,PT_CompleteStopDigZoom_FW
0xff85c7c4,PT_CompleteStopZoom_FW
0xff85c7d4,PT_CompleteStoreLens_FW
0xff85c7ec,PT_CompleteSynchroWrite_FW
0xff85ca8c,PT_DoAELock_FW
0xff85ca6c,PT_DoAFLock_FW
0xff85c80c,PT_EraseAllFile_FW
0xff85c914,PT_GetLocalDateAndTimeString_FW
0xff85c89c,PT_GetPropertyCaseInt_FW
0xff85c85c,PT_GetSystemTime_FW
0xff85c974,PT_LCD_BkColorDef_FW
0xff85cabc,PT_MFOff
0xff85cabc,PT_MFOff_FW
0xff85caac,PT_MFOn
0xff85caac,PT_MFOn_FW
0xff85c834,PT_mod_FW
0xff85ca44,PT_MoveDigitalZoomAt_FW
0xff85ca24,PT_MoveDigitalZoomToTele_FW
0xff85ca34,PT_MoveDigitalZoomToWide
0xff85ca34,PT_MoveDigitalZoomToWide_FW
0xff85ca0c,PT_MoveOpticalZoomAt
0xff85ca0c,PT_MoveOpticalZoomAt_FW
0xff85c9e4,PT_MoveOpticalZoomToTele_FW
0xff85c9f8,PT_MoveOpticalZoomToWide_FW
0xff85c7dc,PT_MovieRecordStopped_FW
0xff85c7bc,PT_NextShootAvailable_FW
0xff85c610,PT_PlaySound
0xff85c958,PT_PlaySound_FW
0xff85c7b4,PT_RecreviewAvailable_FW
0xff85c870,PT_SetPropertyCaseInt_FW
0xff85c804,PT_ShootPicture_FW
0xff85ca9c,PT_UnlockAE_FW
0xff85ca7c,PT_UnlockAF_FW
0xff94c08c,PTM_AllReset_FW
0xff877b4c,PTM_AllResetToFactorySetting_FW
0xff94cdb8,PTM_BackupUIProperty_FW
0xff8780b0,PTM_GetCurrentItem
0xff8780b0,PTM_GetCurrentItem_FW
0xff94c3f0,PTM_GetWorkingCaptureMode_FW
0xff94ccec,PTM_IsEnableItem_FW
0xff94c7a0,PTM_NextItem
0xff94c7a0,PTM_NextItem_FW
0xff94c7a8,PTM_PrevItem
0xff94c7a8,PTM_PrevItem_FW
0xff878150,PTM_RestoreUIProperty_FW
0xff877fd8,PTM_SetCurrentCaptureMode_FW
0xff94c408,PTM_SetCurrentItem
0xff94c408,PTM_SetCurrentItem_FW
0xff94caa4,PTM_SetPropertyEnable
0xff94caa4,PTM_SetProprietyEnable_FW
0xffa563f8,PutInNdFilter
0xffab4e3c,PutInNdFilter_FW
0xffa5641c,PutOutNdFilter
0xffab4e74,PutOutNdFilter_FW
0xff86cbec,PutsCameraLogEvent_FW
0xffa9c834,qsort
0xff9f6fd4,QuietImager_FW
0xff81cd74,rand
0xff819ae4,Read
0xff819ae4,Read_FW
0xffa37da8,ReadFastDir
0xff813b1c,realloc
0xffa3f458,reboot_fw_update
0xff87a6c4,Rec2PB
0xffa5620c,ReceiveMechaCircuitDataAll_FW
0xff8269d4,ReceiveMessageQueue
0xff8272fc,ReceiveMessageQueueStrictly
0xff8491c8,RefreshAdjustmentTableMirror_FW
0xff9b7dc8,RefreshPhysicalScreen
0xffab9648,RegistColorMatrix_FW
0xff86be0c,RegisterEventProcedure
0xff81af44,RegisterInterruptHandler
0xff93b364,RegisterLanguageName_FW
0xff867f48,ReleaseRecursiveLock
0xff8adc38,ReloadCdsAdjustment_FW
0xff9fe044,ReloadColorAdjustment_FW
0xffabca70,ReloadDefectAdjustmentData_FW
0xff9e146c,ReloadEfAdjustment_FW
0xff919278,ReloadFocusLensAdjustment_FW
0xff919e90,ReloadIrisAdjustment_FW
0xff91b21c,ReloadNdFilterAdjustment_FW
0xffabca4c,ReloadShadingAdjustmentData_FW
0xff9da604,ReloadWBAdjustment_FW
0xff91dc00,ReloadZoomAdjustment_FW
0xff823ce0,Remove
0xffa1c7d4,RemoveTransparentMemory_FW
0xff8234f0,RenameFile_Fut
0xffab70cc,ResetFocus_FW
0xffa55450,ResetFocusLens
0xffa55450,ResetFocusLens_FW
0xffa55fe0,ResetIris_FW
0xffab64c0,ResetZoom_FW
0xffa564e8,ResetZoomLens
0xffa564e8,ResetZoomLens_FW
0xffa56514,ResetZoomLensToFirst_FW
0xffa56554,ResetZoomLensToTermiante_FW
0xffab65d4,ResetZoomToAdjFirstPoint_FW
0xffab6618,ResetZoomToAdjTerminatePoint_FW
0xffab64f4,ResetZoomToFirst_FW
0xffab64f4,ResetZoomToFirstPoint_FW
0xffab6528,ResetZoomToTerminate_FW
0xffab6528,ResetZoomToTerminatePoint_FW
0xff828bf4,Restart
0xff86edf0,RomCheckSum_FW
0xff81b98c,RotateConsoleZOder_FW
0xff848f30,SaveAdjustmentTable_FW
0xff848f64,SaveAdjustmentValue_FW
0xffabb2fc,SaveBatSenseOffsetAdjustmentTable_FW
0xffabb7e8,SaveBmpVRAMData_FW
0xffabbfd8,SaveFactoryReserveData_FW
0xffabbc14,SaveFromImage_FW
0xff93b360,SaveLanguageNameList_FW
0xffabb9ec,SavePaletteData
0xffabb9ec,SavePaletteData_FW
0xff8d3eb4,Scene.FakeBv_FW
0xff8d3e88,Scene.ForbidContiSceneDetect_FW
0xffa57c88,SDump_FW
0xff85a89c,SearchBCentralPosition_FW
0xff85a89c,SearchISLensCentralPosition_FW
0xffab7e54,SelectAdjBPFilter_FW
0xffa56c14,SelectPositionSignal_FW
0xffa561e8,SendMechaCircuitData_FW
0xff877050,set_control_event
0xffab9a94,SetAdj_AEMode_FW
0xff8ec2c0,SetAdjAEIntegSmearLimitter_FW
0xffab7e74,SetAdjAFWinPos_FW
0xffab4994,SetAdjCdsMode_FW
0xffab9980,SetAE_CdsGainValue_FW
0xffab9844,SetAE_ShutterSpeed
0xffab9844,SetAE_ShutterSpeed_FW
0xff8ec2b8,SetAEIntegAverageOBData_FW
0xff8eb804,SetAEIntegralValueProperty_FW
0xff8eb7a0,SetAEIntegStrobeProperty_FW
0xff8ebf6c,SetAEIntegValueBit_FW
0xff8ebf18,SetAEIntegWindowsMode_FW
0xff877710,SetAutoShutdownTime
0xff877710,SetAutoShutdownTime_FW
0xffab7eb4,SetBPFilterForBP_FW
0xffab48a4,SetCDSGain_FW
0xffab497c,SetCDSGainStep_FW
0xffab48a4,SetCdsGainValue_FW
0xffab48d0,SetCdsPreGain_FW
0xffab4928,SetCdsPreGainReg_FW
0xff87eda0,SetCurrentCaptureModeType
0xff87eda0,SetCurrentCaptureModeType_FW
0xffabb314,SetDate_FW
0xffabb510,SetDay_FW
0xffad3fd4,SetDCMotorWaitTime_FW
0xff8ec2d0,SetDefaultAEIntegSmearLimitter_FW
0xff8eeea8,SetDefaultRecParameter_FW
0xff8ef248,SetDefectRecParameter_FW
0xffab4810,SetDeltaCDSGain_FW
0xff8479c8,SetDUIDFixFlag_FW
0xff867b98,SetEventFlag
0xffab9424,SetExStrobeMode_FW
0xff8478e4,SetFactoryMode_FW
0xffabbda0,SetFactorySerialNumber_FW
0xffa1c2dc,SetFaexeEventTableActivation_FW
0xff823fc4,SetFileAttributes
0xff823f74,SetFileTimeStamp
0xffa55b0c,SetFocusLensCondition_FW
0xffa55af8,SetFocusLensDefaultPullOutTable_FW
0xffa55eac,SetFocusLensDriveVoltage_FW
0xffa55f24,SetFocusLensHoldVoltage_FW
0xffa55cac,SetFocusLensMaxSpeedLimit_FW
0xffa55ee8,SetFocusLensSettingWaitVoltage_FW
0xffa559c0,SetFocusLensSpeed_FW
0xffa55a40,SetFocusLensSpeedTable_FW
0xffa47070,SetFocusResetState_FW
0xffa56934,SetGyro10BitDACPitch_FW
0xffa56948,SetGyro10BitDACYaw_FW
0xffa569b8,SetGyroFilterChargeStart_FW
0xffa569cc,SetGyroFilterChargeStop_FW
0xffa56964,SetGyroHPFINOffsetPitch_FW
0xffa56978,SetGyroHPFINOffsetYaw_FW
0xffabb578,SetHour_FW
0xff86b518,SetHPTimerAfterNow
0xff86b598,SetHPTimerAfterTimeout
0xff9221cc,SetIgnoreAVJACK_FW
0xffabb238,SetImageMode
0xffabb30c,SetImageMode_FW
0xffabb2e8,SetInputVoltage_FW
0xffabd048,SetISCutOffFreqIndex_FW
0xffa5674c,SetISDriveAaxis_FW
0xffa56760,SetISDriveBaxis_FW
0xffabd254,SetISGyro10BitDACPitch_FW
0xffabd270,SetISGyro10BitDACYaw_FW
0xffabd34c,SetISGyroFilterCharge_FW
0xffa567c4,SetISGyroGainAaxis_FW
0xffa567d8,SetISGyroGainBaxis_FW
0xffabd28c,SetISGyroHPFINOffsetPitch_FW
0xffabd2a8,SetISGyroHPFINOffsetYaw_FW
0xffabcf78,SetISGyroPitchGain_FW
0xffabcf8c,SetISGyroPitchOffset_FW
0xffabcf64,SetISGyroYawGain_FW
0xffabcf88,SetISGyroYawOffset_FW
0xffabcfa8,SetISHallDevicePitchGain_FW
0xffabcfd0,SetISHallDevicePitchOffset_FW
0xffabcf94,SetISHallDeviceYawGain_FW
0xffabcfbc,SetISHallDeviceYawOffset_FW
0xffa5679c,SetISHallGainAaxis_FW
0xffa567b0,SetISHallGainBaxis_FW
0xffa56774,SetISHallOffsetAaxis_FW
0xffa56788,SetISHallOffsetBaxis_FW
0xffa56c38,SetISHPFCutoff_FW
0xffabd048,SetISHPFCutOffFreqIndex_FW
0xffabd514,SetISLensPWMMode_FW
0xffa56ca0,SetISLPFAaxis_FW
0xffa56cb4,SetISLPFBaxis_FW
0xffabd058,SetISLPFCutOffFreqAaxis_FW
0xffabd068,SetISLPFCutOffFreqBaxis_FW
0xffa56ba4,SetISMovieStatus_FW
0xffabcf3c,SetISPitchPWM_FW
0xffa56b94,SetISStillStatus_FW
0xffa5699c,SetISTuningFlag_FW
0xffabcf50,SetISYawPWM_FW
0xffabb7a0,SetLangMenuType_FW
0xff8ec280,SetLineDefMarkThroughMode_FW
0xff8773ec,SetLogicalEventActive
0xffabd4e0,SetLoopGain_FW
0xffa56df0,SetLoopGainAdjValue_FW
0xffabd07c,SetLPFForParallelFilter_FW
0xffa56bc8,SetLPFParallelBest_FW
0xffa5633c,SetMechaShutterCloseDacSetting_FW
0xffa56358,SetMechaShutterOpenDacSetting_FW
0xffa56374,SetMechaShutterWaitTimeSetting_FW
0xffabb5dc,SetMinute_FW
0xffabb4b4,SetMonth_FW
0xffa56440,SetNdDacSetting_FW
0xffab489c,SetObClamp_FW
0xffab489c,SetObClampValue_FW
0xffab5a10,SetOneShotWBParam_FW
0xffab5a10,SetOneTypeWBParam_FW
0xff94cdb8,SetParameterData
0xffad3eac,SetPMByGpio_FW
0xff86fb9c,SetPropertyCase
0xff922180,SetRawSWCheckMode_FW
0xffab5b24,SetReferenceWBGainForCalibration_FW
0xffab7b78,SetScanLensIndex_FW
0xffab7c80,SetScanWindowMode_FW
0xff87743c,SetScriptMode
0xff87743c,SetScriptMode_FW
0xff92212c,SetSDPwrPort_FW
0xffabb640,SetSecond_FW
0xff8ef22c,SetSensitiveDefectRecParameter_FW
0xff8ef23c,SetSensitiveRecParameter_FW
0xffab4b74,SetShutterSpeed_FW
0xffab4b24,SetShutterSpeedWithMecha_FW
0xff81af84,SetSR
0xff84d27c,SetTestRecSkimmingYUV_FW
0xff827888,SetTimerAfter
0xff827908,SetTimerWhen
0xffab5b50,SetToolCorrectCoefficient_FW
0xffaba060,SetVideoOutType
0xffaba0bc,SetVideoOutType_FW
0xffab5ae4,SetWBYlStandardWidth_FW
0xff8ebea0,SetWhiteCoefficient_FW
0xffabb454,SetYear_FW
0xffa4a808,SetZoomActuatorSpeedPPS_FW
0xffab68c8,SetZoomCommonDriveParam_FW
0xffab67d4,SetZoomDriveParam_FW
0xffab665c,SetZoomLensEncoderPowerControl_FW
0xffa566c4,SetZoomLensSpeedMode_FW
0xffab686c,SetZoomNormalDriveParam_FW
0xffabcfe0,SetZoomPointToIS_FW
0xffa56b40,SetZoomPosition_FW
0xffab6820,SetZoomResetDriveParam_FW
0xffa4cf74,SetZoomResetState_FW
0xff9224d4,ShowAllTaskInfo_FW
0xff86cc9c,ShowCameraLog_FW
0xff86cc30,ShowCameraLogInfo_FW
0xffab97ec,ShowCurrentExp_FW
0xff848ab8,ShowDefaultAdjTableVersion_FW
0xffa55c38,ShowFocusLensCurrentSpeedTable_FW
0xff93b334,ShowLanguageNameList_FW
0xff8754e4,ShowLogicalEventName_FW
0xff921ff4,ShowMechaMacro_FW
0xff922170,ShowPhySwStatus_FW
0xff9221b4,ShowSDStatus_FW
0xffa1c704,ShowTransparentMemory_FW
0xff870974,ShutdownPlayModeMenu_FW
0xff870a84,ShutdownPlayModeMenuWithoutPbRedraw_FW
0xff870894,ShutdownRecModeMenu_FW
0xffab9d4c,SleepAE_FW
0xff827128,SleepTask
0xff827128,SleepTask_FW
0xff81cb6c,sprintf_FW
0xff81cd68,srand
0xff85cacc,SS.Create_FW
0xff9ba320,sscanf_FW
0xffab7fa4,StartAdjAFService_FW
0xff8ec244,StartAEIntegralService_FW
0xff85a7c4,StartBDrive_FW
0xff85a7d4,StartBPanDrive_FW
0xff86ccec,StartCameraLog_FW
0xff9232a0,StartClockMode_FW
0xffab8848,StartCrwCustomScan_FW
0xffab87d0,StartCustomScan_FW
0xffaba3ec,StartEVFDrive_FW
0xffaba3a8,StartEVFDriveWithMode_FW
0xff847a74,StartFactoryModeController_FW
0xff88b6d0,StartGUISystem_FW
0xffa56e40,StartImStEventProc_FW
0xff85a7c4,StartISAdjustmentDrive_FW
0xff85a7c4,StartISDrive_FW
0xffa56710,StartISLocalAdjust_FW
0xff85a7f0,StartISLocalAutoCenter_FW
0xff85a830,StartISLocalHallAdjust_FW
0xff85a7d4,StartISPanDrive_FW
0xff8ed214,StartLogOut_FW
0xffa56d60,StartLoopGainCalc_FW
0xff87076c,StartPlayModeMenu_FW
0xff8707f4,StartRecModeMenu
0xff8707f4,StartRecModeMenu_FW
0xff81c540,StartRedirectUART_FW
0xffa1c960,StartSoundPlay_FW
0xffa1c928,StartSoundRecord_FW
0xff86e988,StartWDT_FW
0xff823ea4,stat
0xffab83a4,StopAdjAFInteg_FW
0xffab8124,StopAdjAFService_FW
0xff8ebfa0,StopAEIntegralService_FW
0xff85a7cc,StopBDrive_FW
0xff85a7dc,StopBPanDrive_FW
0xff86ceb0,StopCameraLog_FW
0xff8b6894,StopContinuousVRAMData_FW
0xffab87a4,StopCustomScan_FW
0xffaba0ec,StopEVFDrive_FW
0xff85a7cc,StopISAdjustmentDrive_FW
0xff85a7cc,StopISDrive_FW
0xff85a7dc,StopISPanDrive_FW
0xff8eceb8,StopLogOut_FW
0xffa56e30,StopLoopGainCalc_FW
0xffab94e4,StopStrobeChargeForFA_FW
0xff86e9ec,StopWDT_FW
0xffab64a0,StopZoomEmergency_FW
0xff88b960,strcat
0xff88b9e8,strchr
0xff81cc04,strcmp
0xff81cc2c,strcmp_FW
0xff81cbec,strcpy
0xff81cbec,strcpy_FW
0xff88bdc0,strftime
0xff81cc48,strlen
0xff81cc48,strlen_FW
0xff88b99c,strncmp
0xff82ce04,strncpy
0xff9ba27c,strrchr
0xff82d03c,strtol
0xff82ce40,strtolx
0xffab9fec,SwitchOffDisplay_FW
0xffaba024,SwitchOnDisplay_FW
0xff922b74,System.Create_FW
0xff9224e4,System.Delete_FW
0xff922b74,SystemEventInit_FW
0xff826df0,TakeSemaphore
0xff826df0,TakeSemaphore_FW
0xff8272d0,TakeSemaphoreStrictly
0xff83eae8,task_Accelerometer
0x0002fa30,task_AdditionAgent
0xff8a90f0,task_AfIntSrvTask
0xff8a9f64,task_AFTask
0xff846760,task_ASIF
0xffad8b10,task_AviRead
0xff841b54,task_BeepTask
0xff8978f0,task_BrtMsrTask
0xff828a70,task_Bye
0xff85f074,task_CaptSeq
0xff85f074,task_CaptSeqTask
0xff8a443c,task_ChaceFace
0xff814f7c,task_ClockSave
0xff9e1dbc,task_CntFlashTask
0xff87b1d8,task_CommonDrivers
0xff81b364,task_ConsoleSvr
0xff926fd8,task_CreateHeaderTask
0xffac08a0,task_CtgTotalTask
0xff8744a4,task_CtrlSrv
0xff8f1e04,task_dccdCalcTask
0xffa3cbc4,task_DecJpgRd
0xff8a2a3c,task_DetectMoveTask
0xff9bf3b4,task_DetectVerticalWound
0xff8a6eb8,task_DevelopModule
0xff8a4d74,task_DispFace
0xff8fa840,task_DPOFTask
0xff883c1c,task_DSITask
0xff860510,task_DvlpSeqTask
0xff8a7478,task_EFChargeT
0xffad35c4,task_EfctConLowTask
0xffad3568,task_EfctConTask
0xff86f694,task_EvShel
0xff89df1c,task_ExpDrv
0xff9c7e98,task_ExpDrvSubTask
0xff89df1c,task_ExpDrvTask
0xff883874,task_FaceFrame
0xff8e8bc4,task_Fencing
0xff8fe01c,task_FileManMarkAllTask
0xffa32ae8,task_FileScheduleTask
0xffa338e8,task_FileWrite
0xffa338e8,task_FileWriteTask
0xffa3bddc,task_FilYuvMaker
0xffa43c58,task_FocusEvent
0xff8f4870,task_FolderCreateCheckTask
0xffa3788c,task_FORMAT_TASK_NAME
0xffa37788,task_FORMAT_TASK_PROGRESS
0xff85083c,task_FsIoNotifyTask
0xff8421cc,task_HdmiDriverTask
0xff834484,task_ImageSensorTask
0xffa4236c,task_ImgDLight
0xff9101ac,task_ImgEdt
0xff856d0c,task_ImgPlayDrv
0xff91105c,task_ImgTrim
0xff87b1a0,task_InitFileModules
0xff859930,task_IS_OCtask
0xff91e300,task_ISComTask
0xff859ce4,task_ISMainTask
0xff84405c,task_JogDial
0xff842ec4,task_LEDCon
0xff858348,task_LensController
0xff858ddc,task_LensController
0xff81ba1c,task_LowConsole
0xffa4829c,task_MechaShutter
0xff8f50c8,task_MetaCtg
0xffa26f58,task_MetaCtgPrsTask
0xff8d2798,task_MotionVector
0xffa5408c,task_MovEdit
0xff921108,task_MovieRecord
0xffa4e420,task_MovPlay
0xffad74d0,task_MovRead
0xffa51094,task_MovWrite
0xffa48c2c,task_Nd
0xff8c2fc8,task_NormalThumbCache
0xff8a1e0c,task_OBCtrlTask
0xff86d39c,task_OpePlay
0xff821a38,task_PhySw
0xff8b6c90,task_PrcssFil
0xff8be648,task_PTPSessionTASK
0xffa019d4,task_PTPtoFAPI_EventProcTask
0xffacf304,task_ReadFileTask
0xffa34df4,task_ReadScheduleTask
0xff857d30,task_RedEyeCapt
0xff912c14,task_RedEyePly
0xff84405c,task_RotaryEncoder
0xff8d3b68,task_SceneDetectTask
0xff854010,task_SD1stInit
0xff925ac4,task_ShutterSoundTask
0xff8af9c0,task_SsgMainTask
0xff8afbe8,task_SsgPeriodTask
0xff85df10,task_SsStartupTask
0xff865170,task_SsTask
0xff81c1fc,task_Startup
0xff829338,task_StartupImage
0xff8b795c,task_SynchTask
0xff8b78d4,task_SyncPeriod
0xff820358,task_TempCheck
0xff8b2fbc,task_TgTask
0xff84702c,task_Thermometer
0xff8b9b28,task_TimerUtility
0xff8c6f48,task_TrnsCtrlTask
0xff81c3ec,task_UartLog
0xff8a0f6c,task_WBCtrl
0xff890d5c,task_WBIntegTask
0xff9d8a34,task_WBLPFace
0xff86e814,task_WdtPrint
0xff86e8c8,task_WdtReset
0xffa49984,task_ZoomEvent
0xff923f10,TerminateAdjustmentSystem_FW
0xff84d368,Terminatedccd_FW
0xffabcac4,TerminateDefectAdjustment_FW
0xff84d368,TerminateDigicon_FW
0xffabd614,TerminateMechaDevice_FW
0xffa1c9dc,TerminateSoundRec_FW
0xff84cd2c,TerminateTestRec_FW
0xff826630,TestAssert_FW
0xff82665c,TestAssertInt_FW
0xff82667c,TestException_FW
0xff826698,TestExceptionInt_FW
0xff8266b8,TestPanic_FW
0xff8266e8,TestPanicInt_FW
0xff869ea0,time
0xff826bd8,TryPostMessageQueue
0xff826a9c,TryReceiveMessageQueue
0xff826d9c,TryTakeSemaphore
0xff88524c,TurnOffBackLight
0xff83dc3c,TurnOffDisplay
0xffa5641c,TurnOffNdFilter_FW
0xff84525c,TurnOffVideoOutMode_FW
0xff885234,TurnOnBackLight
0xff83dc2c,TurnOnDisplay
0xffa563f8,TurnOnNdFilter_FW
0xff845224,TurnOnVideoOutMode_FW
0xff923dd0,UI.Create_FW
0xff923dd0,UI_RegistDebugEventProc_FW
0xff922dbc,UI_ShowStateOfRecMode_FW
0xff8773ec,UiEvnt_SetLogicalEventActive_FW
0xff877470,UiEvnt_StartDisguiseCradleStatus_FW
0xff877480,UiEvnt_StopDisguiseCradleStatus_FW
0xff9523d4,UIFS_Capture_FW
0xff9524a8,UIFS_CaptureNoneStop_FW
0xff923344,UIFS_ChangeShootState_FW
0xff92300c,UIFS_ClosePopupStrobe_FW
0xff9231e4,UIFS_ConnectHDMI_FW
0xff923184,UIFS_ConnectVideo_FW
0xff9231e8,UIFS_DisconnectHDMI_FW
0xff9231b4,UIFS_DisconnectVideo_FW
0xff9232b0,UIFS_EndClockMode_FW
0xff9232c8,UIFS_GetMovieRecoadableNumber_FW
0xff923310,UIFS_GetStillShotableNumber_FW
0xff922f74,UIFS_IsAvailableISO3200_FW
0xff922f7c,UIFS_IsCurrentCaptureModeISO3200_FW
0xff92303c,UIFS_MountExtFlash_FW
0xff9535e4,UIFS_MoveZoomTo_FW
0xff922fdc,UIFS_OpenPopupStrobe_FW
0xff923268,UIFS_PostModeDial_FW
0xff92309c,UIFS_PressTeleButton_FW
0xff923110,UIFS_PressWideButton_FW
0xff9231f4,UIFS_RestartPostingUIEvent_FW
0xff922f98,UIFS_SetCaptureModeToISO3200_FW
0xff92322c,UIFS_SetCaptureModeToM_FW
0xff923260,UIFS_SetCaptureModeToMacro_FW
0xff922ee8,UIFS_SetCaptureModeToP_FW
0xff9231f8,UIFS_SetCaptureModeToTv_FW
0xff9232c0,UIFS_SetCradleSetting_FW
0xff922f2c,UIFS_SetDialMovieRec_FW
0xff922f54,UIFS_SetDialPlay_FW
0xff922ec8,UIFS_SetDialStillRec_FW
0xff923368,UIFS_ShootSeqToUI_FW
0xff9232a0,UIFS_StartClockMode_FW
0xff882d68,UIFS_StartMovieRecord_FW
0xff882d9c,UIFS_StopMovieRecord_FW
0xff9231f0,UIFS_StopPostingUIEvent_FW
0xff92306c,UIFS_UnmountExtFlash_FW
0xff9230d8,UIFS_UnpressTeleButton_FW
0xff92314c,UIFS_UnpressWideButton_FW
0xff93911c,UIFS_WriteFirmInfoToFile
0xff93911c,UIFS_WriteFirmInfoToFile_FW
0xff8881c8,UndisplayBusyOnScreen
0xff8476b4,UndisplayFactoryMode_FW
0xff86900c,UnLoadScript_FW
0xff825590,UnlockAE
0xff8253b8,UnlockAF
0xff8775f0,UnlockMainPower
0xff8775f0,UnlockMainPower_FW
0xffab9680,UnregistColorMatrix_FW
0xff81af68,UnregisterInterruptHandler
0xff952fbc,UnsetZoomForMovie
0xff8535e8,UpdateMBROnFlash
0xff820654,VbattGet
0xff820654,VbattGet_FW
0xffa5773c,VerifyByte_FW
0xff81cbb0,vsprintf
0xff9224c0,Wait_FW
0xff867ad8,WaitForAllEventFlag
0xff827380,WaitForAllEventFlagStrictly
0xff8679f4,WaitForAnyEventFlag
0xff827354,WaitForAnyEventFlagStrictly
0xff9d8cf4,wblpface.clear_FW
0xff9d8cb4,wblpface.init_FW
0xff9d8cd4,wblpface.start_FW
0xff9d8ce4,wblpface.stop_FW
0xff9d8cc4,wblpface.term_FW
0xff823d44,Write
0xff823d44,Write_FW
0xff84935c,WRITEADJTABLETOFROM_FW
0xff849380,WRITEADJUSTMENTDATATOFROM_FW
0xffabce90,WriteGyroAdjustment_FW
0xffabce50,WriteHallDeviceAdjustment_FW
0xffabcf0c,WritePWMAdjustment_FW
0xff90a2a8,WriteSDCard
0xff92a038,WriteToRom_FW
