0xff814de8,_GetSystemTime
0xffaef148,_log
0xffaef7f0,_log10
0xffaefce0,_pow
0xffaf402c,_sqrt
0xffab3d64,AbortAEIntegralValue_FW
0xff822598,AcquireRecursiveLock
0xffab2ad0,ActivateAdjLog_FW
0xff8ca464,ActivateImager_FW
0xff950928,ActivateImageSystem_FW
0xffab0e48,AddAdjDataToFRom_FW
0xff9737f0,AddItemToDialogBox_FW
0xffabf73c,AddTransparentMemory_FW
0xffabbed8,AfAEWithAperturePriority_FW
0xffabc088,AfAEWithCompensation_FW
0xff82d8e0,AFAssistBeam_FW
0xff95120c,AFDistanceChanged_FW
0xff9511b0,AFFrameMoved_FW
0xff81aa30,AllocateMemory
0xff81aa30,AllocateMemory_FW
0xff814bb0,AllocateUncacheableMemory
0xff9517f0,AllSettingReseted_FW
0xff8aef8c,apex2us
0xffabf784,AttachToTransparentMemory_FW
0xff82c644,Bat_Calc_FW
0xffabd658,Bat_Save_FW
0xffabd644,Bat_VIN_FW
0xff82b1dc,BatVoltageToAd_FW
0xff82e330,BeepDrive_FW
0xff82e344,BeepDriveComp_FW
0xff82e358,BeepTest_FW
0xffab74d0,CalcLog10_FW
0xff82c644,CalculateBatSenseOffset_FW
0xffab7478,CalculateLog2ToApex_FW
0xffaba59c,CalculatePeakPositionByLeastSquare_FW
0xffab74ac,CalculatePow2FromApex_FW
0xffabbe2c,CancelAdj_AEMode_FW
0xffab5eec,CancelAdjCdsMode_FW
0xffaac50c,CancelFocusLensMaxSpeedLimit_FW
0xff815cac,CancelHPTimer
0xff8ca784,CancelImager_FW
0xff815050,CancelTimer
0xff8a2378,Capture.Create_FW
0xff8a240c,Capture.Delete_FW
0xff950e4c,CaptureModeChange_FW
0xff8c8130,CdsDrv.Create_FW
0xff8c8168,CdsDrv.Delete_FW
0xff8c7ea4,CdsDrv.GetCdsGainForAdjustment_FW
0xff8c7f0c,CdsDrv.GetCdsOBForAdjustment_FW
0xff8c7f68,CdsDrv.GetCdsRegisterImage_FW
0xff8c7f50,CdsDrv.PowerMode_FW
0xff8c7f40,CdsDrv.ReloadCdsTable_FW
0xff8c7e38,CdsDrv.SetCdsAdjustmentMode_FW
0xff8c7e58,CdsDrv.SetCdsGainApexForAdjustment_FW
0xff8c7e68,CdsDrv.SetCdsGainForAdjustment_FW
0xff8c7e48,CdsDrv.SetCdsNormalMode_FW
0xff8c7ed4,CdsDrv.SetCdsOBForAdjustment_FW
0xff8c7f80,CdsDrv.SetCdsRegisterImage_FW
0xff8ca840,ChangeImagerToAlternateDraft_FW
0xff8ca870,ChangeImagerToFocusJet_FW
0xff8ca850,ChangeImagerToJetDraft_FW
0xff8ca880,ChangeImagerToJumboDraft_FW
0xff8ca830,ChangeImagerToNarrowDraft_FW
0xff8ca890,ChangeImagerToOITA_XAVIER_FW
0xff8ca860,ChangeImagerToPetitNarrow_FW
0xff8ca8b0,ChangeImagerToQVGA15Fps_FW
0xff8ca8a0,ChangeImagerToQVGA20Fps_FW
0xff8ca8e0,ChangeImagerToSmearCorrectAlternate_FW
0xff8ca8d0,ChangeImagerToSmearCorrectSuper_FW
0xff8ca8c0,ChangeImagerToSmearCorrectWide_FW
0xff8ca810,ChangeImagerToSuperWideDraft_FW
0xff8ca7e4,ChangeImagerToWholeParallel_FW
0xff8ca800,ChangeImagerToWholeParallelHalf_FW
0xff8ca7b4,ChangeImagerToWholeSerial_FW
0xff8ca7cc,ChangeImagerToWholeSerialLineDef_FW
0xff8ca820,ChangeImagerToWideDraft_FW
0xff950d0c,ChangeZoomSpeed_FW
0xffabb698,ChargeStrobe_FW
0xff81f978,CheckAllEventFlag
0xff81f968,CheckAnyEventFlag
0xffaac718,CheckFocusLensAfAging_FW
0xff81a5f8,CheckSumAll_FW
0xff81fd78,ClearEventFlag
0xffaafba8,ClearFactoryMode_FW
0xffaac678,ClearFocusLensBacklashSpeedToMax_FW
0xffaa42c0,ClearMechaShutterCount_FW
0xffa9d090,ClearPM3ByFs_FW
0xffa9d080,ClearPM3ByGpio_FW
0xff87056c,Close
0xffb02bc8,close
0xff87056c,Close_FW
0xff81b90c,CloseConsole_FW
0xffafeb68,closedir
0xffaa41a0,CloseMechaShutterEvent_FW
0xffab69b0,CloseMShutter_FW
0xff9516b8,ColorModeChanged_FW
0xffac2764,CompletePrepareTestRec_FW
0xff974c34,ControlEventHandler_FW
0xffa47b10,ControlViewEvent_FW
0xffab759c,ConvertApexStdToApex_FW
0xffab7568,ConvertApexToApexStd_FW
0xffab7bd8,ConvertCxCyToWBGain_FW
0xffab876c,ConvertToPositionWithDistanceAndZoomPoint_FW
0xffab602c,ConvertTvToExposureTime_FW
0xff81b640,CPrintf_FW
0xff81b6a4,CPutChar_FW
0xffab0b58,CreateAdjustmentTableMirror_FW
0xff820b78,CreateBinarySemaphore
0xff822768,CreateBinarySemaphoreStrictly
0xff960d90,CreateController_FW
0xff820c60,CreateCountingSemaphore
0xff820c60,CreateCountingSemaphore_FW
0xff822794,CreateCountingSemaphoreStrictly
0xff97336c,CreateDialogBox_FW
0xff974a2c,CreateDialogItem_FW
0xffa2ccac,CreateDpConnectController_FW
0xff81f67c,CreateEventFlag
0xff82273c,CreateEventFlagStrictly
0xffa22d48,CreateLanguageMenu_FW
0xff820000,CreateMessageQueue
0xff822710,CreateMessageQueueStrictly
0xff81747c,CreateProxyOfEventProcedure_FW
0xff8223a4,CreateRecursiveLock
0xff8227c0,CreateRecursiveLockStrictly
0xffae8e94,CreateSubCPUEvent_FW
0xff821568,CreateTask
0xff821568,CreateTask_FW
0xff8226d0,CreateTaskStrictly
0xffa8e930,CreateVcomUart_FW
0xffaaf104,CzDebugPrint_FW
0xffa455f4,DBG_changeTraceLevel_FW
0xff813a80,DebugAssert
0xff960e48,DeleteController_FW
0xff97357c,DeleteDialogBox_FW
0xff973704,DeleteDialogBoxAfterGetTopOfControl_FW
0xff974b1c,DeleteDialogItem_FW
0xffa2cf2c,DeleteDpConnectController_FW
0xff81f788,DeleteEventFlag
0xff86932c,DeleteFile_Fut
0xff9738c4,DeleteItemFromDialogBox_FW
0xffa22ed0,DeleteLanguageMenu_FW
0xff820150,DeleteMessageQueue
0xff978350,DeletePalette_FW
0xff817504,DeleteProxyOfEventProcedure_FW
0xff8224c0,DeleteRecursiveLock
0xff820d6c,DeleteSemaphore
0xff820d6c,DeleteSemaphore_FW
0xffa8ea60,DeleteVcomUart_FW
0xff8c5740,DevelopTool.DevelopTest_FW
0xff967f28,DisableAutoShutdown_FW
0xffac4b14,DisableDebugLogMode_FW
0xffa92a38,DisableFocusPiCircuit_FW
0xffa9ea90,DisableIrisActuatorEvent_FW
0xffaa2d80,DisableIrisEvent_FW
0xffa92b40,DisableLensBarrierCheck_FW
0xffa92a18,DisableMechaCircuit_FW
0xff9a1d94,DisableMovieController_FW
0xffa5474c,DisableNotificationPTP_FW
0xff8cf9a8,DisableOBClampField_FW
0xff97ef90,DisableRefreshPhysicalScreen_FW
0xffa92aa8,DisableZoomEncoderCircuit_FW
0xffa92a70,DisableZoomPiCircuit_FW
0xff9286b4,DispCon_GetVideoAdjParameter_FW
0xff92875c,DispCon_SaveVideoAdjParameter_FW
0xff9289a0,DispCon_SetDisplayType_FW
0xff9289e4,DispCon_SetMaxBackLightBrightness_FW
0xff928618,DispCon_SetVideoAdjParameter_FW
0xff928938,DispCon_ShowBitmapColorBar
0xff928938,DispCon_ShowBitmapColorBar_FW
0xff92891c,DispCon_ShowBlackChart_FW
0xff92876c,DispCon_ShowColorBar_FW
0xff9287e0,DispCon_ShowFiveStep_FW
0xff928708,DispCon_ShowVideoAdjParameter_FW
0xff9288d8,DispCon_ShowWhiteChart_FW
0xff9289d4,DispCon_TurnOffDisplay_FW
0xff9289c4,DispCon_TurnOnDisplay_FW
0xff926a4c,DispDev_EnableEventProc_FW
0xff973da0,DisplayDialogBox_FW
0xffaaf848,DisplayFactoryMode_FW
0xff9516e8,DisplayTypeChanged_FW
0xff9513c8,DoAELock
0xff9513c8,DoAELock_FW
0xff951250,DoAFLock
0xff951250,DoAFLock_FW
0xff8b98f8,DoMovieFrameCapture
0xff9741b4,DrawBinaryBitmapToDialog_FW
0xff974b9c,DrawDialogItem_FW
0xff974064,DrawStringToDialog_FW
0xff825b98,Driver_EnableEventProc_FW
0xff81a908,Dump32_FW
0xffab0560,DumpAdjArea_FW
0xffab0588,DumpAdjMirror_FW
0xffabf6e8,DumpTransparentMemoryItem_FW
0xff90667c,EF.StartEFCharge_FW
0xff906730,EF.StartInternalMainFlash_FW
0xff9066ec,EF.StartInternalPreFlash_FW
0xff9066dc,EF.StopEFCharge_FW
0xff950a9c,EmergencyOfLens_FW
0xff967f40,EnableAutoShutdown_FW
0xffac4afc,EnableDebugLogMode_FW
0xffaac5fc,EnableFocusLens_FW
0xffa92a28,EnableFocusPiCircuit_FW
0xff81ffc0,EnableInterrupt
0xffa9ea60,EnableIrisActuatorEvent_FW
0xffaa2d50,EnableIrisEvent_FW
0xffa92b30,EnableLensBarrierCheck_FW
0xffa92a08,EnableMechaCircuit_FW
0xff9a1d80,EnableMovieController_FW
0xffa54760,EnableNotificationPTP_FW
0xff8cf990,EnableOBClampField_FW
0xff97ef7c,EnableRefreshPhysicalScreen_FW
0xffa92a98,EnableZoomEncoderCircuit_FW
0xffa92a60,EnableZoomPiCircuit_FW
0xff8810b8,EngDrvBits
0xff881258,EngDrvBits_FW
0xff88109c,EngDrvIn
0xff881238,EngDrvIn_FW
0xff881084,EngDrvOut
0xff88121c,EngDrvOut_FW
0xff8810a4,EngDrvRead
0xff881248,EngDrvRead_FW
0xff881358,EngDrvReadDump_FW
0xff8a2248,EngineDriver.Create_FW
0xff8a2270,EngineDriver.Delete_FW
0xff951948,EnterToAELockEVF_FW
0xff951388,EnterToCompensationEVF_FW
0xff951070,EnterToManualFocus_FW
0xff950ba4,EnterToPlayFromRec_FW
0xff950b90,EnterToRecFromPlay_FW
0xff951cc8,EnterToRemoteCaptureMode_FW
0xffab0540,EraseAdjustmentArea_FW
0xffab0e38,EraseFRomShadingArea_FW
0xffae6e2c,EraseLogSector_FW
0xff822d88,EraseSectorOfRom_FW
0xff81ab14,EraseSignature_FW
0xffaff334,errnoOfTaskGet
0xffaac520,EscapeFocusLens_FW
0xff81ab9c,exec_FW
0xff816ac8,ExecuteEventProcedure
0xff816ac8,ExecuteEventProcedure_FW
0xffadeb70,ExecuteFirmUpgrade_FW
0xff82c908,ExecuteLoadTest_FW
0xff993fa8,ExecuteResetFactoryWithRomWrite_FW
0xff951f80,ExecuteScript_FW
0xffac2ab0,ExecuteTestRec_FW
0xffac2c24,ExecuteTestRecCF_FW
0xff95198c,ExitFromAELockEVF_FW
0xff951398,ExitFromCompensationEVF_FW
0xff951090,ExitFromManualFocus_FW
0xff951d20,ExitFromRemoteCaptureMode_FW
0xff951b14,ExitShooting_FW
0xff821928,ExitTask
0xff821928,ExitTask_FW
0xff951f04,ExitTestRec_FW
0xff8127e0,exmem_alloc
0xff811f14,exmem_assert
0xff81282c,exmem_free
0xff8f899c,ExpCtrlTool.AEComp_FW
0xff8f8a44,ExpCtrlTool.AEFix_FW
0xff8f88ec,ExpCtrlTool.AEFocus_FW
0xff8f8908,ExpCtrlTool.AEFocusProg_FW
0xff8f8ab4,ExpCtrlTool.AELock_FW
0xff8f8958,ExpCtrlTool.AEPreFix_FW
0xff8f89d4,ExpCtrlTool.AEStillOnMovie_FW
0xff8f871c,ExpCtrlTool.DisableUsageCheck_FW
0xff8f870c,ExpCtrlTool.EnableUsageCheck_FW
0xff8f8d14,ExpCtrlTool.Fix_FW
0xff8f8d2c,ExpCtrlTool.GetAvLimit_FW
0xff8f8d50,ExpCtrlTool.GetAvLimitWithoutTv_FW
0xff8f8d98,ExpCtrlTool.GetShiftLimit_FW
0xff8f8d74,ExpCtrlTool.GetTvLimit_FW
0xff8f8c60,ExpCtrlTool.Keep_FW
0xff8f8c8c,ExpCtrlTool.KeepProg_FW
0xff8f8bf0,ExpCtrlTool.Lock_FW
0xff8f8b24,ExpCtrlTool.Manual_FW
0xff8f8874,ExpCtrlTool.OneShotAE_FW
0xff8f8844,ExpCtrlTool.PauseUniUni_FW
0xff8f87cc,ExpCtrlTool.Pre_FW
0xff8f885c,ExpCtrlTool.ResumeUniUni_FW
0xff8f8b6c,ExpCtrlTool.Revive_FW
0xff8f8bc4,ExpCtrlTool.ReviveComp_FW
0xff8f8b98,ExpCtrlTool.ReviveRef_FW
0xff8f8cec,ExpCtrlTool.Shift_FW
0xff8f87b4,ExpCtrlTool.Sleep_FW
0xff8f87e4,ExpCtrlTool.StartConti_FW
0xff8f8814,ExpCtrlTool.StartManualExp_FW
0xff8f87fc,ExpCtrlTool.StopConti_FW
0xff8f882c,ExpCtrlTool.StopManualExp_FW
0xff8fcc98,ExpDrvTool.ChgSpeed_FW
0xff816ce4,ExportToEventProcedure_FW
0xffab2430,FA.Create_FW
0xffab2464,FA.Delete_FW
0xffab25f4,FADBGPrintf_FW
0xffab2798,FAPrintf_FW
0xff86946c,Fclose_Fut
0xff86946c,Fclose_Fut_FW
0xff869680,Feof_Fut
0xff8696b8,Fflush_Fut
0xff8695f0,Fgets_Fut
0xff86d6e0,filesem_init
0xff974004,FillRectangleToDialog_FW
0xffabbd40,FixAEWithCompensation_FW
0xff951458,FixProgramShift_FW
0xff950b78,FlushWriteCache_FW
0xffa24b64,FmtMenu_ExecuteQuickFormat_FW
0xffabbc8c,FocusAEWithCompensation_FW
0xff869430,Fopen_Fut
0xff869430,Fopen_Fut_FW
0xff869550,Fread_Fut
0xff869550,Fread_Fut_FW
0xffac5110,FreeBufferForSoundRec_FW
0xff81aa1c,FreeMemory
0xff81aa1c,FreeMemory_FW
0xff814be4,FreeUncacheableMemory
0xff869638,Fseek_Fut
0xff869638,Fseek_Fut_FW
0xff8695a0,Fwrite_Fut
0xff8695a0,Fwrite_Fut_FW
0xff8fc82c,get_current_exp
0xff8240e0,get_resource_pointer
0xff829aa4,GetAdChValue
0xff829aa4,GetAdChValue_FW
0xffab0628,GetAdjTableMapVersion_FW
0xffab0638,GetAdjTableValueVersion_FW
0xffab05e0,GetAdjTableVersion_FW
0xff829ae4,GetAdVBattBottom_FW
0xffab41d8,GetAEIntegralServiceMode_FW
0xffab3798,GetAEIntegralValue_FW
0xffab3e1c,GetAEIntegralValueWithFix_FW
0xffabb47c,GetAFSensorDriveMode_FW
0xffab398c,GETALTERNATEEVALUATIONVALUEWITHMECHASHUTTER_FW
0xff974e0c,GetAttributeFromDialogItem_FW
0xff82d370,GetBatteryTemperature
0xff82d370,GetBatteryTemperature_FW
0xff81a434,GetBuildDate_FW
0xff81a44c,GetBuildTime_FW
0xff82d35c,GetCCDTemperature
0xff82d35c,GetCCDTemperature_FW
0xffab5df4,GetCdsGainValue_FW
0xff81b6d8,GetCh_FW
0xffab3ad4,GETCRWEVALUATIONVALUEWITHMECHASHUTTER_FW
0xffab3b78,GETCRWEVALUATIONVALUEWITHOUTMECHASHUTTER_FW
0xffab643c,GetCurrentAvValue
0xffab643c,GetCurrentAvValue_FW
0xff9985b0,GetCurrentCaptureModeType_FW
0xffa9d190,GetCurrentEncoderPosition_FW
0xffab6068,GetCurrentExposureTime_FW
0xffab883c,GetCurrentFocusLensPosition_FW
0xffab6698,GetCurrentIrisPosition_FW
0xff81e2ec,GetCurrentMachineTime
0xffab6080,GetCurrentShutterSpeed
0xffab6080,GetCurrentShutterSpeed_FW
0xffab87e4,GetCurrentTargetDistance
0xffab87e4,GetCurrentTargetDistance_FW
0xffab7d58,GetCurrentZoomLensDirection_FW
0xffab8310,GetCurrentZoomLensPoint_FW
0xffab8324,GetCurrentZoomLensPosition_FW
0xffabda68,GetDay_FW
0xff97421c,GetDialogBoxWindow_FW
0xff974f6c,GetDialogItemPosition_FW
0xff9744b8,GetDialogItemPositionToDialog_FW
0xff974fec,GetDialogItemResolution_FW
0xff9744ec,GetDialogItemResolutionToDialog_FW
0xff86f8a8,GetDrive_ClusterSize
0xff86f940,GetDrive_FreeClusters
0xff86f904,GetDrive_TotalClusters
0xff81fdc8,GetEventFlagValue
0xffab3a30,GETEVFEVALUATIONVALUEWITHMECHASHUTTER_FW
0xffab3c1c,GETEVFEVALUATIONVALUEWITHOUTMECHASHUTTER_FW
0xff81a470,GetFirmwareVersion_FW
0xffab87bc,GetFocusDefaultResetPosition_FW
0xff973cc8,GetFocusedItemIDOfDialogItem_FW
0xffaac2f4,GetFocusLensCurrentPosition_FW
0xffaac4ac,GetFocusLensMoveCompleteTime_FW
0xffaac4b8,GetFocusLensNdCoefficientPulse_FW
0xffaac344,GetFocusLensResetDefaultPosition_FW
0xffaac308,GetFocusLensResetPosition_FW
0xffaac31c,GetFocusLensResetPositionForInside_FW
0xffaac330,GetFocusLensResetPositionForOutside_FW
0xffaac4cc,GetFocusLensSettingMaxSpeed_FW
0xffaac4e0,GetFocusLensSettingMaxSpeedByDeltaType_FW
0xffaac5b4,GetFocusLensSubjectDistance_FW
0xffaac5d8,GetFocusLensSubjectDistanceFromLens_FW
0xffa92a48,GetFocusPiSensorLevel_FW
0xffab87d0,GetFocusResetPosition_FW
0xff9742ac,GetFocusScopeToDialog_FW
0xffabda98,GetHour_FW
0xffaa2c2c,GetIrisAvEvent_FW
0xffaa2c40,GetIrisCurrentPositionEvent_FW
0xff973d00,GetItemHandleOfDialogBox_FW
0xff82b1a0,GetLBOffset_FW
0xffa95af4,GetLensErrorStatus_FW
0xff963e5c,GetLogicalEventName
0xffae6d4c,GetLogToFile_FW
0xff95122c,GetMacroSupportZoomPoint_FW
0xffab3824,GETMAINFLASHEVALUATIONVALUE_FW
0xff968468,GetMainPowerLockCounter_FW
0xffaa4270,GetMechaShutterCount_FW
0xffaa4228,GetMechaShutterStatusEvent_FW
0xff9511e8,GetMFBarData_FW
0xffabdac8,GetMinute_FW
0xffabd63c,GetModelId_FW
0xffabda30,GetMonth_FW
0xffab3cc0,GETMOVIEEVALUATIONVALUEWITHMECHASHUTTER_FW
0xff820af8,GetNumberOfPostedMessages
0xffab5d70,GetObClampValue_FW
0xff82d348,GetOpticalTemperature
0xff82d348,GetOpticalTemperature_FW
0xff978560,GetPaletteFromPhysicalScreen_FW
0xff96dad4,GetParameterData
0xffabcf64,GetPixelsOfViewangle_FW
0xffab38d4,GETPREFLASHEVALUATIONVALUE_FW
0xff95141c,GetProgramShiftLimitNegative_FW
0xff9513f8,GetProgramShiftLimitPositive_FW
0xff824558,GetPropertyCase
0xff974d24,GetPropertyFromDialogItem_FW
0xff973758,GetPropertyFromDialogItemWithID_FW
0xffabdaf8,GetSecond_FW
0xff9610b8,GetSelfControllerHandle_FW
0xff821234,GetSemaphoreValue
0xffab61c0,GetShutterSpeedRegularMaxLimit_FW
0xffab61e4,GetShutterSpeedRegularMinLimit_FW
0xff81ff94,GetSRAndDisableInterrupt
0xff9a2cd8,GetStateOfMovieSequence_FW
0xff81b73c,GetStringWithPrompt_FW
0xffabc628,GetSumYOfVRAMCenterLine_FW
0xff826df8,GetSwitchStatus_FW
0xff81ab44,GetSystemTime_FW
0xff814888,GetTimeOfSystem_FW
0xffabf810,GetTransparentMemory_FW
0xffabf868,GetTransparentMemoryPosition_FW
0xffabf7f0,GetTransparentMemorySize_FW
0xffab6668,GetUsableMaxAv
0xffab6668,GetUsableMaxAv_FW
0xffab6644,GetUsableMinAv
0xffab6644,GetUsableMinAv_FW
0xffab61b0,GetUserSetShutterSPeed_FW
0xffabc334,GetVideoOutType_FW
0xffabd9f8,GetYear_FW
0xffa9cfc8,GetZoomActuatorCurrentPosition_FW
0xffa9cf8c,GetZoomActuatorLimitAmpere_FW
0xffa9cf64,GetZoomActuatorSpeedControlGain_FW
0xffa9cf3c,GetZoomActuatorSpeedPPS_FW
0xffab84cc,GetZoomLensCurrent_FW
0xffa973d8,GetZoomLensCurrentPoint
0xffa973d8,GetZoomLensCurrentPoint_FW
0xffa973ec,GetZoomLensCurrentPosition
0xffa973ec,GetZoomLensCurrentPosition_FW
0xffab7d78,GetZoomLensResetPlus_FW
0xffab84e0,GetZoomLensSpeed_FW
0xffa97400,GetZoomLensTelePoint_FW
0xffa92a80,GetZoomPiSensorLevel_FW
0xff821160,GiveSemaphore
0xff821160,GiveSemaphore_FW
0xff95fd28,HardwareDefect_FW
0xff81ecfc,HwOcReadICAPCounter
0xff8c9f50,ImagerActivate
0xff8b0284,ImgGainTool.FlushGain_FW
0xff8b02f0,ImgGainTool.GetDeltaGainLimit_FW
0xff8b0390,ImgGainTool.GetGain_FW
0xff8b034c,ImgGainTool.GetUserGainLimit_FW
0xff8b03d4,ImgGainTool.IsValidDeltaSv_FW
0xff8b022c,ImgGainTool.SetDeltaGain_FW
0xff8b024c,ImgGainTool.SetUserGain_FW
0xffab2af0,InactivateAdjLog_FW
0xffab2cb8,InitializeAdjustmentFunction_FW
0xffab2c28,InitializeAdjustmentSystem_FW
0xffa8bef4,InitializeDCPClassFunctions_FW
0xffac5580,InitializeSoundRec_FW
0xffac288c,InitializeTestRec_FW
0xff8a234c,InPort_FW
0xff974950,InstallDialogItem_FW
0xffa1a5c0,InstallMyCameraMenu_FW
0xffa16de8,InstallPlayMenu_FW
0xffa14b1c,InstallRecMenu_FW
0xffa183b0,InstallSetupMenu_FW
0xffb03de8,iosDevAdd
0xffb03dc0,iosDevDelete
0xffb040ac,iosDrvInstall
0xffab5f08,IsAdjCdsMode_FW
0xffaf8adc,isalpha
0xff951bf0,IsAvailStillOnMovie_FW
0xffa1b524,IsCalledStopEVF_FW
0xffa92b50,IsCloseLensBarrier_FW
0xff966070,IsControlEventActive
0xff966070,IsControlEventActive_FW
0xffaf8b0c,isdigit
0xff967e3c,IsDisableAutoShutdown_FW
0xff950b58,IsEmptyWriteCache_FW
0xff97efa4,IsEnableRefreshPhysicalScreen_FW
0xffabc374,IsEVFDrive_FW
0xffabc5ec,IsEvfDriveMode_FW
0xffaafc98,IsFactoryMode_FW
0xff950bb8,IsLensExtend_FW
0xffa95ae8,IsLensOutside_FW
0xffab2b2c,IsLogOutType_FW
0xffaf8b3c,islower
0xff9516c8,ISOSpeedChanged_FW
0xffaf8b6c,ispunct
0xffaf8b84,isspace
0xff904158,IsStrobeChargeCompleted
0xff951664,IsStrobeChargeCompleted_FW
0xffaf8b9c,isupper
0xffaf8bb4,isxdigit
0xffa9d014,IsZoomActuatorResetSensorPlusSide_FW
0xff828a4c,JogInterValSet_FW
0xff828bb0,JogP_FW
0xff82655c,kbd_p1_f
0xff826568,kbd_p1_f_cont
0xff826938,kbd_p2_f
0xff828ff0,kbd_pwr_off,(stubs_entry_2.s)
0xff826628,kbd_read_keys
0xff97466c,KeepDefaultMoveFocusEventToDialog_FW
0xff925f80,KizuMarkCheck_FW
0xff9517d0,LcdBrightnessMenuIn_FW
0xff9517e0,LcdBrightnessMenuOut_FW
0xff92b964,LcdCon_GetLcdAdjParameter_FW
0xff92bcec,LcdCon_GetLcdBackLightParameter_FW
0xff92ba0c,LcdCon_SaveLcdAdjParameter_FW
0xff92bd94,LcdCon_SaveLcdBackLightParameter_FW
0xff92b880,LcdCon_SetLcdAdjParameter_FW
0xff92bbb4,LcdCon_SetLcdBackLightBrightness_FW
0xff92bc48,LcdCon_SetLcdBackLightParameter_FW
0xff92b764,LcdCon_SetLcdDriver_FW
0xff92b9bc,LcdCon_ShowLcdAdjParameter_FW
0xff92bd44,LcdCon_ShowLcdBackLightParameter_FW
0xff82dbbc,LEDDrive,(stubs_entry_2.s)
0xff82d8c8,LEDDrive_FW
0xff9516d8,LightMeteringModeChanged_FW
0xff8aca80,LiveImageTool.DzoomTele_FW
0xff8aca9c,LiveImageTool.DzoomWide_FW
0xff8acac8,LiveImageTool.Pause_FW
0xff8acad8,LiveImageTool.Resume_FW
0xff8ac568,LiveImageTool.StartEVF_FW
0xff8ac5ec,LiveImageTool.StartEVFFocusJet_FW
0xff8ac8d8,LiveImageTool.StartEVFMovQQVGA_FW
0xff8ac740,LiveImageTool.StartEVFMovQVGA60_FW
0xff8ac80c,LiveImageTool.StartEVFMovQVGA_FW
0xff8ac674,LiveImageTool.StartEVFMovVGA_FW
0xff8ac9a4,LiveImageTool.StartEVFMovXGA_FW
0xff8acab8,LiveImageTool.StopDzoom_FW
0xff8aca70,LiveImageTool.StopEVF_FW
0xffab06b0,LoadAdjustmentTable_FW
0xffab0714,LoadAdjustmentValue_FW
0xffab2294,LoadDataFromAdjTableBin_FW
0xffab2168,LoadParamDataFromAdjTableBin_FW
0xffadfe40,LoadScript_FW
0xff82c954,LoadTest_Result_Print_Off_FW
0xff82c940,LoadTest_Result_Print_On_FW
0xff814108,LocalTime
0xff9682a4,LockMainPower
0xff9682a4,LockMainPower_FW
0xff97ee1c,LockPhysicalScreen_FW
0xff974568,LockRefreshDialog_FW
0xff817f30,LogCameraEvent
0xff9641d8,LogiEvnt_LoadCameraLog_FW
0xff82b1c8,LowBat_Result_Print_Off_FW
0xff82b1b0,LowBat_Result_Print_On_FW
0xff870654,Lseek
0xffb02d0c,lseek
0xff870654,Lseek_FW
0xff955ddc,MakeAFScan
0xffade10c,MakeBootDisk_FW
0xff925dac,MakeDefData_FW
0xff8693b8,MakeDirectory_Fut
0xffade120,MakeScriptDisk_FW
0xffb05c08,malloc_alt
0xffa8f5a8,MechaRegisterEventProcedure_FW
0xffa8f644,MechaReset_FW
0xffa8f67c,MechaTerminate_FW
0xffa8f5e8,MechaUnRegisterEventProcedure_FW
0xffafc708,memchr
0xffafc73c,memcmp
0xffafc73c,memcmp_FW
0xffafc778,memcpy
0xffafc778,memcpy_FW
0xffae80d4,MemoryChecker_FW
0xffb06028,memPartInfoGet
0xffafc7f0,memset
0xffafc7f0,memset_FW
0xffb06018,memShow_FW
0xff95174c,MenuIn
0xff95174c,MenuIn_FW
0xff951780,MenuOut
0xff951780,MenuOut_FW
0xffae8b9c,MessageToSubCPU_FW
0xff951f50,MFOff
0xff951f50,MFOff_FW
0xff951f20,MFOn
0xff951f20,MFOn_FW
0xff870754,mkdir
0xffafd524,mktime
0xff98de34,ModeLevelMovieRecForScript_FW
0xff98de40,ModeLevelPlayForScript_FW
0xff98de28,ModeLevelStillRecForScript_FW
0xff81ab64,MonSelEvent_FW
0xff960f80,MoveControllerToTopOfZOrder_FW
0xffaaf058,MoveCZToPointByOVFEvent_FW
0xffaaefb4,MoveCZToPointEvent_FW
0xffaaf024,MoveCZToTeleEvent_FW
0xffaaeff0,MoveCZToWideEvent_FW
0xffa9d0fc,MoveDCMotorCCW_FW
0xffa9d0a0,MoveDCMotorCW_FW
0xff973664,MoveDialogBoxPosition_FW
0xff9743a8,MoveDialogControllerToTopOfZOrder_FW
0xff974e78,MoveDialogItemPosition_FW
0xff974450,MoveDialogItemPositionToDialog_FW
0xff950dc0,MoveDigitalZoomAt_FW
0xff950d90,MoveDigitalZoomToTele_FW
0xff950da0,MoveDigitalZoomToWide_FW
0xffaac238,MoveFocusActuator_FW
0xffab8a74,MoveFocusLensToDistance_FW
0xffab8958,MoveFocusLensToPosition_FW
0xffab88e0,MoveFocusLensToPositionWithMaxSpeed_FW
0xffaac024,MoveFocusLensToTerminate_FW
0xffab8850,MoveFocusLensToTerminatePosition_FW
0xffaabef8,MoveFocusLensWithDistance_FW
0xffaac098,MoveFocusLensWithPosition_FW
0xffaac168,MoveFocusLensWithPositionWithoutBacklash_FW
0xff9510b0,MoveFocusToFar_FW
0xff9510c0,MoveFocusToFarRelative_FW
0xff9510b8,MoveFocusToNear_FW
0xff9510f0,MoveFocusToNearRelative_FW
0xffa9ea24,MoveIrisActuatorFullCloseEvent_FW
0xffa9e9e8,MoveIrisActuatorFullOpenEvent_FW
0xffab6498,MoveIrisFullOpen_FW
0xffab6528,MoveIrisMechaPositionWithBacklash_FW
0xffab6580,MoveIrisMechaPositionWithoutBacklash_FW
0xffab636c,MoveIrisToAv_FW
0xffab65d8,MoveIrisToAvWithoutBacklash_FW
0xffaa2bf0,MoveIrisToFullCloseEvent_FW
0xffaa2bb4,MoveIrisToFullOpenEvent_FW
0xffaa2b38,MoveIrisToPositionWithBacklashEvent_FW
0xffaa2c94,MoveIrisToPositionWithoutBacklashEvent_FW
0xffaa2b78,MoveIrisToTerminatePositionEvent_FW
0xffaa2aec,MoveIrisWithAvAndSpeedEvent_FW
0xffaa2ce4,MoveIrisWithAvAndSpeedWithoutBacklashEvent_FW
0xffaa2aac,MoveIrisWithAvEvent_FW
0xffaa2c54,MoveIrisWithAvWithoutBacklashEvent_FW
0xffab64e0,MoveIrisWithTerminatePosition_FW
0xffa959dc,MoveLensToFirstPointEvent_FW
0xffa95a88,MoveLensToTerminatePointEvent_FW
0xff950c88,MoveOpticalZoomAt_FW
0xff950c38,MoveOpticalZoomToTele_FW
0xff950c58,MoveOpticalZoomToWide_FW
0xff9742f8,MoveViewPortPosition_FW
0xffa9cedc,MoveZoomActuator_FW
0xffab7da0,MoveZoomLensToMechaEnd_FW
0xffab8338,MoveZoomLensToPoint_FW
0xffab8390,MoveZoomLensToPosition_FW
0xffab7e80,MoveZoomLensToPositionByManual_FW
0xffa97388,MoveZoomLensToResetStartPosition_FW
0xffa97338,MoveZoomLensToTerminatePosition_FW
0xffa97268,MoveZoomLensWithPoint
0xffa97268,MoveZoomLensWithPoint_FW
0xffa972e4,MoveZoomLensWithPosition_FW
0xff94ad8c,Movie.HiCompressionRateMode_FW
0xff94ad78,Movie.NormalCompressionRateMode_FW
0xff951b60,MovieParamChanged_FW
0xff9517b0,MyCameraIn_FW
0xff9517c0,MyCameraOut_FW
0xff951708,MyColorMenuIn_FW
0xff951718,MyColorMenuOut_FW
0xff9516f8,MyColorModeChange_FW
0xffa54828,NotifyConnectPictBridge_FW
0xff951744,NotifyConvLensSettingChanged_FW
0xffa54848,NotifyDisconnectPictBridge_FW
0xff95173c,NotifyISModeChanged_FW
0xff950980,NotifyStartupImageCreated_FW
0xff95a74c,NR_GetDarkSubType
0xff95a74c,NR_GetDarkSubType_FW
0xff95a790,NR_GetDefectCorrectType_FW
0xff95a6bc,NR_SetDarkSubType
0xff95a6bc,NR_SetDarkSubType_FW
0xff95a718,NR_SetDefectCorrectType_FW
0xff91b7c4,OBCtrl.IsStarted_FW
0xff91b744,OBCtrl.Start_FW
0xff91b784,OBCtrl.Stop_FW
0xff827fd4,OffPrintHVSw_FW
0xff828a78,OffPrintJog_FW
0xff826de4,OffPrintPhySw_FW
0xffab779c,OneShotWhigeBalance_FW
0xff827fbc,OnPrintHVSw_FW
0xff828a60,OnPrintJog_FW
0xff826dcc,OnPrintPhySw_FW
0xff870544,Open
0xffb0320c,open
0xff870544,Open_FW
0xff81b7c0,OpenConsole_FW
0xffafeb9c,opendir
0xffaa41d0,OpenMechaShutterEvent_FW
0xffab69f8,OpenMShutter_FW
0xff8a2338,OutPort_FW
0xffab28bc,OutputLogToFile_FW
0xff990a4c,PB2Rec
0xff81aadc,Peek16_FW
0xff81aac0,Peek32_FW
0xff81aaf8,Peek8_FW
0xffa95ad8,PermitLensControllerNextStage_FW
0xff81aa78,Poke16_FW
0xff81aa54,Poke32_FW
0xff81aa9c,Poke8_FW
0xff964018,PostEventShootSeqToUI_FW
0xff82d900,PostLEDMessage_FW
0xff963ef4,PostLogicalEventForNotPowerType
0xff963ef4,PostLogicalEventForNotPowerType_FW
0xff963f80,PostLogicalEventToUI
0xff963f80,PostLogicalEventToUI_FW
0xff8207a4,PostMessageQueue
0xffabbe5c,PreFixAE_FW
0xff951874,PrepareCapture_FW
0xff950e04,PrepareCaptureModeChange_FW
0xff951c24,PrepareLensForStandby_FW
0xff951764,PrepareMenuOut_FW
0xff951840,PrepareStrobeCharge_FW
0xff951ef8,PrepareTestRec_FW
0xff89cdf0,PrePro.Capture_FW
0xff89cd48,PrePro.GetDarkSetUp_FW
0xff89cd88,PrePro.GetDarkSubSetUp_FW
0xff89ce40,PrePro.HybridCrw_FW
0xff89cdc8,PrePro.LiveImage_FW
0xff89ce18,PrePro.MemoryCrw_FW
0xff89cd58,PrePro.SetDarkSetUp_FW
0xff89cd98,PrePro.SetDarkSubSetUp_FW
0xff89f734,PrePro.Unpack_FW
0xffab0850,PrintAdjTableMap_FW
0xff812c84,printclock_FW
0xffadfe64,Printf_FW
0xffab2528,PrintFaexeVersioin_FW
0xffab24d8,PrintFirmVersion_FW
0xffab9084,PrintMultiWinScanTable_FW
0xffab8f04,PrintScanTable_FW
0xff95f470,PT_atoi_FW
0xff95f804,PT_BatLvChange_Low_FW
0xff95f7f4,PT_BatLvChange_PreWeak_FW
0xff95f80c,PT_BatLvChange_SysLow_FW
0xff95f7fc,PT_BatLvChange_Weak_FW
0xff95f41c,PT_CompleteCaptModeChange_FW
0xff95f42c,PT_CompleteCharge_FW
0xff95f3dc,PT_CompletePreCapt_FW
0xff95f40c,PT_CompletePrepareLens_FW
0xff95f3fc,PT_CompleteStopDigZoom_FW
0xff95f3f4,PT_CompleteStopZoom_FW
0xff95f404,PT_CompleteStoreLens_FW
0xff95f424,PT_CompleteSynchroWrite_FW
0xff95f434,PT_EraseAllFile_FW
0xff95f884,PT_FinishBatteryTest_FW
0xff95f97c,PT_GetBatteryLevel_FW
0xff95f658,PT_GetLocalDateAndTimeString_FW
0xff95f5f4,PT_GetLocalDateString_FW
0xff95f598,PT_GetLocalTimeString_FW
0xff95fa44,PT_GetLowBatLv_FW
0xff95f994,PT_GetPreWeakBatLv_FW
0xff95f4ec,PT_GetPropertyCaseInt_FW
0xff95f4d8,PT_GetPropertyCaseString_FW
0xff95fa9c,PT_GetSysLowBatLv_FW
0xff95f47c,PT_GetSystemTime
0xff95f47c,PT_GetSystemTime_FW
0xff95f9ec,PT_GetWeakBatLv_FW
0xff95f704,PT_LCD_BkColor_FW
0xff95f7c0,PT_LCD_BkColorDef_FW
0xff95f464,PT_mod_FW
0xff95f414,PT_MovieRecordStopped_FW
0xff95f3ec,PT_NextShootAvailable_FW
0xff95f6ec,PT_PlaySound
0xff95f6ec,PT_PlaySound_FW
0xff95f3e4,PT_RecreviewAvailable_FW
0xff95f6a8,PT_SetMessage_FW
0xff95f4b0,PT_SetPropertyCaseInt_FW
0xff95f49c,PT_SetPropertyCaseString_FW
0xff95f824,PT_StartBatteryTest_FW
0xff95f6d0,PT_UndispMessage_FW
0xff96af78,PTM_AllResetProperty_FW
0xff96af64,PTM_AllResetToFactorySetting_FW
0xff96bfa4,PTM_BackupUIProperty_FW
0xff96b398,PTM_GetCurrentItem
0xff96bf4c,PTM_GetCurrentItem_FW
0xff96b234,PTM_GetWorkingCaptureMode_FW
0xff96b480,PTM_NextItem
0xff96bf64,PTM_NextItem_FW
0xff96b49c,PTM_PrevItem
0xff96bf7c,PTM_PrevItem_FW
0xff96b5cc,PTM_RestoreUIProperty_FW
0xff96bf94,PTM_SaveCustomSetting_FW
0xff96bf1c,PTM_SetCurrentCaptureMode_FW
0xff96b34c,PTM_SetCurrentItem
0xff96bf2c,PTM_SetCurrentItem_FW
0xffa7b80c,PTPRspnd.AddChangedReleaseParamList_FW
0xffa759c0,PTPRspnd.EnableGetTreeInfo_FW
0xffa75a00,PTPRspnd.EnableStorage_FW
0xffa759b4,PTPRspnd.ResetTable_FW
0xffa75d0c,PTPRspnd.ShowRemoteStg_FW
0xffa6c3d8,PTPRspnd.ShutDownPTPFrameworkClient_FW
0xffa6c32c,PTPRspnd.StartUpPTPFrameworkClient_FW
0xffab685c,PutInNdFilter,(stubs_entry_2.s)
0xffab685c,PutInNdFilter_FW
0xffab68a4,PutOutNdFilter_FW
0xff817f98,PutsCameraLogEvent_FW
0xffafbf9c,qsort
0xff8ca514,QuietImager_FW
0xffafbfc0,rand
0xff870600,Read
0xff870600,Read_FW
0xffafeb34,readdir
0xffae6014,realloc
0xff990aa0,Rec2PB
0xffa92af4,ReceiveMechaCircuitDataAll_FW
0xff82038c,ReceiveMessageQueue
0xff951bcc,RecordMovie_FW
0xff951b40,RecreviewHold_FW
0xff951b50,RecreviewRelease_FW
0xff9513a8,RectifyExposureWithMeasure_FW
0xff97eeac,RefreshPhysicalScreen
0xff97eeac,RefreshPhysicalScreen_FW
0xff973e44,RefreshRectangleToDialog_FW
0xff973f90,RefreshRegistedRectangleToDialog_FW
0xffa547a4,RefreshUSBMode_FW
0xffa8f478,RegComEventProc_FW
0xffabb880,RegistColorMatrix_FW
0xff9743cc,RegisterChangeLanguageToDialog_FW
0xff9778b4,RegisterDialogAPIForEventProcedure_FW
0xff816944,RegisterEventProcedure_FW
0xff81ff58,RegisterInterruptHandler
0xffa2282c,RegisterLanguageName_FW
0xff973ecc,RegisterRefreshToDialog_FW
0xff822640,ReleaseRecursiveLock
0xffab5d58,ReloadCdsAdjustment_FW
0xffabb790,ReloadColorAdjustment_FW
0xffabb68c,ReloadEfAdjustment_FW
0xffab87b0,ReloadFocusLensAdjustment_FW
0xffab63fc,ReloadIrisAdjustment_FW
0xffaa2cd4,ReloadIrisAdjustmentDataEvent_FW
0xffab6834,ReloadNdFilterAdjustment_FW
0xffab7914,ReloadWBAdjustment_FW
0xffab84c0,ReloadZoomAdjustment_FW
0xffabf7cc,RemoveTransparentMemory_FW
0xff8692ac,RenameFile_Fut
0xffab8b84,ResetFocus_FW
0xffaabfc4,ResetFocusLens
0xffaabfc4,ResetFocusLens_FW
0xffa9eac0,ResetIrisActuatorEvent_FW
0xffaa2a70,ResetIrisEvent_FW
0xffab6450,ResetIrisPosition_FW
0xffab8478,ResetZoom_FW
0xffa97150,ResetZoomLens
0xffa97150,ResetZoomLens_FW
0xffa97180,ResetZoomLensToFirstPoint_FW
0xffa971f4,ResetZoomLensToTermiantePoint_FW
0xffab8248,ResetZoomToAdjFirstPoint_FW
0xffab8160,ResetZoomToAdjTerminatePoint_FW
0xffab8430,ResetZoomToFirstPoint_FW
0xffab83e8,ResetZoomToTerminatePoint_FW
0xff97435c,ResizeDialogBox_FW
0xff974eec,ResizeDialogItem_FW
0xff974484,ResizeDialogItemToDialog_FW
0xff973638,ResizeVirtualWindow_FW
0xff822bb0,Restart
0xff951590,ResumePcEvf_FW
0xff81a55c,RomCheckSum_FW
0xff81b598,RotateConsoleZOder_FW
0xffab06c8,SaveAdjustmentTable_FW
0xffab06e4,SaveAdjustmentValue_FW
0xffabd658,SaveBatSenseOffsetAdjustmentTable_FW
0xffa22828,SaveLanguageNameList_FW
0xffaa4234,SaveMechaShutterCount_FW
0xffadfe7c,ScriptDisEnabled_FW
0xffadfe90,ScriptEnabled_FW
0xffa92ab8,SendMechaCircuitData_FW
0xff965d40,set_control_event
0xffabbddc,SetAdj_AEMode_FW
0xffab5ed0,SetAdjCdsMode_FW
0xffabbd28,SetAE_CdsGainValue_FW
0xffabbb28,SetAE_ShutterSpeed
0xffabbb28,SetAE_ShutterSpeed_FW
0xffab466c,SetAEIntegAverageOBData_FW
0xffab3dc4,SetAEIntegralValueProperty_FW
0xffab41b8,SetAEIntegValueBit_FW
0xffab418c,SetAEIntegWindowsMode_FW
0xffabb3d8,SetAFSensorDriveMode_FW
0xff974d98,SetAttributeToDialogItem_FW
0xff96819c,SetAutoShutdownTime
0xff96819c,SetAutoShutdownTime_FW
0xff973df0,SetBackgroundColorToDialogBox_FW
0xff82ad64,SetBattCheckMode_FW
0xffab5e2c,SetCDSGain_FW
0xffab5e74,SetCDSGainStep_FW
0xffab5e2c,SetCdsGainValue_FW
0xff998560,SetCurrentCaptureModeType
0xff998560,SetCurrentCaptureModeType_FW
0xff97a788,SetCurrentPalette_FW
0xffabd680,SetDate_FW
0xffabd840,SetDay_FW
0xffa9d034,SetDCMotorChargePump_FW
0xffa9d048,SetDCMotorPwmFixedTimeLevel_FW
0xffa9d05c,SetDCMotorPwmLevel_FW
0xffa9d020,SetDCMotorSpeedLevel_FW
0xffa9d178,SetDCMotorWaitTime_FW
0xff974544,SetDefaultMovingFocusToDialog_FW
0xffac4878,SetDefaultRecParameter_FW
0xffac4aa8,SetDefectRecParameter_FW
0xffab5d08,SetDeltaCDSGain_FW
0xff81fbdc,SetEventFlag
0xffaafbd8,SetFactoryMode_FW
0xffab0b54,SetFastAdjTableWritingMode_FW
0xff870724,SetFileAttributes
0xff9739b0,SetFocusDirectionToDialogItem_FW
0xff973bb4,SetFocusItemToDialogItem_FW
0xffaac668,SetFocusLensBacklashSpeedToMax_FW
0xffaac370,SetFocusLensCondition_FW
0xffaac358,SetFocusLensDefaultCondition_FW
0xffaac4f4,SetFocusLensMaxSpeedLimit_FW
0xffabaad8,SetFocusScanAutoStopProperty_FW
0xff97423c,SetFocusScopeToDialog_FW
0xff812ed8,SetHClk18MHz_FW
0xff812eb0,SetHClk36MHz_FW
0xff812e6c,SetHClk72MHz_FW
0xffabd8b0,SetHour_FW
0xff815838,SetHPTimerAfterNow
0xff8158c4,SetHPTimerAfterTimeout
0xffabd668,SetImageMode_FW
0xffabd644,SetInputVoltage_FW
0xffa9eae8,SetIrisGainRegisterEvent_FW
0xffaa2d40,SetIrisMoveToAutoDeltaEvent_FW
0xffaa2d30,SetIrisMoveToNormalEvent_FW
0xff812dc4,SetLClk18MHz_FW
0xff812db4,SetLClk36MHz_FW
0xff812da4,SetLClk72MHz_FW
0xffab45c8,SetLineDefMarkThroughMode_FW
0xff9660fc,SetLogicalEventActive
0xff812f88,SetMClk18MHz_FW
0xff812f60,SetMClk36MHz_FW
0xff812f1c,SetMClk72MHz_FW
0xffaa4200,SetMechaShutterDacSettingEvent_FW
0xffaa4214,SetMechaShutterWaitTimeSettingEvent_FW
0xffabd91c,SetMinute_FW
0xffabd7dc,SetMonth_FW
0xffabb36c,SetMultiWinPos_FW
0xffab0b50,SetNormalAdjTableWritingMode_FW
0xffab5da0,SetObClamp_FW
0xffab5da0,SetObClampValue_FW
0xff974520,SetOriginTypeToDialog_FW
0xff978508,SetPaletteToPhysicalScreen_FW
0xff96d9f4,SetParameterData
0xffa9d070,SetPM3ByGpio_FW
0xff95160c,SetPointStitchEVF_FW
0xff82443c,SetPropertyCase
0xff974cb0,SetPropertyToDialogItem_FW
0xff973728,SetPropertyToDialogItemWithID_FW
0xffab785c,SetReferenceWBGainForCalibration_FW
0xff82280c,SetRestartTimeForCIPA_FW
0xff966164,SetScriptMode
0xff966164,SetScriptMode_FW
0xffabd98c,SetSecond_FW
0xffab6108,SetShutterSpeed_FW
0xffab6094,SetShutterSpeedWithMecha_FW
0xff8caa50,SetSmearOff_FW
0xff8caa3c,SetSmearOn_FW
0xff81ffa0,SetSR
0xff8ca8f0,SetStartLineForNarrowDraft_FW
0xff97a798,SetSystemColorMode_FW
0xff814f3c,SetTimerAfter
0xff814fd8,SetTimerWhen
0xffab788c,SetToolCorrectCoefficient_FW
0xffa5478c,SetUSBToDCPMode_FW
0xffa54778,SetUSBToPTPMode_FW
0xffabc344,SetVideoOutType_FW
0xffab7818,SetWBYlStandardWidth_FW
0xffab40c4,SetWhiteCoefficient_FW
0xffabd774,SetYear_FW
0xff9783c8,SetYUVPaletteIndex_FW
0xffa9cf78,SetZoomActuatorLimitAmpere_FW
0xffa9cfa0,SetZoomActuatorPwmDuty_FW
0xffa9cfb4,SetZoomActuatorPwmFixedTime_FW
0xffa9cf50,SetZoomActuatorSpeedControlGain_FW
0xffa9cf28,SetZoomActuatorSpeedPPS_FW
0xffa98acc,SetZoomLensNormalControlGain_FW
0xffa9a39c,SetZoomLensResetControlGain_FW
0xff951728,ShootColor_FW
0xff99bf60,ShootCon_GetStatus_FW
0xff9a0ea0,ShootCon_PrintMemoryDump_FW
0xff9a0e74,ShootCon_SetEventHook_FW
0xff9a0f2c,ShootCon_ShowAllSemaphores_FW
0xff9a0358,ShootCon_ShowState_FW
0xff9518e0,ShootPicture_FW
0xff9519f8,ShootWhite_FW
0xffae62d4,ShowAllTaskInfo_FW
0xff967ef4,ShowAutoShutdownTime_FW
0xff82adec,ShowBattCheckMode_FW
0xff82ae8c,ShowBattChkAdj_FW
0xff818144,ShowCameraLog_FW
0xff8180a0,ShowCameraLogInfo_FW
0xffabba90,ShowCurrentExp_FW
0xffab067c,ShowDefaultAdjTableVersion_FW
0xff95fe08,ShowErrorNumberList_FW
0xffa227ec,ShowLanguageNameList_FW
0xff964090,ShowLogicalEventName_FW
0xffa8f6dc,ShowMechaMacro_FW
0xff826cd8,ShowPhySwStatus_FW
0xffabf6b8,ShowTransparentMemory_FW
0xffa2d000,shutdownDirectPrintUI_FW
0xff97813c,ShutdownGUISystem_FW
0xff950a34,ShutdownImageSystem_FW
0xff9a1da8,ShutdownMovieController_FW
0xffa1ba00,ShutdownPlayAllMenu_FW
0xffa13380,ShutdownPlayModeMenu_FW
0xffa1342c,ShutdownPlayModeMenuWithoutPbRedraw_FW
0xffa1b988,ShutdownRecAllMenu_FW
0xffa13220,ShutdownRecModeMenu_FW
0xff8af1ec,ShutterTool.GetCurExpTime_FW
0xff8af1c4,ShutterTool.GetCurTv_FW
0xff8af2c0,ShutterTool.GetLimOfExpTime_FW
0xff8af304,ShutterTool.GetLimOfExpTimeRegular_FW
0xff8af220,ShutterTool.GetLimOfTv_FW
0xff8af370,ShutterTool.GetLimOfTvForFix_FW
0xff8af394,ShutterTool.GetLimOfTvForFixWithAv_FW
0xff8af264,ShutterTool.GetLimOfTvRegular_FW
0xff8af168,ShutterTool.SetExpTime_FW
0xff8af100,ShutterTool.SetTv_FW
0xff8af348,ShutterTool.SetTvForFix_FW
0xffabc040,SleepAE_FW
0xff82147c,SleepTask
0xff82147c,SleepTask_FW
0xffb004ec,sprintf_FW
0xffafbfe4,srand
0xff95eba8,SS_PrintState_FW
0xffb01640,sscanf_FW
0xffab42f8,StartAEIntegralService_FW
0xff951958,StartBridgeEVF_FW
0xff951d40,StartClockMode_FW
0xffa293b4,StartDirectTransferManager_FW
0xffa2c650,StartDpConnect_FW
0xffa2e48c,StartDpDpofMenu_FW
0xffa2f010,StartDpDpofPrinting_FW
0xffa2faf8,StartDpDpofStopReconfirm_FW
0xffa32b00,StartDpMainMenu_FW
0xffa457b4,StartDpMovieMenu_FW
0xffa109cc,StartDpofPlayLoading_FW
0xffa33fb8,StartDpPrinting_FW
0xffa34c1c,StartDpsDpofMenu_FW
0xffa4772c,StartDpsIdPhotoMenu_FW
0xffa39884,StartDpsMainMenu_FW
0xffa3df44,StartDpsStop_FW
0xffa3eca4,StartDpStopReconfirm_FW
0xffa405a0,StartDpStyleMenu_FW
0xffa44038,StartDpTrimming_FW
0xffa29820,StartDtConfirmMenu_FW
0xffa29e3c,StartDtExecuteMenu_FW
0xffabc424,StartEVFDrive_FW
0xffaafcec,StartFactoryModeController_FW
0xff951120,StartFewAF_FW
0xff951480,StartFinder_FW
0xffa20df0,StartFirmInfoMenu_FW
0xffabb0a4,StartFocusScan_FW
0xffababdc,StartFocusScanWithAutoStop_FW
0xffabab00,StartFocusScanWithAutoStopFix_FW
0xffabadb0,StartFocusScanWithEnableToStop_FW
0xffabaf5c,StartFocusScanWithRange_FW
0xff977ec0,StartGUISystem_FW
0xffae8d08,StartHB_FW
0xffab2b10,StartLogOut_FW
0xff951188,StartMFAssist_FW
0xff9a1d18,StartMovieController_FW
0xffabb208,StartMultiWinFocusScan_FW
0xff951508,StartPCEVF_FW
0xffa1308c,StartPlayModeMenu_FW
0xffa0cb8c,StartPrintOrderMenu_FW
0xff951628,StartRealTimeHist_FW
0xffa13160,StartRecModeMenu
0xffa13160,StartRecModeMenu_FW
0xff951b28,StartRecreview_FW
0xffa0efa4,StartSlideShowMenu_FW
0xffac5558,StartSoundPlay_FW
0xffac5290,StartSoundRecord_FW
0xff9515a0,StartStitchEVF_FW
0xffae8cf0,StartSwitchCheck_FW
0xff9b36e8,StartSwitchViewFinder_FW
0xffa10da0,StartTransferOrderMenu_FW
0xff951e74,StartupForTestRec_FW
0xff9508a8,StartupZoom_FW
0xff81a244,StartWDT_FW
0xffafec30,stat
0xff8ca920,StillOnMovieTest_FW
0xffab4200,StopAEIntegralService_FW
0xff818424,StopCameraLog_FW
0xff951d48,StopClockMode_FW
0xff812d88,StopClockSaver_FW
0xff95197c,StopContinuousShooting_FW
0xffa9d158,StopDCMotor_FW
0xff950db0,StopDigitalZoom_FW
0xffa2c908,StopDpConnect_FW
0xffa10b74,StopDpofPlayLoading_FW
0xffabc3d4,StopEVFDrive_FW
0xff9514d0,StopFinder_FW
0xff951140,StopFocus_FW
0xffabada4,StopFocusScan_FW
0xffae8d14,StopHB_FW
0xff950abc,StopLens_FW
0xffab2914,StopLogOut_FW
0xff95119c,StopMFAssist_FW
0xff950c78,StopOpticalZoom_FW
0xff95153c,StopPCEVF_FW
0xff951638,StopRealTimeHist_FW
0xff951be0,StopRecordMovie_FW
0xff951b38,StopRecreview_FW
0xff9515f8,StopStitchEVF_FW
0xffae8cfc,StopSwitchCheck_FW
0xff9b373c,StopSwitchViewFinder_FW
0xffa29914,StoptDtConfirmMenu_FW
0xffa29f68,StoptDtExecuteMenu_FW
0xff81a2c0,StopWDT_FW
0xff9509cc,StoreLensForShutDown_FW
0xffafc810,strcat
0xffafc83c,strchr
0xffafc860,strcmp
0xffafc860,strcmp_FW
0xffafc9f4,strcpy
0xffafc9f4,strcpy_FW
0xffafe07c,strftime
0xffafcb58,strlen
0xffafcb58,strlen_FW
0xffafcbbc,strncmp
0xffafcc00,strncpy
0xffac2780,StrobeChargeCompForTestRec_FW
0xff951698,StrobeModeChanged_FW
0xffafcc48,strpbrk
0xffafcc84,strrchr
0xffafc3d8,strtol
0xffafc580,strtoul
0xffae8dd4,SubCPUDebugMode_FW
0xffae8c4c,SubCPUFirmUpgrade_FW
0xffae8d4c,SubCPUMemoryDump_FW
0xffae8d20,SubCPURomCheckSum_FW
0xffae8cb4,SubCPUVersion_FW
0xff951580,SuspendPcEvf_FW
0xffabc2c8,SwitchOffDisplay_FW
0xffabc2fc,SwitchOnDisplay_FW
0xff9b3768,SwitchViewFinder_FW
0xffa10b9c,SyncStopDpofPlayLoading_FW
0xff81a7e8,SystemEventDelete_FW
0xff81a82c,SystemEventInit_FW
0xff820f78,TakeSemaphore
0xff820f78,TakeSemaphore_FW
0xff8d8114,task_AfIntSrvTask
0xff8d8d08,task_AFTask
0xff94eb18,task_AviEdit
0xff9464f0,task_AviRead
0xff94bfd0,task_AviWrite
0xff8ec854,task_BrtMsrTask
0xff822954,task_Bye
0xff954e30,task_CaptSeq
0xff954e30,task_CaptSeqTask
0xff812fcc,task_ClockSave
0xffa87600,task_CnctEntiRcv
0xffa871f4,task_CnctEntiSnd
0xff904a7c,task_CntFlashTask
0xff993748,task_CommonDrivers
0xff8619e0,task_ConfirmPlayOrder
0xff8619e0,task_ConfirmPrintOrder
0xff8619e0,task_ConfirmTransferOrder
0xff81ba58,task_ConsoleSvr
0xff9596f4,task_CreateHeaderTask
0xff83c4fc,task_CTG
0xff840e64,task_CtgTotalTask
0xff9607a0,task_CtrlSrv
0xffa8e294,task_DcpTrnCtrl
0xffa8e138,task_DcpTrnTrns
0xff93da2c,task_DecJpgRd
0xff82e58c,task_DMAADC
0xff82eb88,task_DMADAC
0xff9b1178,task_DSITask
0xff95954c,task_DvlpSeqTask
0xff903ea0,task_EFChargeT
0xff936d60,task_EfDrvTsk
0xff85cd2c,task_EnterDPOFAllOrdersTask
0xffa87f78,task_EntiCtrl
0xffa8a5fc,task_EvntExec
0xff8fb1f8,task_ExpDrv
0xff8fb1f8,task_ExpDrvTask
0xff841d0c,task_FileManEraseAllTask
0xff866238,task_FileScheduleTask
0xff867c08,task_FileWrite
0xff867c08,task_FileWriteTask
0xff939b3c,task_FilYuvMaker
0xff95a078,task_FlushWriteCacheTask
0xffaa5d68,task_FocusEvent
0xff8392d8,task_FolderCreateCheckTask
0xff831894,task_FORMAT_TASK_NAME
0xff831818,task_FORMAT_TASK_PROGRESS
0xff870b60,task_FsIoNotifyTask
0xff8cc214,task_ImageSensorTask
0xff931d64,task_ImgPlayDrv
0xff993708,task_InitFileModules
0xffa9e814,task_IrisEvent
0xff8287ac,task_JogDial
0xff82d444,task_LEDCon
0xffa940d0,task_LensController
0xff81bbf4,task_LowConsole
0xffaa3aec,task_MechaShutter
0xff947ec0,task_MoviePlay
0xff949728,task_MovieRecord
0xffa7c118,task_NotifyBarrier
0xff91af0c,task_OBCtrlTask
0xff82de9c,task_OutportBeep_AccessTask
0xff94f06c,task_PcEvf
0xff826514,task_PhySw
0xffa707b8,task_PreLoadTask
0xff95f8a4,task_PT_BatTestTask
0xffa64060,task_PTPSessionTASK
0xffa85004,task_RAPI_Task
0xffa807f0,task_RapiRevr
0xffa7a1b8,task_RCTaskResume
0xff869f40,task_ReadAsyncTask
0xff9a6da8,task_RealTimeHist
0xffae8810,task_RemoteCPUTask
0xffa8ac68,task_ReqRecev
0xff8287ac,task_RotaryEncoder
0xff8808c8,task_SD1stInit
0xffa888b8,task_SesnDaem
0xffa89774,task_SesnMngr
0xff95406c,task_ShootSeqTask
0xff82287c,task_ShutdownTask
0xffadd3a8,task_SoundPlay
0xffadc1fc,task_SoundRecord
0xffa5bd14,task_SRM
0xff8ce6e0,task_SsgMainTask
0xff8cea58,task_SsgPeriodTask
0xff9545cc,task_SsStartupTask
0xffadfaa8,task_Startup
0xff98efc0,task_StartupImage
0xff8aced8,task_SynchTask
0xff8ace18,task_SyncPeriod
0xff82bd04,task_TempCheck
0xff8d4a6c,task_TgTask
0xff8d729c,task_TgToolTask
0xffa551c4,task_TimerUtility
0xffa69924,task_TrnsCtrlTask
0xff81f244,task_UartSio
0xff95ae0c,task_WaitMovieRecordTask
0xffadaa50,task_WavRead
0xffadb640,task_WavWrite
0xff909470,task_WBCtrl
0xff8b3090,task_WBIntegTask
0xffa9bff0,task_ZoomEvent
0xffb09288,taskCreateHookAdd
0xffb091c4,taskDeleteHookAdd
0xffb13f08,taskLock
0xffb13744,taskName
0xffb13b28,taskResume
0xffb13954,taskSuspend
0xffb13fb0,taskUnlock
0xffab2c70,TerminateAdjustmentSystem_FW
0xffa8d388,TerminateDCPClassFunctions_FW
0xffa0c194,TerminateDpofUI_FW
0xffac55c0,TerminateSoundRec_FW
0xffac28f8,TerminateTestRec_FW
0xff8d7020,TgTool.ChangeDutyHi_FW
0xff8d703c,TgTool.ChangeDutyLo_FW
0xff8d6f5c,TgTool.ChangePhaseHi_FW
0xff8d6f78,TgTool.ChangePhaseLo_FW
0xff8d7478,TgTool.Create_FW
0xff8d76b0,TgTool.Delete_FW
0xff8d7138,TgTool.GetDriveAbility_FW
0xff8d7058,TgTool.GetDuty_FW
0xff8d6fac,TgTool.GetPhaseFall_FW
0xff8d70c4,TgTool.GetPhaseLogical_FW
0xff8d6f94,TgTool.GetPhaseRise_FW
0xff8d7210,TgTool.GetRegisterImage_FW
0xff8d71ac,TgTool.GetStbMode_FW
0xff8d6e0c,TgTool.GetSubNumber_FW
0xff8d6e88,TgTool.GetTgCurrentSubPosition_FW
0xff8d70d4,TgTool.SetDriveAbility_FW
0xff8d6fc4,TgTool.SetDuty_FW
0xff8d6ef8,TgTool.SetPhaseFall_FW
0xff8d7068,TgTool.SetPhaseLogical_FW
0xff8d6e94,TgTool.SetPhaseRise_FW
0xff8d71b8,TgTool.SetRegisterImage_FW
0xff8d7150,TgTool.SetStbMode_FW
0xff8d6db0,TgTool.SetSubNumber_FW
0xff8d6e30,TgTool.SetTgSubPosition_FW
0xff8d73a8,TgTool.StartSmoothSubNumber_FW
0xff8d7434,TgTool.StopSmoothSubNumber_FW
0xffafe0a8,time
0xffaf8bcc,tolower
0xffaf8bdc,toupper
0xff974134,TransferBitmapToDialog_FW
0xff9740c4,TransferRectangleToDialog_FW
0xff8209cc,TryPostMessageQueue
0xff820600,TryReceiveMessageQueue
0xff8210fc,TryTakeSemaphore
0xff82c92c,TurnOff_LoadTest_DebugMode_FW
0xffaaf778,TurnOffAFLampEvent_FW
0xff9b93ac,TurnOffBackLight
0xff9289d4,TurnOffDisplay
0xffaa44e4,TurnOffNdFilterEvent_FW
0xff82fa68,TurnOffVideoOutMode_FW
0xff82c918,TurnOn_LoadTest_DebugMode_FW
0xffaaf760,TurnOnAFLampEvent_FW
0xff9b9380,TurnOnBackLight
0xff9289c4,TurnOnDisplay
0xffaa44b4,TurnOnNdFilterEvent_FW
0xff82f9cc,TurnOnVideoOutMode_FW
0xff98e23c,UI_RegistDebugEventProc_FW
0xff98db14,UI_ShowStateOfRecMode_FW
0xff9b9b40,UiComIF_SendEventToUI_FW
0xff966174,UiEvnt_ShowBitMaps_FW
0xff9661d4,UiEvnt_StartDisguiseCradleStatus_FW
0xff9661e8,UiEvnt_StopDisguiseCradleStatus_FW
0xff98deb4,UIFS_Capture_FW
0xff98defc,UIFS_PCaseToPTMID_FW
0xff98de58,UIFS_RestartPostingUIEvent_FW
0xff98de74,UIFS_SetCaptureModeToM_FW
0xff98de90,UIFS_SetCaptureModeToMacro_FW
0xff98de64,UIFS_SetCaptureModeToP_FW
0xff98df58,UIFS_SetCradleSetting_FW
0xff98dc30,UIFS_SetDialMovieRec_FW
0xff98dd34,UIFS_SetDialPlay_FW
0xff98db2c,UIFS_SetDialStillRec_FW
0xff98dec4,UIFS_StartMovieRecord_FW
0xff98ded0,UIFS_StopMovieRecord_FW
0xff98de4c,UIFS_StopPostingUIEvent_FW
0xff95fb04,UiMemory_Show_FW
0xff973dc8,UndisplayDialogBox_FW
0xff951820,UndisplayEVF_FW
0xffaaf860,UndisplayFactoryMode_FW
0xffadfe50,UnLoadScript_FW
0xff9513e8,UnlockAE
0xff9513e8,UnlockAE_FW
0xff9512b8,UnlockAF
0xff9512b8,UnlockAF_FW
0xff968358,UnlockMainPower
0xff968358,UnlockMainPower_FW
0xff9745ac,UnlockRefreshDialog_FW
0xff86f3d8,Unmount_FileSystem
0xffabb8c4,UnregistColorMatrix_FW
0xff974414,UnregisterChangeLanguageToDialog_FW
0xff81ff7c,UnregisterInterruptHandler
0xff9513b8,UpdateEVF_FW
0xff86f584,UpdateMBROnFlash
0xffafecc4,utime
0xff82c2b8,VbattGet
0xff82c2b8,VbattGet_FW
0xffae820c,VerifyByte_FW
0xff8cd30c,VirtualHeadError_FW
0xff8d799c,VirtualImageTimeOut_FW
0xffb00488,vsprintf
0xff81aa40,Wait_FW
0xff81fbcc,WaitForAllEventFlag
0xff81fbbc,WaitForAnyEventFlag
0xff81fa18,WaitForEventFlag
0xff8b82e0,WBInteg.DisableUsageCheck_FW
0xff8b8300,WBInteg.DisableUsageCheckSS_FW
0xff8b82d0,WBInteg.EnableUsageCheck_FW
0xff8b82f0,WBInteg.EnableUsageCheckSS_FW
0xff9516a8,WBModeChanged_FW
0xff8ca904,WithdrawalImagerForEmergency_FW
0xff811acc,wrapped_malloc
0xff87060c,Write
0xff87060c,write
0xff87060c,Write_FW
0xffab0e04,WRITEADJTABLETOFROM_FW
0xff87ee44,WriteSDCard
0xffab0e40,WRITESHADINGDATATOFROM_FW
0xff822cb0,WriteToRom_FW
0xff9a5b98,ZoomCon_ShowState_FW
