0xffaae408,_dadd
0xffaaedbc,_dcmp
0xffaaf044,_dcmp_reverse
0xffaae6b0,_ddiv
0xffaaec48,_dfix
0xffaaecf8,_dfixu
0xffaaed80,_dflt
0xffaaedb0,_dfltu
0xffaacaf4,_divmod_signed_int
0xffaae308,_divmod_unsigned_int
0xffaaee44,_dmul
0xffaaf0e4,_drsb
0xffaaf2a8,_dsub
0xffaaf65c,_f2d
0xffaaf808,_fdiv
0xffaafa2c,_ffix
0xffaafaa0,_ffixu
0xffaafb00,_fflt
0xffaafb34,_ffltu
0xffaafb3c,_fmul
0xff82881c,_GetSystemTime
0xffaadd14,_log
0xffaacc58,_log10
0xffaacdc8,_pow
0xffaadc58,_safe_sqrt
0xffaaffc8,_scalbn
0xffaaf134,_sqrt
0xff81cdb0,_uartr_req
0xffa810c4,AbortAEIntegralValue_FW
0xff8280b4,AcquireRecursiveLock
0xff81bcb4,AcquireRecursiveLockStrictly
0xff8ff538,ActivateAdjLog_FW
0xff9d4a5c,ActivateImager_FW
0xff9d4ae8,ActivateImagerXOne_FW
0xff9e0924,add_ptp_handler
0xff9ac4dc,add_ui_to_dialog
0xff847c58,AddAdjDataToFRom_FW
0xffa2d95c,AdditionAgentRAM_FW
0xff9f9894,AddTransparentMemory_FW
0xffa8703c,AdjAEWithAperturePriority_FW
0xffa86ff8,AfAEWithAperturePriority_FW
0xffa871e8,AfAEWithCompensation_FW
0xff9b5ecc,AFTool.GetEVal_FW
0xffa2d1c0,AllocateMemory
0xffa2d1c0,AllocateMemory_FW
0xff82857c,AllocateUncacheableMemory
0xff9b19c0,apex2us
0xff894364,atol_FW
0xffa81ba4,AttachIntegCrawData_FW
0xff9f98cc,AttachToTransparentMemory_FW
0xff8416d4,Bat_Calc_FW
0xffa88594,Bat_Save_FW
0xffa88580,Bat_VIN_FW
0xff841cf0,BeepDrive_FW
0xffa831c0,CalcLog10
0xffa831fc,CalcLog10_FW
0xff8416d4,CalculateBatSenseOffset_FW
0xffa8319c,CalculateLog2ToApex_FW
0xffa83160,CalculatePeakFromLeastSquareResult_FW
0xffa831b0,CalculatePow2FromApex_FW
0xffa86e14,CancelAdj_AEMode_FW
0xffa822b4,CancelAdjCdsMode_FW
0xffa852ec,CancelBPFilterForBP_FW
0xffa86770,CancelExStrobeMode_FW
0xffa29278,CancelFocusLensMaxSpeedLimit_FW
0xff868b98,CancelHPTimer
0xff9d4c40,CancelImager_FW
0xff828a38,CancelTimer
0xff93bd64,Capture.Create_FW
0xffa82054,ChangeAdjImgDrvMode_FW
0xffa82080,ChangeAEIntegDrvTypeToAdjImgDriveType_FW
0xffa8a020,ChangeFilterMode_FW
0xffa29430,ChangeFocusDistanceToPosition_FW
0xff9cbf0c,ChangeGradeTable_FW
0xff9d4ce4,ChangeImagerToAlternateDraft_FW
0xff9d4cdc,ChangeImagerToDigiconMode_FW
0xff9d4ca4,ChangeImagerToFocusJet_FW
0xff9d4ccc,ChangeImagerToHoneyFlash_FW
0xff9d4cbc,ChangeImagerToJetDraft_FW
0xff9d4cc4,ChangeImagerToJumboDraft_FW
0xff9d4cac,ChangeImagerToMangoPudding_FW
0xff9d4cd4,ChangeImagerToMillefeAdjust_FW
0xff9d4cfc,ChangeImagerToMontblancMillefe_FW
0xff9d4cf4,ChangeImagerToMontblancWhole_FW
0xff9d4cdc,ChangeImagerToOITA_XAVIER_FW
0xff9d4cb4,ChangeImagerToSuperWideDraft_FW
0xff9d4cec,ChangeImagerToUltraGhostQ_FW
0xff9d4c64,ChangeImagerToWholeParallel_FW
0xff9d4c80,ChangeImagerToWholeParallelBP_FW
0xff9d4c9c,ChangeImagerToWideDraft_FW
0xff858888,ChangeToISCloseControl_FW
0xffa867ac,ChargeStrobe_FW
0xffa867e0,ChargeStrobeForFA_FW
0xff827968,CheckAllEventFlag
0xff827920,CheckAnyEventFlag
0xff86c1d8,CheckSumAll_FW
0xff8464d8,ClearDUIDFixFlag_FW
0xff827b50,ClearEventFlag
0xff8463ec,ClearFactoryMode_FW
0xff858b18,ClearISCalcZData_FW
0xffa2a140,ClearISIComponent_FW
0xffa2a164,ClearISZData_FW
0xffa9b9d8,ClearPMByFs_FW
0xffa9b974,ClearPMByGpio_FW
0xff823da0,Close
0xff819eac,close
0xff823da0,Close_FW
0xff81c8a4,CloseConsole_FW
0xffa123b8,closedir
0xffa29874,CloseMechaShutter_FW
0xffa298bc,CloseMechaShutterWithTiming_FW
0xffa82800,CloseMShutter_FW
0xff8ccfb0,COMFACHK_GetTransferTime_FW
0xff8cd010,COMFACHK_SetSendDataSize_FW
0xff8ccf10,COMFACHK_StartSendData_FW
0xff8ccf4c,COMFACHK_StartSendLargeData_FW
0xff8cce20,COMFACHK_StartService_FW
0xff8cce70,COMFACHK_StopService_FW
0xffa81ff0,ConvertAdjImgDrvModeToAdjImgDriveType_FW
0xffa81fa4,ConvertAEIntegDrvTypeToAdjImgDriveType_FW
0xffa83254,ConvertApexStdToApex_FW
0xffa83224,ConvertApexToApexStd_FW
0xffa837a8,ConvertCxCyToWBGain_FW
0xffa84114,ConvertToPositionWithDistanceAndZoomPoint_FW
0xffa823d8,ConvertTvToExposureTime_FW
0xff81c608,CPrintf_FW
0xff81c664,CPutChar_FW
0xff8476e0,CreateAdjustmentTableMirror_FW
0xff81b540,CreateBinarySemaphore
0xff81bb6c,CreateBinarySemaphoreStrictly
0xff872d0c,CreateController_FW
0xff81b5a8,CreateCountingSemaphore
0xff81b5a8,CreateCountingSemaphore_FW
0xff81bb90,CreateCountingSemaphoreStrictly
0xff9aa450,CreateDialogBox
0xff827878,CreateEventFlag
0xff81bb48,CreateEventFlagStrictly
0xff8fee7c,CreateFADBGSingalID_FW
0xffa8a288,CreateJumptable
0xff952c74,CreateLanguageMenu_FW
0xff827c8c,CreateMessageQueue
0xff81bb24,CreateMessageQueueStrictly
0xff86a0a0,CreateProxyOfEventProcedure_FW
0xff828014,CreateRecursiveLock
0xff81bbb4,CreateRecursiveLockStrictly
0xff81b818,CreateTask
0xff81b818,CreateTask_FW
0xff81baf0,CreateTaskStrictly
0xff81bcf0,DebugAssert
0xff872dc8,DeleteController_FW
0xff823730,DeleteDirectory_Fut
0xff8278d0,DeleteEventFlag
0xff82364c,DeleteFile_Fut
0xff952800,DeleteLanguageMenu_FW
0xff827d10,DeleteMessageQueue
0xff86a0f8,DeleteProxyOfEventProcedure_FW
0xff828064,DeleteRecursiveLock
0xff81b600,DeleteSemaphore
0xff81b600,DeleteSemaphore_FW
0xffa89c28,DevelopStillPicture_FW
0xff9cccd0,DevelopTool.DevelopTest_FW
0xff8febe4,DeviceUniqueIDCheckSum_FW
0xff901c34,DisableDebugLogMode_FW
0xffa292d4,DisableFocusLens_FW
0xffa29354,DisableFocusLensGainLock_FW
0xffa29380,DisableFocusLensWaveLock_FW
0xffa29748,DisableFocusPiCircuit_FW
0xffa29728,DisableMechaCircuit_FW
0xffa29790,DisableZoomEncoderCircuit_FW
0xffa29a2c,DisableZoomLensEncoderPowerControl_FW
0xffa2976c,DisableZoomPiCircuit_FW
0xff83ed20,DispCon_GetLcdGainAdjParameter_FW
0xff83eb68,DispCon_GetVideoAdjParameter_FW
0xff83ed94,DispCon_SaveLcdGainAdjParameter_FW
0xff83ebc8,DispCon_SaveVideoAdjParameter_FW
0xff83ea3c,DispCon_SetDisplayType_FW
0xff83ec40,DispCon_SetLcdGainAdjParameter_FW
0xff83ea7c,DispCon_SetMaxBackLightBrightness_FW
0xff83eb08,DispCon_SetVideoAdjParameter_FW
0xff83e978,DispCon_ShowBitmapColorBar
0xff83e978,DispCon_ShowBitmapColorBar_FW
0xff83e95c,DispCon_ShowBlackChart_FW
0xff83e7e8,DispCon_ShowColorBar_FW
0xff83e9d8,DispCon_ShowCustomColorBar_FW
0xff83e844,DispCon_ShowFiveStep_FW
0xff83ed70,DispCon_ShowLcdGainAdjParameter_FW
0xff83ebb0,DispCon_ShowVideoAdjParameter_FW
0xff83e924,DispCon_ShowWhiteChart_FW
0xff83ea6c,DispCon_TurnOffDisplay_FW
0xff83ea5c,DispCon_TurnOnDisplay_FW
0xff93bcf4,DispDev.Create_FW
0xff93a020,DispDev_EnableEventProc_FW
0xff883da4,DisplayBusyOnScreen
0xff9aac08,DisplayDialogBox
0xff84622c,DisplayFactoryMode_FW
0xff825f88,DoAELock
0xff825b98,DoAFLock
0xff89c474,DoMovieFrameCapture
0xff93a110,Driver.Create_FW
0xff93a110,Driver_EnableEventProc_FW
0xff814e1c,drysh_FW
0xff93a354,Dump32_FW
0xff93a344,Dump_FW
0xff847598,DumpAdjMirror_FW
0xff9f9854,DumpTransparentMemoryItem_FW
0xff8c064c,E2LatOn_FW
0xff9d3764,EF.AdjPreFlash_FW
0xff8bdc20,EF.IsChargeFull_FW
0xff9d37a8,EF.SetChargeMode_FW
0xff9d3674,EF.SetEFChargeTimeOut_FW
0xff9d37bc,EF.SetFlashTime_FW
0xff9d374c,EF.SetMainFlashTime_FW
0xff9d3614,EF.StartEFCharge_FW
0xff9d36c4,EF.StartInternalMainFlash_FW
0xff9d3688,EF.StartInternalPreFlash_FW
0xff9d3664,EF.StopEFCharge_FW
0xff901c20,EnableDebugLogMode_FW
0xffa29288,EnableFocusLens_FW
0xffa29320,EnableFocusLensGainLockWithVoltage_FW
0xffa29364,EnableFocusLensWaveLock_FW
0xffa29738,EnableFocusPiCircuit_FW
0xff81b538,EnableInterrupt
0xffa29718,EnableMechaCircuit_FW
0xffa29780,EnableZoomEncoderCircuit_FW
0xffa29a1c,EnableZoomLensEncoderPowerControl_FW
0xffa2975c,EnableZoomPiCircuit_FW
0xff93b124,EndClockMode_FW
0xff822da0,EngDrvBits
0xff9f45f4,EngDrvBits_FW
0xff822d84,EngDrvIn
0xff9f45e4,EngDrvIn_FW
0xff822d6c,EngDrvOut
0xff9f45c8,EngDrvOut_FW
0xff822d8c,EngDrvRead
0xff9f45ec,EngDrvRead_FW
0xff9f4618,EngDrvReadDump_FW
0xff93bda4,EngineDriver.Create_FW
0xff825e94,EnterToCompensationEVF
0xff84758c,EraseAdjustmentArea_FW
0xff863d08,EraseLogSector_FW
0xff94293c,EraseSectorOfRom_FW
0xff93a330,EraseSignature_FW
0xff814e98,err_init_task
0xffa28b04,EscapeFocusLens_FW
0xffa2d22c,exec_FW
0xff84be50,Executedccd_FW
0xff84b820,ExecuteDigicon_FW
0xff86965c,ExecuteEventProcedure
0xff8696d4,ExecuteEventProcedure_FW
0xffa8684c,ExecuteInternalPreFlash_FW
0xff95d9a8,ExecuteResetFactoryWithRomWrite_FW
0xff84b508,ExecuteTestRec_FW
0xff84b5d4,ExecuteTestRecCF_FW
0xff825ee4,ExitFromCompensationEVF
0xff81baa8,ExitTask
0xff81baa8,ExitTask_FW
0xff867eac,ExMem.AllocCacheable_FW
0xff867cf0,ExMem.AllocUncacheable_FW
0xff867fb8,ExMem.FreeCacheable_FW
0xff867e30,ExMem.FreeUncacheable_FW
0xff867548,ExMem.View_FW
0xff867e44,exmem_alloc
0xff8678bc,exmem_assert
0xff867ebc,exmem_free
0xff824518,ExMem_FW
0xff867c94,exmem_ualloc
0xff867dd4,exmem_ufree
0xff8b3458,ExpCtrlTool.SetExpMode_FW
0xff832b14,ExpCtrlTool_StartContiAE
0xff832c58,ExpCtrlTool_StopContiAE
0xff86a094,ExportToEventProcedure_FW
0xff93bcd0,FA.Create_FW
0xff93bcbc,FA.Delete_FW
0xff8fef2c,FADBGPrintf_FW
0xff8fee8c,FADBGSingal_FW
0xff8ff0ac,FAPrintf_FW
0xff8237c8,Fclose_Fut
0xff8237c8,Fclose_Fut_FW
0xff8239b4,Feof_Fut
0xff8239f0,Fflush_Fut
0xff82391c,Fgets_Fut
0xffa86d7c,FixAEWithCompensation_FW
0xff872028,FmtMenu_ExecuteQuickFormat_FW
0xffa86c50,FocusAEWithCompensation_FW
0xff823788,Fopen_Fut
0xff823788,Fopen_Fut_FW
0xff823874,Fread_Fut
0xff823874,Fread_Fut_FW
0xff813a98,free
0xff9f9df8,FreeBufferForSoundRec_FW
0xffa2d1b8,FreeMemory
0xffa2d1b8,FreeMemory_FW
0xff8285b0,FreeUncacheableMemory
0xff823968,Fseek_Fut
0xff823968,Fseek_Fut_FW
0xff8238c8,Fwrite_Fut
0xff8238c8,Fwrite_Fut_FW
0xff8b82d4,get_current_exp
0xffa20c00,get_current_nd_value
0xffa20c44,get_nd_value
0xff8cb4e0,get_ptp_buf_size
0xff9e2254,get_ptp_file_buf
0xff865e2c,get_resource_pointer
0xff813794,get_self_task_errno_pointer
0xff8121a8,get_self_task_id
0xff9acc40,get_string_by_id
0xff81339c,get_task_properties
0xff8405dc,GetAdChValue
0xff8405dc,GetAdChValue_FW
0xffa85794,GetAdjAFInteg_FW
0xff8475f0,GetAdjTableMapVersion_FW
0xff847600,GetAdjTableValueVersion_FW
0xff8475bc,GetAdjTableVersion_FW
0xff8405d4,GetAdVBattBottom_FW
0xffa81870,GetAEIntegralServiceMode_FW
0xffa8151c,GetAEIntegralValueWithFix_FW
0xffa81864,GetAEIntegValueBit_FW
0xffa81264,GetAEIntegWinData_FW
0xffa813ac,GetAEIntegWinDataWithMode_FW
0xffa81640,GetAllAEIntegralAllValueWithFix_FW
0xff9d43a8,GetBaseSv
0xff8455e0,GetBatteryTemperature
0xff8455e0,GetBatteryTemperature_FW
0xff86c0bc,GetBuildDate_FW
0xff86c0c4,GetBuildTime_FW
0xffa89a0c,GetCaptureInfoData_FW
0xff845570,GetCCDTemperature
0xff845570,GetCCDTemperature_FW
0xffa820f0,GetCdsGainValue_FW
0xffa821e0,GetCdsPreGain_FW
0xffa82238,GetCdsPreGainReg_FW
0xff81c690,GetCh_FW
0xffa8830c,GetContinuousMovieJpegVRAMData_FW
0xffa879a8,GetContinuousVRAMData_FW
0xffa8814c,GetContinuousVRAMDataWithRingBuffer_FW
0xffa81f78,GetCurrentAdjImgDriveType_FW
0xff92fdd0,GetCurrentAvValue
0xff92fdd0,GetCurrentAvValue_FW
0xff87c5f4,GetCurrentCaptureModeType_FW
0xff845570,GetCurrentCcdTemp_FW
0xff895c6c,GetCurrentExposureTime_FW
0xff92ef30,GetCurrentFocusLensPosition_FW
0xff92ef30,GetCurrentFocusPosition_FW
0xffa81f84,GetCurrentImgDrvMode_FW
0xff8642e4,GetCurrentMachineTime
0xff845650,GetCurrentOptTemp_FW
0xff895938,GetCurrentShutterSpeed
0xff895938,GetCurrentShutterSpeed_FW
0xff92eec8,GetCurrentTargetDistance_FW
0xffa83a78,GetCurrentZoomLensDirection_FW
0xff932b74,GetCurrentZoomLensPoint_FW
0xff932b4c,GetCurrentZoomLensPosition_FW
0xff932b74,GetCurrentZoomPoint_FW
0xff932b4c,GetCurrentZoomPosition_FW
0xffa88998,GetDay_FW
0xff84bf5c,GetdccdFilterValue_FW
0xff84bec8,GetdccdImage_FW
0xff9cc118,GetDefectCount_FW
0xff821e44,GetDialEventId_FW
0xff84f500,GetDrive_ClusterSize
0xff84f568,GetDrive_FreeClusters
0xff84f534,GetDrive_TotalClusters
0xff827b88,GetEventFlagValue
0xffa8675c,GetExStrobeID_FW
0xff86c0cc,GetFirmwareVersion_FW
0xff92f3a4,GetFocusDefaultResetPosition_FW
0xffa1e424,GetFocusLensCurrentPosition_FW
0xffa1e860,GetFocusLensDriveVoltage_FW
0xffa1e928,GetFocusLensHoldVoltage_FW
0xffa29438,GetFocusLensLoadCamTable_FW
0xffa293c8,GetFocusLensLoadSubjectDistance_FW
0xffa29520,GetFocusLensMoveMaxPosition_FW
0xffa29538,GetFocusLensMoveMinPosition_FW
0xffa293c0,GetFocusLensPositionRatio_FW
0xffa1dca8,GetFocusLensResetDefaultPosition_FW
0xffa1dc98,GetFocusLensResetPosition_FW
0xffa9c610,GetFocusLensResetVoltage_FW
0xffa1e8dc,GetFocusLensSettingWaitVoltage_FW
0xff92eec8,GetFocusLensSubjectDistance
0xffa2939c,GetFocusLensSubjectDistance_FW
0xff92f1d4,GetFocusLensSubjectDistanceFromLens
0xffa293b8,GetFocusLensSubjectDistanceNumber_FW
0xff9305e8,GetFocusPiSensorLevel_FW
0xff92f338,GetFocusResetPosition_FW
0xff8589ec,GetGyro10BitDACPitch_FW
0xff8589f4,GetGyro10BitDACYaw_FW
0xff8589c4,GetGyroDataPitch_FW
0xff8589cc,GetGyroDataYaw_FW
0xff858a1c,GetGyroHPFINOffsetPitch_FW
0xff858a34,GetGyroHPFINOffsetYaw_FW
0xff858a4c,GetGyroHPFINPitch_FW
0xff858aa8,GetGyroHPFINYaw_FW
0xffa889c0,GetHour_FW
0xff92fdd0,GetIrisAv_FW
0xffa29da4,GetISDriveAaxis_FW
0xffa29dc4,GetISDriveBaxis_FW
0xffa2a088,GetISFirmVersion_FW
0xffa8a150,GetISGyro10BitDACPitch_FW
0xffa8a160,GetISGyro10BitDACYaw_FW
0xffa8a110,GetISGyroDataPitch_FW
0xffa8a120,GetISGyroDataYaw_FW
0xffa29ea4,GetISGyroGainAaxis_FW
0xffa29ec4,GetISGyroGainBaxis_FW
0xffa8a170,GetISGyroHPFINOffsetPitch_FW
0xffa8a180,GetISGyroHPFINOffsetYaw_FW
0xffa8a130,GetISGyroHPFINPitch_FW
0xffa8a140,GetISGyroHPFINYaw_FW
0xff858910,GetISGyroPitchGain_FW
0xffa89d2c,GetISGyroPitchOffset_FW
0xff858918,GetISGyroYawGain_FW
0xffa89d24,GetISGyroYawOffset_FW
0xff858900,GetISHallDevicePitchGain_FW
0xff8588f0,GetISHallDevicePitchOffset_FW
0xff858908,GetISHallDeviceYawGain_FW
0xff8588f8,GetISHallDeviceYawOffset_FW
0xffa29e64,GetISHallGainAaxis_FW
0xffa29e84,GetISHallGainBaxis_FW
0xffa29e24,GetISHallOffsetAaxis_FW
0xffa29e44,GetISHallOffsetBaxis_FW
0xffa2a174,GetISHallOut1Amp_FW
0xff859118,GetISLensDampAaxis_FW
0xff859120,GetISLensDampBaxis_FW
0xffa89f98,GetISLensEViAaxis_FW
0xffa89fac,GetISLensEViBaxis_FW
0xffa2a0b0,GetISParamVersion_FW
0xff858920,GetISPitchPWM_FW
0xffa29de4,GetISPositionAaxis_FW
0xffa29e04,GetISPositionBaxis_FW
0xff858930,GetISShiftLensPitchPosition_FW
0xff858938,GetISShiftLensYawPosition_FW
0xff858928,GetISYawPWM_FW
0xff842b28,GetKbdState
0xffa89030,GetLastVBatADLevel_FW
0xff857b70,GetLensErrorStatus_FW
0xff8ff404,GetLogData_FW
0xff8ff4c0,GetLogDataOnlyAddMemory_FW
0xff863ac4,GetLogToFile_FW
0xff930c6c,GetMechaShutterStatus_FW
0xff813c40,GetMemInfo
0xffa889e8,GetMinute_FW
0xffa8896c,GetMonth_FW
0xff8c8b04,GetMovieJpegVRAMHPixelsSize_FW
0xff8c8b10,GetMovieJpegVRAMVPixelsSize_FW
0xff827fa4,GetNumberOfPostedMessages
0xffa82160,GetObClampValue_FW
0xffa81714,GetOnlyAEIntegData_FW
0xff845650,GetOpticalTemperature
0xff845650,GetOpticalTemperature_FW
0xff95d628,GetParameterData
0xffa880a8,GetPixelsOfViewangle_FW
0xff86d25c,GetPropertyCase
0xff821e20,GetSDDetect_FW
0xff821e28,GetSDProtect
0xff821e28,GetSDProtect_FW
0xffa88a10,GetSecond_FW
0xff873090,GetSelfControllerHandle_FW
0xff81b7b4,GetSemaphoreValue
0xffa824d8,GetShutterSpeedRegularMaxLimit_FW
0xffa824f0,GetShutterSpeedRegularMinLimit_FW
0xff81b514,GetSRAndDisableInterrupt
0xff81c6e0,GetStringWithPrompt_FW
0xffa878bc,GetSumYOfVRAMCenterLine_FW
0xff821cf0,GetSwitchStatus_FW
0xffa2d218,GetSystemTime
0xffa2d218,GetSystemTime_FW
0xff8672d4,GetTimeOfSystem_FW
0xff9f9938,GetTransparentMemory_FW
0xff9f997c,GetTransparentMemoryPosition_FW
0xff9f9924,GetTransparentMemorySize_FW
0xffa89898,GetUnpackCrwIntegralValue_FW
0xffa824c8,GetUserSetShutterSPeed_FW
0xff82072c,GetVBatVoltage_FW
0xffa872dc,GetVideoOutType_FW
0xff8c8aec,GetVRAMHPixelsSize
0xff8c8aec,GetVRAMHPixelsSize_FW
0xff8c8af8,GetVRAMVPixelsSize
0xff8c8af8,GetVRAMVPixelsSize_FW
0xffa8893c,GetYear_FW
0xffa22444,GetZoomActuatorCurrentPosition_FW
0xffa22430,GetZoomActuatorSpeedPPS_FW
0xff932b74,GetZoomLensCurrentPoint
0xff932b74,GetZoomLensCurrentPoint_FW
0xffa23268,GetZoomLensCurrentPosition
0xff932b4c,GetZoomLensCurrentPosition_FW
0xff9334d8,GetZoomLensMechaEdgePosition_FW
0xffa838b0,GetZoomLensResetPlus_FW
0xff932f30,GetZoomLensTelePoint_FW
0xff9305a0,GetZoomPiSensorLevel_FW
0xff81b77c,GiveSemaphore
0xff81b77c,GiveSemaphore_FW
0xff8d95ac,handle_PTP_OC_0x9038
0xff8d9668,handle_PTP_OC_0x9039
0xff8d9738,handle_PTP_OC_0x903a
0xff8d97f8,handle_PTP_OC_0x903b
0xff8d0c9c,handle_PTP_OC_0x903f
0xff8d0d00,handle_PTP_OC_0x9040
0xff8d0d64,handle_PTP_OC_0x9041
0xff8d0edc,handle_PTP_OC_0x9044
0xff8d0fb8,handle_PTP_OC_0x9045
0xff8d98fc,handle_PTP_OC_0x904b
0xff8d8e40,handle_PTP_OC_0x904c
0xff8d0e44,handle_PTP_OC_0x904d
0xff8d102c,handle_PTP_OC_0x904e
0xff8d10a8,handle_PTP_OC_0x904f
0xff8d1120,handle_PTP_OC_0x9054
0xff8d11d8,handle_PTP_OC_0x9055
0xff8d1238,handle_PTP_OC_0x9056
0xff8ce2a4,handle_PTP_OC_0x9801
0xff8cde60,handle_PTP_OC_0x9802
0xff8cdd10,handle_PTP_OC_0x9803
0xff8cdbec,handle_PTP_OC_0x9804
0xff8cd52c,handle_PTP_OC_0x9805
0xff9e1498,handle_PTP_OC_CANON_ChangeUSBProtocol
0xff8d26d8,handle_PTP_OC_CANON_CheckEvent
0xff8d455c,handle_PTP_OC_CANON_GetCustomizeData
0xff8d46a4,handle_PTP_OC_CANON_GetCustomizeItemInfo
0xff8d4774,handle_PTP_OC_CANON_GetCustomizeSpec
0xff8d897c,handle_PTP_OC_CANON_GetObjectAttributes
0xff8d9188,handle_PTP_OC_CANON_GetObjectHandleByName
0xff8d9d98,handle_PTP_OC_CANON_GetObjectInfoEx
0xff8d86ec,handle_PTP_OC_CANON_GetPartialObjectEx
0xff8d84b8,handle_PTP_OC_CANON_GetPartialObjectInfo
0xff8cfd18,handle_PTP_OC_CANON_GetTreeInfo
0xff8d026c,handle_PTP_OC_CANON_GetTreeSize
0xff8d0348,handle_PTP_OC_CANON_NotifyCancelAccepted
0xff8d0294,handle_PTP_OC_CANON_NotifyProgress
0xff8da034,handle_PTP_OC_CANON_SendObjectByPath
0xff8d8ae0,handle_PTP_OC_CANON_SendObjectInfoByPath
0xff8da270,handle_PTP_OC_CANON_SendPartialObject
0xff8d4438,handle_PTP_OC_CANON_SetCustomizeData
0xff8d0408,handle_PTP_OC_CANON_SetDisplayMonitor
0xff8d8a20,handle_PTP_OC_CANON_SetObjectArchive
0xff8d92bc,handle_PTP_OC_CANON_SetObjectTime
0xff8cfdc4,handle_PTP_OC_CANON_TerminateDirectTransfer
0xff8d3bd8,handle_PTP_OC_CloseSession
0xff8d9338,handle_PTP_OC_DeleteObject
0xff8d9498,handle_PTP_OC_FormatStore
0xff8d1acc,handle_PTP_OC_GetDevicePropDesc
0xff8d19c0,handle_PTP_OC_GetDevicePropValue
0xff8d9a88,handle_PTP_OC_GetNumObjects
0xff8d7f40,handle_PTP_OC_GetObject
0xff8d9b84,handle_PTP_OC_GetObjectHandles
0xff8d83bc,handle_PTP_OC_GetObjectInfo
0xff8d81f8,handle_PTP_OC_GetPartialObject
0xff8d76f4,handle_PTP_OC_GetStorageIDs
0xff8d77d0,handle_PTP_OC_GetStorageInfo
0xff8d8150,handle_PTP_OC_GetThumb
0xff8d3c90,handle_PTP_OC_OpenSession
0xff8d16fc,handle_PTP_OC_ResetDevicePropValue
0xff8da034,handle_PTP_OC_SendObject
0xff8d8ae0,handle_PTP_OC_SendObjectInfo
0xff8d181c,handle_PTP_OC_SetDevicePropValue
0xff8d8314,handle_PTP_OC_SetObjectProtection
0xff8759a4,HardwareDefect_FW
0xff875954,HardwareDefectWithRestart_FW
0xffa89d6c,HitISLensAgainstBottomEdge_FW
0xffa89d58,HitISLensAgainstLeftEdge_FW
0xffa89d44,HitISLensAgainstRightEdge_FW
0xffa89d80,HitISLensAgainstTopEdge_FW
0xffa8a038,HitISMechaEdgeInOpenControl_FW
0xff9426c0,HwOcReadICAPCounter
0xff836594,ImagerActivate
0xff8ff54c,InactivateAdjLog_FW
0xff93bc94,InitializeAdjustmentFunction_FW
0xff93bc24,InitializeAdjustmentSystem_FW
0xff84b68c,Initializedccd_FW
0xff8dfc64,InitializeDCPClassFunctions_FW
0xff84b68c,InitializeDigicon_FW
0xffa8a1e0,InitializeMechaDevice_FW
0xff9f9ef4,InitializeSoundRec_FW
0xff84b2bc,InitializeTestRec_FW
0xffa82398,IsAdjCdsMode_FW
0xffa29cb8,ISAutoCenter_FW
0xffa29cf4,ISChangeOPENtoCLOSE_FW
0xff875378,IsControlEventActive_FW
0xffa2a0ec,ISControlStart_FW
0xffa2a0fc,ISControlStop_FW
0xff84657c,IsDUIDFixFlag_FW
0xffa873bc,IsEVFDrive_FW
0xffa876ec,IsEvfDriveMode_FW
0xffa86764,IsExStrobeChargeComp_FW
0xff84654c,IsFactoryMode_FW
0xff8582d0,ISInitMotion_FW
0xff857b4c,IsLensOutside_FW
0xff8ff578,IsLogOutType_FW
0xffa2a198,ISMDStart_FW
0xffa2a1a8,ISMDStop_FW
0xffa29ce0,ISMoveToMechaEdgeOPEN_FW
0xffa2a10c,ISPanModeStart_FW
0xffa2a11c,ISPanModeStop_FW
0xff8bdc20,IsStrobeChargeCompleted
0xffa21e3c,IsZoomActuatorResetSensorPlusSide_FW
0xff93a094,j_BeepDrive_FW
0xffa8a058,j_ChangeToISCloseControl_FW
0xffa8a028,j_ClearISCalcZData_FW
0xff9d4d08,j_E2LatOn_FW
0xff9d3760,j_EF.IsChargeFull_FW
0xff93a3b4,j_exec_FW
0xff824510,j_ExMem.AllocCacheable_FW
0xff824508,j_ExMem.AllocUncacheable_FW
0xff824514,j_ExMem.FreeCacheable_FW
0xff82450c,j_ExMem.FreeUncacheable_FW
0xff824504,j_ExMem.View_FW
0xff93a090,j_GetAdChValue_FW
0xff93a08c,j_GetAdVBattBottom_FW
0xffa813a8,j_GetAEIntegWinData_FW
0xff8bfd44,j_GetBaseSv
0xff845708,j_GetBatteryTemperature_FW
0xff845704,j_GetCCDTemperature_FW
0xffa82208,j_GetCdsPreGain_FW
0xffa82260,j_GetCdsPreGainReg_FW
0xffa825d8,j_GetCurrentAvValue_FW
0xffa88a60,j_GetCurrentCcdTemp_FW
0xffa823f8,j_GetCurrentExposureTime_FW
0xffa8416c,j_GetCurrentFocusLensPosition_FW
0xffa8416c,j_GetCurrentFocusPosition_FW
0xffa88a64,j_GetCurrentOptTemp_FW
0xffa82400,j_GetCurrentShutterSpeed_FW
0xffa84130,j_GetCurrentTargetDistance_FW
0xffa83a74,j_GetCurrentZoomLensPoint_FW
0xffa83a70,j_GetCurrentZoomLensPosition_FW
0xffa83a74,j_GetCurrentZoomPoint_FW
0xffa83a70,j_GetCurrentZoomPosition_FW
0xff93a10c,j_GetDialEventId_FW
0xffa84128,j_GetFocusDefaultResetPosition_FW
0xffa29390,j_GetFocusLensCurrentPosition_FW
0xffa29468,j_GetFocusLensDriveVoltage_FW
0xffa294e0,j_GetFocusLensHoldVoltage_FW
0xffa29398,j_GetFocusLensResetDefaultPosition_FW
0xffa29394,j_GetFocusLensResetPosition_FW
0xffa2951c,j_GetFocusLensResetVoltage_FW
0xffa294a4,j_GetFocusLensSettingWaitVoltage_FW
0xffa29758,j_GetFocusPiSensorLevel_FW
0xffa8412c,j_GetFocusResetPosition_FW
0xffa29f14,j_GetGyro10BitDACPitch_FW
0xffa29f18,j_GetGyro10BitDACYaw_FW
0xffa29ee4,j_GetGyroDataPitch_FW
0xffa29ee8,j_GetGyroDataYaw_FW
0xffa29f44,j_GetGyroHPFINOffsetPitch_FW
0xffa29f48,j_GetGyroHPFINOffsetYaw_FW
0xffa29f4c,j_GetGyroHPFINPitch_FW
0xffa29f50,j_GetGyroHPFINYaw_FW
0xffa29618,j_GetIrisAv_FW
0xffa89e5c,j_GetISGyroPitchGain_FW
0xffa89e58,j_GetISGyroYawGain_FW
0xffa89e00,j_GetISHallDevicePitchGain_FW
0xffa89e08,j_GetISHallDevicePitchOffset_FW
0xffa89dfc,j_GetISHallDeviceYawGain_FW
0xffa89e04,j_GetISHallDeviceYawOffset_FW
0xffa89fc0,j_GetISLensDampAaxis_FW
0xffa89fc4,j_GetISLensDampBaxis_FW
0xffa89e90,j_GetISPitchPWM_FW
0xffa89f90,j_GetISShiftLensPitchPosition_FW
0xffa89f94,j_GetISShiftLensYawPosition_FW
0xffa89e8c,j_GetISYawPWM_FW
0xffa296f8,j_GetLensErrorStatus_FW
0xffa29940,j_GetMechaShutterStatus_FW
0xffa881e0,j_GetMovieJpegVRAMHPixelsSize_FW
0xffa881e4,j_GetMovieJpegVRAMVPixelsSize_FW
0xff845700,j_GetOpticalTemperature_FW
0xff93a0f4,j_GetSDDetect_FW
0xff93a0f8,j_GetSDProtect_FW
0xff93a0e0,j_GetSwitchStatus_FW
0xffa89038,j_GetVBatVoltage_FW
0xffa87924,j_GetVRAMHPixelsSize_FW
0xffa87928,j_GetVRAMVPixelsSize_FW
0xffa2243c,j_GetZoomActuatorCurrentPosition_FW
0xffa29c84,j_GetZoomLensCurrentPoint_FW
0xffa29cac,j_GetZoomLensCurrentPosition_FW
0xffa29cb4,j_GetZoomLensMechaEdgePosition_FW
0xffa29cb0,j_GetZoomLensTelePoint_FW
0xffa2977c,j_GetZoomPiSensorLevel_FW
0xff8df924,j_InitializeDCPClassFunctions_FW
0xffa296f4,j_IsLensOutside_FW
0xffa22440,j_IsZoomActuatorResetSensorPlusSide_FW
0xff93a09c,j_LEDDrive_FW
0xff9d9374,j_LiveImageTool.GetDzoomPosition_FW
0xff823fa8,j_Lseek_FW
0xff93a328,j_MemoryChecker_FW
0xff93a324,j_MonSelEvent_FW
0xffa89f8c,j_MoveISLensToCentralPosition_FW
0xff824500,j_NewTaskShell_FW
0xff93a39c,j_Peek16_FW
0xff93a398,j_Peek32_FW
0xff93a3a0,j_Peek8_FW
0xff93a320,j_Printf_FW
0xff875bc8,j_PTM_AllReset_FW
0xff8760d8,j_PTM_BackupUIProperty_FW
0xff87602c,j_PTM_GetWorkingCaptureMode_FW
0xff8760bc,j_PTM_IsEnableItem_FW
0xff8760a8,j_PTM_NextItem_FW
0xff8760ac,j_PTM_PrevItem_FW
0xff876030,j_PTM_SetCurrentItem_FW
0xff8760c0,j_PTM_SetProprietyEnable_FW
0xff824480,j_PutsCameraLogEvent_FW
0xff823e48,j_Read_FW
0xffa8215c,j_ReloadCdsAdjustment_FW
0xffa868d4,j_ReloadColorAdjustment_FW
0xffa86774,j_ReloadEfAdjustment_FW
0xffa84124,j_ReloadFocusLensAdjustment_FW
0xffa825d4,j_ReloadIrisAdjustment_FW
0xffa8272c,j_ReloadNdFilterAdjustment_FW
0xffa83488,j_ReloadWBAdjustment_FW
0xffa83a94,j_ReloadZoomAdjustment_FW
0xff93a340,j_SDump_FW
0xffa89f88,j_SearchBCentralPosition_FW
0xffa89f88,j_SearchISLensCentralPosition_FW
0xff824474,j_ShowCameraLog_FW
0xff824478,j_ShowCameraLogInfo_FW
0xffa89df8,j_StartBDrive_FW
0xffa89f80,j_StartBPanDrive_FW
0xff824470,j_StartCameraLog_FW
0xffa89f78,j_StartISAdjustmentDrive_FW
0xffa89df8,j_StartISDrive_FW
0xffa29cdc,j_StartISLocalAutoCenter_FW
0xffa29cd8,j_StartISLocalHallAdjust_FW
0xffa89f80,j_StartISPanDrive_FW
0xffa89df4,j_StopBDrive_FW
0xffa89f84,j_StopBPanDrive_FW
0xff82447c,j_StopCameraLog_FW
0xffa8792c,j_StopContinuousVRAMData_FW
0xffa89f7c,j_StopISAdjustmentDrive_FW
0xffa89df4,j_StopISDrive_FW
0xffa89f84,j_StopISPanDrive_FW
0xff81d7ec,j_strcmp_FW
0xff93b104,j_UIFS_Capture_FW
0xff93b108,j_UIFS_CaptureNoneStop_FW
0xff93b13c,j_UIFS_DeleteAllSound_FW
0xff93b034,j_UIFS_MoveZoomTo_FW
0xff93b10c,j_UIFS_StartMovieRecord_FW
0xff93b134,j_UIFS_StartRecordSound_FW
0xff93b110,j_UIFS_StopMovieRecord_FW
0xff93b138,j_UIFS_StopRecordSound_FW
0xff93b144,j_UIFS_WriteFirmInfoToFile_FW
0xff93a098,j_VbattGet_FW
0xff93a32c,j_VerifyByte_FW
0xff821f4c,kbd_p1_f
0xff821f58,kbd_p1_f_cont
0xff821780,kbd_p2_f
0xff842bac,kbd_pwr_off
0xff842b5c,kbd_pwr_on
0xff821e48,kbd_read_keys
0xff8426e0,kbd_read_keys_r2
0xff8eb8bc,LcdCon_GetLcdAdjParameter_FW
0xff8ebca0,LcdCon_GetLcdBackLightParameter_FW
0xff8ebacc,LcdCon_GetLcdParameter_FW
0xff8eb944,LcdCon_SaveLcdAdjParameter_FW
0xff8ebd24,LcdCon_SaveLcdBackLightParameter_FW
0xff8ebb54,LcdCon_SaveLcdParameter_FW
0xff8eb81c,LcdCon_SetLcdAdjParameter_FW
0xff8ebc18,LcdCon_SetLcdBackLightBrightness_FW
0xff8ebc48,LcdCon_SetLcdBackLightParameter_FW
0xff8eb7c8,LcdCon_SetLcdDriver_FW
0xff8eb960,LcdCon_SetLcdParameter_FW
0xff8eb904,LcdCon_ShowLcdAdjParameter_FW
0xff8ebce4,LcdCon_ShowLcdBackLightParameter_FW
0xff8ebb14,LcdCon_ShowLcdParameter_FW
0xffa61008,LCDMsg_ChangeColor_FW
0xffa60e24,LCDMsg_Create_FW
0xffa60b20,LCDMsg_Delete_FW
0xffa60ae0,LCDMsg_Move_FW
0xffa60f24,LCDMsg_SetNum_FW
0xffa60f34,LCDMsg_SetStr_FW
0xffa60ed4,LCDMsg_SwDisp_FW
0xff8422b8,LEDDrive
0xff8422b8,LEDDrive_FW
0xff9d9304,LiveImageTool.ChangeDzoom_FW
0xff9d9294,LiveImageTool.DzoomTele_FW
0xff9d92b4,LiveImageTool.DzoomWide_FW
0xff8c89b8,LiveImageTool.GetDzoomPosition_FW
0xff9d9378,LiveImageTool.Jump_FW
0xff9d92e4,LiveImageTool.Pause_FW
0xff9d92f4,LiveImageTool.Resume_FW
0xff9d8c50,LiveImageTool.StartEVF_FW
0xff9d8ccc,LiveImageTool.StartEVFFocusJet_FW
0xff9d8d48,LiveImageTool.StartEVFMF_FW
0xff9d919c,LiveImageTool.StartEVFMovHD_FW
0xff9d9028,LiveImageTool.StartEVFMovQQVGA_FW
0xff9d8eb0,LiveImageTool.StartEVFMovQVGA60_FW
0xff9d8f6c,LiveImageTool.StartEVFMovQVGA_FW
0xff9d8ddc,LiveImageTool.StartEVFMovVGA_FW
0xff9d90e4,LiveImageTool.StartEVFMovXGA_FW
0xff9d9264,LiveImageTool.StartMjpegMaking_FW
0xff9d92d4,LiveImageTool.StopDzoom_FW
0xff9d9254,LiveImageTool.StopEVF_FW
0xff9d9284,LiveImageTool.StopMjpegMaking_FW
0xff8476d0,LoadAdjustmentTable_FW
0xff847910,LoadAdjustmentValue_FW
0xff8feae8,LoadDataFromAdjTableBin_FW
0xffa88e14,LoadFactoryNumber_FW
0xff8fe9e4,LoadParamDataFromAdjTableBin_FW
0xff866420,LoadScript_FW
0xffa88f44,LoadSerialNumber_FW
0xff866d20,LocalTime
0xff875708,LockMainPower
0xff875708,LockMainPower_FW
0xff86a62c,LogCameraEvent
0xff823ee0,Lseek
0xff823ee0,lseek
0xff823ee0,Lseek_FW
0xffa2d934,MakeBootDisk_FW
0xff8236c0,MakeDirectory_Fut
0xffa2d948,MakeScriptDisk_FW
0xff8139c4,malloc
0xff8284d0,malloc_strictly
0xff939ecc,Mecha.Create_FW
0xff939f24,MechaReset_FW
0xff939f30,MechaTerminate_FW
0xff939e8c,MechaUnRegisterEventProcedure_FW
0xff81d854,memcmp
0xff81d854,memcmp_FW
0xff894584,memcpy
0xff894584,memcpy_FW
0xffa2c964,MemoryChecker_FW
0xff9b0838,memset
0xff9b0838,memset_FW
0xff810bd0,memShow_FW
0xff826884,MenuIn
0xff8269b4,MenuOut
0xff824144,mkdir
0xff894df0,mktime_ext
0xffa2d2a0,MonSelEvent_FW
0xff872f4c,MoveControllerToTopOfZOrder_FW
0xffa2898c,MoveCZToPoint_FW
0xffa289f4,MoveCZToTele_FW
0xffa289c4,MoveCZToWide_FW
0xffa9ba70,MoveDCMotorCCW_FW
0xffa9b9e8,MoveDCMotorCW_FW
0xffa28f0c,MoveFocusActuator_FW
0xffa844b8,MoveFocusDistance_FW
0xffa844b8,MoveFocusLensToDistance
0xffa844b8,MoveFocusLensToDistance_FW
0xffa8439c,MoveFocusLensToPosition_FW
0xffa84280,MoveFocusLensToPositionWithMaxSpeed_FW
0xffa842c4,MoveFocusLensToPositionWithSpeed_FW
0xffa28b7c,MoveFocusLensToTerminate_FW
0xffa8419c,MoveFocusLensToTerminatePosition_FW
0xffa28bd8,MoveFocusLensWithDistance_FW
0xffa28ce4,MoveFocusLensWithPosition_FW
0xffa28df8,MoveFocusLensWithPositionWithoutBacklash_FW
0xffa843ec,MoveFocusPosition_FW
0xffa8419c,MoveFocusToTerminate_FW
0xffa826bc,MoveIrisFullClose_FW
0xffa82688,MoveIrisFullOpen_FW
0xffa82588,MoveIrisToAv_FW
0xffa295c0,MoveIrisToTerminatePosition_FW
0xffa295c8,MoveIrisWithAv
0xffa295c8,MoveIrisWithAv_FW
0xffa295f0,MoveIrisWithAvWithoutBacklash_FW
0xffa89dcc,MoveISLensToBottomLimitPosition_FW
0xff858844,MoveISLensToCentralPosition_FW
0xffa89db8,MoveISLensToLeftLimitPosition_FW
0xffa89da4,MoveISLensToRightLimitPosition_FW
0xffa89de0,MoveISLensToTopLimitPosition_FW
0xffa29674,MoveLensToFirstPoint_FW
0xffa296bc,MoveLensToTerminatePoint_FW
0xffa223d4,MoveZoomActuator_FW
0xffa29c14,MoveZoomLensToMechaEdge_FW
0xffa83ea0,MoveZoomLensToMechaEnd_FW
0xffa83cac,MoveZoomLensToPoint_FW
0xffa83c70,MoveZoomLensToPosition_FW
0xffa83f94,MoveZoomLensToPositionByManual_FW
0xffa29bd4,MoveZoomLensToTerminatePosition_FW
0xffa29b4c,MoveZoomLensWithPoint
0xffa29b4c,MoveZoomLensWithPoint_FW
0xffa29b90,MoveZoomLensWithPosition_FW
0xffa83cac,MoveZoomPoint_FW
0xffa83c70,MoveZoomPosition_FW
0xff86cd20,NewTaskShell
0xff86cd80,NewTaskShell_FW
0xff93ea60,NR_GetDarkSubType
0xff93ea60,NR_GetDarkSubType_FW
0xff93eaa0,NR_GetDefectCorrectType_FW
0xff93e9ec,NR_SetDarkSubType
0xff93e9ec,NR_SetDarkSubType_FW
0xff93ea34,NR_SetDefectCorrectType_FW
0xff93eae0,NR_SetLotasPonyType_FW
0xff93a0d0,OffPrintPhySw_FW
0xffa83350,OneShotWhigeBalance_FW
0xffa83350,OneTypeWhiteBalance_FW
0xff93a0c0,OnPrintPhySw_FW
0xff823d78,Open
0xff819dfc,open
0xff823d78,Open_FW
0xff81c740,OpenConsole_FW
0xffa12254,OpenFastDir
0xffa29898,OpenMechaShutter_FW
0xffa82838,OpenMShutter_FW
0xff824484,OpLog.Create_FW
0xff86b450,OpLog.Get_FW
0xff86b50c,OpLog.Play_FW
0xff86abf8,OpLog.ReadFromROM_FW
0xff86ac78,OpLog.ReadFromSD_FW
0xff86b470,OpLog.Show_FW
0xff86b640,OpLog.Start_FW
0xff86abcc,OpLog.Stop_FW
0xff86b428,OpLog.WriteToROM_FW
0xff86b020,OpLog.WriteToSD_FW
0xff8ff0fc,OutputLogToFile_FW
0xff87871c,PB2Rec
0xffa2d1e8,Peek16_FW
0xffa2d1e0,Peek32_FW
0xffa2d1f0,Peek8_FW
0xff9cbf20,PointDefDetect_FW
0xff9cc0b4,PointKizuCheck_FW
0xff93a378,Poke16_FW
0xff93a368,Poke32_FW
0xff93a388,Poke8_FW
0xff87358c,PostEventShootSeqToUI_FW
0xff8734c8,PostLogicalEventForNotPowerType
0xff8734c8,PostLogicalEventForNotPowerType_FW
0xff873514,PostLogicalEventToUI
0xff873514,PostLogicalEventToUI_FW
0xff827ec8,PostMessageQueue
0xff81bc30,PostMessageQueueStrictly
0xffa86e64,PreFixAE_FW
0xff847934,PrintAdjTableMap_FW
0xffa80838,PrintAllAEIntegData_FW
0xff866414,Printf_FW
0xff8fee6c,PrintFaexeVersioin_FW
0xff8fee38,PrintFirmVersion_FW
0xffa86254,PrintMultiWinScanTable_FW
0xffa861c0,PrintScanTable_FW
0xff85b950,PT_BatLvChange_Low_FW
0xff85b940,PT_BatLvChange_PreWeak_FW
0xff85b958,PT_BatLvChange_SysLow_FW
0xff85b948,PT_BatLvChange_Weak_FW
0xff85be7c,PT_ChangeZoomSpeed_FW
0xff85b920,PT_CompleteCaptModeChange_FW
0xff85b930,PT_CompleteCharge_FW
0xff85b938,PT_CompleteFileWrite_FW
0xff85b8e8,PT_CompletePreCapt_FW
0xff85b908,PT_CompleteStopDigZoom_FW
0xff85b900,PT_CompleteStopZoom_FW
0xff85b910,PT_CompleteStoreLens_FW
0xff85b928,PT_CompleteSynchroWrite_FW
0xff85beb0,PT_DoAELock_FW
0xff85be90,PT_DoAFLock_FW
0xff85bc1c,PT_EraseAllFile_FW
0xff85ba18,PT_FinishBatteryTest_FW
0xff85ba34,PT_GetBatteryLevel_FW
0xff85bd24,PT_GetLocalDateAndTimeString_FW
0xff85baf8,PT_GetLowBatLv_FW
0xff85ba48,PT_GetPreWeakBatLv_FW
0xff85bcac,PT_GetPropertyCaseInt_FW
0xff85bb50,PT_GetSysLowBatLv_FW
0xff85bc6c,PT_GetSystemTime_FW
0xff85baa0,PT_GetWeakBatLv_FW
0xff85bd84,PT_LCD_BkColorDef_FW
0xff85bee0,PT_MFOff
0xff85bee0,PT_MFOff_FW
0xff85bed0,PT_MFOn
0xff85bed0,PT_MFOn_FW
0xff85bc44,PT_mod_FW
0xff85be68,PT_MoveDigitalZoomAt_FW
0xff85be48,PT_MoveDigitalZoomToTele_FW
0xff85be58,PT_MoveDigitalZoomToWide
0xff85be58,PT_MoveDigitalZoomToWide_FW
0xff85be30,PT_MoveOpticalZoomAt
0xff85be30,PT_MoveOpticalZoomAt_FW
0xff85be08,PT_MoveOpticalZoomToTele_FW
0xff85be1c,PT_MoveOpticalZoomToWide_FW
0xff85b918,PT_MovieRecordStopped_FW
0xff85b8f8,PT_NextShootAvailable_FW
0xff85b4b4,PT_PlaySound
0xff85bd68,PT_PlaySound_FW
0xff85b8f0,PT_RecreviewAvailable_FW
0xff85bc80,PT_SetPropertyCaseInt_FW
0xff85b9dc,PT_StartBatteryTest_FW
0xff85bec0,PT_UnlockAE_FW
0xff85bea0,PT_UnlockAF_FW
0xff95c86c,PTM_AllReset_FW
0xff875bb8,PTM_AllResetToFactorySetting_FW
0xff95d598,PTM_BackupUIProperty_FW
0xff87603c,PTM_GetCurrentItem
0xff87603c,PTM_GetCurrentItem_FW
0xff95cbd0,PTM_GetWorkingCaptureMode_FW
0xff95d4cc,PTM_IsEnableItem_FW
0xff95cf80,PTM_NextItem
0xff95cf80,PTM_NextItem_FW
0xff95cf88,PTM_PrevItem
0xff95cf88,PTM_PrevItem_FW
0xff8760dc,PTM_RestoreUIProperty_FW
0xff875f14,PTM_SetCurrentCaptureMode_FW
0xff95cbe8,PTM_SetCurrentItem
0xff95cbe8,PTM_SetCurrentItem_FW
0xff95d284,PTM_SetPropertyEnable
0xff95d284,PTM_SetProprietyEnable_FW
0xffa82744,PutInNdFilter,(stubs_entry_2.s)
0xffa82744,PutInNdFilter_FW
0xffa8277c,PutOutNdFilter,(stubs_entry_2.s)
0xffa8277c,PutOutNdFilter_FW
0xff86a310,PutsCameraLogEvent_FW
0xff9b0d40,qsort
0xff9d4bb8,QuietImager_FW
0xff81d95c,rand
0xff81a094,Read
0xff81a094,Read_FW
0xffa122e8,ReadFastDir
0xff813b78,realloc
0xffa19ce8,reboot_fw_update
0xff877120,Rec2PB
0xffa297c4,ReceiveMechaCircuitDataAll_FW
0xff827da0,ReceiveMessageQueue
0xff81bc04,ReceiveMessageQueueStrictly
0xff847b30,RefreshAdjustmentTableMirror_FW
0xff9b0484,RefreshPhysicalScreen
0xffa86990,RegistColorMatrix_FW
0xff869530,RegisterEventProcedure
0xff81b4d8,RegisterInterruptHandler
0xff952740,RegisterLanguageName_FW
0xff8281b8,ReleaseRecursiveLock
0xff8c00bc,ReloadCdsAdjustment_FW
0xff9dacf8,ReloadColorAdjustment_FW
0xffa89a8c,ReloadDefectAdjustmentData_FW
0xff9d1b9c,ReloadEfAdjustment_FW
0xff92f3f0,ReloadFocusLensAdjustment_FW
0xff92ffd0,ReloadIrisAdjustment_FW
0xff930da4,ReloadNdFilterAdjustment_FW
0xffa89a6c,ReloadShadingAdjustmentData_FW
0xff9cb868,ReloadWBAdjustment_FW
0xff9332cc,ReloadZoomAdjustment_FW
0xff9f9904,RemoveTransparentMemory_FW
0xff8235f8,RenameFile_Fut
0xffa84520,ResetFocus_FW
0xffa28aa8,ResetFocusLens
0xffa28aa8,ResetFocusLens_FW
0xffa2959c,ResetIris_FW
0xffa83bd4,ResetZoom_FW
0xffa29aa0,ResetZoomLens
0xffa29aa0,ResetZoomLens_FW
0xffa29acc,ResetZoomLensToFirst_FW
0xffa29b0c,ResetZoomLensToTermiante_FW
0xffa83ce8,ResetZoomToAdjFirstPoint_FW
0xffa83d2c,ResetZoomToAdjTerminatePoint_FW
0xffa83c08,ResetZoomToFirst_FW
0xffa83c08,ResetZoomToFirstPoint_FW
0xffa83c3c,ResetZoomToTerminate_FW
0xffa83c3c,ResetZoomToTerminatePoint_FW
0xff829df4,Restart
0xff86c3c8,RomCheckSum_FW
0xff81c3f8,RotateConsoleZOder_FW
0xff8478d4,SaveAdjustmentTable_FW
0xff8478ec,SaveAdjustmentValue_FW
0xffa88594,SaveBatSenseOffsetAdjustmentTable_FW
0xffa88b38,SaveBmpVRAMData_FW
0xffa8903c,SaveFactoryReserveData_FW
0xffa88c78,SaveFromImage_FW
0xff95273c,SaveLanguageNameList_FW
0xffa88be8,SavePaletteData
0xffa88be8,SavePaletteData_FW
0xffa2cf98,SDump_FW
0xff858800,SearchBCentralPosition_FW
0xff858800,SearchISLensCentralPosition_FW
0xffa8526c,SelectAdjBPFilter_FW
0xffa2a12c,SelectPositionSignal_FW
0xffa297a0,SendMechaCircuitData_FW
0xff875064,set_control_event
0xffa86ddc,SetAdj_AEMode_FW
0xffa81b84,SetAdjAEIntegSmearLimitter_FW
0xffa8528c,SetAdjAFWinPos_FW
0xffa8229c,SetAdjCdsMode_FW
0xffa86cc8,SetAE_CdsGainValue_FW
0xffa86b8c,SetAE_ShutterSpeed
0xffa86b8c,SetAE_ShutterSpeed_FW
0xffa81b7c,SetAEIntegAverageOBData_FW
0xffa8117c,SetAEIntegralValueProperty_FW
0xffa81118,SetAEIntegStrobeProperty_FW
0xffa81854,SetAEIntegValueBit_FW
0xffa81800,SetAEIntegWindowsMode_FW
0xff87577c,SetAutoShutdownTime
0xff87577c,SetAutoShutdownTime_FW
0xffa852cc,SetBPFilterForBP_FW
0xffa821ac,SetCDSGain_FW
0xffa82284,SetCDSGainStep_FW
0xffa821ac,SetCdsGainValue_FW
0xffa821d8,SetCdsPreGain_FW
0xffa82230,SetCdsPreGainReg_FW
0xff87c5b8,SetCurrentCaptureModeType
0xff87c5b8,SetCurrentCaptureModeType_FW
0xffa885ac,SetDate_FW
0xffa887a8,SetDay_FW
0xffa9baf8,SetDCMotorWaitTime_FW
0xffa81b94,SetDefaultAEIntegSmearLimitter_FW
0xff901628,SetDefaultRecParameter_FW
0xff90196c,SetDefectRecParameter_FW
0xffa82118,SetDeltaCDSGain_FW
0xff846510,SetDUIDFixFlag_FW
0xff827b1c,SetEventFlag
0xffa8676c,SetExStrobeMode_FW
0xff846418,SetFactoryMode_FW
0xffa88e04,SetFactorySerialNumber_FW
0xff8240cc,SetFileAttributes
0xff82407c,SetFileTimeStamp
0xffa290c4,SetFocusLensCondition_FW
0xffa290b0,SetFocusLensDefaultPullOutTable_FW
0xffa2946c,SetFocusLensDriveVoltage_FW
0xffa294e4,SetFocusLensHoldVoltage_FW
0xffa29268,SetFocusLensMaxSpeedLimit_FW
0xffa294a8,SetFocusLensSettingWaitVoltage_FW
0xffa28fc8,SetFocusLensSpeed_FW
0xffa28ff4,SetFocusLensSpeedTable_FW
0xffa29eec,SetGyro10BitDACPitch_FW
0xffa29f00,SetGyro10BitDACYaw_FW
0xffa29f70,SetGyroFilterChargeStart_FW
0xffa29f84,SetGyroFilterChargeStop_FW
0xffa29f1c,SetGyroHPFINOffsetPitch_FW
0xffa29f30,SetGyroHPFINOffsetYaw_FW
0xffa88810,SetHour_FW
0xff868a90,SetHPTimerAfterNow
0xff868b10,SetHPTimerAfterTimeout
0xff93a0fc,SetIgnoreAVJACK_FW
0xffa884d0,SetImageMode
0xffa885a4,SetImageMode_FW
0xffa88580,SetInputVoltage_FW
0xffa89fd0,SetISCutOffFreqIndex_FW
0xffa29d04,SetISDriveAaxis_FW
0xffa29d18,SetISDriveBaxis_FW
0xffa8a0ec,SetISGyro10BitDACPitch_FW
0xffa8a0f4,SetISGyro10BitDACYaw_FW
0xffa29d7c,SetISGyroGainAaxis_FW
0xffa29d90,SetISGyroGainBaxis_FW
0xffa8a0fc,SetISGyroHPFINOffsetPitch_FW
0xffa8a104,SetISGyroHPFINOffsetYaw_FW
0xffa89f00,SetISGyroPitchGain_FW
0xffa89f14,SetISGyroPitchOffset_FW
0xffa89eec,SetISGyroYawGain_FW
0xffa89f10,SetISGyroYawOffset_FW
0xffa89f30,SetISHallDevicePitchGain_FW
0xffa89f58,SetISHallDevicePitchOffset_FW
0xffa89f1c,SetISHallDeviceYawGain_FW
0xffa89f44,SetISHallDeviceYawOffset_FW
0xffa29d54,SetISHallGainAaxis_FW
0xffa29d68,SetISHallGainBaxis_FW
0xffa29d2c,SetISHallOffsetAaxis_FW
0xffa29d40,SetISHallOffsetBaxis_FW
0xffa2a150,SetISHPFCutoff_FW
0xffa89fd0,SetISHPFCutOffFreqIndex_FW
0xffa89fe0,SetISLPFCutOffFreqAaxis_FW
0xffa89ff0,SetISLPFCutOffFreqBaxis_FW
0xffa89ec4,SetISPitchPWM_FW
0xffa29f54,SetISTuningFlag_FW
0xffa89ed8,SetISYawPWM_FW
0xffa88a38,SetLangMenuType_FW
0xffa81b44,SetLineDefMarkThroughMode_FW
0xff8753e8,SetLogicalEventActive
0xffa8a004,SetLPFForParallelFilter_FW
0xffa298f4,SetMechaShutterCloseDacSetting_FW
0xffa29910,SetMechaShutterOpenDacSetting_FW
0xffa2992c,SetMechaShutterWaitTimeSetting_FW
0xffa88874,SetMinute_FW
0xffa8874c,SetMonth_FW
0xffa299f8,SetNdDacSetting_FW
0xffa821a4,SetObClamp_FW
0xffa821a4,SetObClampValue_FW
0xffa832d0,SetOneShotWBParam_FW
0xffa832d0,SetOneTypeWBParam_FW
0xff95d598,SetParameterData
0xffa9b964,SetPMByGpio_FW
0xff86d15c,SetPropertyCase
0xff93a0b0,SetRawSWCheckMode_FW
0xffa833e4,SetReferenceWBGainForCalibration_FW
0xffa84f90,SetScanLensIndex_FW
0xffa85098,SetScanWindowMode_FW
0xff875438,SetScriptMode
0xff875438,SetScriptMode_FW
0xff93a060,SetSDPwrPort_FW
0xffa888d8,SetSecond_FW
0xff901950,SetSensitiveDefectRecParameter_FW
0xff901960,SetSensitiveRecParameter_FW
0xffa8247c,SetShutterSpeed_FW
0xffa8242c,SetShutterSpeedWithMecha_FW
0xff81b518,SetSR
0xff828954,SetTimerAfter
0xff8289d4,SetTimerWhen
0xffa83410,SetToolCorrectCoefficient_FW
0xff838a50,SetUSBToDCPMode_FW
0xffa873b4,SetVideoOutType_FW
0xffa833a4,SetWBYlStandardWidth_FW
0xffa81788,SetWhiteCoefficient_FW
0xffa886ec,SetYear_FW
0xffa22414,SetZoomActuatorSpeedPPS_FW
0xffa8403c,SetZoomLensEncoderPowerControl_FW
0xffa29c7c,SetZoomLensSpeedMode_FW
0xffa89f68,SetZoomPointToIS_FW
0xffa2a0d8,SetZoomPosition_FW
0xff93a3b8,ShowAllTaskInfo_FW
0xff86a3c0,ShowCameraLog_FW
0xff86a354,ShowCameraLogInfo_FW
0xffa86b34,ShowCurrentExp_FW
0xff847614,ShowDefaultAdjTableVersion_FW
0xffa291f4,ShowFocusLensCurrentSpeedTable_FW
0xff952710,ShowLanguageNameList_FW
0xff8735e0,ShowLogicalEventName_FW
0xff939f3c,ShowMechaMacro_FW
0xff93a0a0,ShowPhySwStatus_FW
0xff93a0e4,ShowSDStatus_FW
0xff9f9834,ShowTransparentMemory_FW
0xff94ffe4,ShutdownPlayModeMenu_FW
0xff95009c,ShutdownPlayModeMenuWithoutPbRedraw_FW
0xff94ff20,ShutdownRecModeMenu_FW
0xffa87094,SleepAE_FW
0xff828400,SleepTask
0xff828400,SleepTask_FW
0xff81d710,sprintf_FW
0xff81d950,srand
0xff85bef0,SS.Create_FW
0xff9b0d7c,sscanf_FW
0xffa8538c,StartAdjAFService_FW
0xffa81b08,StartAEIntegralService_FW
0xff858734,StartBDrive_FW
0xff858744,StartBPanDrive_FW
0xff86a408,StartCameraLog_FW
0xff93b114,StartClockMode_FW
0xffa85b94,StartCrwCustomScan_FW
0xffa85b10,StartCustomScan_FW
0xffa49e28,StartDirectTransferManager_FW
0xffa4ab24,StartDtConfirmMenu_FW
0xffaa1988,StartDtExecuteMenu_FW
0xffa8769c,StartEVFDrive_FW
0xffa87658,StartEVFDriveWithMode_FW
0xff8465bc,StartFactoryModeController_FW
0xff894224,StartGUISystem_FW
0xffa2a1b8,StartImStEventProc_FW
0xff858734,StartISAdjustmentDrive_FW
0xff858734,StartISDrive_FW
0xffa29cc8,StartISLocalAdjust_FW
0xff858754,StartISLocalAutoCenter_FW
0xff858794,StartISLocalHallAdjust_FW
0xff858744,StartISPanDrive_FW
0xff8ff560,StartLogOut_FW
0xff94fe20,StartPlayModeMenu_FW
0xff94fe88,StartRecModeMenu
0xff94fe88,StartRecModeMenu_FW
0xff81cf94,StartRedirectUART_FW
0xff9f9eac,StartSoundPlay_FW
0xff9f9e74,StartSoundRecord_FW
0xffa31128,StartTransferOrderMenu_FW
0xff86bf68,StartWDT_FW
0xff823fac,stat
0xffa85718,StopAdjAFInteg_FW
0xffa854c8,StopAdjAFService_FW
0xffa8187c,StopAEIntegralService_FW
0xff85873c,StopBDrive_FW
0xff85874c,StopBPanDrive_FW
0xff86a5cc,StopCameraLog_FW
0xff8c8bb8,StopContinuousVRAMData_FW
0xffa85a0c,StopCustomScan_FW
0xffa873e4,StopEVFDrive_FW
0xff85873c,StopISAdjustmentDrive_FW
0xff85873c,StopISDrive_FW
0xff85874c,StopISPanDrive_FW
0xff8ff208,StopLogOut_FW
0xffa8682c,StopStrobeChargeForFA_FW
0xffa4a9dc,StoptDtConfirmMenu_FW
0xff86bfcc,StopWDT_FW
0xff894370,strcat
0xff8943f8,strchr
0xff81d7ec,strcmp
0xff81d814,strcmp_FW
0xff81d7d4,strcpy
0xff81d7d4,strcpy_FW
0xff8947f8,strftime
0xff81d830,strlen
0xff81d830,strlen_FW
0xff8943ac,strncmp
0xff82e210,strncpy
0xff89441c,strrchr
0xff82e448,strtol
0xff82e24c,strtolx
0xffa87304,SwitchOffDisplay_FW
0xffa8733c,SwitchOnDisplay_FW
0xff93aa58,System.Create_FW
0xff93a3c8,System.Delete_FW
0xff93aa58,SystemEventInit_FW
0xff81b6ac,TakeSemaphore
0xff81b6ac,TakeSemaphore_FW
0xff81bbd8,TakeSemaphoreStrictly
0x000b9eb4,task_AdditionAgent
0xff89e1d4,task_AfIntSrvTask
0xff82e528,task_AFTask
0xff844c00,task_ASIF
0xff842f18,task_AudioTsk
0xffa27ce8,task_AviEdit
0xffa24a30,task_AviRead
0xff937cbc,task_AviWrite
0xff841908,task_BeepTask
0xff8ab958,task_BrtMsrTask
0xff829c68,task_Bye
0xff85e2b0,task_CaptSeq
0xff85e2b0,task_CaptSeqTask
0xff8150b4,task_ClockSave
0xff9dbc48,task_CnctEntiRcv
0xff9dbd78,task_CnctEntiSnd
0xff9d24dc,task_CntFlashTask
0xff879208,task_CommonDrivers
0xff81bdd0,task_ConsoleSvr
0xffa2ae98,task_CreateHeaderTask
0xffa8cfa0,task_CtgTotalTask
0xff872584,task_CtrlSrv
0xff92d968,task_CZ
0xff90431c,task_dccdCalcTask
0xff9e9244,task_DCPClassTask
0xff9ea120,task_DcpTrnCtrl
0xff9ea260,task_DcpTrnTrns
0xffa1737c,task_DecJpgRd
0xff8bb890,task_DetectMoveTask
0xff8bd4c0,task_DevelopModule
0xff9dfa4c,task_DirectOpEventQueueMngr
0xff90f9b4,task_DPOFTask
0xff880cb8,task_DSITask
0xff93e424,task_DvlpSeqTask
0xff8bd958,task_EFChargeT
0xffa99fc4,task_EffctDrv
0xff8cb628,task_EntiCtrl
0xffa7cd44,task_EvntExec
0xff86cc6c,task_EvShel
0xff8b6a80,task_ExpDrv
0xff9b999c,task_ExpDrvSubTask
0xff8b6a80,task_ExpDrvTask
0xff880a84,task_FaceFrame
0xff8f5780,task_Fencing
0xff9145cc,task_FileManMarkAllTask
0xffa0e1f8,task_FileScheduleTask
0xffa0f030,task_FileWrite
0xffa0f030,task_FileWriteTask
0xffa1631c,task_FilYuvMaker
0xffa1bab4,task_FocusEvent
0xff9088c0,task_FolderCreateCheckTask
0xff918408,task_FORMAT_TASK_NAME
0xff918308,task_FORMAT_TASK_PROGRESS
0xff834e98,task_FramePosition
0xff84f8fc,task_FsIoNotifyTask
0xff837948,task_ImageSensorTask
0xff927ce4,task_ImgEdt
0xff854e1c,task_ImgPlayDrv
0xff928670,task_ImgTrim
0xff8791d0,task_InitFileModules
0xff933aa4,task_ISComTask
0xff857f04,task_ISMainTask
0xff842c84,task_JogDial
0xff841d58,task_LEDCon
0xff85659c,task_LensController
0xff85710c,task_LensController
0xff81c488,task_LowConsole
0xffa1fd54,task_MechaShutter
0xff909108,task_MetaCtg
0xffa02aac,task_MetaCtgPrsTask
0xff85f6b4,task_MovieCtrlTask
0xff935ef0,task_MoviePlay
0xff85a278,task_MovieRecord
0xffa2076c,task_Nd
0xff8ba8e4,task_OBCtrlTask
0xff86a9b8,task_OpePlay
0xff821adc,task_PhySw
0xff8c9080,task_PrcssFil
0xff8d64d4,task_PreLoadTask
0xff85b960,task_PT_BatTestTask
0xff8d3250,task_PTPSessionTASK
0xff9e8848,task_RAPI_Task
0xff8dd608,task_RapiRevr
0xffa97350,task_ReadFileTask
0xffa10364,task_ReadScheduleTask
0xff855fec,task_RedEyeCapt
0xff92a588,task_RedEyePly
0xff9ddc38,task_ReqRecev
0xff842c84,task_RotaryEncoder
0xff8523bc,task_SD1stInit
0xff9e2fc8,task_SelectThumbCache
0xff9dca60,task_SesnDaem
0xff8cbc0c,task_SesnMngr
0xff940a9c,task_SoundPlay
0xff940100,task_SoundRecord
0xff8c1678,task_SsgMainTask
0xff8c189c,task_SsgPeriodTask
0xff85d524,task_SsStartupTask
0xff86254c,task_SsTask
0xff81cc60,task_Startup
0xff82a4e4,task_StartupImage
0xff8c9c4c,task_SynchTask
0xff8c9bc4,task_SyncPeriod
0xff820914,task_TempCheck
0xff8c4ff8,task_TgTask
0xff845358,task_Thermometer
0xff8cc72c,task_TimerUtility
0xff8dac08,task_TrnsCtrlTask
0xff81ce40,task_UartLog
0xff9410f0,task_WavRead
0xff941ac8,task_WavWrite
0xff8b99c4,task_WBCtrl
0xff899228,task_WBIntegTask
0xff86bdf4,task_WdtPrint
0xff86bea8,task_WdtReset
0xffa21688,task_ZoomEvent
0xff93bc5c,TerminateAdjustmentSystem_FW
0xff84b7cc,Terminatedccd_FW
0xff84b7cc,TerminateDigicon_FW
0xffa8a218,TerminateMechaDevice_FW
0xff9f9f28,TerminateSoundRec_FW
0xff84b324,TerminateTestRec_FW
0xff867224,time
0xff827f64,TryPostMessageQueue
0xff827e4c,TryReceiveMessageQueue
0xff81b658,TryTakeSemaphore
0xff881e30,TurnOffBackLight
0xff83ea6c,TurnOffDisplay
0xffa299d4,TurnOffNdFilter_FW
0xff843b3c,TurnOffVideoOutMode_FW
0xff881e18,TurnOnBackLight
0xff83ea5c,TurnOnDisplay
0xffa299b0,TurnOnNdFilter_FW
0xff843b04,TurnOnVideoOutMode_FW
0xff93bb18,UI.Create_FW
0xff93bb18,UI_RegistDebugEventProc_FW
0xff93aca0,UI_ShowStateOfRecMode_FW
0xff875460,UiEvnt_StartDisguiseCradleStatus_FW
0xff875470,UiEvnt_StopDisguiseCradleStatus_FW
0xff96217c,UIFS_Capture_FW
0xff962284,UIFS_CaptureNoneStop_FW
0xff93ae5c,UIFS_ClosePopupStrobe_FW
0xff93afd4,UIFS_ConnectVideo_FW
0xff88c60c,UIFS_DeleteAllSound_FW
0xff93b004,UIFS_DisconnectVideo_FW
0xff93b124,UIFS_EndClockMode_FW
0xff93b148,UIFS_GetMovieRecoadableNumber_FW
0xff93b190,UIFS_GetStillShotableNumber_FW
0xff93ae8c,UIFS_MountExtFlash_FW
0xff9631f8,UIFS_MoveZoomTo_FW
0xff93ae2c,UIFS_OpenPopupStrobe_FW
0xff93aeec,UIFS_PressTeleButton_FW
0xff93af60,UIFS_PressWideButton_FW
0xff93b03c,UIFS_RestartPostingUIEvent_FW
0xff93b0e4,UIFS_SetCaptureModeToISO3200_FW
0xff93b0a8,UIFS_SetCaptureModeToM_FW
0xff93b0dc,UIFS_SetCaptureModeToMacro_FW
0xff93b040,UIFS_SetCaptureModeToP_FW
0xff93b074,UIFS_SetCaptureModeToTv_FW
0xff93b140,UIFS_SetCradleSetting_FW
0xff93ade0,UIFS_SetDialMovieRec_FW
0xff93ae08,UIFS_SetDialPlay_FW
0xff93ada0,UIFS_SetDialStillRec_FW
0xff93b114,UIFS_StartClockMode_FW
0xff880024,UIFS_StartMovieRecord_FW
0xff88c50c,UIFS_StartRecordSound_FW
0xff880058,UIFS_StopMovieRecord_FW
0xff93b038,UIFS_StopPostingUIEvent_FW
0xff88c54c,UIFS_StopRecordSound_FW
0xff93aebc,UIFS_UnmountExtFlash_FW
0xff93af28,UIFS_UnpressTeleButton_FW
0xff93af9c,UIFS_UnpressWideButton_FW
0xff950de8,UIFS_WriteFirmInfoToFile
0xff950de8,UIFS_WriteFirmInfoToFile_FW
0xff883f08,UndisplayBusyOnScreen
0xff846238,UndisplayFactoryMode_FW
0xff86636c,UnLoadScript_FW
0xff825fb8,UnlockAE
0xff825bdc,UnlockAF
0xff87565c,UnlockMainPower
0xff87565c,UnlockMainPower_FW
0xffa869c8,UnregistColorMatrix_FW
0xff81b4fc,UnregisterInterruptHandler
0xff962c8c,UnsetZoomForMovie
0xff84f340,UpdateMBROnFlash
0xff82072c,VbattGet
0xff82072c,VbattGet_FW
0xffa2c9f8,VerifyByte_FW
0xff81d754,vsprintf
0xff93a3a4,Wait_FW
0xff827a54,WaitForAllEventFlag
0xff81bc88,WaitForAllEventFlagStrictly
0xff8279b0,WaitForAnyEventFlag
0xff81bc5c,WaitForAnyEventFlagStrictly
0xff823e4c,Write
0xff823e4c,Write_FW
0xff847c3c,WRITEADJTABLETOFROM_FW
0xffa89e60,WriteGyroAdjustment_FW
0xffa89e0c,WriteHallDeviceAdjustment_FW
0xffa89e94,WritePWMAdjustment_FW
0xff922a68,WriteSDCard
0xff94288c,WriteToRom_FW
