0xdffcd8c5,_log
0xdffcdc39,_log10
0xdffcdd31,_pow
0xe04f1139,_ToggleBatteryStatus_FW
0xe0536e8b,AbortAEIntegralValue_FW
0xdffca339,AcquireRecursiveLockStrictly
0xe0373ceb,ActivateAdjLog_FW
0xe0583199,ActivateImageDrive_FW
0xe054c16b,ActivateImager_FW
0xe054c1c7,ActivateImagerXOne_FW
0xe02f31db,add_ptp_handler
0xe0560f3f,AdditionAgentRAM_FW
0xe05b01b9,AddTransparentMemory_FW
0xe0583f8f,AdjAEWithAperturePriority_FW
0xe0583f61,AfAEWithAperturePriority_FW
0xe058413d,AfAEWithCompensation_FW
0xe047a18d,AFTool.GetEVal_FW
0xe047a333,AFTool.SetAFLogType_FW
0xe047a337,AFTool.SetDebugAFSequence_FW
0xe047a317,AFTool.StoreAFixPosition_FW
0xe0569bc5,AllocateMemory_FW
0xe046e571,AllocateUncacheableMemory
0xe02a9a87,ApMoniSel_FW
0xe017115f,AprocSigProc_ALC_FW
0xe017117d,AprocSigProc_ALCReset_FW
0xe0171113,AprocSigProc_BgmMix_FW
0xe017116d,AprocSigProc_BGNoise_FW
0xe0171107,AprocSigProc_DCCut_FW
0xe0171101,AprocSigProc_DRange_FW
0xe0171137,AprocSigProc_EQ_FW
0xe017113f,AprocSigProc_FIL1_FW
0xe0171147,AprocSigProc_FIL2_FW
0xe017114f,AprocSigProc_FIL3_FW
0xe0171157,AprocSigProc_FIL4_FW
0xe017111b,AprocSigProc_GainAdj_FW
0xe017110d,AprocSigProc_GainCrct_FW
0xe01710cd,AprocSigProc_InitialSet_FW
0xe0171175,AprocSigProc_LevelMeter_FW
0xe0171165,AprocSigProc_Limiter_FW
0xe018a30d,AprocSigProc_LoadProfileAdj_FW
0xe017118d,AprocSigProc_NCReset_FW
0xe0171123,AprocSigProc_NoiseCut_FW
0xe018a6c5,AprocSigProc_NoiseCutEffect_FW
0xe017105d,AprocSigProc_SetSigProcByMode_FW
0xe017112b,AprocSigProc_Stereo_FW
0xe01711a5,AprocSigProc_TestGen1kHz_FW
0xe01710f9,AprocSigProc_TestGen_FW
0xe0171131,AprocSigProc_WindCut_FW
0xe0171185,AprocSigProc_WindCutReset_FW
0xe04f1961,atol_FW
0xe05377a3,AttachIntegCrawData_FW
0xe05b01d5,AttachToTransparentMemory_FW
0xe04f0f73,BA_IsBatteryChanged_FW
0xe0582569,Bat_Calc_FW
0xe05825d7,Bat_CalcSubCPU_FW
0xe05851f3,Bat_Save_FW
0xe05851e7,Bat_VIN_FW
0xe02a8ea3,BeepDrive_FW
0xe02a8eb7,BeepDriveComp_FW
0xe02a8ecb,BeepDriveStop_FW
0xdffcc545,bzero
0xe04921b7,CalcAccelerometerAtanAngle_FW
0xe05839f7,CalcLog10
0xe0583a23,CalcLog10_FW
0xe058814b,CalcLoopGain_FW
0xe0585201,CalcLowBatteryOffsetValue_FW
0xe0583a99,CalcSqrt
0xe0583ac1,CalcSqrt_FW
0xe0582569,CalculateBatSenseOffset_FW
0xe05825d7,CalculateBatSenseOffsetSubCPU_FW
0xe0587505,CalculateInterpolationByLS_FW
0xe05839e7,CalculateLog2ToApex_FW
0xe05839cf,CalculatePeakFromLeastSquareResult_FW
0xe05874e1,CalculatePeakPosByLS_FW
0xe05839f1,CalculatePow2FromApex_FW
0xe055a2d9,CalculateProtractorATanData_FW
0xe00285ff,CalculateTestRecYUVData_FW
0xe057ed81,CamInfo_Debug_FW
0xe0583e33,CancelAdj_AEMode_FW
0xe0591e0f,CancelAdjCdsMode_FW
0xe0586683,CancelBPFilterForBP_FW
0xe0591b4b,CancelExStrobeMode_FW
0xe0566a7d,CancelFocusLensMaxSpeedLimit_FW
0xe0583055,CancelImageDrive_FW
0xe054c2c1,CancelImager_FW
0xe05882c7,CancelLoopGainCalc_FW
0xe05533a5,Capture.Create_FW
0xe05830f1,CaptureWithParam_FW
0xe0059a91,CecRegDump_FW
0xe058ca71,ChangeAdjImgDrvMode_FW
0xe058ca91,ChangeAEIntegDrvTypeToAdjImgDriveType_FW
0xe054c393,ChangeAutoSlowShutterEnable_FW
0xe05afc5d,ChangeDefectRecParam_FW
0xe05afe2b,ChangeDefectSpecParam_FW
0xe0584fa1,ChangeDistortionSetForLiveImage_FW
0xe0584fbb,ChangeElectronicRollISSetting_FW
0xe058808d,ChangeFilterMode_FW
0xe0566b67,ChangeFocusDistanceToPosition_FW
0xe0566ea9,ChangeFocusLensStopSettingType_FW
0xe0583119,ChangeImageDrive_FW
0xe054c307,ChangeImagerToAlternateDraft_FW
0xe054c373,ChangeImagerToAstroMetamorphose_FW
0xe054c2e7,ChangeImagerToCombiParallel_FW
0xe054c303,ChangeImagerToDigiconMode_FW
0xe054c33f,ChangeImagerToElectraGlide_FW
0xe054c367,ChangeImagerToElectraGlideNepal_FW
0xe054c363,ChangeImagerToEsperRocketH_FW
0xe054c36f,ChangeImagerToEsperRocketHNepal_FW
0xe054c333,ChangeImagerToFalconJump_FW
0xe054c323,ChangeImagerToFantaJungle_FW
0xe054c2ef,ChangeImagerToFocusJet_FW
0xe054c31b,ChangeImagerToHarleyDavidson_FW
0xe054c353,ChangeImagerToHarleyDavidsonNepal_FW
0xe054c34b,ChangeImagerToHarleySunshine_FW
0xe054c36b,ChangeImagerToHarleySunshineNepal_FW
0xe054c33b,ChangeImagerToHealthyVegetable_FW
0xe054c2fb,ChangeImagerToHoneyFlash_FW
0xe054c327,ChangeImagerToHoneyFlashDark_FW
0xe054c35f,ChangeImagerToLasVegasMagic_FW
0xe054c32f,ChangeImagerToLCWideDraft_FW
0xe054c31f,ChangeImagerToMachDashV_FW
0xe054c2f3,ChangeImagerToMangoPudding_FW
0xe054c2ff,ChangeImagerToMillefeAdjust_FW
0xe054c313,ChangeImagerToMontblancMillefe_FW
0xe054c317,ChangeImagerToMontblancMovie_FW
0xe054c30f,ChangeImagerToMontblancWhole_FW
0xe054c303,ChangeImagerToOITA_XAVIER_FW
0xe054c2d7,ChangeImagerToRegularDrive_FW
0xe054c32b,ChangeImagerToRoadKing_FW
0xe054c357,ChangeImagerToRoadKingNepal_FW
0xe054c34f,ChangeImagerToRoadQueen_FW
0xe054c337,ChangeImagerToSpriteSunshine_FW
0xe054c2f7,ChangeImagerToSuperWideDraft_FW
0xe054c35b,ChangeImagerToSuperWideNepal_FW
0xe054c30b,ChangeImagerToUltraGhostQ_FW
0xe054c347,ChangeImagerToVeryFastMangoPudding_FW
0xe054c343,ChangeImagerToVeryFastWideDraft_FW
0xe054c2db,ChangeImagerToWholeParallel_FW
0xe054c2df,ChangeImagerToWholeParallelBP_FW
0xe054c2eb,ChangeImagerToWideDraft_FW
0xe054c2e3,ChangeImagerToWideDraftFinancier_FW
0xe0567133,ChangeIrisSpeed_FW
0xe056900d,ChangeParallelMode_FW
0xe005bce1,ChangePowerState_FW
0xe05880a5,ChangeToISCloseControl_FW
0xe0567edd,ChangeZoomLensMagnificationToPoint_FW
0xe0567ed5,ChangeZoomLensPointToMagnification_FW
0xe0567ecd,ChangeZoomPointToPosition_FW
0xe0591b7f,ChargeStrobe_FW
0xe0591ba1,ChargeStrobeForFA_FW
0xdffc97fb,CheckAllEventFlag
0xdffc97c5,CheckAnyEventFlag
0xe055a399,CheckAvs_FW
0xe055ab51,CheckNFCTagWithCount_FW
0xe0503adb,CheckSumAll_FW
0xe055a387,CheckTPRawLevel_FW
0xe049413f,ClearCzRecordingMovie_FW
0xe05afdb7,ClearDefectTurnTable_FW
0xe003e22f,ClearDUIDFixFlag_FW
0xe003e1db,ClearDurianMode_FW
0xdffc9967,ClearEventFlag
0xe003e2ef,ClearFactoryMasterFlag_FW
0xe003e2fb,ClearFactoryMasterROMProtection_FW
0xe003e1db,ClearFactoryMode_FW
0xe045bf2d,ClearImageDrive_FW
0xe05882bd,ClearISCalcZData_FW
0xe05688c7,ClearISIComponent_FW
0xe0569057,ClearISZData_FW
0xe055c407,ClearNFCOptUnitAssemblyAreaData_FW
0xe055bc21,ClearNFCSystemArea_FW
0xe005e92f,ClearPMByFs_FW
0xe005e921,ClearPMByGpio_FW
0xe055a971,ClearSoundDevForRecEvent_FW
0xe003dcd7,ClearWLANFactoryMode_FW
0xe058d417,ClearZoomCommonDriveParam_FW
0xe058ce87,ClearZoomDriveParam_FW
0xe0373eb7,Close
0xe0451293,close
0xe0373eb7,Close_FW
0xe0525f9b,CloseConsole_FW
0xe03fa829,closedir
0xe0567a2d,CloseMechaShutter_FW
0xe0567a69,CloseMechaShutterWithTiming_FW
0xe0591c63,CloseMShutter_FW
0xe05af23d,Color.TestSceneBlueSky_FW
0xe05af251,Color.TestSceneGreen_FW
0xe05af247,Color.TestSceneSunset_FW
0xe04f2177,ConnectPtpIPService_FW
0xe058ca35,ConvertAdjImgDrvModeToAdjImgDriveType_FW
0xe058ca0b,ConvertAEIntegDrvTypeToAdjImgDriveType_FW
0xe0583a57,ConvertApexStdToApex_FW
0xe0583a3d,ConvertApexToApexStd_FW
0xe0591a4b,ConvertCxCyToWBGain_FW
0xe0591f37,ConvertToPositionWithDistance_FW
0xe0591f23,ConvertToPositionWithDistanceAndZoomPoint_FW
0xe0591629,ConvertTvToExposureTime_FW
0xe0583215,CorrectMvFrMem2MemAfterDefMark_FW
0xe0525e2b,CPrintf_FW
0xe0525e63,CPutChar_FW
0xe0044b2f,CreateAdjustmentTableMirror_FW
0xdffc9fd5,CreateBinarySemaphore
0xdffca245,CreateBinarySemaphoreStrictly
0xe0371491,CreateController_FW
0xdffca023,CreateCountingSemaphore_FW
0xdffca25f,CreateCountingSemaphoreStrictly
0xe0044b37,CreateDefectTableMirror_FW
0xdffca22b,CreateEventFlagStrictly
0xe03738cf,CreateFADBGSingalID_FW
0xe057ad85,CreateJumptable
0xdffc9d1d,CreateMessageQueue
0xdffca211,CreateMessageQueueStrictly
0xe03709d9,CreateProxyOfEventProcedure_FW
0xdffcac09,CreateRecursiveLock
0xdffca279,CreateRecursiveLockStrictly
0xdffc93bb,CreateTask
0xdffc93bb,CreateTask_FW
0xdffca1d1,CreateTaskStrictly
0xe004542b,CreateUserSettingMirror_FW
0xe05af727,CrossDefDetect_FW
0xe037160b,CtrlMan_ChangeZOrder_FW
0xe049413f,CzDebugPrint_FW
0xe049414b,CzDebugPrintToFile_FW
0xe05683ef,DcmTfMeasure_FW
0xe0568471,DcmTfMeasureForSD_FW
0xe05681a3,DcmWowFla_FW
0xe0568227,DcmWowFlaForSD_FW
0xdffc96f5,DebugAssert
0xdffc971b,DebugAssert2
0xe0371517,DeleteController_FW
0xe0370f15,DeleteDirectory_Fut
0xdffc9787,DeleteEventFlag
0xe0370ecb,DeleteFile_Fut
0xdffc9d85,DeleteMessageQueue
0xe0370a11,DeleteProxyOfEventProcedure_FW
0xdffca05d,DeleteSemaphore
0xdffca05d,DeleteSemaphore_FW
0xe0585cb3,DevelopStillPicture_FW
0xe05afe61,DevelopTool.DevelopTest_FW
0xe0504ee1,DeviceUniqueIDCheckSum_FW
0xe04921f1,DisableAcceleLogRead_FW
0xe04921cf,DisableAcceleLogWrite_FW
0xe02e5499,DisableDebugLogMode_FW
0xe0568a6f,DisableDISModeChange_FW
0xe0566ab9,DisableFocusLens_FW
0xe0566b0b,DisableFocusLensSilentMode_FW
0xe056740b,DisableFocusPiCircuit_FW
0xe005bd67,DisableHDMIPower
0xe0583209,DisableHeadDirectCapturePath_FW
0xe049227d,DisableHvUpdate_FW
0xe05670d1,DisableIris_FW
0xe04b3615,DisableIrisActuator_FW
0xe056744f,DisableIrisPiCircuit_FW
0xe0569083,DisableISAutoGyroOffset_FW
0xe0568923,DisableISDriveError
0xe0568923,DisableISDriveError_FW
0xe0567259,DisableLensError_FW
0xe05690a1,DisableMacroIS_FW
0xe05673f7,DisableMechaCircuit_FW
0xe05674b5,DisableResetGpio_FW
0xe02e6669,DisableZoomActuatorSpeedLog_FW
0xe056743b,DisableZoomEncoderCircuit_FW
0xe0567eb1,DisableZoomLensElectricControl_FW
0xe0567c27,DisableZoomLensEncoderPowerControl_FW
0xe0567e99,DisableZoomLensSpeedControl_FW
0xe0567423,DisableZoomPiCircuit_FW
0xe04f217d,DisconnectPtpIPService_FW
0xe043a4d7,DispCon_GetLcdGainAdjParameter_FW
0xe043a379,DispCon_GetNTSCAdjParameter_FW
0xe043a3f3,DispCon_GetPALAdjParameter_FW
0xe043a50b,DispCon_SaveLcdGainAdjParameter_FW
0xe043a36f,DispCon_SaveNTSCAdjParameter_FW
0xe043a3e9,DispCon_SavePALAdjParameter_FW
0xe043a079,DispCon_SetDisplayType_FW
0xe043a4a3,DispCon_SetLcdGainAdjParameter_FW
0xe043a2bb,DispCon_SetMaxBackLightBrightness_FW
0xe043a3b1,DispCon_SetNTSCAdjParameter_FW
0xe043a42b,DispCon_SetPALAdjParameter_FW
0xe043a51f,DispCon_SetSSCGParameter_FW
0xe0439fbf,DispCon_ShowBitmapColorBar_FW
0xe0439faf,DispCon_ShowBlackChart_FW
0xe0439e51,DispCon_ShowColorBar_FW
0xe043a08d,DispCon_ShowColorChart_FW
0xe0439ff9,DispCon_ShowCustomColorBar_FW
0xe0439eb1,DispCon_ShowFiveStep_FW
0xe043a5c1,DispCon_ShowHdChart_FW
0xe043a501,DispCon_ShowLcdGainAdjParameter_FW
0xe043a1f1,DispCon_ShowNStepsChart_FW
0xe043a3a5,DispCon_ShowNTSCAdjParameter_FW
0xe043a41f,DispCon_ShowPALAdjParameter_FW
0xe0439f7d,DispCon_ShowWhiteChart_FW
0xe043a09f,DispCon_ShowWhiteLine_FW
0xe0439e2b,DispCon_ShowYuvData_FW
0xe043a2b7,DispCon_TurnOffBackLight_FW
0xe043a2ed,DispCon_TurnOffBackLightForCheckVoltage_FW
0xe043a2a9,DispCon_TurnOffDisplay_FW
0xe043a2b3,DispCon_TurnOnBackLight_FW
0xe043a2bf,DispCon_TurnOnBackLightForCheckVoltage_FW
0xe043a29f,DispCon_TurnOnDisplay_FW
0xe0552f79,DispDev.Create_FW
0xe0551f29,DispDev_EnableEventProc
0xe0551f29,DispDev_EnableEventProc_FW
0xe003d9fb,DisplayFactoryMode_FW
0xe037668d,DispSwCon_TurnOffDisplay_FW
0xe0298e1d,DoAELock
0xe02989e7,DoAFLock
0xe05831f9,DoMemToMemDarkSubtraction_FW
0xe0552039,Driver.Create_FW
0xe0552039,Driver_EnableEventProc_FW
0xdffcc598,dry_memcpy
0xe004c8d9,drysh_FW
0xe003dd3d,DummyUSBConnection_FW
0xe05524c5,Dump32_FW
0xe05524bb,Dump_FW
0xe00445f5,DumpAdjMirror_FW
0xe05b0195,DumpTransparentMemoryItem_FW
0xe040c2c9,E2LatOn_FW
0xe0550da5,Edet.Create_FW
0xe0550d91,Edet.Delete_FW
0xe056536b,EdidDump_FW
0xe0565369,EdidView_FW
0xe0562955,EF.AdjPreFlash_FW
0xe0562941,EF.FlashForColorTempEvaluation_FW
0xe056292b,EF.FlashWithoutSync_FW
0xe056b655,EF.GetAdjustPreSvOffset_FW
0xe0562891,EF.GetEFModAddPixelGain_FW
0xe056b659,EF.GetEFModExamDriveType_FW
0xe0562889,EF.GetEFY2_FW
0xe0562821,EF.GetEFY_FW
0xe053b423,EF.IsChargeFull_FW
0xe056b665,EF.IsIrisTypeKosaiShibori_FW
0xe056298b,EF.SetChargeMode_FW
0xe0562813,EF.SetChargeOnTime_FW
0xe0562805,EF.SetEFChargeTimeOut_FW
0xe0562945,EF.SetMainFlashTime_FW
0xe05627c1,EF.StartEFCharge_FW
0xe05628d1,EF.StartInternalMainFlash_FW
0xe05628a3,EF.StartInternalPreFlash_FW
0xe05627fb,EF.StopEFCharge_FW
0xe05534a7,EFUSE_ReadData_FW
0xe04921e7,EnableAcceleLogRead_FW
0xe04921c5,EnableAcceleLogWrite_FW
0xe02e548f,EnableDebugLogMode_FW
0xe0568a79,EnableDISModeChange_FW
0xe0566a87,EnableFocusLens_FW
0xe0566aef,EnableFocusLensSilentMode_FW
0xe0567401,EnableFocusPiCircuit_FW
0xe005bd31,EnableHDMIPower
0xe0583207,EnableHeadDirectCapturePath_FW
0xe0492273,EnableHvUpdate_FW
0xe05670b7,EnableIris_FW
0xe04b35fb,EnableIrisActuator_FW
0xe0567445,EnableIrisPiCircuit_FW
0xe0569079,EnableISAutoGyroOffset_FW
0xe0568919,EnableISDriveError_FW
0xe056724f,EnableLensError_FW
0xe0569097,EnableMacroIS_FW
0xe05673ed,EnableMechaCircuit_FW
0xe05674a7,EnableResetGpio_FW
0xe02e665f,EnableZoomActuatorSpeedLog_FW
0xe0567431,EnableZoomEncoderCircuit_FW
0xe0567ea5,EnableZoomLensElectricControl_FW
0xe0567c1d,EnableZoomLensEncoderPowerControl_FW
0xe0567e8d,EnableZoomLensSpeedControl_FW
0xe0567419,EnableZoomPiCircuit_FW
0xe0550e23,EngApp.Create_FW
0xe0553419,EngApp.CreatePub_FW
0xe0550de5,EngApp.Delete_FW
0xe05affe7,EngDrvBits_FW
0xe05affd1,EngDrvIn_FW
0xe05affb1,EngDrvOut_FW
0xe05affd7,EngDrvRead_FW
0xe05b0011,EngDrvReadDump_FW
0xe05533dd,EngineDriver.Create_FW
0xe0306f1d,EpilogFile_FW
0xe0306f63,EpilogMenu_FW
0xe0306df1,EpilogShow_FW
0xe00445cb,EraseAdjustmentArea_FW
0xe005aa37,EraseLogSector_FW
0xe0420389,EraseRom_FW
0xe055202d,EraseSignature_FW
0xe05661c9,EscapeFocusLens_FW
0xe0569bf3,exec_FW
0xe055a38d,ExecuteAvs_FW
0xe00280cb,Executedccd_FW
0xe05afc69,ExecuteDefectRec_FW
0xe05afc95,ExecuteDefectRecAndSaveImage_FW
0xe05afd21,ExecuteDefectRecAndSaveImageWithGrade_FW
0xe05afcef,ExecuteDefectRecWithGrade_FW
0xe0027bbb,ExecuteDigicon_FW
0xe03703e3,ExecuteEventProcedure
0xe0370429,ExecuteEventProcedure_FW
0xe0394a1d,ExecuteInitFactorySetting_FW
0xe0591be3,ExecuteInternalPreFlash_FW
0xe045d8a9,ExecuteShutDownPropertyService_FW
0xe0028571,ExecuteSubCameraTestRec_FW
0xe0028565,ExecuteTestRec_FW
0xe0028575,ExecuteTestRecCF_FW
0xe0028635,ExecuteTestRecDevelopProcess_FW
0xe0028575,ExecuteTestRecSD_FW
0xe00285bd,ExecuteTestRecSw1_FW
0xe00285af,ExecuteTestRecWithInteg_FW
0xdffc95af,ExitTask
0xdffc95af,ExitTask_FW
0xe00562d5,ExMem.AllocCacheable_FW
0xe00561d9,ExMem.AllocUncacheable_FW
0xe005632b,ExMem.FreeCacheable_FW
0xe005628f,ExMem.FreeUncacheable_FW
0xe0055d71,ExMem.View_FW
0xe005629b,exmem_alloc
0xe00562dd,exmem_free
0xe004edb7,ExMem_FW
0xe0503cff,ExpCtrlTool.SetExpMode_FW
0xe0503d31,ExpCtrlTool.SoundDevTest_FW
0xe03709d3,ExportToEventProcedure_FW
0xe0552f5f,FA.Create_FW
0xe0552f53,FA.Delete_FW
0xe058587f,FactoryPowerOffWithTimer_FW
0xe05858fb,FactoryResetWithShutdownTimer_FW
0xe0373945,FADBGPrintf_FW
0xe03738d7,FADBGSingal_FW
0xe03739ff,FAPrintf_FW
0xe0370f77,Fclose_Fut
0xe0370f77,Fclose_Fut_FW
0xe037105b,Fgets_Fut
0xe0464269,File.ClearExifInfo_FW
0xe0464923,File.Create_FW
0xe0464337,File.Delete_AllImg_FW
0xe046437b,File.SetSACustomEffect_FW
0xe0583dc1,FixAEWithCompensation_FW
0xe05688a5,FixISStatus_FW
0xe03ece73,FmtMenu_ExecuteQuickFormat_FW
0xe0583d4d,FocusAEWithCompensation_FW
0xe0566c71,FocusLensStopQuickly_FW
0xe0370f4f,Fopen_Fut
0xe0370f4f,Fopen_Fut_FW
0xe049413f,ForceCzRecordingMovie_FW
0xe0370feb,Fread_Fut
0xe0370feb,Fread_Fut_FW
0xe0475173,free
0xe0569bbf,FreeMemory_FW
0xe046e59d,FreeUncacheableMemory
0xe037108d,Fseek_Fut
0xe037108d,Fseek_Fut_FW
0xe0371023,Fwrite_Fut
0xe0371023,Fwrite_Fut_FW
0xe0036f2d,get_canon_mode_list
0xe0368075,get_current_exp
0xe04fd789,get_current_nd_value
0xe0374bcf,get_fstype
0xe04fd7af,get_nd_value
0xe02f082b,get_playrec_mode
0xe0257423,GetAcceleHvPosition_FW
0xe0492195,GetAccelerometerDataWithCorrect_FW
0xe055a2e5,GetAccelerometerTemperature_FW
0xe05693e5,GetAccelX_atMechaCpu_FW
0xe056941b,GetAccelX_Raw_atMechaCpu_FW
0xe05693f7,GetAccelY_atMechaCpu_FW
0xe056942d,GetAccelY_Raw_atMechaCpu_FW
0xe0569409,GetAccelZ_atMechaCpu_FW
0xe056943f,GetAccelZ_Raw_atMechaCpu_FW
0xe04d970f,GetAdChValue
0xe04d970f,GetAdChValue_FW
0xe055a295,GetAdjAcceleration_FW
0xe055a2e9,GetAdjAccelerationDataWithCorrect_FW
0xe0586935,GetAdjAFInteg_FW
0xe00453db,GetAdjDataAreaAddress_FW
0xe00453df,GetAdjDurianFlagSize_FW
0xe055a2d5,GetAdjProtractorAngle_FW
0xe0044631,GetAdjTableMapVersion_FW
0xe004463b,GetAdjTableValueVersion_FW
0xe004460f,GetAdjTableVersion_FW
0xe00453c5,GetAdjustmentOffset_FW
0xe04d9709,GetAdVBattBottom_FW
0xe0537507,GetAEIntegralServiceMode_FW
0xe053730b,GetAEIntegralValueWithFix_FW
0xe0537501,GetAEIntegValueBit_FW
0xe053715d,GetAEIntegWinData_FW
0xe0537169,GetAEIntegWinDataWithMode_FW
0xe05373af,GetAllAEIntegralAllValueWithFix_FW
0xe0492067,GetAoriAccelerationData_FW
0xe02573f5,GetAoriAngle_FW
0xe005b5e1,GetBatteryCoverClose_FW
0xe04012d5,GetBatteryMilliTemperature_FW
0xe04011cd,GetBatteryTemperature
0xe04011cd,GetBatteryTemperature_FW
0xe055ac5b,GetBatteryVoltage_FW
0xe0503a15,GetBuildDate_FW
0xe0503a21,GetBuildTime_FW
0xe055a60d,GetCameraInformationData_FW
0xe0401275,GetCCDMilliTemperature_FW
0xe0401177,GetCCDTemperature
0xe0401177,GetCCDTemperature_FW
0xe0591d07,GetCdsGainValue_FW
0xe0591d9b,GetCdsPreGainReg_FW
0xe0525e79,GetCh_FW
0xe0503bc9,GetChipVersion_FW
0xe0584f55,GetContinuousMovieJpegVRAMData_FW
0xe0584961,GetContinuousVRAMData_FW
0xe0584e8d,GetContinuousVRAMDataWithRingBuffer_FW
0xe05378c3,GetCrawDataAddr_FW
0xe0583125,GetCrwImageInfo_FW
0xe05831f3,GetCrwInfoData_FW
0xe058c9e5,GetCurrentAdjImgDriveType_FW
0xe0560093,GetCurrentAvCoefficient_FW
0xe0062bad,GetCurrentAvValue
0xe0062bad,GetCurrentAvValue_FW
0xe037dbed,GetCurrentCaptureModeType_FW
0xe055a5cf,GetCurrentCcdTemp_FW
0xe0591dab,GetCurrentDriveBaseSvValue_FW
0xe00723bb,GetCurrentExposureTime_FW
0xe0372c45,GetCurrentFocusLensPosition_FW
0xe0372c45,GetCurrentFocusPosition_FW
0xe058c9f1,GetCurrentImgDrvMode_FW
0xe0062d23,GetCurrentIrisPosition_FW
0xe0373d17,GetCurrentMaximumLogSize_FW
0xe055a5e7,GetCurrentOptTemp_FW
0xe00720a9,GetCurrentShutterSpeed
0xe00720a9,GetCurrentShutterSpeed_FW
0xe0372bf5,GetCurrentTargetDistance_FW
0xe058ccf1,GetCurrentZoomLensDirection_FW
0xe005fb75,GetCurrentZoomLensPoint_FW
0xe005fb09,GetCurrentZoomLensPosition_FW
0xe005fb75,GetCurrentZoomPoint_FW
0xe005fb09,GetCurrentZoomPosition_FW
0xe05660e1,GetCZFramingAssistAutoHighSpeed_FW
0xe05660e5,GetCZFramingAssistAutoLowSpeed_FW
0xe05660dd,GetCZFramingAssistStillSpeed_FW
0xe05660d3,GetCZMovieDefaultSpeed_FW
0xe05660c7,GetCZMovieHighSpeed_FW
0xe05660cb,GetCZMovieLowSpeed_FW
0xe05660cf,GetCZStillDefaultSpeed_FW
0xe05660bf,GetCZStillHighSpeed_FW
0xe05660c3,GetCZStillLowSpeed_FW
0xe047a301,GetDarkFixedFocusPosition_FW
0xe055243d,GetDateAndTime_FW
0xe0585437,GetDay_FW
0xe002818b,GetdccdFilterValue_FW
0xe0028127,GetdccdImage_FW
0xe005e84d,GetDcmSpeedLog_FW
0xe0044fdb,GetDCPAdjOffset_FW
0xe05af95f,GetDefectAllResultData_FW
0xe05af90d,GetDefectCrawInfo_FW
0xe05afe3b,GetDefectErrorInfo_FW
0xe05afa17,GetDefectHistgramInfo_FW
0xe05af991,GetDefectPartResultData_FW
0xe05afa9d,GetDefectRecParamForCorrelationTest_FW
0xe05afdc1,GetDefectTurnTableParam_FW
0xe05afa3b,GetDefectTvAdj_FW
0xe005b5d9,GetDialEventId_FW
0xe049632b,GetDISModeParameter_FW
0xe0568a5b,GetDISModeParamType_FW
0xe0568e77,GetDisSupportStatus_FW
0xe0374c35,GetDrive_ClusterSize
0xe0375149,GetDrive_FreeClusters
0xe04b2501,GetDriverInfoEvent_FW
0xe0585833,GetEFUSEData_FW
0xe055a3fd,GetEFuseData_FW
0xdffc9997,GetEventFlagValue
0xe0591b37,GetExStrobeID_FW
0xe011c02f,GetFaceAuthBinAddr_FW
0xe011c033,GetFaceAuthBinSize_FW
0xe0503a2d,GetFirmwareVersion_FW
0xe04963ff,GetFixedPWMOutA_FW
0xe0496405,GetFixedPWMOutB_FW
0xe0373061,GetFocusDefaultResetPosition_FW
0xe0372f63,GetFocusLensAvCoefficient_FW
0xe0566cc1,GetFocusLensCarrierFrequency_FW
0xe052626b,GetFocusLensCurrentPosition_FW
0xe052626f,GetFocusLensCurrentPositionWithMotor_FW
0xe0526273,GetFocusLensDriveVoltage_FW
0xe034000f,GetFocusLensFinalStopSettingTime_FW
0xe05262df,GetFocusLensGainSlope_FW
0xe05262b1,GetFocusLensHoldVoltage_FW
0xe056617b,GetFocusLensIrisCoefficient_FW
0xe0566b6d,GetFocusLensLoadCamTable_FW
0xe0566b51,GetFocusLensLoadSubjectDistance_FW
0xe0566c0d,GetFocusLensMoveMaxPosition_FW
0xe0566c1d,GetFocusLensMoveMinPosition_FW
0xe0566c31,GetFocusLensMoveRangeOfTelePoint_FW
0xe0566b4d,GetFocusLensPositionRatio_FW
0xe03729a1,GetFocusLensPullInMaxSpeed_FW
0xe04080a1,GetFocusLensResetDefaultPosition_FW
0xe0408095,GetFocusLensResetPosition_FW
0xe048f94b,GetFocusLensResetVoltage_FW
0xe0372bf5,GetFocusLensSubjectDistance
0xe0566b37,GetFocusLensSubjectDistance_FW
0xe0566b49,GetFocusLensSubjectDistanceNumber_FW
0xe006503d,GetFocusPiSensorLevel_FW
0xe0373007,GetFocusResetPosition_FW
0xe005c9fd,GetFocusStartZoomPosition_FW
0xe059171b,GetFrameRateWithApex_FW
0xe058558f,GetFromCountOfRom_FW
0xe04960af,GetGyro10BitDACPitch_FW
0xe056952b,GetGyro10BitDACRoll_FW
0xe04960b7,GetGyro10BitDACYaw_FW
0xe049605b,GetGyroDataPitch_FW
0xe0569509,GetGyroDataRoll_FW
0xe0496071,GetGyroDataYaw_FW
0xe0568f77,GetGyroFilterCharge_FW
0xe05881db,GetGyroFilterChargeStatus_FW
0xe04960bf,GetGyroHPFINOffsetPitch_FW
0xe056954d,GetGyroHPFINOffsetRoll_FW
0xe04960c9,GetGyroHPFINOffsetYaw_FW
0xe04960d3,GetGyroHPFINPitch_FW
0xe0569561,GetGyroHPFINRoll_FW
0xe04960db,GetGyroHPFINYaw_FW
0xe058544d,GetHour_FW
0xe0492acb,GetInputAverageLevel_FW
0xe0503a77,GetInternalFirmwareVersion_FW
0xe0062bad,GetIrisAv_FW
0xe056719d,GetIrisAvHysteresisOfPosition_FW
0xe0062d23,GetIrisCurrentPosition_FW
0xe050f8b9,GetIrisDriveVoltage_FW
0xe050f8c1,GetIrisDriveVoltageLow_FW
0xe050f8e9,GetIrisHoldVoltage_FW
0xe006506d,GetIrisPiSensorLevel_FW
0xe0062f6b,GetIrisPRResetPosition_FW
0xe050f8d9,GetIrisSettingWaitVoltage_FW
0xe006de71,GetIrisSpecClosePosition_FW
0xe006de65,GetIrisSpecOpenPosition_FW
0xe0568e7b,GetISCenterDrivebyAxisType_FW
0xe0568a9f,GetISCenterShiftA_FW
0xe0568ab1,GetISCenterShiftB_FW
0xe05689db,GetISCrossTalkComp_FW
0xe05881ff,GetISCrossTalkCompCoeff_FW
0xe05687ad,GetISDriveAaxis_FW
0xe05687c1,GetISDriveBaxis_FW
0xe0568f8b,GetISFirmVersion_FW
0xe05880eb,GetISGyro10BitDACPitch_FW
0xe05880ef,GetISGyro10BitDACYaw_FW
0xe05880db,GetISGyroData_FW
0xe05880d3,GetISGyroDataPitch_FW
0xe05880d7,GetISGyroDataYaw_FW
0xe0568ec7,GetISGyroGainAaxis_FW
0xe0568edb,GetISGyroGainBaxis_FW
0xe0568eef,GetISGyroGainbyAxisType_FW
0xe05880f7,GetISGyroHPFINOffsetPitch_FW
0xe05880fb,GetISGyroHPFINOffsetYaw_FW
0xe05880df,GetISGyroHPFINPitch_FW
0xe05880e3,GetISGyroHPFINYaw_FW
0xe05880f3,GetISGyroOffset10BitDACData_FW
0xe05880ff,GetISGyroOffsetHPFINData_FW
0xe05882ab,GetISGyroPitchGain_FW
0xe05882b1,GetISGyroYawGain_FW
0xe0568939,GetISHallAmpFirstGain_FW
0xe058827b,GetISHallDevicePitchGain_FW
0xe0588269,GetISHallDevicePitchOffset_FW
0xe0588281,GetISHallDeviceYawGain_FW
0xe058826f,GetISHallDeviceYawOffset_FW
0xe0568855,GetISHallGainAaxis_FW
0xe0568869,GetISHallGainBaxis_FW
0xe056887d,GetISHallGainbyAxisType_FW
0xe05687fd,GetISHallOffsetAaxis_FW
0xe0568811,GetISHallOffsetBaxis_FW
0xe0568825,GetISHallOffsetbyAxisType_FW
0xe0568841,GetISHallOffsetDacBitNum_FW
0xe05882e5,GetISHallOffsetDAConvertValue_FW
0xe0588043,GetISHallOffsetDACValue_FW
0xe05688d1,GetISHallOut1Amp_FW
0xe05688eb,GetISHallOut2Amp_FW
0xe05880e7,GetISHPFINGyroData_FW
0xe0588033,GetISLens1stHallAmpValue_FW
0xe0588053,GetISLensCorrectedEViAaxis_FW
0xe0588059,GetISLensCorrectedEViBaxis_FW
0xe058805f,GetISLensDampAaxis_FW
0xe0588063,GetISLensDampBaxis_FW
0xe0588299,GetISLensDriveValue_FW
0xe0588047,GetISLensEViAaxis_FW
0xe058804d,GetISLensEViBaxis_FW
0xe05882b7,GetISLensGyroGain_FW
0xe0588287,GetISLensHallGain_FW
0xe0588275,GetISLensHallOffset_FW
0xe05882a7,GetISLensPositionValue_FW
0xe0568fbf,GetISParamVersion_FW
0xe058828d,GetISPitchPWM_FW
0xe05687d5,GetISPositionAaxis_FW
0xe05687e9,GetISPositionBaxis_FW
0xe0568d91,GetISPWMCompGainA1_FW
0xe0568da3,GetISPWMCompGainA2_FW
0xe0568db5,GetISPWMCompGainB1_FW
0xe0568dc7,GetISPWMCompGainB2_FW
0xe0568b4b,GetISPWMDutyCompAaxis_FW
0xe0568b65,GetISPWMDutyCompBaxis_FW
0xe0495cbd,GetISPWMFreqData_FW
0xe0495cbd,GetISPWMFrequency_FW
0xe0495cc1,GetISPWMPeriod_FW
0xe058829f,GetISShiftLensPitchPosition_FW
0xe05882a3,GetISShiftLensYawPosition_FW
0xe0588293,GetISYawPWM_FW
0xe004e73b,GetKbdState
0xe05857e5,GetLastVBatADLevel_FW
0xe0402367,GetLatestHVPosition_FW
0xe005b5dd,GetLcdPosition_FW
0xe04b36c3,GetLensErrorStatus_FW
0xe0373ce3,GetLogData_FW
0xe0373ce7,GetLogDataOnlyAddMemory_FW
0xe037a7f3,GetLogicalEventName_FW
0xe005aa15,GetLogToFile_FW
0xe05881bf,GetLoopGain_FW
0xe05689bb,GetLoopGainAdjValue_FW
0xe0568973,GetLoopGainCalcData_FW
0xe0588189,GetLoopGainCalcData_FW
0xe0569029,GetLPFParallelBest_FW
0xe0583225,GetLvMagWindowInfo_FW
0xe0569137,GetMacroISAngleAndVelocityA_FW
0xe0569159,GetMacroISAngleAndVelocityB_FW
0xe058822d,GetMacroISEstimateRadius_FW
0xe0588231,GetMacroISEstimateVelocity_FW
0xe05690c9,GetMacroISEstimRadiusA_FW
0xe05690db,GetMacroISEstimRadiusB_FW
0xe0588217,GetMacroISGain_FW
0xe05690f7,GetMacroISGainA_FW
0xe0569109,GetMacroISGainB_FW
0xe028dd2b,GetMacroSupportZoomPoint_FW
0xe0551cb9,GetMechaAdjParamData_FW
0xe005ca05,GetMechaCondition_FW
0xe0568fa5,GetMechaDSPVersion_FW
0xe0567aa1,GetMechaShutterCloseDacSetting_FW
0xe006aa35,GetMechaShutterMoveTime_FW
0xe0567acd,GetMechaShutterOpenDacSetting_FW
0xe006aa53,GetMechaShutterStatus_FW
0xe0006ff1,GetMemInfo
0xe0585463,GetMinute_FW
0xe055a9fd,GetModeDialName_FW
0xe055a98b,GetModeDialState_FW
0xe058541f,GetMonth_FW
0xe0568e63,GetMoveEdgeWaitTime_FW
0xe040be05,GetMovieJpegVRAMHPixelsSize_FW
0xe040be0f,GetMovieJpegVRAMVPixelsSize_FW
0xe0591cb7,GetMShutterDacValue_FW
0xe0591cc3,GetMShutterStatus_FW
0xe048b4d7,GetNdMoveTime_FW
0xe055abc7,GetNFCOptUnitAssemblyAreaData_FW
0xe055aad3,GetNFCSystemAreaData_FW
0xe055ab29,GetNFCUserAreaData_FW
0xdffc9f75,GetNumberOfPostedMessages
0xe0591d5b,GetObClampValue_FW
0xe053742d,GetOnlyAEIntegData_FW
0xe0401335,GetOpticalMilliTemperature_FW
0xe0401223,GetOpticalTemperature
0xe0401223,GetOpticalTemperature_FW
0xe02725cf,GetParameterData
0xe0584e2f,GetPixelsOfViewangle_FW
0xe005b5e9,GetPopupOpen_FW
0xe00453c9,GetProductID_FW
0xe036af69,GetPropertyCase
0xe05523e7,GetPropertyCase_FW
0xe058317f,GetRawBufferAdd_FW
0xe0420425,GetRomID_FW
0xe049218d,GetScalar_Acceleration_FW
0xe005b5c1,GetSDDetect_FW
0xe005b5c7,GetSDProtect_FW
0xe0585479,GetSecond_FW
0xe037165b,GetSelfControllerHandle_FW
0xe0591da7,GetSensorPreGain_FW
0xe05916dd,GetShutterSpeedRegularMaxLimit_FW
0xe05916ef,GetShutterSpeedRegularMinLimit_FW
0xe025737d,GetSlantAngle_FW
0xe049203b,GetSlantData_FW
0xe0568e41,GetSlowWaitTime_FW
0xe0525ea9,GetStringWithPrompt_FW
0xe05848b9,GetSumYOfVRAMCenterLine_FW
0xe005b569,GetSwitchStatus_FW
0xe0569be7,GetSystemTime
0xe0569be7,GetSystemTime_FW
0xe00285f7,GetTestRecCrawAddress_FW
0xe0552021,GetTimeFromRTC_FW
0xdffca573,GetTimeOfSystem_FW
0xe055a633,GetTotalShootCount_FW
0xe05b020f,GetTransparentMemory_FW
0xe05b022f,GetTransparentMemoryPosition_FW
0xe05b0203,GetTransparentMemorySize_FW
0xe0061f87,GetUsableAvRange
0xe0560021,GetUsableMaxAv
0xe0560021,GetUsableMaxAv_FW
0xe056000f,GetUsableMinAv
0xe056000f,GetUsableMinAv_FW
0xe05916d1,GetUserSetShutterSPeed_FW
0xe04912c5,GetVBatVoltage_FW
0xe05841df,GetVideoOutType_FW
0xe040bdf5,GetVRAMHPixelsSize
0xe040bdf5,GetVRAMHPixelsSize_FW
0xe040bdfd,GetVRAMVPixelsSize
0xe040bdfd,GetVRAMVPixelsSize_FW
0xe05afe0f,GetWaitTemperatureDriveType_FW
0xe0568e1f,GetWaitTime_FW
0xe055a5af,GetWLANEepromNum_FW
0xe055a533,GetWLANMACAddress_FW
0xe02571d7,GetX_AxisAcceleration_FW
0xe02571cb,GetY_AxisAcceleration_FW
0xe0585403,GetYear_FW
0xe02571bf,GetZ_AxisAcceleration_FW
0xe02e66ab,GetZoomActuatorCurrentPosition_FW
0xe02e6653,GetZoomActuatorSpeedPPS_FW
0xe006fb7d,GetZoomAmpereLimitOffTime_FW
0xe058d397,GetZoomDefaultCommonDriveParam_FW
0xe058d2e7,GetZoomDefaultDriveParam_FW
0xe00604f1,GetZoomDrivingTime_FW
0xe005fb75,GetZoomLensCurrentPoint
0xe005fb75,GetZoomLensCurrentPoint_FW
0xe005fb09,GetZoomLensCurrentPosition
0xe005fb09,GetZoomLensCurrentPosition_FW
0xe0567e45,GetZoomLensDriveAmpereDac_FW
0xe04d26f9,GetZoomLensDriveResetAmpereDac_FW
0xe00604ed,GetZoomLensMechaEdgePosition_FW
0xe0060511,GetZoomLensMinimumSpeedMoveLimitTime_FW
0xe058cb63,GetZoomLensResetPlus_FW
0xe005ff63,GetZoomLensTelePoint_FW
0xe058d35d,GetZoomNormalDriveParam_FW
0xe04d27bd,GetZoomPiChangePosition_FW
0xe04d2631,GetZoomPiDefaultPosition_FW
0xe006500d,GetZoomPiSensorLevel_FW
0xe058d323,GetZoomResetDriveParam_FW
0xe04d2645,GetZoomResetSensorLevel_FW
0xe0567e6d,GetZoomResetWidePosition_FW
0xe0567e7d,GetZoomSinkPosition_FW
0xe005ff63,GetZoomTelePoint_FW
0xdffca149,GiveSemaphore
0xdffca149,GiveSemaphore_FW
0xdffc6807,givesemaphore_low
0xe01d7ab9,GUISrv_StartGUISystem_FW
0xe054369d,handle_PTP_OC_0x902f
0xe0534da5,handle_PTP_OC_0x9038
0xe0534e33,handle_PTP_OC_0x9039
0xe0534ec5,handle_PTP_OC_0x903a
0xe0534f33,handle_PTP_OC_0x903b
0xe0534f5b,handle_PTP_OC_0x904b
0xe0534929,handle_PTP_OC_0x904c
0xe053de9d,handle_PTP_OC_0x9050
0xe053d839,handle_PTP_OC_0x9051
0xe053de0d,handle_PTP_OC_0x9052
0xe053dd83,handle_PTP_OC_0x9053
0xe053dccf,handle_PTP_OC_0x9057
0xe053db55,handle_PTP_OC_0x9058
0xe053daab,handle_PTP_OC_0x9059
0xe053d9bd,handle_PTP_OC_0x905a
0xe053d8e1,handle_PTP_OC_0x905b
0xe053de9d,handle_PTP_OC_0x905c
0xe053d839,handle_PTP_OC_0x905d
0xe05356df,handle_PTP_OC_0x9060
0xe0535739,handle_PTP_OC_0x9062
0xe05439a7,handle_PTP_OC_0x906e
0xe053d3e3,handle_PTP_OC_0x9801
0xe053d149,handle_PTP_OC_0x9802
0xe053cfb7,handle_PTP_OC_0x9803
0xe053cf05,handle_PTP_OC_0x9804
0xe053cb4f,handle_PTP_OC_0x9805
0xe0543759,handle_PTP_OC_CANON_ChangeUSBProtocol
0xe051a277,handle_PTP_OC_CANON_CheckEvent
0xe054d2c9,handle_PTP_OC_CANON_EOS_AfCancel
0xe0541dd5,handle_PTP_OC_CANON_EOS_CancelTransfer
0xe0541637,handle_PTP_OC_CANON_EOS_DeleteObject
0xe054d1e5,handle_PTP_OC_CANON_EOS_DoAf
0xe0541f05,handle_PTP_OC_CANON_EOS_EndGetPartialObjectEx
0xe054169d,handle_PTP_OC_CANON_EOS_FormatStore
0xe053f135,handle_PTP_OC_CANON_EOS_GetCameraSupport
0xe0541fc1,handle_PTP_OC_CANON_EOS_GetCTGInfo
0xe0515be3,handle_PTP_OC_CANON_EOS_GetEvent
0xe054154f,handle_PTP_OC_CANON_EOS_GetObjectInfo
0xe054198b,handle_PTP_OC_CANON_EOS_GetObjectInfoEx
0xe05417c5,handle_PTP_OC_CANON_EOS_GetPartialObject
0xe0541e07,handle_PTP_OC_CANON_EOS_GetPartialObjectEx
0xe0541271,handle_PTP_OC_CANON_EOS_GetStorageIDs
0xe054130b,handle_PTP_OC_CANON_EOS_GetStorageInfo
0xe0541b59,handle_PTP_OC_CANON_EOS_GetThumbEx
0xe054ceef,handle_PTP_OC_CANON_EOS_GetViewFinderData
0xe055cba9,handle_PTP_OC_CANON_EOS_KeepDeviceOn
0xe0542261,handle_PTP_OC_CANON_EOS_NotifyEstimateNumberofImport
0xe05424e1,handle_PTP_OC_CANON_EOS_NotifyFinish
0xe05422ab,handle_PTP_OC_CANON_EOS_NotifyNumberofImported
0xe0542315,handle_PTP_OC_CANON_EOS_NotifySizeOfPartialDataTransfer
0xe053f105,handle_PTP_OC_CANON_EOS_PCHDDCapacity
0xe054ccb9,handle_PTP_OC_CANON_EOS_RemoteReleaseOff
0xe054cbc3,handle_PTP_OC_CANON_EOS_RemoteReleaseOn
0xe054ca81,handle_PTP_OC_CANON_EOS_RequestDevicePropValue
0xe05426df,handle_PTP_OC_CANON_EOS_RequestInnerDevelopEnd
0xe0542589,handle_PTP_OC_CANON_EOS_RequestInnerDevelopStart
0xe055cb7b,handle_PTP_OC_CANON_EOS_ResetUILock
0xe054c995,handle_PTP_OC_CANON_EOS_SetDevicePropValueEx
0xe055cabd,handle_PTP_OC_CANON_EOS_SetEventMode
0xe0541d2d,handle_PTP_OC_CANON_EOS_SetObjectAttributes
0xe05421f7,handle_PTP_OC_CANON_EOS_SetRating
0xe054cb55,handle_PTP_OC_CANON_EOS_SetRemoteMode
0xe055cbd7,handle_PTP_OC_CANON_EOS_SetRequestOLCInfoGroup
0xe055cb4b,handle_PTP_OC_CANON_EOS_SetUILock
0xe054d221,handle_PTP_OC_CANON_EOS_TouchAfPosition
0xe0541da1,handle_PTP_OC_CANON_EOS_TransferComplete
0xe0542751,handle_PTP_OC_CANON_GetGpsMobilelinkObjectInfo
0xe053463f,handle_PTP_OC_CANON_GetObjectAttributes
0xe0534b15,handle_PTP_OC_CANON_GetObjectHandleByName
0xe0535229,handle_PTP_OC_CANON_GetObjectInfoEx
0xe05344a1,handle_PTP_OC_CANON_GetPartialObjectEx
0xe0534325,handle_PTP_OC_CANON_GetPartialObjectInfo
0xe05438f1,handle_PTP_OC_CANON_GetRootCertificateData
0xe0543889,handle_PTP_OC_CANON_GetRootCertificateSpec
0xe0542941,handle_PTP_OC_CANON_GetTranscodeApproxSize
0xe0542b0d,handle_PTP_OC_CANON_RequestTranscodeCancel
0xe05429e9,handle_PTP_OC_CANON_RequestTranscodeStart
0xe05428a7,handle_PTP_OC_CANON_SendGpsTagInfo
0xe053540b,handle_PTP_OC_CANON_SendObjectByPath
0xe05346f7,handle_PTP_OC_CANON_SendObjectInfoByPath
0xe0535583,handle_PTP_OC_CANON_SendPartialObject
0xe053469b,handle_PTP_OC_CANON_SetObjectArchive
0xe0534bcb,handle_PTP_OC_CANON_SetObjectTime
0xe0543a6f,handle_PTP_OC_CANON_SetRootCertificateData
0xe0530035,handle_PTP_OC_CloseSession
0xe0534c15,handle_PTP_OC_DeleteObject
0xe0534d0f,handle_PTP_OC_FormatStore
0xe053013d,handle_PTP_OC_GetDeviceInfo
0xe02ee515,handle_PTP_OC_GetDevicePropDesc
0xe02ee443,handle_PTP_OC_GetDevicePropValue
0xe0535023,handle_PTP_OC_GetNumObjects
0xe0533f95,handle_PTP_OC_GetObject
0xe05350d9,handle_PTP_OC_GetObjectHandles
0xe053429b,handle_PTP_OC_GetObjectInfo
0xe053411d,handle_PTP_OC_GetPartialObject
0xe05338ff,handle_PTP_OC_GetStorageIDs
0xe0533999,handle_PTP_OC_GetStorageInfo
0xe053408b,handle_PTP_OC_GetThumb
0xe053009b,handle_PTP_OC_OpenSession
0xe02ee203,handle_PTP_OC_ResetDevicePropValue
0xe053540b,handle_PTP_OC_SendObject
0xe05346f7,handle_PTP_OC_SendObjectInfo
0xe02ee355,handle_PTP_OC_SetDevicePropValue
0xe0534233,handle_PTP_OC_SetObjectProtection
0xe005a133,HardwareDefect_FW
0xe0565365,HdmiAudioSampleFreq_FW
0xe0565307,HdmiChange5VShortState_FW
0xe0059a1f,HdmiRegDump_FW
0xe0565305,HdmiSetOutputResolusion_FW
0xe03e38cd,HdmiViewParameter_FW
0xe056530d,HecHdmiCecPhysicalCheckForScript_FW
0xe0587ea5,HitISLensAgainstBottomEdge_FW
0xe0587eb1,HitISLensAgainstLeftEdge_FW
0xe0587ebd,HitISLensAgainstRightEdge_FW
0xe0587e99,HitISLensAgainstTopEdge_FW
0xe0587ec9,HitISLensToMechaEdge_FW
0xe0588099,HitISMechaEdgeInOpenControl_FW
0xe045be0d,imager_active_callback
0xe045bea3,ImagerActivate
0xe0074fb3,IMX183OBClamp.DisableEvent_FW
0xe0074fa9,IMX183OBClamp.EnableEvent_FW
0xe0074fd5,IMX183OBClamp.SetChOffK_FW
0xe0074fbb,IMX183OBClamp.SetDeltaGainThresh_FW
0xe0074fc5,IMX183OBClamp.SetKidsThresh_FW
0xe0373cf9,InactivateAdjLog_FW
0xe0552f3d,InitializeAdjustmentFunction_FW
0xe0552efd,InitializeAdjustmentSystem_FW
0xe02a7725,InitializeAudio_FW
0xe0027ae3,Initializedccd_FW
0xe05afd7f,InitializeDefectRec_FW
0xe0027ae3,InitializeDigicon_FW
0xe05b0729,InitializeFAExtendFile_FW
0xe05b0713,InitializeFAGeneralTest_FW
0xe057acc1,InitializeMechaDevice_FW
0xe0565f43,InitializeMechaUnitExeTest_FW
0xe055aa4b,InitializeNFCAdjustment_FW
0xe0536669,InitializePTPIPTransportResponder_FW
0xe055a92d,InitializeSoundDevForRecEvent_FW
0xe05b04d3,InitializeSoundRec_FW
0xe00272f3,InitializeTestRec_FW
0xe0038a55,InitializeWLAN_FW
0xe056948b,ISActive_FW
0xe0591e1f,IsAdjCdsMode_FW
0xe05686fd,ISAutoCenter_FW
0xe05660d7,IsAvailableCZSpeed_FW
0xe0401449,IsBatteryTemperature_FW
0xe04013f5,IsCCDTemperature_FW
0xe0568727,ISChangeOPENtoCLOSE_FW
0xe0371c9d,IsControlEventActive_FW
0xe0568fe5,ISControlStart_FW
0xe0568fef,ISControlStop_FW
0xe003e38f,IsDUIDFixFlag_FW
0xe058428b,IsEVFDrive_FW
0xe0584569,IsEvfDriveMode_FW
0xe0591b3f,IsExStrobeChargeComp_FW
0xe003dad1,IsFAConnectUSB_FW
0xe003e33d,IsFactoryMode_FW
0xe003dacb,IsFAWLANRunning_FW
0xe0568ae7,ISFixedPWMOFF_FW
0xe0568adb,ISFixedPWMON_FW
0xe0372fe9,IsFocusLensOutSidePosition_FW
0xe005b5e5,IsHvSensorExist_FW
0xe04956d1,ISInitMotion_FW
0xe005c9e3,IsLensOutside_FW
0xe0373d11,IsLogOutType_FW
0xe0568905,ISMDStart_FW
0xe056890f,ISMDStop_FW
0xe0569477,ISMemoryWrite_FW
0xe003e327,IsMountLens_FW
0xe0568719,ISMoveToMechaEdgeOPEN_FW
0xe003e3bd,IsNormalCameraMode_FW
0xe011c039,IsOKFaceAuthBinFile_FW
0xe04013d1,IsOpticalTemperature_FW
0xe0568ff9,ISPanModeStart_FW
0xe0569003,ISPanModeStop_FW
0xe005aa2b,IsRomLogAvailable_FW
0xe055aa0b,IsSDDetect_FW
0xe053b423,IsStrobeChargeCompleted
0xe03fbedd,IsUnitFirmMode_FW
0xe02e6073,IsZoomActuatorResetSensorPlusSide_FW
0xe0060269,IsZoomLensOutSidePosition_FW
0xe0536eaf,j_AbortAEIntegralValue_FW
0xe0551f7d,j_BeepDrive_FW
0xe0551f81,j_BeepDriveComp_FW
0xe0551f85,j_BeepDriveStop_FW
0xe056536d,j_CecRegDump_FW
0xe05831ef,j_ClearImageDrive_FW
0xe055abfb,j_ClearNFCOptUnitAssemblyAreaData_FW
0xe055aa53,j_ClearNFCSystemArea_FW
0xe03fa935,j_closedir
0xe0044cb9,j_CreateUserSettingMirror_FW
0xe054c38f,j_E2LatOn_FW
0xe0562897,j_EF.GetAdjustPreSvOffset_FW
0xe056289b,j_EF.GetEFModExamDriveType_FW
0xe0562951,j_EF.IsChargeFull_FW
0xe056289f,j_EF.IsIrisTypeKosaiShibori_FW
0xe0552505,j_exec_FW
0xe002867b,j_Executedccd_FW
0xe0028677,j_ExecuteDigicon_FW
0xe0394a41,j_ExecuteShutDownPropertyService_FW
0xe004edaf,j_ExMem.AllocCacheable_FW
0xe004eda7,j_ExMem.AllocUncacheable_FW
0xe004edb3,j_ExMem.FreeCacheable_FW
0xe004edab,j_ExMem.FreeUncacheable_FW
0xe004eda3,j_ExMem.View_FW
0xe037e5d9,j_free
0xe04192ef,j_get_current_nd_value
0xe049228b,j_GetAcceleHvPosition_FW
0xe0551f79,j_GetAdChValue_FW
0xe004462f,j_GetAdjTableVersion_FW
0xe0551f75,j_GetAdVBattBottom_FW
0xe0537167,j_GetAEIntegWinData_FW
0xe055a2ed,j_GetAoriAccelerationData_FW
0xe049228f,j_GetAoriAngle_FW
0xe0552015,j_GetBatteryCoverClose_FW
0xe040148b,j_GetBatteryMilliTemperature_FW
0xe0401485,j_GetBatteryTemperature_FW
0xe055ac6f,j_GetBatteryVoltage_FW
0xe055a631,j_GetCameraInformationData_FW
0xe0401489,j_GetCCDMilliTemperature_FW
0xe0401483,j_GetCCDTemperature_FW
0xe0591d67,j_GetCdsGainValue_FW
0xe0591d9f,j_GetCdsPreGainReg_FW
0xe05600a3,j_GetCurrentAvCoefficient_FW
0xe055fe8f,j_GetCurrentAvValue_FW
0xe055a5e5,j_GetCurrentCcdTemp_FW
0xe0591dbf,j_GetCurrentDriveBaseSvValue_FW
0xe059163d,j_GetCurrentExposureTime_FW
0xe0591f9b,j_GetCurrentFocusLensPosition_FW
0xe0591f9b,j_GetCurrentFocusPosition_FW
0xe0560037,j_GetCurrentIrisPosition_FW
0xe055a60b,j_GetCurrentOptTemp_FW
0xe0591649,j_GetCurrentShutterSpeed_FW
0xe0591f5d,j_GetCurrentTargetDistance_FW
0xe058cd05,j_GetCurrentZoomLensDirection_FW
0xe058cced,j_GetCurrentZoomLensPoint_FW
0xe058cce5,j_GetCurrentZoomLensPosition_FW
0xe058cced,j_GetCurrentZoomPoint_FW
0xe058cce5,j_GetCurrentZoomPosition_FW
0xe002867f,j_GetdccdFilterValue_FW
0xe002867d,j_GetdccdImage_FW
0xe0585823,j_GetDCPAdjOffset_FW
0xe055200d,j_GetDialEventId_FW
0xe05881e9,j_GetDISModeParameter_FW
0xe055201d,j_GetDriverInfoEvent_FW
0xe058583f,j_GetEFUSEData_FW
0xe040c4e7,j_GetFaceAuthBinAddr_FW
0xe040c4eb,j_GetFaceAuthBinSize_FW
0xe0568b0f,j_GetFixedPWMOutA_FW
0xe0568b13,j_GetFixedPWMOutB_FW
0xe0591f4d,j_GetFocusDefaultResetPosition_FW
0xe0566e41,j_GetFocusLensAvCoefficient_FW
0xe0566b27,j_GetFocusLensCurrentPosition_FW
0xe0566b2b,j_GetFocusLensCurrentPositionWithMotor_FW
0xe0566b91,j_GetFocusLensDriveVoltage_FW
0xe0566eb5,j_GetFocusLensFinalStopSettingTime_FW
0xe0566be5,j_GetFocusLensGainSlope_FW
0xe0566bb9,j_GetFocusLensHoldVoltage_FW
0xe0566c2d,j_GetFocusLensPullInMaxSpeed_FW
0xe0566b33,j_GetFocusLensResetDefaultPosition_FW
0xe0566b2f,j_GetFocusLensResetPosition_FW
0xe0566be1,j_GetFocusLensResetVoltage_FW
0xe0567415,j_GetFocusPiSensorLevel_FW
0xe0591f55,j_GetFocusResetPosition_FW
0xe056724b,j_GetFocusStartZoomPosition_FW
0xe0568f2f,j_GetGyro10BitDACPitch_FW
0xe0568f33,j_GetGyro10BitDACYaw_FW
0xe0568f0b,j_GetGyroDataPitch_FW
0xe0568f0f,j_GetGyroDataYaw_FW
0xe0568f53,j_GetGyroHPFINOffsetPitch_FW
0xe0568f57,j_GetGyroHPFINOffsetYaw_FW
0xe0568f5b,j_GetGyroHPFINPitch_FW
0xe0568f5f,j_GetGyroHPFINYaw_FW
0xe0567043,j_GetIrisAv_FW
0xe0567047,j_GetIrisCurrentPosition_FW
0xe05670f3,j_GetIrisDriveVoltage_FW
0xe0567103,j_GetIrisDriveVoltageLow_FW
0xe0567123,j_GetIrisHoldVoltage_FW
0xe0567459,j_GetIrisPiSensorLevel_FW
0xe05600a9,j_GetIrisPRResetPosition_FW
0xe0567113,j_GetIrisSettingWaitVoltage_FW
0xe05670ef,j_GetIrisSpecClosePosition_FW
0xe05670eb,j_GetIrisSpecOpenPosition_FW
0xe05882f7,j_GetISPWMFreqData_FW
0xe0568b2f,j_GetISPWMFrequency_FW
0xe0568b33,j_GetISPWMPeriod_FW
0xe004ed23,j_GetKbdState
0xe05857eb,j_GetLastVBatADLevel_FW
0xe0552011,j_GetLcdPosition_FW
0xe0567247,j_GetLensErrorStatus_FW
0xe047a2ed,j_GetMacroSupportZoomPoint_FW
0xe05672cd,j_GetMechaCondition_FW
0xe0567afb,j_GetMechaShutterMoveTime_FW
0xe0567af7,j_GetMechaShutterStatus_FW
0xe0584ee9,j_GetMovieJpegVRAMHPixelsSize_FW
0xe0584ef1,j_GetMovieJpegVRAMVPixelsSize_FW
0xe0591cc7,j_GetMShutterStatus_FW
0xe0567bf1,j_GetNdMoveTime_FW
0xe0401487,j_GetOpticalMilliTemperature_FW
0xe0401481,j_GetOpticalTemperature_FW
0xe0552035,j_GetPopupOpen_FW
0xe0551ffb,j_GetSDDetect_FW
0xe0551fff,j_GetSDProtect_FW
0xe05916ed,j_GetShutterSpeedRegularMaxLimit_FW
0xe05916ff,j_GetShutterSpeedRegularMinLimit_FW
0xe0492287,j_GetSlantAngle_FW
0xe04921c3,j_GetSlantData_FW
0xe0551fed,j_GetSwitchStatus_FW
0xe055a6b9,j_GetTotalShootCount_FW
0xe055ff0d,j_GetUsableAvRange
0xe0560031,j_GetUsableMaxAv_FW
0xe056001f,j_GetUsableMinAv_FW
0xe05857ed,j_GetVBatVoltage_FW
0xe0584251,j_GetVideoOutType_FW
0xe05848fd,j_GetVRAMHPixelsSize_FW
0xe0584905,j_GetVRAMVPixelsSize_FW
0xe0492181,j_GetX_AxisAcceleration_FW
0xe0492185,j_GetY_AxisAcceleration_FW
0xe0492189,j_GetZ_AxisAcceleration_FW
0xe02e6659,j_GetZoomActuatorCurrentPosition_FW
0xe0567ef3,j_GetZoomAmpereLimitOffTime_FW
0xe058cdbf,j_GetZoomDrivingTime_FW
0xe0567ebd,j_GetZoomLensCurrentPoint_FW
0xe0567ec1,j_GetZoomLensCurrentPosition_FW
0xe0567e5b,j_GetZoomLensDriveResetAmpereDac_FW
0xe0567ec9,j_GetZoomLensMechaEdgePosition_FW
0xe0567f03,j_GetZoomLensMinimumSpeedMoveLimitTime_FW
0xe058d437,j_GetZoomLensResetPlus_FW
0xe0567ec5,j_GetZoomLensTelePoint_FW
0xe058d751,j_GetZoomPiChangePosition_FW
0xe058d74d,j_GetZoomPiDefaultPosition_FW
0xe056742d,j_GetZoomPiSensorLevel_FW
0xe058cd8d,j_GetZoomResetSensorLevel_FW
0xe058cd85,j_GetZoomTelePoint_FW
0xe0565371,j_HdmiRegDump_FW
0xe0551f8d,j_InitializeAudio_FW
0xe002866f,j_Initializedccd_FW
0xe002866f,j_InitializeDigicon_FW
0xe0551bb9,j_InitializeMechaUnitExeTest_FW
0xe05b0519,j_InitializeSoundRec_FW
0xe002855d,j_InitializeTestRec_FW
0xe055a405,j_InitializeWLAN_FW
0xe0401491,j_IsBatteryTemperature_FW
0xe040148f,j_IsCCDTemperature_FW
0xe05842a3,j_IsEVFDrive_FW
0xe05922c5,j_IsFocusLensOutSidePosition_FW
0xe0552019,j_IsHvSensorExist_FW
0xe0567243,j_IsLensOutside_FW
0xe040c4ef,j_IsOKFaceAuthBinFile_FW
0xe040148d,j_IsOpticalTemperature_FW
0xe055aa45,j_IsSDDetect_FW
0xe0551bc1,j_IsUnitFirmMode_FW
0xe02e665d,j_IsZoomActuatorResetSensorPlusSide_FW
0xe058d0eb,j_IsZoomLensOutSidePosition_FW
0xe055a51b,j_LeaveWLANNetwork_FW
0xe056fe19,j_LiveImageTool.GetDzoomPosition_FW
0xe0505143,j_LoadDUIDCheckSum_FW
0xe0585759,j_LoadFactoryNumber_FW
0xe05857e3,j_LoadSerialNumber_FW
0xdffca9c9,j_LocalTime
0xe037e5d5,j_malloc
0xe05524af,j_MemoryChecker_FW
0xe05524ab,j_MonSelEvent_FW
0xe004ed9f,j_NewTaskShell_FW
0xe0056b3f,j_OpLog.WriteToROM_FW
0xe05524f3,j_Peek16_FW
0xe05524ef,j_Peek32_FW
0xe05524f7,j_Peek8_FW
0xe05524a7,j_Printf_FW
0xe0376cd3,j_PTM_AllReset_FW
0xe0377603,j_PTM_BackupUIProperty_FW
0xe0376d71,j_PTM_GetWorkingCaptureMode_FW
0xe03775e3,j_PTM_IsEnableItem_FW
0xe03775cb,j_PTM_NextItem_FW
0xe03775cf,j_PTM_PrevItem_FW
0xe03775b3,j_PTM_SetCurrentItem_FW
0xe004ed49,j_PutsCameraLogEvent_FW
0xe0374047,j_Read_FW
0xe035fde7,j_Rec2PB
0xe0583b95,j_RegistColorMatrix_FW
0xe05858c7,j_RegistFirmVer_FW
0xe0591cbf,j_ReloadMechaShutterAdjustment_FW
0xe055aa85,j_ResetNFCSystemArea_FW
0xe05524b7,j_SDump_FW
0xe0371a91,j_set_control_event
0xe0551f89,j_SetStereoSeparation_FW
0xe004ed3d,j_ShowCameraLog_FW
0xe004ed41,j_ShowCameraLogInfo_FW
0xe02a9497,j_SoundDevClearPath_FW
0xe02a949d,j_SoundDevSetZoomNCProfile_FW
0xe02a9499,j_SoundDevZoomNCEffective_FW
0xe0552e77,j_SS.GetDigitalZoomPosition_FW
0xe004ed39,j_StartCameraLog_FW
0xe055acbf,j_StartDisplayHDMIForFAMode_FW
0xe0568715,j_StartISLocalAutoCenter_FW
0xe0568711,j_StartISLocalHallAdjust_FW
0xe05375b1,j_StopAEIntegralService_FW
0xe004ed45,j_StopCameraLog_FW
0xe055acc1,j_StopDisplayHDMIForFAMode_FW
0xe037a0ad,j_strcmp_FW
0xdffca9cb,j_strftime
0xe0028673,j_Terminatedccd_FW
0xe0028673,j_TerminateDigicon_FW
0xe0551bbd,j_TerminateMechaUnitExeTest_FW
0xe05b051b,j_TerminateSoundRec_FW
0xe0028561,j_TerminateTestRec_FW
0xe055a409,j_TerminateWLAN_FW
0xe048a84b,j_TouchPanelStartPolling_FW
0xe048a84f,j_TouchPanelStopPolling_FW
0xe01082d9,j_TurnOffDisplay
0xe04da383,j_UIFS_CancelStoreLensTimer_FW
0xe04da0fb,j_UIFS_Capture_FW
0xe04da0ff,j_UIFS_CaptureNoneStop_FW
0xe04da125,j_UIFS_GetMovieRecoadableNumber_FW
0xe04da377,j_UIFS_GetNumberOfDisplayedImage_FW
0xe04da0c9,j_UIFS_GetNumOfOptZoomPos_FW
0xe04da129,j_UIFS_GetStillShotableNumber_FW
0xe04da2df,j_UIFS_IsAvailableShots_FW
0xe04da0c1,j_UIFS_MoveZoomTo_FW
0xe04da37b,j_UIFS_PlayTrimExecuteAllImageSize_FW
0xe04da325,j_UIFS_StartMoviePlay_FW
0xe04da103,j_UIFS_StartMovieRecord_FW
0xe04da107,j_UIFS_StopMovieRecord_FW
0xe04da37f,j_UIFS_WirelessExecuteSendForever_FW
0xe04da121,j_UIFS_WriteFirmInfoToFile_FW
0xe0583b9f,j_UnregistColorMatrix_FW
0xe0370a4d,j_UnRegisterEventProcTable
0xe0551f91,j_VbattGet_FW
0xe05524b3,j_VerifyByte_FW
0xe037404b,j_Write_FW
0xe0044d3d,j_WRITEADJTABLETOFROM_FW
0xe055ac3d,j_WriteNFCSystemAreaForOptUnitAssembly_FW
0xe055aa65,j_WriteNFCUserArea_FW
0xe055a425,JoinWLANNetwork_FW
0xe005b62b,kbd_p1_f
0xe005b633,kbd_p1_f_cont
0xe005b079,kbd_p2_f
0xe005b5f5,kbd_read_keys
0xe004e617,kbd_read_keys_r2
0xe02b2919,LcdCon_GetLcdAdjParameter_FW
0xe010778d,LcdCon_GetLcdBackLightParameter_FW
0xe02b2a3d,LcdCon_GetLcdParameter_FW
0xe02b296d,LcdCon_SaveLcdAdjParameter_FW
0xe01077db,LcdCon_SaveLcdBackLightParameter_FW
0xe02b2a95,LcdCon_SaveLcdParameter_FW
0xe02b28af,LcdCon_SetLcdAdjParameter_FW
0xe0107753,LcdCon_SetLcdBackLightBrightness_FW
0xe0107757,LcdCon_SetLcdBackLightParameter_FW
0xe02b2881,LcdCon_SetLcdDriver_FW
0xe02b297f,LcdCon_SetLcdParameter_FW
0xe02b2949,LcdCon_ShowLcdAdjParameter_FW
0xe01077b7,LcdCon_ShowLcdBackLightParameter_FW
0xe02b2a6f,LcdCon_ShowLcdParameter_FW
0xe049eb61,LCDMsg_ChangeColor_FW
0xe049ecad,LCDMsg_Create_FW
0xe049ebe3,LCDMsg_Delete_FW
0xe049ea8f,LCDMsg_Move_FW
0xe049eb1b,LCDMsg_MoveRatio_FW
0xe049e8ad,LCDMsg_SetDrawMode_FW
0xe049e9c5,LCDMsg_SetNum_FW
0xe049e90b,LCDMsg_SetStr_FW
0xe049ea47,LCDMsg_SwDisp_FW
0xe049efc7,LCDRect_ChangeColor_FW
0xe049f1a9,LCDRect_Create_FW
0xe049f245,LCDRect_Delete_FW
0xe049ed79,LCDRect_Move_FW
0xe049ede1,LCDRect_MoveRatio_FW
0xe049ee91,LCDRect_Resize_FW
0xe049eef9,LCDRect_ResizeRatio_FW
0xe049f06b,LCDRect_SwDisp_FW
0xe0038af3,LeaveWLANNetwork_FW
0xe0551f95,LEDDrive
0xe0551f95,LEDDrive_FW
0xe056fdf7,LiveImageTool.ChangeDzoom_FW
0xe056fe2b,LiveImageTool.Dister_FW
0xe056fdc1,LiveImageTool.DzoomTele_FW
0xe056fdd3,LiveImageTool.DzoomWide_FW
0xe040bca7,LiveImageTool.GetDzoomPosition_FW
0xe056fe1d,LiveImageTool.Jump_FW
0xe056fdef,LiveImageTool.Pause_FW
0xe056fdf3,LiveImageTool.Resume_FW
0xe056fd33,LiveImageTool.StartEVF_FW
0xe056fd39,LiveImageTool.StartEVFFocusJet_FW
0xe056fd3f,LiveImageTool.StartEVFMF_FW
0xe056fd53,LiveImageTool.StartEVFMovFULLHD30P_FW
0xe056fd61,LiveImageTool.StartEVFMovFULLHD60P_FW
0xe056fd45,LiveImageTool.StartEVFMovFULLHD_FW
0xe056fd7d,LiveImageTool.StartEVFMovHD60P_FW
0xe056fd6f,LiveImageTool.StartEVFMovHD_FW
0xe056fd8b,LiveImageTool.StartEVFMovQVGA_FW
0xe056fd97,LiveImageTool.StartEVFMovQVGA_HS_FW
0xe056fd9b,LiveImageTool.StartEVFMovVGA_FW
0xe056fda9,LiveImageTool.StartEVFMovVGA_HS_FW
0xe056fde5,LiveImageTool.StopDzoom_FW
0xe056fdb7,LiveImageTool.StopEVF_FW
0xe0492215,LoadAcceleParamFromFile_FW
0xe00446a1,LoadAdjustmentTable_FW
0xe0044983,LoadAdjustmentValue_FW
0xe055a401,LoadAvsAdjData_FW
0xe0504e5b,LoadDataFromAdjTableBin_FW
0xe00446a7,LoadDefectAdjTable_FW
0xe0505133,LoadDUID_FW
0xe050510f,LoadDUIDCheckSum_FW
0xe0505157,LoadFactoryAdjData_FW
0xe0505181,LoadFactoryIDData_FW
0xe05856cb,LoadFactoryNumber_FW
0xe050516f,LoadHistoryAdjData_FW
0xe0504db9,LoadParamDataFromAdjTableBin_FW
0xe0401e45,LoadScript_FW
0xe058575b,LoadSerialNumber_FW
0xdffca8bb,LocalTime
0xe0565367,LockHdmiState_FW
0xe04d05fb,LockMainPower
0xe04d05fb,LockMainPower_FW
0xe036b641,LogCameraEvent
0xe0374089,lseek
0xe0374089,Lseek_FW
0xe00841ff,Ltkids.IsChangeParamTest_FW
0xe04a01a3,Ltkids.SetCapRtsThrough_FW
0xe04a0187,Ltkids.SetCapThrough_FW
0xe04a01bf,Ltkids.SetEventFlg_FW
0xe04a01dd,Ltkids.SetIsoSpeed_FW
0xe04a01b1,Ltkids.SetLiveRtsThrough_FW
0xe04a0195,Ltkids.SetLiveThrough_FW
0xe0569d4d,MakeBootDisk_FW
0xe05afd97,MakeDefectTurnTable_FW
0xe037422f,MakeDirectory_Fut
0xe0569d59,MakeScriptDisk_FW
0xe047513b,malloc
0xe037e5dd,malloc_strictly
0xe05afa35,MarkPointDefData_FW
0xe0551c0f,Mecha.Create_FW
0xe0569451,MechaCPUMemoryDump_FW
0xe0569463,MechaCPUMemoryWrite_FW
0xe0551c6b,MechaReset_FW
0xe0551c73,MechaTerminate_FW
0xe0551bc5,MechaUnRegisterEventProcedure_FW
0xe03bf171,memcmp
0xe03bf171,memcmp_FW
0xe03bf519,memcpy
0xe03bf519,memcpy_FW
0xe0569835,MemoryChecker_FW
0xe04ac7e1,memset
0xdffcc549,memset32
0xe04ac7e1,memset_FW
0xe0561061,memShow_FW
0xe05af501,MergeAndConvertDefect_FW
0xe05af7bf,MixPixDetect_FW
0xe01d7c5d,mktime_ext
0xe055242d,mod_FW
0xe0567557,MonSelCamifFunction_FW
0xe0567601,MonSelCamifFunctionPlus_FW
0xe0567765,MonSelCdomainFunction_FW
0xe0567801,MonSelClkgenFunction_FW
0xe0569c2f,MonSelEvent_FW
0xe05678ab,MonSelPiassFunction_FW
0xe0567909,MonSelPiassFunctionPlus_FW
0xe05674c1,MonSelToCamif_FW
0xe0567711,MonSelToCdomain_FW
0xe056776f,MonSelToClkgen_FW
0xe0567815,MonSelToPiass_FW
0xe058d1e1,MoveComputerZoomToPoint_FW
0xe058d207,MoveComputerZoomToPointWithSpeed_FW
0xe03715af,MoveControllerToTopOfZOrder_FW
0xe049413b,MoveCzPeakPositon_FW
0xe0566019,MoveCZToPoint_FW
0xe056607f,MoveCZToPointByOVF_FW
0xe056605f,MoveCZToTele_FW
0xe056603f,MoveCZToWide_FW
0xe005ea09,MoveDCMotorCCW_FW
0xe005e939,MoveDCMotorCW_FW
0xe0566749,MoveFocusActuator_FW
0xe0592197,MoveFocusDistance_FW
0xe0566cf9,MoveFocusLensChangeCarrierFrequency_FW
0xe0592197,MoveFocusLensToDistance
0xe0592197,MoveFocusLensToDistance_FW
0xe05920f3,MoveFocusLensToPosition_FW
0xe059204f,MoveFocusLensToPositionWithMaxSpeed_FW
0xe0592077,MoveFocusLensToPositionWithSpeed_FW
0xe0566219,MoveFocusLensToTerminate_FW
0xe0591fbf,MoveFocusLensToTerminatePosition_FW
0xe0566255,MoveFocusLensToTerminateWithKeepExciting_FW
0xe0566635,MoveFocusLensTowardPosition_FW
0xe0566291,MoveFocusLensWithDistance_FW
0xe05663f7,MoveFocusLensWithFinalPosition_FW
0xe0566545,MoveFocusLensWithFinalPositionWithNonStepOutWithoutBacklash_FW
0xe05665bd,MoveFocusLensWithFinalPositionWithoutBacklash_FW
0xe0566307,MoveFocusLensWithPosition_FW
0xe0566477,MoveFocusLensWithPositionImmediateReturn_FW
0xe05666b7,MoveFocusLensWithPositionWithCompBacklash_FW
0xe056637f,MoveFocusLensWithPositionWithNonStepOut_FW
0xe05664b7,MoveFocusLensWithPositionWithoutBacklash_FW
0xe059211f,MoveFocusPosition_FW
0xe0591fbf,MoveFocusToTerminate_FW
0xe055ff33,MoveIrisFullClose_FW
0xe055ff11,MoveIrisFullOpen_FW
0xe055ff99,MoveIrisMechaPositionWithBacklash_FW
0xe055ffbf,MoveIrisMechaPositionWithoutBacklash_FW
0xe055fe61,MoveIrisToAv_FW
0xe055ffe5,MoveIrisToAvWithoutBacklash_FW
0xe0567025,MoveIrisToFullClose_FW
0xe0567007,MoveIrisToFullOpen_FW
0xe0566fc7,MoveIrisToPositionWithBacklash_FW
0xe056706d,MoveIrisToPositionWithoutBacklash_FW
0xe0566f5f,MoveIrisToStandbyPosition_FW
0xe0566fe9,MoveIrisToTerminatePosition_FW
0xe0566f7d,MoveIrisWithAv
0xe0566f7d,MoveIrisWithAv_FW
0xe056714d,MoveIrisWithAvAndAvSpeed_FW
0xe0567175,MoveIrisWithAvAndAvSpeedWithoutBacklash_FW
0xe0566f9f,MoveIrisWithAvAndSpeed_FW
0xe056708f,MoveIrisWithAvAndSpeedWithoutBacklash_FW
0xe056704b,MoveIrisWithAvWithoutBacklash_FW
0xe055ff77,MoveIrisWithTerminatePosition_FW
0xe0587eed,MoveISLensToBottomLimitPosition_FW
0xe05882db,MoveISLensToCentralPosition_FW
0xe0587ee1,MoveISLensToLeftLimitPosition_FW
0xe0587f05,MoveISLensToLimitPosition_FW
0xe0587ed5,MoveISLensToRightLimitPosition_FW
0xe0587ef9,MoveISLensToTopLimitPosition_FW
0xe05671e5,MoveLensToFirstPoint_FW
0xe056721b,MoveLensToTerminatePoint_FW
0xe02e661d,MoveZoomActuator_FW
0xe0567ddf,MoveZoomLensToMechaEdge_FW
0xe058d49d,MoveZoomLensToMechaEnd_FW
0xe058d1bb,MoveZoomLensToPoint_FW
0xe058d195,MoveZoomLensToPosition_FW
0xe058d6b7,MoveZoomLensToPositionByManual_FW
0xe0567db1,MoveZoomLensToTerminatePosition_FW
0xe0567d09,MoveZoomLensWithPoint
0xe0567d09,MoveZoomLensWithPoint_FW
0xe0567d3b,MoveZoomLensWithPointImmediateReturn_FW
0xe0567d6b,MoveZoomLensWithPosition_FW
0xe0567f47,MoveZoomLensWithPositionAndSpeedChange_FW
0xe0567d9d,MoveZoomLensWithPositionStart_FW
0xe058d1bb,MoveZoomPoint_FW
0xe058d195,MoveZoomPosition_FW
0xe01ce28b,MovieAF.Resume_FW
0xe01ce281,MovieAF.Suspend_FW
0xe04f1825,NewTaskShell_FW
0xe0527e6d,NFCEvt.Create_FW
0xe0527e09,NFCEvt.IsNfcStart_FW
0xe058825f,NotifyISMacroDistance_FW
0xe05b078d,NR_SetDoubleNRType_FW
0xe005efad,NRTBL.SetDarkSubType_FW
0xe005efbf,NRTBL.SetDefectCorrectType_FW
0xe005efd1,NRTBL.SetTassenType_FW
0xe0551fe3,OffPrintPhySw_FW
0xe05917dd,OneShotWhigeBalance_FW
0xe05917dd,OneTypeWhiteBalance_FW
0xe0551fd9,OnPrintPhySw_FW
0xe0373e7b,Open
0xe0451221,open
0xe0373e7b,Open_FW
0xe0525ee7,OpenConsole_FW
0xe03fa861,OpenFastDir
0xe0374097,OpenForScrip_FW
0xe0567a4b,OpenMechaShutter_FW
0xe0591c89,OpenMShutter_FW
0xe004ed4d,OpLog.Create_FW
0xe005726b,OpLog.Get_FW
0xe0057281,OpLog.GetUsrSet_FW
0xe00572ff,OpLog.Play_FW
0xe0056b61,OpLog.ReadFromROM_FW
0xe0056ba3,OpLog.ReadFromSD_FW
0xe00573f1,OpLog.Start_FW
0xe0056b09,OpLog.Stop_FW
0xe005747f,OpLog.Terminate_FW
0xe0056b1f,OpLog.WriteToROM_FW
0xe0056db3,OpLog.WriteToSD_FW
0xe0373a2b,OutputLogToFile_FW
0xe035dfcb,PB2Rec
0xe0569bdb,Peek16_FW
0xe0569bd7,Peek32_FW
0xe0569be1,Peek8_FW
0xe055a50f,PingWLANNetwork_FW
0xe05af3f9,PointDefDetect_FW
0xe05af6b9,PointKizuCheck_FW
0xe05524db,Poke16_FW
0xe05524d1,Poke32_FW
0xe05524e5,Poke8_FW
0xe037a96b,PostEventShootSeqToUI_FW
0xe037a839,PostLogicalEventForNotPowerType
0xe037a839,PostLogicalEventForNotPowerType_FW
0xe037a86d,PostLogicalEventToUI
0xe037a86d,PostLogicalEventToUI_FW
0xdffc9ebd,PostMessageQueue
0xdffca2e5,PostMessageQueueStrictly
0xe0583e59,PreFixAE_FW
0xe0374355,PrepareDirectory_0
0xe0374351,PrepareDirectory_1
0xe03742b1,PrepareDirectory_x
0xe0044cbd,PrintAdjKabotanInfo_FW
0xe0044999,PrintAdjTableMap_FW
0xe0536901,PrintAllAEIntegData_FW
0xe0503a19,PrintBuildDate_FW
0xe0503a25,PrintBuildTime_FW
0xe002c803,PrintEFLensCompTestRecParam_FW
0xe0401e3b,Printf_FW
0xe03738c5,PrintFaexeVersioin_FW
0xe03738a1,PrintFirmVersion_FW
0xe0503a31,PrintFirmwareVersion_FW
0xe0503a7b,PrintInternalFirmwareVersion_FW
0xe05876dd,PrintMultiWinScanTable_FW
0xe002ca5b,PrintPictureStyleTestRecParam_FW
0xe05875a5,PrintScanTable_FW
0xe0299ed9,PT_MFOff
0xe0299ea5,PT_MFOn
0xe02982c3,PT_MoveDigitalZoomToWide
0xe0552e39,PT_MoveOpticalZoomAt
0xe0271853,PTM_AllReset_FW
0xe0376cc7,PTM_AllResetToFactorySetting_FW
0xe02724e3,PTM_BackupUIProperty_FW
0xe0376d2b,PTM_GetCurrentItem
0xe0376d2b,PTM_GetCurrentItem_FW
0xe0271b8f,PTM_GetWorkingCaptureMode_FW
0xe02723e3,PTM_IsEnableItem_FW
0xe0271e69,PTM_NextItem_FW
0xe0271e6d,PTM_PrevItem_FW
0xe0376ce7,PTM_RestoreUIProperty_FW
0xe037741b,PTM_SetCurrentCaptureMode_FW
0xe0271b9b,PTM_SetCurrentItem_FW
0xe059244d,PutInNdFilter
0xe059244d,PutInNdFilter_FW
0xe0592473,PutOutNdFilter
0xe0592473,PutOutNdFilter_FW
0xe036b501,PutsCameraLogEvent_FW
0xe041ca3f,qsort
0xe05831cb,QuietImageDrive_FW
0xe054c259,QuietImager_FW
0xe052b617,rand
0xe0451397,Read
0xe0451397,Read_FW
0xe0373fef,ReadFastDir
0xe035e00f,Rec2PB
0xe0567471,ReceiveMechaCircuitData_FW
0xe0567489,ReceiveMechaCircuitDataAll_FW
0xdffc9de1,ReceiveMessageQueue
0xe055a949,RecSoundForNCAdjEvent_FW
0xe0044b33,RefreshAdjustmentTableMirror_FW
0xe0044cb5,RefreshDefectTableMirror_FW
0xe052fd7f,RegComEventProc_FW
0xe0583b73,RegistColorMatrix_FW
0xe0492257,RegisterElecLevelInfoNotifyCBR_FW
0xe0370335,RegisterEventProcedure
0xe0370389,RegisterEventProcedure_alt1
0xe0370491,RegisterEventProcedure_alt2
0xe0370495,RegisterEventProcTable
0xe0370a49,RegisterEventProcTable_alt
0xdffc99e5,RegisterInterruptHandler
0xe05365d5,RegisterNotifyConnectPTPIP_FW
0xe05365d5,RegisterNotifyPTPIP_FW
0xe05365ed,RegisterResponseConnectPTPIP_FW
0xe05365ed,RegisterResponsePTPIP_FW
0xe0568013,RegisterZoomLensPositionPassedCBR_FW
0xe002868b,RegistFirmScanNoticeCBR_FW
0xe058588b,RegistFirmVer_FW
0xdffcad47,ReleaseRecursiveLock
0xe0587527,ReloadAFAdjustment_FW
0xe0591d4d,ReloadCdsAdjustment_FW
0xe0583af7,ReloadColorAdjustment_FW
0xe0585beb,ReloadDefectAdjustmentData_FW
0xe0591b53,ReloadEfAdjustment_FW
0xe0591f3f,ReloadFocusLensAdjustment_FW
0xe0585bf5,ReloadFROMDefectAdjustmentData_FW
0xe0560089,ReloadGetaAdjustment_FW
0xe056007b,ReloadIrisAdjustment_FW
0xe05882d1,ReloadISAdjustment_FW
0xe006aa69,ReloadMechaShutterAdjustment_FW
0xe0592435,ReloadNdFilterAdjustment_FW
0xe055a29f,ReloadProtractorAdjustment_FW
0xe0585bff,ReloadShadingAdjustmentData_FW
0xe05918a1,ReloadWBAdjustment_FW
0xe058cd0b,ReloadZoomAdjustment_FW
0xe055a95b,ReloadZoomNCProfileEvent_FW
0xe05b01f1,RemoveTransparentMemory_FW
0xe053652d,RequestConnectPTPIP_FW
0xe0536563,RequestConnectPTPIPDef_FW
0xe053649b,RequestDisconnectPTPIP_FW
0xe05921dd,ResetFocus_FW
0xe056618d,ResetFocusLens_FW
0xe0566f41,ResetIris_FW
0xe04b362f,ResetIrisActuator_FW
0xe055ff55,ResetIrisPosition_FW
0xe055bd59,ResetNFCSystemArea_FW
0xe0028681,ResetRegistNoticeCBR_FW
0xe058d12f,ResetZoom_FW
0xe0567c8d,ResetZoomLens_FW
0xe0567cad,ResetZoomLensToFirst_FW
0xe0567cdb,ResetZoomLensToTerminate_FW
0xe058d233,ResetZoomToAdjFirstPoint_FW
0xe058d261,ResetZoomToAdjTerminatePoint_FW
0xe058d151,ResetZoomToFirst_FW
0xe058d151,ResetZoomToFirstPoint_FW
0xe058d173,ResetZoomToTerminate_FW
0xe058d173,ResetZoomToTerminatePoint_FW
0xe0503bcd,RomCheckSum_FW
0xe05039f9,RomIntegrityCheck_FW
0xe0525cc1,RotateConsoleZOder_FW
0xe0044909,SaveAdjustmentTable_FW
0xe0044961,SaveAdjustmentValue_FW
0xe05851f3,SaveBatSenseOffsetAdjustmentTable_FW
0xe0552f95,SaveBmpVRAMData_FW
0xe004494f,SaveDefectAdjTable_FW
0xe0505125,SaveDUID_FW
0xe0505137,SaveDUIDCheckSum_FW
0xe0505145,SaveFactoryAdjData_FW
0xe0505175,SaveFactoryIDData_FW
0xe05857f1,SaveFactoryReserveData_FW
0xe0592379,SaveFocusResetPulse_FW
0xe0585581,SaveFromImage_FW
0xe050515d,SaveHistoryAdjData_FW
0xe0553143,SavePaletteData_FW
0xe045e135,Scene.ForbidContiSceneDetect_FW
0xe045e1a7,Scene.TestBabySleep_FW
0xe045e17f,Scene.TestBabySmile_FW
0xe045e1f7,Scene.TestHumanSleep_FW
0xe045e1cf,Scene.TestHumanSmile_FW
0xe045e21f,Scene.TestKidMove_FW
0xe045e159,Scene.TestSunset_FW
0xe051e69f,SDCardUHSActive_FW
0xe0569a8f,SDump_FW
0xe0587f11,SearchBCentralPosition_FW
0xe0587f11,SearchISLensCentralPosition_FW
0xe058652f,SelectAdjBPFilter_FW
0xe05688bb,SelectPositionSignal_FW
0xe056745d,SendMechaCircuitData_FW
0xe05af707,SensDefCrowdCheck_FW
0xe0371a61,set_control_event
0xe0583dff,SetAdj_AEMode_FW
0xe0537787,SetAdjAEIntegSmearLimitter_FW
0xe0586985,SetAdjAFIntegCrwAdd_FW
0xe058654d,SetAdjAFWinPos_FW
0xe0591df3,SetAdjCdsMode_FW
0xe0583d9b,SetAE_CdsGainValue_FW
0xe0583cd9,SetAE_ShutterSpeed
0xe0583cd9,SetAE_ShutterSpeed_FW
0xe0537771,SetAEIntegAverageOBData_FW
0xe0536f25,SetAEIntegCorrectProperty_FW
0xe0536f75,SetAEIntegralGetaTime_FW
0xe0536f57,SetAEIntegralValueProperty_FW
0xe0536ec5,SetAEIntegStrobeProperty_FW
0xe05374f1,SetAEIntegValueBit_FW
0xe05374bb,SetAEIntegWindowsMode_FW
0xe04d064b,SetAutoShutdownTime
0xe04d064b,SetAutoShutdownTime_FW
0xe0586663,SetBPFilterForBP_FW
0xe0591d69,SetCDSGain_FW
0xe0591dd7,SetCDSGainStep_FW
0xe0591d69,SetCdsGainValue_FW
0xe0591d85,SetCdsPreGainReg_FW
0xe037ca81,SetCurrentCaptureModeType
0xe037ca81,SetCurrentCaptureModeType_FW
0xe049413f,SetCzDebugFocusMode_FW
0xe049413f,SetCzDebugSubjectDistance_FW
0xe0585229,SetDate_FW
0xe0585321,SetDay_FW
0xe005ea6b,SetDCMotorWaitTime_FW
0xe0537799,SetDefaultAEIntegSmearLimitter_FW
0xe002c783,SetDefaultRecParameter_FW
0xe05af9e3,SetDefectDebugInfo_FW
0xe05afb31,SetDefectRecParam_FW
0xe0591d1f,SetDeltaCDSGain_FW
0xe0568a4f,SetDISModeParam_FW
0xe05881cf,SetDISModeParameter_FW
0xe003e253,SetDUIDFixFlag_FW
0xe003e1b1,SetDurianMode_FW
0xe002c7fb,SetEFLensChromatismCompTestRecParam_FW
0xe002c7ff,SetEFLensDefaultCompTestRecParam_FW
0xe002c7f7,SetEFLensLightFalloffCompTestRecParam_FW
0xe00453e3,SetErasingSensorCleaningArea_FW
0xdffc9939,SetEventFlag
0xe0591b45,SetExStrobeMode_FW
0xe003e2f5,SetFactoryMasterFlag_FW
0xe003e311,SetFactoryMasterROMProtection_FW
0xe003e205,SetFactoryMode_FW
0xe05856bd,SetFactorySerialNumber_FW
0xe05656f1,SetFaexeEventTableActivation_FW
0xe0568af3,SetFixedPWMOutA_FW
0xe0568b01,SetFixedPWMOutB_FW
0xe05667ed,SetFocusActuatorHoldVoltage_FW
0xe05667f9,SetFocusActuatorSlopeHoldVoltage_FW
0xe05668c3,SetFocusLensAccelerationTable_FW
0xe0566cd5,SetFocusLensCarrierFrequency_FW
0xe05669ad,SetFocusLensCondition_FW
0xe05669a1,SetFocusLensDefaultPullOutTable_FW
0xe0566b95,SetFocusLensDriveVoltage_FW
0xe0566be9,SetFocusLensGainSlope_FW
0xe0566bbd,SetFocusLensHoldVoltage_FW
0xe0566a73,SetFocusLensMaxSpeedLimit_FW
0xe0566961,SetFocusLensSlowdownTable_FW
0xe0566807,SetFocusLensSpeed_FW
0xe0566857,SetFocusLensSpeedTable_FW
0xe05922ff,SetFocusResetState_FW
0xe0568f13,SetGyro10BitDACPitch_FW
0xe056951d,SetGyro10BitDACRoll_FW
0xe0568f21,SetGyro10BitDACYaw_FW
0xe0568f6f,SetGyroFilterChargeStart_FW
0xe0568f73,SetGyroFilterChargeStop_FW
0xe0568f37,SetGyroHPFINOffsetPitch_FW
0xe056953f,SetGyroHPFINOffsetRoll_FW
0xe0568f45,SetGyroHPFINOffsetYaw_FW
0xe058535b,SetHour_FW
0xe0552003,SetIgnoreAVJACK_FW
0xe05851fd,SetImageMode_FW
0xe05851e7,SetInputVoltage_FW
0xe05670f7,SetIrisDriveVoltage_FW
0xe0567107,SetIrisDriveVoltageLow_FW
0xe0567127,SetIrisHoldVoltage_FW
0xe0567117,SetIrisSettingWaitVoltage_FW
0xe056908d,SetISAdjData_FW
0xe0568a83,SetISCenterShiftA_FW
0xe0568a91,SetISCenterShiftB_FW
0xe0587f39,SetISControllMode_FW
0xe0568899,SetISControlType_FW
0xe0568a17,SetISCrossTalkCompA1_FW
0xe0568a25,SetISCrossTalkCompA2_FW
0xe0568a33,SetISCrossTalkCompB1_FW
0xe0568a41,SetISCrossTalkCompB2_FW
0xe05881ed,SetISCrossTalkCompCoeff_FW
0xe0588081,SetISCutOffFreqIndex_FW
0xe0568731,SetISDriveAaxis_FW
0xe056873f,SetISDriveBaxis_FW
0xe05690ed,SetISFocusLensDistance_FW
0xe05880c1,SetISGyro10BitDACPitch_FW
0xe05880c7,SetISGyro10BitDACYaw_FW
0xe0588139,SetISGyroCompensationMode_FW
0xe0588103,SetISGyroFilterCharge_FW
0xe0568e97,SetISGyroGainAaxis_FW
0xe0568ea5,SetISGyroGainBaxis_FW
0xe0568eb3,SetISGyroGainbyAxisType_FW
0xe05880af,SetISGyroHPFINOffsetPitch_FW
0xe05880b5,SetISGyroHPFINOffsetYaw_FW
0xe05880cd,SetISGyroOffset10BitDACData_FW
0xe05880bb,SetISGyroOffsetHPFINData_FW
0xe0587fd1,SetISGyroPitchGain_FW
0xe0587fc9,SetISGyroYawGain_FW
0xe056892d,SetISHallAmpFirstGain_FW
0xe0587feb,SetISHallDevicePitchGain_FW
0xe0588005,SetISHallDevicePitchOffset_FW
0xe0587fe3,SetISHallDeviceYawGain_FW
0xe0587ffd,SetISHallDeviceYawOffset_FW
0xe056877d,SetISHallGainAaxis_FW
0xe056878b,SetISHallGainBaxis_FW
0xe0568799,SetISHallGainbyAxisType_FW
0xe056874d,SetISHallOffsetAaxis_FW
0xe056875b,SetISHallOffsetBaxis_FW
0xe0568769,SetISHallOffsetbyAxisType_FW
0xe056904b,SetISHPFCutoff_FW
0xe0588081,SetISHPFCutOffFreqIndex_FW
0xe0587fbf,SetISLensDriveValue_FW
0xe0587fd9,SetISLensGyroGain_FW
0xe0587ff3,SetISLensHallGain_FW
0xe058800d,SetISLensHallOffset_FW
0xe05881c3,SetISLensPWMMode_FW
0xe0569061,SetISLPFAaxis_FW
0xe056906d,SetISLPFBaxis_FW
0xe0588067,SetISLPFCutOffFreqAaxis_FW
0xe058806d,SetISLPFCutOffFreqBaxis_FW
0xe0588253,SetISMacroMode_FW
0xe0587faf,SetISPitchPWM_FW
0xe0568dd9,SetISPWMCompGainA1_FW
0xe0568de7,SetISPWMCompGainA2_FW
0xe0568df5,SetISPWMCompGainB1_FW
0xe0568e03,SetISPWMCompGainB2_FW
0xe0568b17,SetISPWMFreqAndFixed_FW
0xe05882eb,SetISPWMFreqData_FW
0xe0568b23,SetISPWMFrequency_FW
0xe05688b1,SetISStillStatus_FW
0xe0568f63,SetISTuningFlag_FW
0xe0588121,SetISTuningMode_FW
0xe058812d,SetISTuningOff_FW
0xe0587fb7,SetISYawPWM_FW
0xe058548f,SetLangMenuType_FW
0xe0567263,SetLensOutsideFlag_FW
0xe0537751,SetLineDefMarkThroughMode_FW
0xe047a2f1,SetLockPosNonCorrectFlag_FW
0xe0371cdf,SetLogicalEventActive
0xe05881ad,SetLoopGain_FW
0xe05689a9,SetLoopGainAdjValue_FW
0xe0588073,SetLPFForParallelFilter_FW
0xe0569019,SetLPFParallelBest_FW
0xe058320d,SetLtkidsCorrectThroughMode_FW
0xe058320f,SetLtkidsRealtimeCorrectThroughMode_FW
0xe058321d,SetLvMagCenterWindow_FW
0xe0583219,SetLvMagSkipNum_FW
0xe058821b,SetMacroISGain_FW
0xe056911b,SetMacroISGainA_FW
0xe0569129,SetMacroISGainB_FW
0xe0567a93,SetMechaShutterCloseDacSetting_FW
0xe0567aff,SetMechaShutterMoveTime_FW
0xe0567abf,SetMechaShutterOpenDacSetting_FW
0xe0567aeb,SetMechaShutterWaitTimeSetting_FW
0xe0585393,SetMinute_FW
0xe05852ed,SetMonth_FW
0xe0568e55,SetMoveEdgeWaitTime_FW
0xe0591caf,SetMShutterDacValue_FW
0xe055a93b,SetNCParamForAdjEvent_FW
0xe0567c01,SetNdDacSetting_FW
0xe0567bf5,SetNdMoveTime_FW
0xe055a953,SetNoiseAddParamForZoomNCEvent_FW
0xe0591d63,SetObClamp_FW
0xe0591d63,SetObClampValue_FW
0xe0591787,SetOneShotWBParam_FW
0xe0591787,SetOneTypeWBParam_FW
0xe002c86b,SetPictureStyleColortoneTestRecParam_FW
0xe002c837,SetPictureStyleContrastTestRecParam_FW
0xe002ca45,SetPictureStyleDefaultTestRecParam_FW
0xe002c851,SetPictureStyleSaturationTestRecParam_FW
0xe002c81f,SetPictureStyleSharpnessTestRecParam_FW
0xe002c807,SetPictureStyleTypeTestRecParam_FW
0xe0425cf5,SetPlayAutoShutdownTime_FW
0xe005e917,SetPMByGpio_FW
0xe0568acf,SetPoweredISOFF_FW
0xe0568ac3,SetPoweredISON_FW
0xe036ae25,SetPropertyCase
0xe05523d9,SetPropertyCase_FW
0xe0551fcf,SetRawSWCheckMode_FW
0xe0425cd7,SetRecAutoShutdownTime_FW
0xe059183d,SetReferenceWBGainForCalibration_FW
0xe0583213,SetSafFPGABypassMode_FW
0xe05831ff,SetSafImagePredictMode_FW
0xe05831fd,SetSafImageReadOutType_FW
0xe0583203,SetSafImageWindowHArea_FW
0xe0583211,SetSafPPPBypassMode_FW
0xe0586317,SetScanLensIndex_FW
0xe05863af,SetScanWindowMode_FW
0xe0371d17,SetScriptMode
0xe0371d17,SetScriptMode_FW
0xe0551f61,SetSDPwrPort_FW
0xe05853cb,SetSecond_FW
0xe0591da1,SetSensorPreGain_FW
0xe059169f,SetShutterSpeed_FW
0xe0591667,SetShutterSpeedWithMecha_FW
0xe0568e33,SetSlowWaitTime_FW
0xe003dd03,SetSSIDForFAWLAN_FW
0xe0492ae9,SetStereoSeparation_FW
0xe0028583,SetTestRecMasterCxCy_FW
0xe002860f,SetTestRecSkimmingYUV_FW
0xe059185b,SetToolCorrectCoefficient_FW
0xe0569575,SetVectorISFlag_FW
0xe058427f,SetVideoOutType_FW
0xe0568e11,SetWaitTime_FW
0xe0585c09,SetWBTemperature_FW
0xe0591815,SetWBYlStandardWidth_FW
0xe0537475,SetWhiteCoefficient_FW
0xe0585827,SetWindowSystemDrawSetting_FW
0xe003dcad,SetWLANFactoryMode_FW
0xe05852b5,SetYear_FW
0xe02e6645,SetZoomActuatorSpeedPPS_FW
0xe0567ee5,SetZoomAmpereLimitOffTime_FW
0xe058d743,SetZoomAmpereLimitOffTimeForAdjustZoom_FW
0xe058d3b7,SetZoomCommonDriveParam_FW
0xe058d2fd,SetZoomDriveParam_FW
0xe0567f07,SetZoomLensCurrentPosition_FW
0xe0567e4b,SetZoomLensDriveAmpereDac_FW
0xe0567e5f,SetZoomLensDriveResetAmpereDac_FW
0xe058d28f,SetZoomLensEncoderPowerControl_FW
0xe0567ef7,SetZoomLensMoveTimeLimit_FW
0xe0567f15,SetZoomLensResetMoveTimeLimit_FW
0xe0567f2b,SetZoomLensSpeedChangeMaxTime_FW
0xe0567f35,SetZoomLensSpeedChangeRate_FW
0xe0567e39,SetZoomLensSpeedMode_FW
0xe055a963,SetZoomNCEffectiveEvent_FW
0xe058d371,SetZoomNormalDriveParam_FW
0xe02e6693,SetZoomPermitTargetMaxSpeedPPS_FW
0xe0588017,SetZoomPointToIS_FW
0xe0568fd9,SetZoomPosition_FW
0xe058d337,SetZoomResetDriveParam_FW
0xe058d0fd,SetZoomResetState_FW
0xe02e6685,SetZoomSpeedCheckStopTime_FW
0xe058d29b,SetZoomSpeedMode_FW
0xe0552509,ShowAllTaskInfo_FW
0xe036b579,ShowCameraLog_FW
0xe036b533,ShowCameraLogInfo_FW
0xe0583cab,ShowCurrentExp_FW
0xe0044645,ShowDefaultAdjTableVersion_FW
0xe0566a33,ShowFocusLensCurrentSpeedTable_FW
0xe0566e45,ShowFocusLensIrisCoefficientCheckSum_FW
0xe037a99d,ShowLogicalEventName_FW
0xe056726f,ShowMechaCondition_FW
0xe0551c7b,ShowMechaMacro_FW
0xe0551fc5,ShowPhySwStatus_FW
0xe0551ff1,ShowSDStatus_FW
0xe05b0181,ShowTransparentMemory_FW
0xe03758e7,ShutdownPlayModeMenu_FW
0xe0375995,ShutdownPlayModeMenuWithoutPbRedraw_FW
0xe0375785,ShutdownRecModeMenu_FW
0xe048a47d,ShutterTool.CheckExpTime_FW
0xe048a491,ShutterTool.CheckExpTimeWithErrMode_FW
0xe048a349,ShutterTool.CheckTv_FW
0xe048a363,ShutterTool.CheckTvWithErrMode_FW
0xe048a4b7,ShutterTool.GetCurExpTime_FW
0xe048a4a3,ShutterTool.GetCurTv_FW
0xe048a50f,ShutterTool.GetLimOfExpTime_FW
0xe048a52d,ShutterTool.GetLimOfExpTimeRegular_FW
0xe048a4cb,ShutterTool.GetLimOfTv_FW
0xe048a579,ShutterTool.GetLimOfTvForFix_FW
0xe048a58b,ShutterTool.GetLimOfTvForFixWithAv_FW
0xe048a4ed,ShutterTool.GetLimOfTvRegular_FW
0xe048a3d5,ShutterTool.SetExpTime_FW
0xe048a3e1,ShutterTool.SetExpTimeAndFrameRateType_FW
0xe048a563,ShutterTool.SetExpTimeForFix_FW
0xe048a3db,ShutterTool.SetExpTimeWithErrMode_FW
0xe048a27b,ShutterTool.SetTv_FW
0xe048a28d,ShutterTool.SetTvAfterDriveChange_FW
0xe048a2a7,ShutterTool.SetTvAndFrameRateType_FW
0xe048a54b,ShutterTool.SetTvForFix_FW
0xe048a283,ShutterTool.SetTvWithErrMode_FW
0xe0584059,SleepAE_FW
0xdffc9293,SleepTask
0xdffc9293,SleepTask_FW
0xe02a9afd,SoundDevAprocSetPathInDramSub_FW
0xe02a9b87,SoundDevAprocSetPathMuteCout0_FW
0xe02a9b2b,SoundDevAprocSetPathMuteLout0_FW
0xe02a9b59,SoundDevAprocSetPathMuteSout0_FW
0xe02a9bdf,SoundDevAprocSetPerifHpMute_FW
0xe02a9bb5,SoundDevAprocSetPerifLineMute_FW
0xe02a9c09,SoundDevAprocSetPerifSpMute_FW
0xe02a7a0b,SoundDevAprocSignalMute_FW
0xe02a9b1b,SoundDevAprocSigProc_SetBgmFadeSetting_FW
0xe02a9661,SoundDevBeepGenGain_FW
0xe02a8839,SoundDevBgmFadeOut_FW
0xe02a9055,SoundDevClearPath_FW
0xe02a992b,SoundDevDumpChIn0_FW
0xe02a8ed9,SoundDevInitMusic_FW
0xe02a9667,SoundDevLineOut_FW
0xe01a7cfb,SoundDevParam_SetATTMode_FW
0xe01a7d13,SoundDevParam_SetMicSelect_FW
0xe02a93d7,SoundDevPlayMusic_FW
0xe02a9697,SoundDevPlayOpSound_FW
0xe02a972f,SoundDevPlayOpSoundForStoryAlbum_FW
0xe02a994d,SoundDevRecChIn0_FW
0xe02a9307,SoundDevRecMusic_FW
0xe02a98e5,SoundDevRecMusicOnDramTest_FW
0xe02a967d,SoundDevSetBeepPWMMuteParam_FW
0xe02a8701,SoundDevSetBgmData_FW
0xe02a86e3,SoundDevSetBgmMixRate_FW
0xe02a94a1,SoundDevSetMovieRecPath_FW
0xe02a7d3d,SoundDevSetParamIn_FW
0xe02a966d,SoundDevSetRecPath_FW
0xe02a94c1,SoundDevSetSpkpwmVol_FW
0xe02a94b7,SoundDevSetSpVol_FW
0xe02a7257,SoundDevSetSyncRate_FW
0xe02a9acf,SoundDevSetVaifLineSel_FW
0xe02a9485,SoundDevSetZoomNCAdjDigiProcThroughPath_FW
0xe02a948b,SoundDevSetZoomNCCheckPath_FW
0xe018a30d,SoundDevSetZoomNCProfile_FW
0xe02a9433,SoundDevStopPlayMusic_FW
0xe02a901f,SoundDevStopRecMusic_FW
0xe018a6c5,SoundDevZoomNCEffective_FW
0xe037e6b5,sprintf_FW
0xe052b611,srand
0xe0552e7b,SS.ChangeZoomSpeed_FW
0xe0552ec3,SS.Create_FW
0xe0552e9b,SS.DoAELock_FW
0xe0552e87,SS.DoAFLock_FW
0xe0298353,SS.GetDigitalZoomPosition_FW
0xe0552e69,SS.GetDigitalZoomTele_FW
0xe0552eb9,SS.MFOff_FW
0xe0552eaf,SS.MFOn_FW
0xe0552e5d,SS.MoveDigitalZoomAt_FW
0xe0552e49,SS.MoveDigitalZoomToTele_FW
0xe0552e53,SS.MoveDigitalZoomToWide_FW
0xe0552e39,SS.MoveOpticalZoomAt_FW
0xe0552e21,SS.MoveOpticalZoomToTele_FW
0xe0552e2d,SS.MoveOpticalZoomToWide_FW
0xe029a115,SS.SetAvailShot_FW
0xe0552ea5,SS.UnlockAE_FW
0xe0552e91,SS.UnlockAF_FW
0xe0484f45,sscanf_FW
0xe003e821,SSFS_CompleteCaptModeChange_FW
0xe003e821,SSFS_CompleteFileWrite_FW
0xe003e821,SSFS_CompletePreCapt_FW
0xe003e821,SSFS_CompleteShootPicture_FW
0xe003e821,SSFS_CompleteStopDigZoom_FW
0xe003e821,SSFS_CompleteStopZoom_FW
0xe003e821,SSFS_CompleteSynchroWrite_FW
0xe003e821,SSFS_ShootPicture_FW
0xe049220d,StartAcceleSlantMotionDetect_FW
0xe0586977,StartAdjAFInteg_FW
0xe0586729,StartAdjAFService_FW
0xe053774b,StartAEIntegralService_FW
0xe0587f25,StartBDrive_FW
0xe0587f45,StartBPanDrive_FW
0xe036b5a5,StartCameraLog_FW
0xe05830ed,StartCaptureDrive_FW
0xe0586e39,StartCrwCustomScan_FW
0xe0586df7,StartCustomScan_FW
0xe049413f,StartCzLog_FW
0xe0494137,StartCzTuning_FW
0xe055ac71,StartDisplayHDMIForFAMode_FW
0xe0584531,StartEVFDrive_FW
0xe0584509,StartEVFDriveWithMode_FW
0xe003e3cb,StartFactoryModeController_FW
0xe055a51f,StartFAWLANService_FW
0xe0569497,StartImStEventProc_FW
0xe0588203,StartISAdjustMacro_FW
0xe0587f25,StartISAdjustmentDrive_FW
0xe0587f25,StartISDrive_FW
0xe0568707,StartISLocalAdjust_FW
0xe0495d31,StartISLocalAutoCenter_FW
0xe0495d5d,StartISLocalHallAdjust_FW
0xe0587f45,StartISPanDrive_FW
0xe0568b37,StartISPWMFreqChangeTest_FW
0xe0373d07,StartLogOut_FW
0xe0568953,StartLoopGainCalc_FW
0xe05690b5,StartMacroISAdjust_FW
0xe05690ab,StartMacroISContiMode_FW
0xe03756bf,StartPlayModeMenu_FW
0xe03756d9,StartRecModeMenu_FW
0xe0021a23,StartRedirectUART_FW
0xe05b0533,StartSoundPlay_FW
0xe05b051d,StartSoundRecord_FW
0xe01d2b3f,StartTestRecLog_FW
0xe04f807b,StartWDT_FW
0xe0568601,StartZoomLensSpeedLog_FW
0xe03740bd,stat
0xe0492211,StopAcceleSlantMotionDetect_FW
0xe058696d,StopAdjAFInteg_FW
0xe05867d1,StopAdjAFService_FW
0xe053750d,StopAEIntegralService_FW
0xe049413f,StopAndSaveCzLog_FW
0xe0568619,StopAndSaveZoomLensSpeedLog_FW
0xe0587f1b,StopBDrive_FW
0xe0587f2f,StopBPanDrive_FW
0xe036b607,StopCameraLog_FW
0xe0582891,StopCaptureDrive_FW
0xe058490d,StopContinuousVRAMData_FW
0xe0586ded,StopCustomScan_FW
0xe05660a1,StopCZ_FW
0xe055acb1,StopDisplayHDMIForFAMode_FW
0xe05842c9,StopEVFDrive_FW
0xe055a525,StopFAWLANService_FW
0xe058820d,StopISAdjustMacro_FW
0xe0587f1b,StopISAdjustmentDrive_FW
0xe0587f1b,StopISDrive_FW
0xe0587f2f,StopISPanDrive_FW
0xe0568b41,StopISPWMFreqChangeTest_FW
0xe0373abd,StopLogOut_FW
0xe05689d1,StopLoopGainCalc_FW
0xe05690bf,StopMacroISAdjust_FW
0xe003daf9,StopPtpipServiceForFAWLAN_FW
0xe0021ac7,StopRedirectUART_FW
0xe0591bcf,StopStrobeChargeForFA_FW
0xe01d2b4b,StopTestRecLog_FW
0xe04f80b9,StopWDT_FW
0xe058d0f5,StopZoomEmergency_FW
0xe0567e2b,StopZoomLens_FW
0xe037a0c1,strcmp
0xe037a0c1,strcmp_FW
0xe037e6a5,strcpy
0xe037e6a5,strcpy_FW
0xe0523989,strftime
0xe037e6c7,strlen
0xe037e6c7,strlen_FW
0xe0422079,strncmp
0xe0484f57,strncpy
0xe04b23dd,strrchr
0xe000f9d3,strtol
0xe04e8375,strtolx
0xe0584221,SwitchOffDisplay_FW
0xe0584247,SwitchOnDisplay_FW
0xe0552af1,System.Create_FW
0xe0552513,System.Delete_FW
0xdffca0cf,TakeSemaphore
0xdffca0cf,TakeSemaphore_FW
0xdffca2ad,TakeSemaphoreStrictly
0xe007156d,task__tgTask
0xe04918b1,task_Accelerometer
0xe021d61d,task_AfIntSrvTask
0xe028c771,task_AFTask
0xe046d8f5,task_AlbumMaker
0xe0232f41,task_AlbumReader
0xe006a469,task_AlgStgAlg
0xe006a53d,task_AlgStgQr
0xe016d3b3,task_AprocBpGenTask
0xe016d2d1,task_AprocMainTask
0xe016d415,task_AprocVaif3Task
0xe04f0eed,task_BA_Task
0xe0490ea3,task_BatteryTask
0xe003dad7,task_bomStopPTPIPTask
0xe005b81b,task_Bye
0xe0032f57,task_CaptSeq
0xe0032f57,task_CaptSeqTask
0xe022b329,task_Cave2MainTask
0xe02e931b,task_Cave2PbTask
0xe0236ae1,task_Cave2RecTask
0xe013a3d1,task_ClockSavePU1
0xe04200e3,task_CommonDrivers
0xe050ddb5,task_ComWireless
0xe052594d,task_ConsoleSvr
0xe0498c0d,task_ControlLog
0xe035b13f,task_CorctTask
0xe0056439,task_CreateHeaderTask
0xe00ab9a3,task_CtgTotalTask
0xe037ab79,task_CtrlSrv
0xe002e74f,task_dccdCalcTask
0xe052c9e1,task_DecJpgRd
0xe03fb7e1,task_DefMarkRomCopyTask
0xe007d125,task_DetectMoveTask
0xe01afcd3,task_DetSeqChaseT
0xe02b15e3,task_DetSeqFaceT
0xe006307b,task_DevelopCR2
0xe0063609,task_DevelopJpeg
0xe037eb07,task_DevelopModule
0xe00630b7,task_DevelopRawToYuv
0xe00547ef,task_DistTask
0xe04a6793,task_DPOFTask
0xe004b693,task_DvlpSeqTask
0xe038a4b7,task_EdetSBJTask
0xe0403913,task_EISMainTask
0xe006a7d9,task_EncRemoteEVFJpgTask
0xe0306f39,task_Epilog
0xe04f176f,task_EvShel
0xe02d0ad9,task_ExpDrv
0xe057e315,task_ExpDrvSubTask
0xe02d0ad9,task_ExpDrvTask
0xe0395587,task_FaceFrame
0xe047a657,task_FaceScoreTask
0xe058584f,task_FAPowerOff
0xe05094bf,task_FileManMarkAllTask
0xe03a4023,task_FileScheduleTask
0xe03af92b,task_FileWrite
0xe03af92b,task_FileWriteTask
0xe05387f5,task_FilYuvMaker
0xe0112385,task_FmidTask
0xe033f9cb,task_FocusEvent
0xe0549d99,task_FORMAT_TASK_NAME
0xe0549b59,task_FORMAT_TASK_PROGRESS
0xe052ad87,task_fprintSNRTask
0xe00f2b5d,task_FsIoNotifyTask
0xe006fda1,task_Gap4
0xe00b5bc1,task_GapBS
0xe022092d,task_ImagePlaySysConTask
0xe0222c8d,task_ImageRetryConTask
0xe04651af,task_ImageStoreTask
0xe055f0c1,task_ImageSyncController
0xe0232c09,task_ImgPlyDC
0xe0232d1d,task_ImgPlyDCLow
0xe03991a5,task_ImgPlyTask
0xe039933d,task_ImgPlyTsk2
0xe05452cd,task_IMLApp
0xe04200b1,task_InitFileModules
0xe04d1d59,task_IrisCycleEvent
0xe04b2bad,task_IrisEvent
0xe0494d4f,task_IS_GetExposureTimingTask
0xe0495401,task_ISMainTask
0xe04253ff,task_ITCMainTask
0xe0057ea5,task_JpegEncTask
0xe052b4c5,task_LachesisTest
0xe045d359,task_LEDCon
0xe00af531,task_LiveImage2ndTask
0xe00af125,task_LiveImageTask
0xe0525d47,task_LowConsole
0xe005e345,task_MechaAlarm
0xe0485405,task_MechaCPUTransfer
0xe010894f,task_MechaNCTask
0xe04d4c9d,task_MechaShutter
0xe0419079,task_MediaStatusMngr
0xe02aaa19,task_MetaCtg
0xe00b6833,task_MetaCtgPrsTask
0xe04e875f,task_MotionVector
0xe05955f5,task_MovieEditor
0xe045165f,task_MovieInit
0xe0291a81,task_MoviePlay
0xe038f12f,task_MovieRecord
0xe04fa755,task_MovieTranscoder
0xe043461d,task_MrkSetTask
0xe04fd055,task_Nd
0xe0527e17,task_NfcCon_EvtTask
0xe053c133,task_NfcConTask
0xe052c0bd,task_NormalThumbCache
0xe04519d5,task_OBCtrlTask
0xe00569d5,task_OpePlay
0xe0563967,task_PingManager
0xe04a55f1,task_PtpipContoroller
0xe0546377,task_PtpipPacketDetector
0xe052b9d1,task_PTPSessionTASK
0xe053e58f,task_PTPtoFAPI_EventProcTask_Block
0xe053e523,task_PTPtoFAPI_EventProcTask_Try
0xe00ffb8b,task_Raw2Ss2YuvTask
0xe05cf82f,task_Raw2Ss2YuvTask
0xe0048ec3,task_ReadFileTask
0xe03f2fd5,task_ReadMultiConTask
0xe003f1cf,task_ReadScheduleTask
0xe052a8e5,task_RedirectUARTTask
0xe05858c9,task_ResetFactoryWithShutdownTimer
0xe0050eb3,task_ResizeTask
0xe023394f,task_SAEffect
0xe057316f,task_SAlbumPlay
0xe05a1a77,task_SAlbumStillPlayer
0xe04ea2f9,task_ScenarioMaker
0xe0383d3d,task_SceneDetectTask
0xe04d99e3,task_SD1stInit
0xe0509667,task_SetGeoTagExecution
0xe004b5a3,task_ShutterSoundTask
0xe0414a45,task_SMAL_Enumeration
0xe02a7609,task_SoundTsk
0xe0068629,task_SsgMainTask
0xe0068877,task_SsgPeriodTask
0xe003234b,task_SsStartupTask
0xe003e881,task_SsTask
0xe00206d5,task_Startup
0xe037b671,task_StartupImage
0xe0072781,task_SynchTask
0xe0072633,task_SyncPeriod
0xe0401021,task_Thermometer
0xe055b835,task_TimerUtility
0xe040420d,task_TmgGen
0xe0258af1,task_TricDecVTask
0xe025cb57,task_TricEncMsgTask
0xe025c22d,task_TricEncVTask
0xe025d527,task_TricInitTask
0xe051fe1d,task_TrnsCtrlTask
0xe00218ad,task_UartLog
0xe0484ca5,task_UsbcTask
0xe03e1d6d,task_WBCtrl
0xe043db0d,task_WBIntegTask
0xe03b5bc5,task_WBLPFace
0xe0052ff5,task_WbSeqTask
0xe04f7f1b,task_WdtPrint
0xe05043f5,task_WebServiceApp
0xe054686b,task_WSSAPP
0xe02e5a8d,task_ZoomActuatorSpeedLog
0xe02e58ff,task_ZoomEvent
0xe0525d85,taskcreate_LowConsole
0xe0552f1d,TerminateAdjustmentSystem_FW
0xe0027b6f,Terminatedccd_FW
0xe05afd8f,TerminateDefectRec_FW
0xe0027b6f,TerminateDigicon_FW
0xe05b0731,TerminateFAExtendFile_FW
0xe05b071d,TerminateFAGeneralTest_FW
0xe057ace3,TerminateMechaDevice_FW
0xe0565f4d,TerminateMechaUnitExeTest_FW
0xe0536605,TerminatePTPIPTransportResponder_FW
0xe05b04ff,TerminateSoundRec_FW
0xe0027347,TerminateTestRec_FW
0xe0038a71,TerminateWLAN_FW
0xdffca509,time
0xe0463e77,TouchPanelExecBaselinesTest_FW
0xe0463e75,TouchPanelExecIDACTest_FW
0xe0463e25,TouchPanelExecRawDiffTest_FW
0xe0463eb1,TouchPanelExecTest_FW
0xe0463f53,TouchPanelSetReverseMode_FW
0xe0463f39,TouchPanelSetSensitive_FW
0xe0463c41,TouchPanelStartPolling_FW
0xe0463f67,TouchPanelStartPrintPosition_FW
0xe0463ca5,TouchPanelStopPolling_FW
0xe0463f77,TouchPanelStopPrintPosition_FW
0xe046362b,TP_FirmwareUpdate_FW
0xe0463661,TP_GetFirmwareVersion_FW
0xe0377dbb,transfer_src_overlay
0xe0378993,transfer_src_overlay_helper
0xdffc9f3f,TryPostMessageQueue
0xdffc9e73,TryReceiveMessageQueue
0xe0585845,TurnOffCamera_FW
0xe043985d,TurnOffDisplay
0xe005b7b1,TurnOffE1_FW
0xe0567b8b,TurnOffNdFilter_FW
0xe0567bcb,TurnOffNdFilterWithTiming_FW
0xe02a8ddd,TurnOffVideoOutMode_FW
0xe01082cb,TurnOnDisplay
0xe0567b71,TurnOnNdFilter_FW
0xe0567ba5,TurnOnNdFilterWithTiming_FW
0xe02a8dad,TurnOnVideoOutMode_FW
0xe04dadb1,UI.Create_FW
0xe04da3df,UI.CreatePublic_FW
0xe04dadb1,UI_RegistDebugEventProc_FW
0xe04dad9f,UI_ShowStateOfRecMode_FW
0xe0371cdf,UiEvnt_SetLogicalEventActive_FW
0xe0371dab,UiEvnt_StartDisguiseCradleStatus_FW
0xe0371db3,UiEvnt_StopDisguiseCradleStatus_FW
0xe035f947,UIFS_CancelStoreLensTimer_FW
0xe03ea9a3,UIFS_Capture_FW
0xe03eaa55,UIFS_CaptureNoneStop_FW
0xe04da12d,UIFS_ChangeShootState_FW
0xe04da00f,UIFS_ClosePopupStrobe_FW
0xe04da079,UIFS_ConnectVideo_FW
0xe04d9e5d,UIFS_CtrlManControllerAnytimeTop_FW
0xe04da09d,UIFS_DisconnectVideo_FW
0xe04da387,UIFS_DisplayFirmUpdateView_FW
0xe04da115,UIFS_EndClockMode_FW
0xe04da1e5,UIFS_GetAvItem_FW
0xe04da167,UIFS_GetAvItemCount_FW
0xe04da22d,UIFS_GetCurrentAvString_FW
0xe04da283,UIFS_GetCurrentTvString_FW
0xe04da143,UIFS_GetLastPath_FW
0xe036434f,UIFS_GetMovieRecoadableNumber_FW
0xe0336089,UIFS_GetNumberOfDisplayedImage_FW
0xe0351951,UIFS_GetNumOfOptZoomPos_FW
0xe036434b,UIFS_GetStillShotableNumber_FW
0xe04da209,UIFS_GetTvItem_FW
0xe04da1a5,UIFS_GetTvItemCount_FW
0xe04d9e73,UIFS_IsAutoPopupDownStrobe_FW
0xe04d9e77,UIFS_IsAvailableAvTvMode_FW
0xe04d9e67,UIFS_IsAvailableMovieRecDigZoom_FW
0xe04d9e63,UIFS_IsAvailableMovieRecOptZoom_FW
0xe04d9e7b,UIFS_IsAvailablePowerZoom_FW
0xe04d9e6f,UIFS_IsAvailableRecMenuAFMode_FW
0xe04d9e6b,UIFS_IsAvailableServoAF_FW
0xe0363de7,UIFS_IsAvailableShots_FW
0xe04da2e3,UIFS_IsOperationEvent_FW
0xe04da033,UIFS_MountExtFlash_FW
0xe03514cd,UIFS_MoveZoomTo_FW
0xe04d9fed,UIFS_OpenPopupStrobe_FW
0xe04e58d9,UIFS_PlayTrimExecuteAllImageSize_FW
0xe04da343,UIFS_PostBatAuthNG_FW
0xe04da329,UIFS_PostBatAuthOK_FW
0xe04da35d,UIFS_PostBatNoChange_FW
0xe04da0d1,UIFS_PostModeDial_FW
0xe04da38f,UIFS_ResetMenuPos_FW
0xe04da0cf,UIFS_RestartPostingUIEvent_FW
0xe04da11f,UIFS_SetCradleSetting_FW
0xe04d9fa3,UIFS_SetDialMovieRec_FW
0xe04d9fd3,UIFS_SetDialPlay_FW
0xe04d9f89,UIFS_SetDialStillRec_FW
0xe04da30b,UIFS_SetTouchOperation_FW
0xe04da10b,UIFS_StartClockMode_FW
0xe04ddaa9,UIFS_StartMoviePlay_FW
0xe0356633,UIFS_StartMovieRecord_FW
0xe0356649,UIFS_StopMovieRecord_FW
0xe04da0cd,UIFS_StopPostingUIEvent_FW
0xe04da055,UIFS_UnmountExtFlash_FW
0xe0303fad,UIFS_WirelessExecuteSendForever_FW
0xe047181d,UIFS_WriteFirmInfoToFile
0xe047181d,UIFS_WriteFirmInfoToFile_FW
0xe003da01,UndisplayFactoryMode_FW
0xe0401ddd,UnLoadScript_FW
0xe0298e3b,UnlockAE
0xe0298a17,UnlockAF
0xe04d0597,UnlockMainPower
0xe04d0597,UnlockMainPower_FW
0xe0583b97,UnregistColorMatrix_FW
0xe0492269,UnRegisterElecLevelInfoNotifyCBR_FW
0xe037038d,UnRegisterEventProcedure
0xe03704ab,UnRegisterEventProcTable
0xe0370a4d,UnRegisterEventProcTable_alt
0xe0568051,UnRegisterZoomLensPositionPassedCBR_FW
0xe04912c5,VbattGet
0xe04912c5,VbattGet_FW
0xe056986d,VerifyByte_FW
0xe0463383,vsprintf
0xe05524fb,Wait_FW
0xdffc98b7,WaitForAllEventFlag
0xdffca31d,WaitForAllEventFlagStrictly
0xdffc9831,WaitForAnyEventFlag
0xdffca301,WaitForAnyEventFlagStrictly
0xe0567d4d,WaitMoveZoomLensComplete_FW
0xe0373e3d,Write
0xe0373e3d,Write_FW
0xe0044d1f,WRITEADJTABLETOFROM_FW
0xe0044d3f,WRITEADJUSTMENTDATATOFROM_FW
0xe0587f59,WriteGyroAdjustment_FW
0xe0587f4f,WriteHallDeviceAdjustment_FW
0xe05673d3,WriteMechaLogToFile_FW
0xe05673c9,WriteMechaLogToRom_FW
0xe055abf1,WriteNFCOptUnitAssemblyAreaData_FW
0xe055aa5b,WriteNFCSystemArea_FW
0xe055ac07,WriteNFCSystemAreaForOptUnitAssembly_FW
0xe055c283,WriteNFCUserArea_FW
0xe055aa7d,WriteNFCUserAreaWithInitNFCAdj_FW
0xe0587fa5,WritePWMAdjustment_FW
0xe042030f,WriteToRom_FW
0xe0044d5b,WRITEUSERSETTINGDATATOFROM_FW
0xe055a54d,WriteWLANMACAddressToFROM_FW
0xe020806d,zicokick_copy
0xe0207fd9,zicokick_start
