0xfc10ace5,_DebugModeChange_FW
0xfc3ba8fb,_GetSystemTime
0x010f7518,_log
0x010f7a38,_log10
0xfc10acf7,_PDS_AllRegisterDataRead_FW
0xfc10aa89,_PDS_Detect_FW
0xfc10a8e1,_PDS_I2CReceiveData_FW
0xfc10a887,_PDS_I2CSendData_FW
0xfc10a939,_PDS_Initialize_FW
0xfc10ab17,_PDS_UnDetect_FW
0x010f7ba0,_pow
0xfc10ae13,_PSDataRead_FW
0x010f9c20,_sqrt
0xfc15c7a1,_ToggleBatteryStatus_FW
0xfc488e63,AbortAEIntegralValue_FW
0xbfe15985,AcquireRecursiveLock
0xbfe15665,AcquireRecursiveLockStrictly
0xfc3bb065,ActivateAdjLog_FW
0xfc664155,ActivateImageDrive_FW
0xfc468233,ActivateImager_FW
0xfc46828f,ActivateImagerXOne_FW
0xfc35b3a3,add_ptp_handler
0xfc5e515f,AdditionAgentRAM_FW
0xfc0214fd,AddTransparentMemory_FW
0xfc664915,AdjAEWithAperturePriority_FW
0xfc6648e7,AfAEWithAperturePriority_FW
0xfc664ac5,AfAEWithCompensation_FW
0xfc466ba9,AFTool.GetEVal_FW
0xfc466cdb,AFTool.SetAFLogType_FW
0xfc466cdf,AFTool.SetDebugAFSequence_FW
0xfc466cbf,AFTool.StoreAFixPosition_FW
0xfc662fd3,AllocateMemory_FW
0xfc16f619,AllocateUncacheableMemory
0xfc40e7f5,APE_DraftDump_FW
0xfc2e1c7d,ApMoniSel_FW
0xfc0d7609,AprocSigProc_ALC_FW
0xfc0d7627,AprocSigProc_ALCReset_FW
0xfc0d75bd,AprocSigProc_BgmMix_FW
0xfc0d7617,AprocSigProc_BGNoise_FW
0xfc0d75b7,AprocSigProc_DCCut_FW
0xfc0d75b1,AprocSigProc_DRange_FW
0xfc0d75e1,AprocSigProc_EQ_FW
0xfc0d75e9,AprocSigProc_FIL1_FW
0xfc0d75f1,AprocSigProc_FIL2_FW
0xfc0d75f9,AprocSigProc_FIL3_FW
0xfc0d7601,AprocSigProc_FIL4_FW
0xfc0d75c5,AprocSigProc_GainAdj_FW
0xfc0d757f,AprocSigProc_InitialSet_FW
0xfc0d761f,AprocSigProc_LevelMeter_FW
0xfc0d760f,AprocSigProc_Limiter_FW
0xfc10b62d,AprocSigProc_LoadProfileAdj_FW
0xfc0d7637,AprocSigProc_NCReset_FW
0xfc0d75cd,AprocSigProc_NoiseCut_FW
0xfc10b9e5,AprocSigProc_NoiseCutEffect_FW
0xfc0d7515,AprocSigProc_SetSigProcByMode_FW
0xfc0d75d5,AprocSigProc_Stereo_FW
0xfc0d764f,AprocSigProc_TestGen1kHz_FW
0xfc0d75a9,AprocSigProc_TestGen_FW
0xfc0d75db,AprocSigProc_WindCut_FW
0xfc0d762f,AprocSigProc_WindCutReset_FW
0xfc0f5b61,atol_FW
0xfc489773,AttachIntegCrawData_FW
0xfc02151b,AttachToTransparentMemory_FW
0xfc1aaceb,autoIPAddressing_FW
0xfc15c6f5,BA_IsBatteryChanged_FW
0xfc675419,Bat_Calc_FW
0xfc665b1b,Bat_Save_FW
0xfc665b0f,Bat_VIN_FW
0xfc2e109b,BeepDrive_FW
0xfc2e10af,BeepDriveComp_FW
0xfc2e10c3,BeepDriveStop_FW
0x010f4cd8,bzero
0xfc4534b3,CalcAccelerometerAtanAngle_FW
0xfc675b2b,CalcLog10
0xfc675b57,CalcLog10_FW
0xfc66a33f,CalcLoopGain_FW
0xfc665b29,CalcLowBatteryOffsetValue_FW
0xfc675bcf,CalcSqrt
0xfc675bf7,CalcSqrt_FW
0xfc675419,CalculateBatSenseOffset_FW
0xfc669729,CalculateInterpolationByLS_FW
0xfc675b17,CalculateLog2ToApex_FW
0xfc675afd,CalculatePeakFromLeastSquareResult_FW
0xfc6696bd,CalculatePeakPosByLS_FW
0xfc675b23,CalculatePow2FromApex_FW
0xfc5ec32b,CalculateProtractorATanData_FW
0xfc06d445,CalculateTestRecYUVData_FW
0xfc36669b,cameracon_get_state
0xfc3648fd,cameracon_set_state
0xfc6647c9,CancelAdj_AEMode_FW
0xfc667905,CancelAdjCdsMode_FW
0xfc6687ef,CancelBPFilterForBP_FW
0xfc664463,CancelExStrobeMode_FW
0xfc660483,CancelFocusLensMaxSpeedLimit_FW
0xfc664013,CancelImageDrive_FW
0xfc468389,CancelImager_FW
0xfc66a505,CancelLoopGainCalc_FW
0xfc5e505d,Capture.Create_FW
0xfc6640a9,CaptureWithParam_FW
0xfc0af7d7,CecRegDump_FW
0xfc65e69d,ChangeAdjImgDrvMode_FW
0xfc65e6bd,ChangeAEIntegDrvTypeToAdjImgDriveType_FW
0xfc46845b,ChangeAutoSlowShutterEnable_FW
0xfc021117,ChangeDefectRecParam_FW
0xfc0212ef,ChangeDefectSpecParam_FW
0xfc6658cd,ChangeDistortionSetForLiveImage_FW
0xfc6658e5,ChangeElectronicRollISSetting_FW
0xfc66a28b,ChangeFilterMode_FW
0xfc660571,ChangeFocusDistanceToPosition_FW
0xfc6608b5,ChangeFocusLensStopSettingType_FW
0xfc6640d1,ChangeImageDrive_FW
0xfc4683cf,ChangeImagerToAlternateDraft_FW
0xfc46843b,ChangeImagerToAstroMetamorphose_FW
0xfc4683af,ChangeImagerToCombiParallel_FW
0xfc4683cb,ChangeImagerToDigiconMode_FW
0xfc468407,ChangeImagerToElectraGlide_FW
0xfc46842f,ChangeImagerToElectraGlideNepal_FW
0xfc46842b,ChangeImagerToEsperRocketH_FW
0xfc468437,ChangeImagerToEsperRocketHNepal_FW
0xfc4683fb,ChangeImagerToFalconJump_FW
0xfc4683eb,ChangeImagerToFantaJungle_FW
0xfc4683b7,ChangeImagerToFocusJet_FW
0xfc4683e3,ChangeImagerToHarleyDavidson_FW
0xfc46841b,ChangeImagerToHarleyDavidsonNepal_FW
0xfc468413,ChangeImagerToHarleySunshine_FW
0xfc468433,ChangeImagerToHarleySunshineNepal_FW
0xfc468403,ChangeImagerToHealthyVegetable_FW
0xfc4683c3,ChangeImagerToHoneyFlash_FW
0xfc4683ef,ChangeImagerToHoneyFlashDark_FW
0xfc468427,ChangeImagerToLasVegasMagic_FW
0xfc4683f7,ChangeImagerToLCWideDraft_FW
0xfc4683e7,ChangeImagerToMachDashV_FW
0xfc4683bb,ChangeImagerToMangoPudding_FW
0xfc4683c7,ChangeImagerToMillefeAdjust_FW
0xfc4683db,ChangeImagerToMontblancMillefe_FW
0xfc4683df,ChangeImagerToMontblancMovie_FW
0xfc4683d7,ChangeImagerToMontblancWhole_FW
0xfc4683cb,ChangeImagerToOITA_XAVIER_FW
0xfc46839f,ChangeImagerToRegularDrive_FW
0xfc4683f3,ChangeImagerToRoadKing_FW
0xfc46841f,ChangeImagerToRoadKingNepal_FW
0xfc468417,ChangeImagerToRoadQueen_FW
0xfc4683ff,ChangeImagerToSpriteSunshine_FW
0xfc4683bf,ChangeImagerToSuperWideDraft_FW
0xfc468423,ChangeImagerToSuperWideNepal_FW
0xfc4683d3,ChangeImagerToUltraGhostQ_FW
0xfc46840f,ChangeImagerToVeryFastMangoPudding_FW
0xfc46840b,ChangeImagerToVeryFastWideDraft_FW
0xfc4683a3,ChangeImagerToWholeParallel_FW
0xfc4683a7,ChangeImagerToWholeParallelBP_FW
0xfc4683b3,ChangeImagerToWideDraft_FW
0xfc4683ab,ChangeImagerToWideDraftFinancier_FW
0xfc660b33,ChangeIrisSpeed_FW
0xfc662437,ChangeParallelMode_FW
0xfc1562ef,ChangePermission_FW
0xfc0f0661,ChangePowerState_FW
0xfc66a2a5,ChangeToISCloseControl_FW
0xfc661523,ChangeZoomLensMagnificationToPoint_FW
0xfc66151b,ChangeZoomLensPointToMagnification_FW
0xfc664497,ChargeStrobe_FW
0xfc6644b9,ChargeStrobeForFA_FW
0xbfe14cbf,CheckAllEventFlag
0xbfe14c89,CheckAnyEventFlag
0xfc5ec3f1,CheckAvs_FW
0xfc4545d9,CheckSumAll_FW
0xfc5ec3dd,CheckTPRawLevel_FW
0xfc48049d,clear_param_FW
0xfc02127d,ClearDefectTurnTable_FW
0xfc0887fb,ClearDUIDFixFlag_FW
0xfc0887ab,ClearDurianMode_FW
0xbfe14e25,ClearEventFlag
0xfc0888b5,ClearFactoryMasterFlag_FW
0xfc0888c1,ClearFactoryMasterROMProtection_FW
0xfc0887ab,ClearFactoryMode_FW
0xfc44fe3d,ClearImageDrive_FW
0xfc66a4fb,ClearISCalcZData_FW
0xfc661dc5,ClearISIComponent_FW
0xfc662489,ClearISZData_FW
0xfc5dd943,ClearNFCOptUnitAssemblyAreaData_FW
0xfc5dd14b,ClearNFCSystemArea_FW
0xfc4224bd,ClearPMByFs_FW
0xfc4224af,ClearPMByGpio_FW
0xfc5ec9d3,ClearSoundDevForRecEvent_FW
0xfc0882b1,ClearWLANFactoryMode_FW
0xfc65f0b9,ClearZoomCommonDriveParam_FW
0xfc65eb2d,ClearZoomDriveParam_FW
0xfc3b5c63,Close
0xfc151483,close
0xfc3b5c63,Close_FW
0xfc3b5bb1,Close_low
0xfc1d20ad,CloseConsole_FW
0xfc282e19,closedir
0xfc6610d1,CloseMechaShutter_FW
0xfc66110d,CloseMechaShutterWithTiming_FW
0xfc666337,CloseMShutter_FW
0xfc1566b9,ComDiscovery_FW
0xfc47efd5,connect_FW
0xfc1b2d47,ConnectPtpIPService_FW
0xfc65e661,ConvertAdjImgDrvModeToAdjImgDriveType_FW
0xfc65e637,ConvertAEIntegDrvTypeToAdjImgDriveType_FW
0xfc675b8d,ConvertApexStdToApex_FW
0xfc675b73,ConvertApexToApexStd_FW
0xfc675f09,ConvertCxCyToWBGain_FW
0xfc667a2f,ConvertToPositionWithDistance_FW
0xfc667a1b,ConvertToPositionWithDistanceAndZoomPoint_FW
0xfc6642d9,ConvertTvToExposureTime_FW
0xfc6641d1,CorrectMvFrMem2MemAfterDefMark_FW
0xfc1d1f39,CPrintf_FW
0xfc1d1f71,CPutChar_FW
0xfc08dca5,CreateAdjustmentTableMirror_FW
0xbfe15305,CreateBinarySemaphore
0xbfe15557,CreateBinarySemaphoreStrictly
0xfc36db69,CreateController_FW
0xbfe15351,CreateCountingSemaphore_FW
0xbfe15571,CreateCountingSemaphoreStrictly
0xfc08dcad,CreateDefectTableMirror_FW
0xbfe14c15,CreateEventFlag
0xbfe1553d,CreateEventFlagStrictly
0xfc3bac4b,CreateFADBGSingalID_FW
0xfc6664a1,CreateJumptable
0xbfe15055,CreateMessageQueue
0xbfe15523,CreateMessageQueueStrictly
0xfc3b7fa1,CreateProxyOfEventProcedure_FW
0xbfe15915,CreateRecursiveLock
0xbfe1558b,CreateRecursiveLockStrictly
0xbfe11fcd,createsemaphore_low
0xbfe149e5,CreateTask
0xbfe149e5,CreateTask_FW
0xbfe10b85,CreateTask_low
0xbfe15501,CreateTaskStrictly
0xfc08e57f,CreateUserSettingMirror_FW
0xfc020be3,CrossDefDetect_FW
0xfc36dce3,CtrlMan_ChangeZOrder_FW
0xfc31a3f3,CzDebugPrint_FW
0xfc31a3ff,CzDebugPrintToFile_FW
0xfc150e67,data_synchronization_barrier
0xfc150cf9,dcache_clean_flush_and_disable
0xfc150d5b,dcache_clean_range
0xfc150cd5,dcache_flush_and_enable
0xfc150d3f,dcache_flush_range
0xfc6619e5,DcmTfMeasure_FW
0xfc661a61,DcmTfMeasureForSD_FW
0xfc6617a5,DcmWowFla_FW
0xfc661823,DcmWowFlaForSD_FW
0x010e1009,DebugAssert
0x010e101f,DebugAssert2
0xfc0a6529,default_assert_handler
0xfc0a6843,default_exception_handler
0xfc0a6a25,default_panic_handler
0xfc36dbef,DeleteController_FW
0xfc3b8e61,DeleteDirectory_Fut
0xbfe14c4d,DeleteEventFlag
0xfc3b8e17,DeleteFile_Fut
0xbfe150b9,DeleteMessageQueue
0xfc3b7fd9,DeleteProxyOfEventProcedure_FW
0xbfe15389,DeleteSemaphore
0xbfe15389,DeleteSemaphore_FW
0xfc67620f,DevelopStillPicture_FW
0xfc65bf31,DevelopTool.DevelopTest_FW
0xfc0d8477,DeviceUniqueIDCheckSum_FW
0xfc155ba9,dhcpAddressing_FW
0xfc4534ef,DisableAcceleLogRead_FW
0xfc4534cd,DisableAcceleLogWrite_FW
0xfc313159,DisableDebugLogMode_FW
0xfc661f73,DisableDISModeChange_FW
0xfc6604bf,DisableFocusLens_FW
0xfc660513,DisableFocusLensSilentMode_FW
0xfc660e0b,DisableFocusPiCircuit_FW
0xfc0f06e1,DisableHDMIPower
0xfc6641c7,DisableHeadDirectCapturePath_FW
0xfc45357d,DisableHvUpdate_FW
0xfc660ad1,DisableIris_FW
0xfc34dd05,DisableIrisActuator_FW
0xfc660e4f,DisableIrisPiCircuit_FW
0xfc6624b9,DisableISAutoGyroOffset_FW
0xfc661e21,DisableISDriveError
0xfc661e21,DisableISDriveError_FW
0xfc660c59,DisableLensError_FW
0xfc6624d7,DisableMacroIS_FW
0xfc660df7,DisableMechaCircuit_FW
0xfc660eb9,DisableResetGpio_FW
0xfc3445e9,DisableZoomActuatorSpeedLog_FW
0xfc660e3b,DisableZoomEncoderCircuit_FW
0xfc6614ff,DisableZoomLensElectricControl_FW
0xfc6612cb,DisableZoomLensEncoderPowerControl_FW
0xfc6614e7,DisableZoomLensSpeedControl_FW
0xfc660e23,DisableZoomPiCircuit_FW
0xfc47f0cf,disconnect_FW
0xfc1b2d4d,DisconnectPtpIPService_FW
0xfc15bde3,DispCon_GetCvfGainAdjParameter_FW
0xfc15bd61,DispCon_GetLcdGainAdjParameter_FW
0xfc15bbc7,DispCon_GetNTSCAdjParameter_FW
0xfc15bc71,DispCon_GetPALAdjParameter_FW
0xfc15be35,DispCon_SaveCvfGainAdjParameter_FW
0xfc15bd97,DispCon_SaveLcdGainAdjParameter_FW
0xfc15bbbd,DispCon_SaveNTSCAdjParameter_FW
0xfc15bc67,DispCon_SavePALAdjParameter_FW
0xfc15bdab,DispCon_SetCvfGainAdjParameter_FW
0xfc15b8b9,DispCon_SetDisplayType_FW
0xfc15bd23,DispCon_SetLcdGainAdjParameter_FW
0xfc15bb39,DispCon_SetMaxBackLightBrightness_FW
0xfc15bc35,DispCon_SetNTSCAdjParameter_FW
0xfc15bcab,DispCon_SetPALAdjParameter_FW
0xfc15be49,DispCon_SetSSCGParameter_FW
0xfc15b80d,DispCon_ShowBitmapColorBar_FW
0xfc15b7d1,DispCon_ShowBlackChart_FW
0xfc15b671,DispCon_ShowColorBar_FW
0xfc15b8cd,DispCon_ShowColorChart_FW
0xfc15b847,DispCon_ShowCustomColorBar_FW
0xfc15be0f,DispCon_ShowCvfGainAdjParameter_FW
0xfc15b6d5,DispCon_ShowFiveStep_FW
0xfc15beaf,DispCon_ShowHdChart_FW
0xfc15bd8d,DispCon_ShowLcdGainAdjParameter_FW
0xfc15ba13,DispCon_ShowNStepsChart_FW
0xfc15bbef,DispCon_ShowNTSCAdjParameter_FW
0xfc15bc9f,DispCon_ShowPALAdjParameter_FW
0xfc15b79f,DispCon_ShowWhiteChart_FW
0xfc15b8df,DispCon_ShowWhiteLine_FW
0xfc15bb35,DispCon_TurnOffBackLight_FW
0xfc15bb27,DispCon_TurnOffDisplay_FW
0xfc15bb31,DispCon_TurnOnBackLight_FW
0xfc15bb3d,DispCon_TurnOnBackLightForCheckVoltage_FW
0xfc15bb1d,DispCon_TurnOnDisplay_FW
0xfc5e4c49,DispDev.Create_FW
0xfc5e3b5d,DispDev_EnableEventProc
0xfc5e3b5d,DispDev_EnableEventProc_FW
0xfc087fd7,DisplayFactoryMode_FW
0xfc39a393,DispSwCon_TurnOffDisplay_FW
0xfc2d39bf,DoAELock
0xfc2d3531,DoAFLock
0xfc6641b7,DoMemToMemDarkSubtraction_FW
0xfc5e3c71,Driver.Create_FW
0xfc5e3c71,Driver_EnableEventProc_FW
0xfc3bfa75,dry_con_printf
0xbfe1143d,dry_error_printf
0x010f4bf0,dry_memcpy
0x010f4a90,dry_memcpy_bytes
0x010f4b18,dry_memmove_bytes
0x010f4ba0,dry_memset
0x010f4bb0,dry_memzero
0xfc08f849,dry_panic
0xfc0a168d,drysh_FW
0xfc088315,DummyUSBConnection_FW
0xfc5e40fd,Dump32_FW
0xfc5e40f3,Dump_FW
0xfc08d771,DumpAdjMirror_FW
0xfc0214d9,DumpTransparentMemoryItem_FW
0xfc194051,E2LatOn_FW
0xfc5ddb65,Edet.Create_FW
0xfc5ddb51,Edet.Delete_FW
0xfc65c437,EdidDump_FW
0xfc65c435,EdidView_FW
0xfc4ce607,EF.AdjPreFlash_FW
0xfc4ce665,EF.ExIsExStrobe_FW
0xfc4ce673,EF.ExtFlashTest_FW
0xfc29ae45,EF.ExtGetIntegValue_FW
0xfc4ce5f3,EF.FlashForColorTempEvaluation_FW
0xfc4ce5db,EF.FlashWithoutSync_FW
0xfc542c99,EF.GetAdjustPreSvOffset_FW
0xfc4ce543,EF.GetEFModAddPixelGain_FW
0xfc542c9d,EF.GetEFModExamDriveType_FW
0xfc4ce53b,EF.GetEFY2_FW
0xfc4ce4cd,EF.GetEFY_FW
0xfc0c41a7,EF.IsChargeFull_FW
0xfc542ca9,EF.IsIrisTypeKosaiShibori_FW
0xfc4ce63d,EF.SetChargeMode_FW
0xfc4ce4b1,EF.SetChargeOnTime_FW
0xfc4ce4a3,EF.SetEFChargeTimeOut_FW
0xfc4ce5f7,EF.SetMainFlashTime_FW
0xfc4ce461,EF.StartEFCharge_FW
0xfc4ce64b,EF.StartExternalStrobeMode_FW
0xfc4ce583,EF.StartInternalMainFlash_FW
0xfc4ce555,EF.StartInternalPreFlash_FW
0xfc4ce499,EF.StopEFCharge_FW
0xfc4ce65b,EF.StopExternalStrobeMode_FW
0xfc659937,EFUSE_ReadData_FW
0xfc4534e5,EnableAcceleLogRead_FW
0xfc4534c3,EnableAcceleLogWrite_FW
0xfc31314f,EnableDebugLogMode_FW
0xfc661f7d,EnableDISModeChange_FW
0xfc66048d,EnableFocusLens_FW
0xfc6604f5,EnableFocusLensSilentMode_FW
0xfc660e01,EnableFocusPiCircuit_FW
0xfc0f06b1,EnableHDMIPower
0xfc6641c5,EnableHeadDirectCapturePath_FW
0xfc453573,EnableHvUpdate_FW
0xfc660ab7,EnableIris_FW
0xfc34dceb,EnableIrisActuator_FW
0xfc660e45,EnableIrisPiCircuit_FW
0xfc6624af,EnableISAutoGyroOffset_FW
0xfc661e17,EnableISDriveError_FW
0xfc660c4f,EnableLensError_FW
0xfc6624cd,EnableMacroIS_FW
0xfc660ded,EnableMechaCircuit_FW
0xfc10afb5,EnablePDS_FW
0xfc660ea9,EnableResetGpio_FW
0xfc3445df,EnableZoomActuatorSpeedLog_FW
0xfc660e31,EnableZoomEncoderCircuit_FW
0xfc6614f3,EnableZoomLensElectricControl_FW
0xfc6612c1,EnableZoomLensEncoderPowerControl_FW
0xfc6614db,EnableZoomLensSpeedControl_FW
0xfc660e19,EnableZoomPiCircuit_FW
0xfc5ddbe3,EngApp.Create_FW
0xfc5e50d1,EngApp.CreatePub_FW
0xfc5ddba5,EngApp.Delete_FW
0xfc021345,EngDrvBits_FW
0xfc021339,EngDrvIn_FW
0xfc021329,EngDrvOut_FW
0xfc3bf3a5,EngDrvRead
0xfc02133f,EngDrvRead_FW
0xfc021357,EngDrvReadDump_FW
0xfc5e5095,EngineDriver.Create_FW
0xfc39c7b3,EpilogFile_FW
0xfc39c7f9,EpilogMenu_FW
0xfc39c687,EpilogShow_FW
0xfc08d747,EraseAdjustmentArea_FW
0xfc0bc805,EraseLogSector_FW
0xfc0c7823,EraseRom_FW
0xfc5e3c65,EraseSignature_FW
0xfc15634b,ErrorTest_Disconnect_FW
0xfc156301,ErrorTest_Succession_FW
0xfc65fbd3,EscapeFocusLens_FW
0xfc06637f,exception_handler_DataAbort
0xfc0663dd,exception_handler_FIQ
0xfc066539,exception_handler_IRQ
0xfc066369,exception_handler_PrefetchAbort
0xfc066395,exception_handler_SupervisorCall
0xfc066345,exception_handler_UndefinedInstruction
0xfc663001,exec_FW
0xfc5ec3e5,ExecuteAvs_FW
0xfc06d24f,Executedccd_FW
0xfc021127,ExecuteDefectRec_FW
0xfc021153,ExecuteDefectRecAndSaveImage_FW
0xfc0211df,ExecuteDefectRecAndSaveImageWithGrade_FW
0xfc0211ad,ExecuteDefectRecWithGrade_FW
0xfc06cb73,ExecuteDigicon_FW
0xfc3b7a41,ExecuteEventProcedure
0xfc3b7a85,ExecuteEventProcedure_FW
0xfc6644fb,ExecuteInternalPreFlash_FW
0xfc1b577b,ExecuteResetFactory_FW
0xfc1b5769,ExecuteResetFactoryWithRomWrite_FW
0xfc1654f1,ExecuteShutDownPropertyService_FW
0xfc06d3b9,ExecuteSubCameraTestRec_FW
0xfc06d3ad,ExecuteTestRec_FW
0xfc06d3bd,ExecuteTestRecCF_FW
0xfc06d47d,ExecuteTestRecDevelopProcess_FW
0xfc06d3bd,ExecuteTestRecSD_FW
0xfc06d405,ExecuteTestRecSw1_FW
0xfc06d3f7,ExecuteTestRecWithInteg_FW
0xbfe14bc7,ExitTask
0xbfe14bc7,ExitTask_FW
0xfc0a3927,ExMem.AllocCacheable_FW
0xfc0a3827,ExMem.AllocUncacheable_FW
0xfc0a397d,ExMem.FreeCacheable_FW
0xfc0a38e3,ExMem.FreeUncacheable_FW
0xfc0a3361,ExMem.View_FW
0xfc0a38ef,exmem_alloc
0xfc0a392f,exmem_free
0xfc098ce3,ExMem_FW
0xfc0a37f9,exmem_ualloc
0xfc0a38b3,exmem_ufree
0xfc466ab7,ExpCtrlTool.SetExpMode_FW
0xfc466ae9,ExpCtrlTool.SoundDevTest_FW
0xfc3b7f9b,ExportToEventProcedure_FW
0xfc5e4c2f,FA.Create_FW
0xfc5e4c23,FA.Delete_FW
0xfc666115,FactoryPowerOffWithTimer_FW
0xfc3bacc1,FADBGPrintf_FW
0xfc3bac53,FADBGSingal_FW
0xfc3bad7b,FAPrintf_FW
0xfc3b8ec3,Fclose_Fut
0xfc3b8ec3,Fclose_Fut_FW
0xfc5ed14f,fclose_low
0xfc3b8fa1,Fgets_Fut
0xfc5ed2cb,fgets_low
0xfc5e2a0d,File.ClearExifInfo_FW
0xfc5e2b21,File.Create_FW
0xfc5e2add,File.Delete_AllImg_FW
0xfc111e69,file_counter_var_init
0xfc66474f,FixAEWithCompensation_FW
0xfc661d9f,FixISStatus_FW
0xfc11a4fd,FmtMenu_ExecuteQuickFormat_FW
0xfc6646db,FocusAEWithCompensation_FW
0xfc660679,FocusLensStopQuickly_FW
0xfc3b8e9b,Fopen_Fut
0xfc3b8e9b,Fopen_Fut_FW
0xfc5ed0b5,fopen_low
0xfc156e61,fprintSNR_FW
0xfc156f35,fprintWPSEThroughput_FW
0xfc3b8f35,Fread_Fut
0xfc3b8f35,Fread_Fut_FW
0xfc5ed18d,fread_low
0xfc3bf2cf,free
0xfc662fcd,FreeMemory_FW
0xfc16f645,FreeUncacheableMemory
0xfc3b8fd3,Fseek_Fut
0xfc3b8fd3,Fseek_Fut_FW
0xfc5ed35f,fseek_low
0xfc3b9075,fut_finish
0xfc5ecff7,fut_flush
0xfc3b905d,fut_prepare
0xfc3b8f6b,Fwrite_Fut
0xfc3b8f6b,Fwrite_Fut_FW
0xfc5ed239,fwrite_low
0xfc07de1d,get_canon_mode_list
0xfc469d67,get_current_deltasv
0xfc3afa17,get_current_exp
0xfc4ea849,get_current_nd_value
0xfc286679,get_dial_hw_position
0xfc15a793,get_displaytype
0xfc3b6e71,get_fstype
0xfc4ea86f,get_nd_value
0xfc318f1f,get_playrec_mode
0xfc3bf4a1,get_self_task_errno_pointer
0xbfe10f4d,get_self_task_id
0xbfe11355,get_task_properties
0xfc10a0e9,GetAcceleHvPosition_FW
0xfc453491,GetAccelerometerDataWithCorrect_FW
0xfc5ec339,GetAccelerometerTemperature_FW
0xfc6625b1,GetAccelX_atMechaCpu_FW
0xfc6625e7,GetAccelX_Raw_atMechaCpu_FW
0xfc6625c3,GetAccelY_atMechaCpu_FW
0xfc6625f9,GetAccelY_Raw_atMechaCpu_FW
0xfc6625d5,GetAccelZ_atMechaCpu_FW
0xfc66260b,GetAccelZ_Raw_atMechaCpu_FW
0xfc15c443,GetAdChValue
0xfc15c443,GetAdChValue_FW
0xfc5ec2e5,GetAdjAcceleration_FW
0xfc5ec33d,GetAdjAccelerationDataWithCorrect_FW
0xfc668b65,GetAdjAFInteg_FW
0xfc08e533,GetAdjDataAreaAddress_FW
0xfc08e537,GetAdjDurianFlagSize_FW
0xfc5ec327,GetAdjProtractorAngle_FW
0xfc08d7ab,GetAdjTableMapVersion_FW
0xfc08d7b5,GetAdjTableValueVersion_FW
0xfc08d789,GetAdjTableVersion_FW
0xfc08e51d,GetAdjustmentOffset_FW
0xfc15c43d,GetAdVBattBottom_FW
0xfc4894dd,GetAEIntegralServiceMode_FW
0xfc4892d9,GetAEIntegralValueWithFix_FW
0xfc4894d7,GetAEIntegValueBit_FW
0xfc489131,GetAEIntegWinData_FW
0xfc48913d,GetAEIntegWinDataWithMode_FW
0xfc489383,GetAllAEIntegralAllValueWithFix_FW
0xfc453363,GetAoriAccelerationData_FW
0xfc10a0bb,GetAoriAngle_FW
0xfc15c77b,GetBASignalLevel_FW
0xfc0ed101,GetBatteryCoverClose_FW
0xfc4539eb,GetBatteryMilliTemperature_FW
0xfc4538d1,GetBatteryTemperature
0xfc4538d1,GetBatteryTemperature_FW
0xfc5ecc9d,GetBatteryVoltage_FW
0xfc454511,GetBuildDate_FW
0xfc45451d,GetBuildTime_FW
0xfc5ec671,GetCameraInformationData_FW
0xfc453983,GetCCDMilliTemperature_FW
0xfc453875,GetCCDTemperature
0xfc453875,GetCCDTemperature_FW
0xfc6677fb,GetCdsGainValue_FW
0xfc66788f,GetCdsPreGainReg_FW
0xfc1d1f87,GetCh_FW
0xfc4546b1,GetChipVersion_FW
0xfc156751,getCigUrl_FW
0xfc665883,GetContinuousMovieJpegVRAMData_FW
0xfc6652c9,GetContinuousVRAMData_FW
0xfc6657cf,GetContinuousVRAMDataWithRingBuffer_FW
0xfc480e1d,getCountry_FW
0xfc48988d,GetCrawDataAddr_FW
0xfc6640dd,GetCrwImageInfo_FW
0xfc6641af,GetCrwInfoData_FW
0xfc155b81,getCurCH_FW
0xfc65e611,GetCurrentAdjImgDriveType_FW
0xfc5e29bf,GetCurrentAvCoefficient_FW
0xfc164bc9,GetCurrentAvValue
0xfc164bc9,GetCurrentAvValue_FW
0xfc38933f,GetCurrentCaptureModeType_FW
0xfc5ec633,GetCurrentCcdTemp_FW
0xfc3afdcb,GetCurrentDriveBaseSvValue
0xfc6678a1,GetCurrentDriveBaseSvValue_FW
0xfc470ee3,GetCurrentExposureTime_FW
0xfc3b9fa1,GetCurrentFocusLensPosition_FW
0xfc3b9fa1,GetCurrentFocusPosition_FW
0xfc65e61d,GetCurrentImgDrvMode_FW
0xfc164d37,GetCurrentIrisPosition_FW
0xfc3bb091,GetCurrentMaximumLogSize_FW
0xfc5ec64b,GetCurrentOptTemp_FW
0xfc470beb,GetCurrentShutterSpeed
0xfc470beb,GetCurrentShutterSpeed_FW
0xfc3b9f51,GetCurrentTargetDistance_FW
0xfc65e995,GetCurrentZoomLensDirection_FW
0xfc1caca9,GetCurrentZoomLensPoint_FW
0xfc1cac3d,GetCurrentZoomLensPosition_FW
0xfc1caca9,GetCurrentZoomPoint_FW
0xfc1cac3d,GetCurrentZoomPosition_FW
0xfc1567a3,getCWSStatus_FW
0xfc65fae7,GetCZFramingAssistAutoHighSpeed_FW
0xfc65faed,GetCZFramingAssistAutoLowSpeed_FW
0xfc65fae1,GetCZFramingAssistStillSpeed_FW
0xfc65fad7,GetCZMovieDefaultSpeed_FW
0xfc65facb,GetCZMovieHighSpeed_FW
0xfc65facf,GetCZMovieLowSpeed_FW
0xfc65fad3,GetCZStillDefaultSpeed_FW
0xfc65fac3,GetCZStillHighSpeed_FW
0xfc65fac7,GetCZStillLowSpeed_FW
0xfc466ca9,GetDarkFixedFocusPosition_FW
0xfc5e4075,GetDateAndTime_FW
0xfc665d4f,GetDay_FW
0xfc06d30d,GetdccdFilterValue_FW
0xfc06d2ab,GetdccdImage_FW
0xfc4223dd,GetDcmSpeedLog_FW
0xfc08e149,GetDCPAdjOffset_FW
0xfc156fc1,GetDefaultNickName_FW
0xfc020e15,GetDefectAllResultData_FW
0xfc020dc3,GetDefectCrawInfo_FW
0xfc021303,GetDefectErrorInfo_FW
0xfc020ecb,GetDefectHistgramInfo_FW
0xfc020e45,GetDefectPartResultData_FW
0xfc020f4b,GetDefectRecParamForCorrelationTest_FW
0xfc021287,GetDefectTurnTableParam_FW
0xfc020eef,GetDefectTvAdj_FW
0xfc0ed0f9,GetDialEventId_FW
0xfc0c9453,GetDISModeParameter_FW
0xfc661f5f,GetDISModeParamType_FW
0xfc66229d,GetDisSupportStatus_FW
0xfc662d1d,GetDramDensity_FW
0xfc662d05,GetDramManufactureId_FW
0xfc662d0d,GetDramRevision_FW
0xfc662d15,GetDramRfu_FW
0xfc662d25,GetDramTypeError_FW
0xfc3b6ed7,GetDrive_ClusterSize
0xfc3b73db,GetDrive_FreeClusters
0xfc481d01,GetDriverInfoEvent_FW
0xfc480e7d,getEepromNum_FW
0xfc6660c9,GetEFUSEData_FW
0xfc5ec45b,GetEFuseData_FW
0xbfe14e55,GetEventFlagValue
0xfc66444f,GetExStrobeID_FW
0xfc28e4f3,GetFaceAuthBinAddr_FW
0xfc28e4f7,GetFaceAuthBinSize_FW
0xfc454529,GetFirmwareVersion_FW
0xfc0c950d,GetFixedPWMOutA_FW
0xfc0c9513,GetFixedPWMOutB_FW
0xfc3ba3c3,GetFocusDefaultResetPosition_FW
0xfc3ba2c3,GetFocusLensAvCoefficient_FW
0xfc6606c9,GetFocusLensCarrierFrequency_FW
0xfc5ed3d7,GetFocusLensCurrentPosition_FW
0xfc5ed3db,GetFocusLensCurrentPositionWithMotor_FW
0xfc5ed3df,GetFocusLensDriveVoltage_FW
0xfc36ee31,GetFocusLensFinalStopSettingTime_FW
0xfc5ed44f,GetFocusLensGainSlope_FW
0xfc5ed421,GetFocusLensHoldVoltage_FW
0xfc65fb85,GetFocusLensIrisCoefficient_FW
0xfc660577,GetFocusLensLoadCamTable_FW
0xfc66055b,GetFocusLensLoadSubjectDistance_FW
0xfc660615,GetFocusLensMoveMaxPosition_FW
0xfc660625,GetFocusLensMoveMinPosition_FW
0xfc660639,GetFocusLensMoveRangeOfTelePoint_FW
0xfc660557,GetFocusLensPositionRatio_FW
0xfc3b9cf1,GetFocusLensPullInMaxSpeed_FW
0xfc4e8f5d,GetFocusLensResetDefaultPosition_FW
0xfc4e8f51,GetFocusLensResetPosition_FW
0xfc5ffc61,GetFocusLensResetVoltage_FW
0xfc3b9f51,GetFocusLensSubjectDistance
0xfc660541,GetFocusLensSubjectDistance_FW
0xfc660553,GetFocusLensSubjectDistanceNumber_FW
0xfc48d201,GetFocusPiSensorLevel_FW
0xfc3ba369,GetFocusResetPosition_FW
0xfc0b3289,GetFocusStartZoomPosition_FW
0xfc6643cd,GetFrameRateWithApex_FW
0xfc665e8d,GetFromCountOfRom_FW
0xfc0c91bf,GetGyro10BitDACPitch_FW
0xfc6628f3,GetGyro10BitDACRoll_FW
0xfc0c91c7,GetGyro10BitDACYaw_FW
0xfc0c9167,GetGyroDataPitch_FW
0xfc6628d1,GetGyroDataRoll_FW
0xfc0c917f,GetGyroDataYaw_FW
0xfc66239f,GetGyroFilterCharge_FW
0xfc66a3d1,GetGyroFilterChargeStatus_FW
0xfc0c91cf,GetGyroHPFINOffsetPitch_FW
0xfc662915,GetGyroHPFINOffsetRoll_FW
0xfc0c91d7,GetGyroHPFINOffsetYaw_FW
0xfc0c91df,GetGyroHPFINPitch_FW
0xfc662929,GetGyroHPFINRoll_FW
0xfc0c91e5,GetGyroHPFINYaw_FW
0xfc665d65,GetHour_FW
0xfc15e00d,GetInputAverageLevel_FW
0xfc454573,GetInternalFirmwareVersion_FW
0xfc164bc9,GetIrisAv_FW
0xfc660b9d,GetIrisAvHysteresisOfPosition_FW
0xfc164d37,GetIrisCurrentPosition_FW
0xfc48c879,GetIrisDriveVoltage_FW
0xfc48c881,GetIrisDriveVoltageLow_FW
0xfc48c8a3,GetIrisHoldVoltage_FW
0xfc48d231,GetIrisPiSensorLevel_FW
0xfc164f6b,GetIrisPRResetPosition_FW
0xfc48c893,GetIrisSettingWaitVoltage_FW
0xfc48c7eb,GetIrisSpecClosePosition_FW
0xfc48c7df,GetIrisSpecOpenPosition_FW
0xfc6622a1,GetISCenterDrivebyAxisType_FW
0xfc661fa3,GetISCenterShiftA_FW
0xfc661fb5,GetISCenterShiftB_FW
0xfc661edd,GetISCrossTalkComp_FW
0xfc66a3f5,GetISCrossTalkCompCoeff_FW
0xfc661ca5,GetISDriveAaxis_FW
0xfc661cb9,GetISDriveBaxis_FW
0xfc6623b3,GetISFirmVersion_FW
0xfc66a2ef,GetISGyro10BitDACPitch_FW
0xfc66a2f3,GetISGyro10BitDACYaw_FW
0xfc66a2df,GetISGyroData_FW
0xfc66a2d7,GetISGyroDataPitch_FW
0xfc66a2db,GetISGyroDataYaw_FW
0xfc6622ed,GetISGyroGainAaxis_FW
0xfc662301,GetISGyroGainBaxis_FW
0xfc662315,GetISGyroGainbyAxisType_FW
0xfc66a2fb,GetISGyroHPFINOffsetPitch_FW
0xfc66a2ff,GetISGyroHPFINOffsetYaw_FW
0xfc66a2e3,GetISGyroHPFINPitch_FW
0xfc66a2e7,GetISGyroHPFINYaw_FW
0xfc66a2f7,GetISGyroOffset10BitDACData_FW
0xfc66a303,GetISGyroOffsetHPFINData_FW
0xfc66a4e9,GetISGyroPitchGain_FW
0xfc66a4ef,GetISGyroYawGain_FW
0xfc661e39,GetISHallAmpFirstGain_FW
0xfc66a46f,GetISHallDevicePitchGain_FW
0xfc66a45d,GetISHallDevicePitchOffset_FW
0xfc66a475,GetISHallDeviceYawGain_FW
0xfc66a463,GetISHallDeviceYawOffset_FW
0xfc661d4d,GetISHallGainAaxis_FW
0xfc661d61,GetISHallGainBaxis_FW
0xfc661d75,GetISHallGainbyAxisType_FW
0xfc661cf5,GetISHallOffsetAaxis_FW
0xfc661d09,GetISHallOffsetBaxis_FW
0xfc661d1d,GetISHallOffsetbyAxisType_FW
0xfc661d39,GetISHallOffsetDacBitNum_FW
0xfc66a523,GetISHallOffsetDAConvertValue_FW
0xfc66a23f,GetISHallOffsetDACValue_FW
0xfc661dcf,GetISHallOut1Amp_FW
0xfc661de9,GetISHallOut2Amp_FW
0xfc66a2eb,GetISHPFINGyroData_FW
0xfc66a22f,GetISLens1stHallAmpValue_FW
0xfc66a24f,GetISLensCorrectedEViAaxis_FW
0xfc66a255,GetISLensCorrectedEViBaxis_FW
0xfc66a25b,GetISLensDampAaxis_FW
0xfc66a25f,GetISLensDampBaxis_FW
0xfc66a48d,GetISLensDriveValue_FW
0xfc66a243,GetISLensEViAaxis_FW
0xfc66a249,GetISLensEViBaxis_FW
0xfc66a4f5,GetISLensGyroGain_FW
0xfc66a47b,GetISLensHallGain_FW
0xfc66a469,GetISLensHallOffset_FW
0xfc66a4e5,GetISLensPositionValue_FW
0xfc6623e7,GetISParamVersion_FW
0xfc66a481,GetISPitchPWM_FW
0xfc661ccd,GetISPositionAaxis_FW
0xfc661ce1,GetISPositionBaxis_FW
0xfc0c8dd7,GetISPWMFreqData_FW
0xfc0c8dd7,GetISPWMFrequency_FW
0xfc0c8ddb,GetISPWMPeriod_FW
0xfc66a493,GetISShiftLensPitchPosition_FW
0xfc66a497,GetISShiftLensYawPosition_FW
0xfc66a487,GetISYawPWM_FW
0xfc09b723,GetKbdState
0xfc66607b,GetLastVBatADLevel_FW
0xfc10b459,GetLatestHVPosition_FW
0xfc0ed0fd,GetLcdPosition_FW
0xfc1c9aa7,GetLensErrorStatus_FW
0xfc3bb05d,GetLogData_FW
0xfc3bb061,GetLogDataOnlyAddMemory_FW
0xfc3bd757,GetLogicalEventName_FW
0xfc0bc7e3,GetLogToFile_FW
0xfc66a3b1,GetLoopGain_FW
0xfc661ebd,GetLoopGainAdjValue_FW
0xfc661e75,GetLoopGainCalcData_FW
0xfc66a37d,GetLoopGainCalcData_FW
0xfc662459,GetLPFParallelBest_FW
0xfc6641dd,GetLvMagWindowInfo_FW
0xfc155b4f,getMacAddress_FW
0xfc156fd7,getMacAddressBy1byte_FW
0xfc66256d,GetMacroISAngleAndVelocityA_FW
0xfc66258f,GetMacroISAngleAndVelocityB_FW
0xfc66a423,GetMacroISEstimateRadius_FW
0xfc66a427,GetMacroISEstimateVelocity_FW
0xfc6624ff,GetMacroISEstimRadiusA_FW
0xfc662511,GetMacroISEstimRadiusB_FW
0xfc66a40d,GetMacroISGain_FW
0xfc66252d,GetMacroISGainA_FW
0xfc66253f,GetMacroISGainB_FW
0xfc2ba531,GetMacroSupportZoomPoint_FW
0xfc5e38f3,GetMechaAdjParamData_FW
0xfc0b3291,GetMechaCondition_FW
0xfc6623cd,GetMechaDSPVersion_FW
0xfc661147,GetMechaShutterCloseDacSetting_FW
0xfc1ca745,GetMechaShutterMoveTime_FW
0xfc661173,GetMechaShutterOpenDacSetting_FW
0xfc1ca763,GetMechaShutterStatus_FW
0xfc675399,GetMemInfo
0xfc665d7b,GetMinute_FW
0xfc5eca61,GetModeDialName_FW
0xfc5ec9ed,GetModeDialState_FW
0xfc665d37,GetMonth_FW
0xfc662289,GetMoveEdgeWaitTime_FW
0xfc0c6b21,GetMovieJpegVRAMHPixelsSize_FW
0xfc0c6b29,GetMovieJpegVRAMVPixelsSize_FW
0xfc66638b,GetMShutterDacValue_FW
0xfc666397,GetMShutterStatus_FW
0xfc5ee38b,GetNdMoveTime_FW
0xfc5ecc09,GetNFCOptUnitAssemblyAreaData_FW
0xfc5ecb3d,GetNFCSystemAreaData_FW
0xfc5ecb93,GetNFCUserAreaData_FW
0xfc1567e3,getNickNameByAliasID_FW
0xbfe1529d,GetNumberOfPostedMessages
0xfc66784f,GetObClampValue_FW
0xfc489403,GetOnlyAEIntegData_FW
0xfc453a51,GetOpticalMilliTemperature_FW
0xfc45392b,GetOpticalTemperature
0xfc45392b,GetOpticalTemperature_FW
0xfc480ef5,getOTPUserData_FW
0xfc2a6deb,GetParameterData
0xfc665771,GetPixelsOfViewangle_FW
0xfc0ed109,GetPopupOpen_FW
0xfc08e521,GetProductID_FW
0xfc3b8387,GetPropertyCase
0xfc5e4023,GetPropertyCase_FW
0xfc66413b,GetRawBufferAdd_FW
0x010e2285,GetRomID
0xfc0c78a3,GetRomID_FW
0xfc453489,GetScalar_Acceleration_FW
0xfc0ed0e1,GetSDDetect_FW
0xfc0ed0e7,GetSDProtect_FW
0xfc665d91,GetSecond_FW
0xfc36dd33,GetSelfControllerHandle_FW
0xbfe154a1,GetSemaphoreValue
0xfc66789d,GetSensorPreGain_FW
0xfc66438f,GetShutterSpeedRegularMaxLimit_FW
0xfc6643a1,GetShutterSpeedRegularMinLimit_FW
0xfc10a043,GetSlantAngle_FW
0xfc453337,GetSlantData_FW
0xfc662267,GetSlowWaitTime_FW
0xfc150e35,GetSRAndDisableInterrupt
0xfc47fd4f,getSTAList_FW
0xfc1d1fb7,GetStringWithPrompt_FW
0xfc665221,GetSumYOfVRAMCenterLine_FW
0xfc0ed089,GetSwitchStatus_FW
0xfc662ff5,GetSystemTime
0xfc662ff5,GetSystemTime_FW
0xfc06d43d,GetTestRecCrawAddress_FW
0xfc5e3c59,GetTimeFromRTC_FW
0x010e1255,GetTimeOfSystem_FW
0xfc5ec697,GetTotalShootCount_FW
0xfc021557,GetTransparentMemory_FW
0xfc021579,GetTransparentMemoryPosition_FW
0xfc02154b,GetTransparentMemorySize_FW
0xfc163fcb,GetUsableAvRange
0xfc5e294d,GetUsableMaxAv
0xfc5e294d,GetUsableMaxAv_FW
0xfc5e293b,GetUsableMinAv
0xfc5e293b,GetUsableMinAv_FW
0xfc664383,GetUserSetShutterSPeed_FW
0xfc0c2823,GetVBatVoltage_FW
0xfc664b65,GetVideoOutType
0xfc664b65,GetVideoOutType_FW
0xfc0c6b11,GetVRAMHPixelsSize
0xfc0c6b11,GetVRAMHPixelsSize_FW
0xfc0c6b19,GetVRAMVPixelsSize
0xfc0c6b19,GetVRAMVPixelsSize_FW
0xfc0212d3,GetWaitTemperatureDriveType_FW
0xfc66205d,GetWaitTime_FW
0xfc1567b9,getWebServiceNumByAliasID_FW
0xfc5ec611,GetWLANEepromNum_FW
0xfc5ec591,GetWLANMACAddress_FW
0xfc109e9b,GetX_AxisAcceleration_FW
0xfc109e8f,GetY_AxisAcceleration_FW
0xfc665d1b,GetYear_FW
0xfc109e83,GetZ_AxisAcceleration_FW
0xfc34462b,GetZoomActuatorCurrentPosition_FW
0xfc3445d3,GetZoomActuatorSpeedPPS_FW
0xfc6001df,GetZoomAmpereLimitOffTime_FW
0xfc65f039,GetZoomDefaultCommonDriveParam_FW
0xfc65ef89,GetZoomDefaultDriveParam_FW
0xfc1cb607,GetZoomDrivingTime_FW
0xfc1caca9,GetZoomLensCurrentPoint
0xfc1caca9,GetZoomLensCurrentPoint_FW
0xfc4eadfd,GetZoomLensCurrentPosition
0xfc1cac3d,GetZoomLensCurrentPosition_FW
0xfc6614c5,GetZoomLensDriveAmpereDac_FW
0xfc1cb603,GetZoomLensMechaEdgePosition_FW
0xfc1cb627,GetZoomLensMinimumSpeedMoveLimitTime_FW
0xfc65e80b,GetZoomLensResetPlus_FW
0xfc1cb07f,GetZoomLensTelePoint_FW
0xfc65efff,GetZoomNormalDriveParam_FW
0xfc48e599,GetZoomPiChangePosition_FW
0xfc48e425,GetZoomPiDefaultPosition_FW
0xfc48d1d1,GetZoomPiSensorLevel_FW
0xfc65efc5,GetZoomResetDriveParam_FW
0xfc48e439,GetZoomResetSensorLevel_FW
0xfc1cb07f,GetZoomTelePoint_FW
0xbfe15471,GiveSemaphore
0xbfe15471,GiveSemaphore_FW
0xbfe12093,givesemaphore_low
0xfc237953,GraphicSystemCoreFinish
0xfc16ed8b,GraphicSystemCoreFinish_helper
0xfc0f4075,GUISrv_StartGUISystem_FW
0xfc47ccff,handle_PTP_OC_0x9038
0xfc47cd8b,handle_PTP_OC_0x9039
0xfc47ce1b,handle_PTP_OC_0x903a
0xfc47ce8b,handle_PTP_OC_0x903b
0xfc47ceb3,handle_PTP_OC_0x904b
0xfc47c87b,handle_PTP_OC_0x904c
0xfc100029,handle_PTP_OC_0x9050
0xfc0ff9c5,handle_PTP_OC_0x9051
0xfc0fff9b,handle_PTP_OC_0x9052
0xfc0fff0d,handle_PTP_OC_0x9053
0xfc0ffe5d,handle_PTP_OC_0x9057
0xfc0ffce5,handle_PTP_OC_0x9058
0xfc0ffc35,handle_PTP_OC_0x9059
0xfc0ffb4b,handle_PTP_OC_0x905a
0xfc0ffa6d,handle_PTP_OC_0x905b
0xfc100029,handle_PTP_OC_0x905c
0xfc0ff9c5,handle_PTP_OC_0x905d
0xfc47d64d,handle_PTP_OC_0x9060
0xfc47d6a9,handle_PTP_OC_0x9062
0xfc1a210f,handle_PTP_OC_0x9801
0xfc1a1e7d,handle_PTP_OC_0x9802
0xfc1a1d1f,handle_PTP_OC_0x9803
0xfc1a1c6f,handle_PTP_OC_0x9804
0xfc1a18e7,handle_PTP_OC_0x9805
0xfc100a7b,handle_PTP_OC_CANON_ChangeUSBProtocol
0xfc1a832f,handle_PTP_OC_CANON_CheckEvent
0xfc1a76b3,handle_PTP_OC_CANON_EOS_AfCancel
0xfc1a62ed,handle_PTP_OC_CANON_EOS_CancelTransfer
0xfc1a5c21,handle_PTP_OC_CANON_EOS_DeleteObject
0xfc1a75db,handle_PTP_OC_CANON_EOS_DoAf
0xfc1a6407,handle_PTP_OC_CANON_EOS_EndGetPartialObjectEx
0xfc1a5c83,handle_PTP_OC_CANON_EOS_FormatStore
0xfc1a64c1,handle_PTP_OC_CANON_EOS_GetCTGInfo
0xfc1a3077,handle_PTP_OC_CANON_EOS_GetEvent
0xfc1a5b9b,handle_PTP_OC_CANON_EOS_GetObjectInfo
0xfc1a5eaf,handle_PTP_OC_CANON_EOS_GetObjectInfoEx
0xfc1a5daf,handle_PTP_OC_CANON_EOS_GetPartialObject
0xfc1a631b,handle_PTP_OC_CANON_EOS_GetPartialObjectEx
0xfc1a59bd,handle_PTP_OC_CANON_EOS_GetStorageIDs
0xfc1a5a57,handle_PTP_OC_CANON_EOS_GetStorageInfo
0xfc1a6093,handle_PTP_OC_CANON_EOS_GetThumbEx
0xfc1a7305,handle_PTP_OC_CANON_EOS_GetViewFinderData
0xfc1a5817,handle_PTP_OC_CANON_EOS_KeepDeviceOn
0xfc1a710d,handle_PTP_OC_CANON_EOS_RemoteReleaseOff
0xfc1a701b,handle_PTP_OC_CANON_EOS_RemoteReleaseOn
0xfc1a2eef,handle_PTP_OC_CANON_EOS_RequestDevicePropValue
0xfc1a68b1,handle_PTP_OC_CANON_EOS_RequestInnerDevelopEnd
0xfc1a676b,handle_PTP_OC_CANON_EOS_RequestInnerDevelopStart
0xfc1a57e9,handle_PTP_OC_CANON_EOS_ResetUILock
0xfc1a2e01,handle_PTP_OC_CANON_EOS_SetDevicePropValueEx
0xfc1a572b,handle_PTP_OC_CANON_EOS_SetEventMode
0xfc1a624b,handle_PTP_OC_CANON_EOS_SetObjectAttributes
0xfc1a6705,handle_PTP_OC_CANON_EOS_SetRating
0xfc1a6f7d,handle_PTP_OC_CANON_EOS_SetRemoteMode
0xfc1a5845,handle_PTP_OC_CANON_EOS_SetRequestOLCInfoGroup
0xfc1a57b9,handle_PTP_OC_CANON_EOS_SetUILock
0xfc1a7617,handle_PTP_OC_CANON_EOS_TouchAfPosition
0xfc1a62bd,handle_PTP_OC_CANON_EOS_TransferComplete
0xfc47c593,handle_PTP_OC_CANON_GetObjectAttributes
0xfc47ca6d,handle_PTP_OC_CANON_GetObjectHandleByName
0xfc47d189,handle_PTP_OC_CANON_GetObjectInfoEx
0xfc47c3fd,handle_PTP_OC_CANON_GetPartialObjectEx
0xfc47c283,handle_PTP_OC_CANON_GetPartialObjectInfo
0xfc47d35b,handle_PTP_OC_CANON_SendObjectByPath
0xfc47c64b,handle_PTP_OC_CANON_SendObjectInfoByPath
0xfc47d4f5,handle_PTP_OC_CANON_SendPartialObject
0xfc47c5ef,handle_PTP_OC_CANON_SetObjectArchive
0xfc47cb25,handle_PTP_OC_CANON_SetObjectTime
0xfc1554ff,handle_PTP_OC_CloseSession
0xfc47cb71,handle_PTP_OC_DeleteObject
0xfc47cc69,handle_PTP_OC_FormatStore
0xfc1555ff,handle_PTP_OC_GetDeviceInfo
0xfc35acf9,handle_PTP_OC_GetDevicePropDesc
0xfc35ac2f,handle_PTP_OC_GetDevicePropValue
0xfc47cf7b,handle_PTP_OC_GetNumObjects
0xfc47bf15,handle_PTP_OC_GetObject
0xfc47d035,handle_PTP_OC_GetObjectHandles
0xfc47c1fd,handle_PTP_OC_GetObjectInfo
0xfc47c08f,handle_PTP_OC_GetPartialObject
0xfc47b897,handle_PTP_OC_GetStorageIDs
0xfc47b931,handle_PTP_OC_GetStorageInfo
0xfc47c005,handle_PTP_OC_GetThumb
0xfc155565,handle_PTP_OC_OpenSession
0xfc35a9eb,handle_PTP_OC_ResetDevicePropValue
0xfc47d35b,handle_PTP_OC_SendObject
0xfc47c64b,handle_PTP_OC_SendObjectInfo
0xfc35ab41,handle_PTP_OC_SetDevicePropValue
0xfc47c195,handle_PTP_OC_SetObjectProtection
0xfc0b278f,HardwareDefect_FW
0xfc65c431,HdmiAudioSampleFreq_FW
0xfc65c3d3,HdmiChange5VShortState_FW
0xfc0af763,HdmiRegDump_FW
0xfc65c3d1,HdmiSetOutputResolusion_FW
0xfc0d7395,HdmiViewParameter_FW
0xbfe1452f,heap_alloc
0xbfe145ef,heap_free
0xfc65c3d9,HecHdmiCecPhysicalCheckForScript_FW
0xfc66a0e1,HitISLensAgainstBottomEdge_FW
0xfc66a0ed,HitISLensAgainstLeftEdge_FW
0xfc66a0f9,HitISLensAgainstRightEdge_FW
0xfc66a0d5,HitISLensAgainstTopEdge_FW
0xfc66a105,HitISLensToMechaEdge_FW
0xfc66a297,HitISMechaEdgeInOpenControl_FW
0xfc150e01,icache_flush_range
0xfc44fd27,imager_active_callback
0xfc44fdbb,ImagerActivate
0xfc155bc7,imlInitialize_FW
0xfc4d2923,IMX183OBClamp.DisableEvent_FW
0xfc4d2919,IMX183OBClamp.EnableEvent_FW
0xfc4d2981,IMX183OBClamp.SetChOffK_FW
0xfc4d292b,IMX183OBClamp.SetDeltaGainThresh_FW
0xfc4d2975,IMX183OBClamp.SetKidsThresh_FW
0xfc3bb073,InactivateAdjLog_FW
0xfc0a2499,init_error_handlers
0xfc0669c1,init_ex_drivers
0xfc06647b,init_task_error
0xfc1aa621,initComDiscovery_FW
0xfc5e4c0d,InitializeAdjustmentFunction_FW
0xfc5e4bcd,InitializeAdjustmentSystem_FW
0xfc2df98f,InitializeAudio_FW
0xfc06c96f,Initializedccd_FW
0xfc02123b,InitializeDefectRec_FW
0xfc06c96f,InitializeDigicon_FW
0xfc021a7f,InitializeFAExtendFile_FW
0xfc021a69,InitializeFAGeneralTest_FW
0xfc6663dd,InitializeMechaDevice_FW
0xfc65f947,InitializeMechaUnitExeTest_FW
0xfc5ecaaf,InitializeNFCAdjustment_FW
0xfc10af0f,InitializePDSDriver_FW
0xfc4819c5,InitializePTPIPTransportResponder_FW
0xfc5ec985,InitializeSoundDevForRecEvent_FW
0xfc02181d,InitializeSoundRec_FW
0xfc06c259,InitializeTestRec_FW
0xfc088a81,InitializeWLAN_FW
0xfc1595f1,is_movie_recording
0xfc662881,ISActive_FW
0xfc667915,IsAdjCdsMode_FW
0xfc661bf5,ISAutoCenter_FW
0xfc65fadb,IsAvailableCZSpeed_FW
0xfc453b3d,IsBatteryTemperature_FW
0xfc453b19,IsCCDTemperature_FW
0xfc661c1f,ISChangeOPENtoCLOSE_FW
0xfc39b327,IsControlEventActive_FW
0xfc66240f,ISControlStart_FW
0xfc662419,ISControlStop_FW
0xfc088955,IsDUIDFixFlag_FW
0xfc664c11,IsEVFDrive_FW
0xfc664edd,IsEvfDriveMode_FW
0xfc664457,IsExStrobeChargeComp_FW
0xfc0880af,IsFAConnectUSB_FW
0xfc088903,IsFactoryMode_FW
0xfc0880a9,IsFAWLANRunning_FW
0xfc661feb,ISFixedPWMOFF_FW
0xfc661fdf,ISFixedPWMON_FW
0xfc3ba34b,IsFocusLensOutSidePosition_FW
0xfc0ed105,IsHvSensorExist_FW
0xfc0c887b,ISInitMotion_FW
0xfc0b326f,IsLensOutside_FW
0xfc3bb08b,IsLogOutType_FW
0xfc661e03,ISMDStart_FW
0xfc661e0d,ISMDStop_FW
0xfc662645,ISMemoryWrite_FW
0xfc0888ed,IsMountLens_FW
0xfc661c11,ISMoveToMechaEdgeOPEN_FW
0xfc088985,IsNormalCameraMode_FW
0xfc28e4fd,IsOKFaceAuthBinFile_FW
0xfc453af5,IsOpticalTemperature_FW
0xfc662423,ISPanModeStart_FW
0xfc66242d,ISPanModeStop_FW
0xfc0bc7f9,IsRomLogAvailable_FW
0xfc5eca6f,IsSDDetect_FW
0xfc0c41a7,IsStrobeChargeCompleted
0xfc1cd479,IsUnitFirmMode_FW
0xfc368171,IsWirelessConnect
0xfc343ff3,IsZoomActuatorResetSensorPlusSide_FW
0xfc1cb383,IsZoomLensOutSidePosition_FW
0xfc34c75c,j1_dry_memcpy_bytes
0xbfe14fed,j1_GetSRAndDisableInterrupt
0xbfe14ff1,j1_SetSR
0x010e1691,j1_strftime
0xbfe14111,j2_GetSRAndDisableInterrupt
0xbfe1411b,j2_SetSR
0x010ee23b,j2_strftime
0xfc34d25c,j__log10
0xfc34d0cc,j__pow
0xfc488e87,j_AbortAEIntegralValue_FW
0xfc34ce0c,j_AcquireRecursiveLock
0xfc34ce3c,j_AcquireRecursiveLockStrictly
0xfc155ba5,j_autoIPAddressing_FW
0xfc5e3bb1,j_BeepDrive_FW
0xfc5e3bb5,j_BeepDriveComp_FW
0xfc5e3bb9,j_BeepDriveStop_FW
0xfc34d284,j_bzero
0xfc65c439,j_CecRegDump_FW
0xfc34d0bc,j_CheckAllEventFlag
0xfc34cf94,j_CheckAnyEventFlag
0xfc34d20c,j_ClearEventFlag
0xfc6641ab,j_ClearImageDrive_FW
0xfc5ecc3b,j_ClearNFCOptUnitAssemblyAreaData_FW
0xfc5ecab9,j_ClearNFCSystemArea_FW
0xfc282f27,j_closedir
0xfc34d15c,j_CreateBinarySemaphore
0xfc34d0e4,j_CreateBinarySemaphoreStrictly
0xfc34ce2c,j_CreateCountingSemaphoreStrictly
0xfc34cf84,j_CreateEventFlag
0xfc34d24c,j_CreateEventFlagStrictly
0xfc34ccbc,j_CreateMessageQueue
0xfc34d074,j_CreateMessageQueueStrictly
0xfc34cddc,j_CreateRecursiveLock
0xfc34ce5c,j_CreateRecursiveLockStrictly
0xfc34d12c,j_createsemaphore_low
0xfc34ce64,j_CreateTask
0xfc34d0dc,j_CreateTaskStrictly
0xfc08dcf5,j_CreateUserSettingMirror_FW
0x010ee3dc,j_dcache_flush_and_enable
0xfc34d28c,j_DebugAssert
0xfc34cc94,j_DebugAssert2
0xfc34d214,j_DeleteEventFlag
0xfc34cfbc,j_DeleteMessageQueue
0xfc34d164,j_DeleteSemaphore
0xfc34d184,j_dry_error_printf
0xfc34d294,j_dry_memcpy
0xfc34c759,j_dry_memcpy_bytes
0xfc34d13c,j_dry_memmove_bytes
0xfc34d234,j_dry_memset
0xfc34d22c,j_dry_memzero
0xfc468457,j_E2LatOn_FW
0xfc4ce689,j_EF.ExtGetIntegValue_FW
0xfc4ce549,j_EF.GetAdjustPreSvOffset_FW
0xfc4ce54d,j_EF.GetEFModExamDriveType_FW
0xfc4ce603,j_EF.IsChargeFull_FW
0xfc4ce551,j_EF.IsIrisTypeKosaiShibori_FW
0xfc5e413d,j_exec_FW
0xfc06d4c1,j_Executedccd_FW
0xfc06d4bd,j_ExecuteDigicon_FW
0xfc1b578d,j_ExecuteShutDownPropertyService_FW
0xfc098cdb,j_ExMem.AllocCacheable_FW
0xfc098cd3,j_ExMem.AllocUncacheable_FW
0xfc098cdf,j_ExMem.FreeCacheable_FW
0xfc098cd7,j_ExMem.FreeUncacheable_FW
0xfc098ccf,j_ExMem.View_FW
0xfc3bf9d5,j_free
0xfc1ca8f7,j_get_current_nd_value
0xfc34d1ac,j_get_self_task_id
0xfc34d1a4,j_get_task_properties
0xfc45358b,j_GetAcceleHvPosition_FW
0xfc5e3bad,j_GetAdChValue_FW
0xfc08d7a9,j_GetAdjTableVersion_FW
0xfc5e3ba9,j_GetAdVBattBottom_FW
0xfc48913b,j_GetAEIntegWinData_FW
0xfc5ec341,j_GetAoriAccelerationData_FW
0xfc45358f,j_GetAoriAngle_FW
0xfc5e3c4d,j_GetBatteryCoverClose_FW
0xfc453b7d,j_GetBatteryMilliTemperature_FW
0xfc453b77,j_GetBatteryTemperature_FW
0xfc5eccb1,j_GetBatteryVoltage_FW
0xfc5ec695,j_GetCameraInformationData_FW
0xfc453b7b,j_GetCCDMilliTemperature_FW
0xfc453b75,j_GetCCDTemperature_FW
0xfc66785b,j_GetCdsGainValue_FW
0xfc667893,j_GetCdsPreGainReg_FW
0xfc5e29cf,j_GetCurrentAvCoefficient_FW
0xfc5e27bb,j_GetCurrentAvValue_FW
0xfc5ec649,j_GetCurrentCcdTemp_FW
0xfc6678b5,j_GetCurrentDriveBaseSvValue_FW
0xfc6642ef,j_GetCurrentExposureTime_FW
0xfc667a8f,j_GetCurrentFocusLensPosition_FW
0xfc667a8f,j_GetCurrentFocusPosition_FW
0xfc5e2963,j_GetCurrentIrisPosition_FW
0xfc5ec66f,j_GetCurrentOptTemp_FW
0xfc6642fb,j_GetCurrentShutterSpeed_FW
0xfc667a55,j_GetCurrentTargetDistance_FW
0xfc65e9a9,j_GetCurrentZoomLensDirection_FW
0xfc65e991,j_GetCurrentZoomLensPoint_FW
0xfc65e989,j_GetCurrentZoomLensPosition_FW
0xfc65e991,j_GetCurrentZoomPoint_FW
0xfc65e989,j_GetCurrentZoomPosition_FW
0xfc06d4c5,j_GetdccdFilterValue_FW
0xfc06d4c3,j_GetdccdImage_FW
0xfc6660b9,j_GetDCPAdjOffset_FW
0xfc5e3c45,j_GetDialEventId_FW
0xfc66a3df,j_GetDISModeParameter_FW
0xfc5e3c55,j_GetDriverInfoEvent_FW
0xfc6660d5,j_GetEFUSEData_FW
0xfc34d03c,j_GetEventFlagValue
0xfc1bd925,j_GetFaceAuthBinAddr_FW
0xfc1bd929,j_GetFaceAuthBinSize_FW
0xfc662013,j_GetFixedPWMOutA_FW
0xfc662017,j_GetFixedPWMOutB_FW
0xfc667a45,j_GetFocusDefaultResetPosition_FW
0xfc66084d,j_GetFocusLensAvCoefficient_FW
0xfc660531,j_GetFocusLensCurrentPosition_FW
0xfc660535,j_GetFocusLensCurrentPositionWithMotor_FW
0xfc660599,j_GetFocusLensDriveVoltage_FW
0xfc6608c1,j_GetFocusLensFinalStopSettingTime_FW
0xfc6605ed,j_GetFocusLensGainSlope_FW
0xfc6605c1,j_GetFocusLensHoldVoltage_FW
0xfc660635,j_GetFocusLensPullInMaxSpeed_FW
0xfc66053d,j_GetFocusLensResetDefaultPosition_FW
0xfc660539,j_GetFocusLensResetPosition_FW
0xfc6605e9,j_GetFocusLensResetVoltage_FW
0xfc660e15,j_GetFocusPiSensorLevel_FW
0xfc667a4d,j_GetFocusResetPosition_FW
0xfc660c4b,j_GetFocusStartZoomPosition_FW
0xfc662355,j_GetGyro10BitDACPitch_FW
0xfc662359,j_GetGyro10BitDACYaw_FW
0xfc662331,j_GetGyroDataPitch_FW
0xfc662335,j_GetGyroDataYaw_FW
0xfc662379,j_GetGyroHPFINOffsetPitch_FW
0xfc66237d,j_GetGyroHPFINOffsetYaw_FW
0xfc662381,j_GetGyroHPFINPitch_FW
0xfc662385,j_GetGyroHPFINYaw_FW
0xfc660a43,j_GetIrisAv_FW
0xfc660a47,j_GetIrisCurrentPosition_FW
0xfc660af3,j_GetIrisDriveVoltage_FW
0xfc660b03,j_GetIrisDriveVoltageLow_FW
0xfc660b23,j_GetIrisHoldVoltage_FW
0xfc660e59,j_GetIrisPiSensorLevel_FW
0xfc5e29d5,j_GetIrisPRResetPosition_FW
0xfc660b13,j_GetIrisSettingWaitVoltage_FW
0xfc660aef,j_GetIrisSpecClosePosition_FW
0xfc660aeb,j_GetIrisSpecOpenPosition_FW
0xfc66a535,j_GetISPWMFreqData_FW
0xfc662033,j_GetISPWMFrequency_FW
0xfc662037,j_GetISPWMPeriod_FW
0xfc09bcc3,j_GetKbdState
0xfc666081,j_GetLastVBatADLevel_FW
0xfc5e3c49,j_GetLcdPosition_FW
0xfc660c47,j_GetLensErrorStatus_FW
0xfc466c95,j_GetMacroSupportZoomPoint_FW
0xfc660ccd,j_GetMechaCondition_FW
0xfc66119f,j_GetMechaShutterMoveTime_FW
0xfc66119b,j_GetMechaShutterStatus_FW
0xfc66582d,j_GetMovieJpegVRAMHPixelsSize_FW
0xfc665835,j_GetMovieJpegVRAMVPixelsSize_FW
0xfc66639b,j_GetMShutterStatus_FW
0xfc661295,j_GetNdMoveTime_FW
0xfc34cdec,j_GetNumberOfPostedMessages
0xfc453b79,j_GetOpticalMilliTemperature_FW
0xfc453b73,j_GetOpticalTemperature_FW
0xfc5e3c6d,j_GetPopupOpen_FW
0xfc34c7b5,j_GetRomID
0xfc5e3c33,j_GetSDDetect_FW
0xfc5e3c37,j_GetSDProtect_FW
0xfc34ce7c,j_GetSemaphoreValue
0xfc66439f,j_GetShutterSpeedRegularMaxLimit_FW
0xfc6643b1,j_GetShutterSpeedRegularMinLimit_FW
0xfc453587,j_GetSlantAngle_FW
0xfc4534c1,j_GetSlantData_FW
0xfc34d174,j_GetSRAndDisableInterrupt
0xfc5e3c25,j_GetSwitchStatus_FW
0xfc5ec719,j_GetTotalShootCount_FW
0xfc5e295d,j_GetUsableMaxAv_FW
0xfc5e294b,j_GetUsableMinAv_FW
0xfc666083,j_GetVBatVoltage_FW
0xfc664bd7,j_GetVideoOutType_FW
0xfc665265,j_GetVRAMHPixelsSize_FW
0xfc66526d,j_GetVRAMVPixelsSize_FW
0xfc45347d,j_GetX_AxisAcceleration_FW
0xfc453481,j_GetY_AxisAcceleration_FW
0xfc453485,j_GetZ_AxisAcceleration_FW
0xfc3445d9,j_GetZoomActuatorCurrentPosition_FW
0xfc661539,j_GetZoomAmpereLimitOffTime_FW
0xfc65ea65,j_GetZoomDrivingTime_FW
0xfc66150b,j_GetZoomLensCurrentPoint_FW
0xfc1cac3d,j_GetZoomLensCurrentPosition
0xfc66150f,j_GetZoomLensCurrentPosition_FW
0xfc661517,j_GetZoomLensMechaEdgePosition_FW
0xfc661549,j_GetZoomLensMinimumSpeedMoveLimitTime_FW
0xfc65f0d9,j_GetZoomLensResetPlus_FW
0xfc661513,j_GetZoomLensTelePoint_FW
0xfc65f3f9,j_GetZoomPiChangePosition_FW
0xfc65f3f5,j_GetZoomPiDefaultPosition_FW
0xfc660e2d,j_GetZoomPiSensorLevel_FW
0xfc65ea31,j_GetZoomResetSensorLevel_FW
0xfc65ea29,j_GetZoomTelePoint_FW
0xfc34c72b,j_GiveSemaphore
0xfc65c43d,j_HdmiRegDump_FW
0xfc34ccd4,j_heap_alloc
0xfc34ccdc,j_heap_free
0xfc155b9d,j_initComDiscovery_FW
0xfc5e3bc1,j_InitializeAudio_FW
0xfc06d4b5,j_Initializedccd_FW
0xfc06d4b5,j_InitializeDigicon_FW
0xfc5e37f5,j_InitializeMechaUnitExeTest_FW
0xfc021867,j_InitializeSoundRec_FW
0xfc06d3a5,j_InitializeTestRec_FW
0xfc5ec469,j_InitializeWLAN_FW
0xfc453b83,j_IsBatteryTemperature_FW
0xfc453b81,j_IsCCDTemperature_FW
0xfc664c29,j_IsEVFDrive_FW
0xfc667da9,j_IsFocusLensOutSidePosition_FW
0xfc5e3c51,j_IsHvSensorExist_FW
0xfc660c43,j_IsLensOutside_FW
0xfc1bd92d,j_IsOKFaceAuthBinFile_FW
0xfc453b7f,j_IsOpticalTemperature_FW
0xfc5ecaa9,j_IsSDDetect_FW
0xfc5e37fd,j_IsUnitFirmMode_FW
0xfc3445dd,j_IsZoomActuatorResetSensorPlusSide_FW
0xfc65ed8d,j_IsZoomLensOutSidePosition_FW
0xfc5ec579,j_LeaveWLANNetwork_FW
0xfc65c377,j_LiveImageTool.GetDzoomPosition_FW
0xfc0d86a7,j_LoadDUIDCheckSum_FW
0xfc666007,j_LoadFactoryNumber_FW
0xfc666079,j_LoadSerialNumber_FW
0xfc34d0d4,j_LocalTime
0xfc3bf9d1,j_malloc
0xfc5e40e7,j_MemoryChecker_FW
0x010ee231,j_mktime_ext
0xfc098ccb,j_NewTaskShell_FW
0xfc09d11d,j_OpLog.WriteToROM_FW
0xfc5e412b,j_Peek16_FW
0xfc5e4127,j_Peek32_FW
0xfc5e412f,j_Peek8_FW
0xfc34cf54,j_PostMessageQueue
0xfc34d00c,j_PostMessageQueueStrictly
0xfc5e40df,j_Printf_FW
0xfc3adb93,j_PTM_AllReset_FW
0xfc3ae40b,j_PTM_BackupUIProperty_FW
0xfc3ae371,j_PTM_GetWorkingCaptureMode_FW
0xfc3ae3ef,j_PTM_IsEnableItem_FW
0xfc3ae3d7,j_PTM_NextItem_FW
0xfc3ae3db,j_PTM_PrevItem_FW
0xfc3ae379,j_PTM_SetCurrentItem_FW
0xfc3ae3f7,j_PTM_SetProprietyEnable_FW
0xfc098c75,j_PutsCameraLogEvent_FW
0xfc3bfa05,j_pvm_free
0xfc3bf9f9,j_pvm_init_pool
0xfc3bfa01,j_pvm_malloc
0xfc3b5dfd,j_Read_FW
0xfc3669b1,j_Rec2PB
0xfc34d07c,j_ReceiveMessageQueue
0xfc676071,j_RegistColorMatrix_FW
0xfc34d01c,j_RegisterInterruptHandler
0xfc66615d,j_RegistFirmVer_FW
0xfc34ce44,j_ReleaseRecursiveLock
0xfc666393,j_ReloadMechaShutterAdjustment_FW
0xfc5ecaef,j_ResetNFCSystemArea_FW
0xfc5e40ef,j_SDump_FW
0xfc34cc00,j_set_assert_handler
0xfc39b0d9,j_set_control_event
0xfc34d134,j_SetEventFlag
0xfc34d16c,j_SetSR
0xfc5e3bbd,j_SetStereoSeparation_FW
0xfc156fbd,j_SetTurnOffDisplay_FW
0xfc098c69,j_ShowCameraLog_FW
0xfc098c6d,j_ShowCameraLogInfo_FW
0xfc34d1dc,j_SleepTask
0xfc2e1687,j_SoundDevClearPath_FW
0xfc2e168d,j_SoundDevSetZoomNCProfile_FW
0xfc2e1689,j_SoundDevZoomNCEffective_FW
0xfc5e4b45,j_SS.GetDigitalZoomPosition_FW
0xfc098c65,j_StartCameraLog_FW
0xfc5ecd01,j_StartDisplayHDMIForFAMode_FW
0xfc661c0d,j_StartISLocalAutoCenter_FW
0xfc661c09,j_StartISLocalHallAdjust_FW
0xfc489583,j_StopAEIntegralService_FW
0xfc098c71,j_StopCameraLog_FW
0xfc5ecd03,j_StopDisplayHDMIForFAMode_FW
0xfc155bb1,j_stopIPAddressing_FW
0xfc3bf91d,j_strcmp_FW
0xfc34d224,j_strftime
0xfc34d114,j_TakeSemaphore
0xfc34d1ec,j_takesemaphore_low
0xfc34d14c,j_TakeSemaphoreStrictly
0xfc155ba1,j_termComDiscovery_FW
0xfc06d4b9,j_Terminatedccd_FW
0xfc06d4b9,j_TerminateDigicon_FW
0xfc5e37f9,j_TerminateMechaUnitExeTest_FW
0xfc021869,j_TerminateSoundRec_FW
0xfc06d3a9,j_TerminateTestRec_FW
0xfc5ec46d,j_TerminateWLAN_FW
0xfc34cf7c,j_time
0xfc4e0b5b,j_TouchPanelStartPolling_FW
0xfc4e0b5f,j_TouchPanelStopPolling_FW
0xfc34cfc4,j_TryPostMessageQueue
0xfc34cf5c,j_TryReceiveMessageQueue
0xfc34cf9c,j_TryTakeSemaphore
0xfc0ba84d,j_TurnOffDisplay
0xfc0dc055,j_UIFS_CancelStoreLensTimer_FW
0xfc0dbdc3,j_UIFS_Capture_FW
0xfc0dbdc7,j_UIFS_CaptureNoneStop_FW
0xfc0dbded,j_UIFS_GetMovieRecoadableNumber_FW
0xfc0dc049,j_UIFS_GetNumberOfDisplayedImage_FW
0xfc0dbd91,j_UIFS_GetNumOfOptZoomPos_FW
0xfc0dbdf1,j_UIFS_GetStillShotableNumber_FW
0xfc0dbfab,j_UIFS_IsAvailableShots_FW
0xfc0dbd89,j_UIFS_MoveZoomTo_FW
0xfc0dbd8d,j_UIFS_MoveZoomToPositionWithTaskSwCtrlServ_FW
0xfc0dc04d,j_UIFS_PlayTrimExecuteAllImageSize_FW
0xfc0dbfeb,j_UIFS_StartMoviePlay_FW
0xfc0dbdcb,j_UIFS_StartMovieRecord_FW
0xfc0dbdcf,j_UIFS_StopMovieRecord_FW
0xfc0dc051,j_UIFS_WirelessExecuteSendForever_FW
0xfc0dbde9,j_UIFS_WriteFirmInfoToFile_FW
0xfc67607b,j_UnregistColorMatrix_FW
0xfc3b8015,j_UnRegisterEventProcTable
0xfc5e3bc5,j_VbattGet_FW
0xfc5e40eb,j_VerifyByte_FW
0xfc34d0f4,j_WaitForAllEventFlag
0xfc34cfa4,j_WaitForAllEventFlagStrictly
0xfc34d254,j_WaitForAnyEventFlag
0xfc34ce14,j_WaitForAnyEventFlagStrictly
0xfc3b5e01,j_Write_FW
0xfc08dec5,j_WRITEADJTABLETOFROM_FW
0xfc5ecc7f,j_WriteNFCSystemAreaForOptUnitAssembly_FW
0xfc5ecacf,j_WriteNFCUserArea_FW
0xfc1559eb,join_network_FW
0xfc5ec489,JoinWLANNetwork_FW
0xfc0ed14b,kbd_p1_f
0xfc0ed153,kbd_p1_f_cont
0xfc0ecb7d,kbd_p2_f
0xfc0ed115,kbd_read_keys
0xfc09b59d,kbd_read_keys_r2
0xfc1563df,LachesisTest_FW
0xfc314455,LcdCon_GetCvfAdjParameter_FW
0xfc0d665f,LcdCon_GetCvfBackLightParameter_FW
0xfc314525,LcdCon_GetCvfParameter_FW
0xfc2a33ef,LcdCon_GetLcdAdjParameter_FW
0xfc0d5e8b,LcdCon_GetLcdBackLightParameter_FW
0xfc2a34c1,LcdCon_GetLcdParameter_FW
0xfc3144ad,LcdCon_SaveCvfAdjParameter_FW
0xfc0d66ad,LcdCon_SaveCvfBackLightParameter_FW
0xfc31457d,LcdCon_SaveCvfParameter_FW
0xfc2a3443,LcdCon_SaveLcdAdjParameter_FW
0xfc0d5ed9,LcdCon_SaveLcdBackLightParameter_FW
0xfc2a3519,LcdCon_SaveLcdParameter_FW
0xfc3143f1,LcdCon_SetCvfAdjParameter_FW
0xfc0d660b,LcdCon_SetCvfBackLightBrightness_FW
0xfc0d6629,LcdCon_SetCvfBackLightParameter_FW
0xfc3143c3,LcdCon_SetCvfDriver_FW
0xfc3144c1,LcdCon_SetCvfParameter_FW
0xfc2a3385,LcdCon_SetLcdAdjParameter_FW
0xfc0d5e51,LcdCon_SetLcdBackLightBrightness_FW
0xfc0d5e55,LcdCon_SetLcdBackLightParameter_FW
0xfc2a334f,LcdCon_SetLcdDriver_FW
0xfc2a3455,LcdCon_SetLcdParameter_FW
0xfc15beef,LcdCon_SetLcdType_FW
0xfc314487,LcdCon_ShowCvfAdjParameter_FW
0xfc0d6689,LcdCon_ShowCvfBackLightParameter_FW
0xfc314557,LcdCon_ShowCvfParameter_FW
0xfc2a341f,LcdCon_ShowLcdAdjParameter_FW
0xfc0d5eb5,LcdCon_ShowLcdBackLightParameter_FW
0xfc2a34f3,LcdCon_ShowLcdParameter_FW
0xfc0dec9d,LCDMsg_ChangeColor_FW
0xfc0dedeb,LCDMsg_Create_FW
0xfc0ded1d,LCDMsg_Delete_FW
0xfc0debcf,LCDMsg_Move_FW
0xfc0dec55,LCDMsg_MoveRatio_FW
0xfc0de9f3,LCDMsg_SetDrawMode_FW
0xfc0deb0f,LCDMsg_SetNum_FW
0xfc0dea51,LCDMsg_SetStr_FW
0xfc0deb8b,LCDMsg_SwDisp_FW
0xfc0df0f1,LCDRect_ChangeColor_FW
0xfc0df2c3,LCDRect_Create_FW
0xfc0df363,LCDRect_Delete_FW
0xfc0deeaf,LCDRect_Move_FW
0xfc0def11,LCDRect_MoveRatio_FW
0xfc0defc1,LCDRect_Resize_FW
0xfc0df023,LCDRect_ResizeRatio_FW
0xfc0df191,LCDRect_SwDisp_FW
0xfc480287,leave_FW
0xfc088b13,LeaveWLANNetwork_FW
0xfc5e3bc9,LEDDrive
0xfc5e3bc9,LEDDrive_FW
0xfc65c353,LiveImageTool.ChangeDzoom_FW
0xfc65c389,LiveImageTool.Dister_FW
0xfc65c31d,LiveImageTool.DzoomTele_FW
0xfc65c32f,LiveImageTool.DzoomWide_FW
0xfc0c67df,LiveImageTool.GetDzoomPosition_FW
0xfc65c37b,LiveImageTool.Jump_FW
0xfc65c34b,LiveImageTool.Pause_FW
0xfc65c34f,LiveImageTool.Resume_FW
0xfc65c28f,LiveImageTool.StartEVF_FW
0xfc65c295,LiveImageTool.StartEVFFocusJet_FW
0xfc65c29b,LiveImageTool.StartEVFMF_FW
0xfc65c2af,LiveImageTool.StartEVFMovFULLHD30P_FW
0xfc65c2bd,LiveImageTool.StartEVFMovFULLHD60P_FW
0xfc65c2a1,LiveImageTool.StartEVFMovFULLHD_FW
0xfc65c2d9,LiveImageTool.StartEVFMovHD60P_FW
0xfc65c2cb,LiveImageTool.StartEVFMovHD_FW
0xfc65c2e7,LiveImageTool.StartEVFMovQVGA_FW
0xfc65c2f3,LiveImageTool.StartEVFMovQVGA_HS_FW
0xfc65c2f7,LiveImageTool.StartEVFMovVGA_FW
0xfc65c305,LiveImageTool.StartEVFMovVGA_HS_FW
0xfc65c341,LiveImageTool.StopDzoom_FW
0xfc65c313,LiveImageTool.StopEVF_FW
0xfc453513,LoadAcceleParamFromFile_FW
0xfc08d81b,LoadAdjustmentTable_FW
0xfc08db09,LoadAdjustmentValue_FW
0xfc5ec465,LoadAvsAdjData_FW
0xfc0d83f1,LoadDataFromAdjTableBin_FW
0xfc08d823,LoadDefectAdjTable_FW
0xfc0d8697,LoadDUID_FW
0xfc0d8675,LoadDUIDCheckSum_FW
0xfc0d86bb,LoadFactoryAdjData_FW
0xfc0d86e9,LoadFactoryIDData_FW
0xfc665f97,LoadFactoryNumber_FW
0xfc0d86d5,LoadHistoryAdjData_FW
0xfc0d8359,LoadParamDataFromAdjTableBin_FW
0xfc0b883b,LoadScript_FW
0xfc666009,LoadSerialNumber_FW
0x010e1589,LocalTime
0xfc65c433,LockHdmiState_FW
0xfc39ac11,LockMainPower
0xfc39ac11,LockMainPower_FW
0xfc39b647,LogCameraEvent
0xfc3b5e3f,lseek
0xfc3b5e3f,Lseek_FW
0xfc5fedb9,Ltkids.IsChangeParamTest_FW
0xfc5ebfb7,Ltkids.SetCapRtsThrough_FW
0xfc5ebf9b,Ltkids.SetCapThrough_FW
0xfc5ebfd3,Ltkids.SetEventFlg_FW
0xfc5ebff3,Ltkids.SetIsoSpeed_FW
0xfc5ebfc5,Ltkids.SetLiveRtsThrough_FW
0xfc5ebfa9,Ltkids.SetLiveThrough_FW
0xfc6630c5,MakeBootDisk_FW
0xfc021257,MakeDefectTurnTable_FW
0xfc3b5fe7,MakeDirectory_Fut
0xfc6630d1,MakeScriptDisk_FW
0xfc3bf299,malloc
0xfc3bf9d9,malloc_strictly
0xfc020ee9,MarkPointDefData_FW
0xfc5e384b,Mecha.Create_FW
0xfc66261d,MechaCPUMemoryDump_FW
0xfc66262f,MechaCPUMemoryWrite_FW
0xfc5e38a5,MechaReset_FW
0xfc5e38ad,MechaTerminate_FW
0xfc5e3801,MechaUnRegisterEventProcedure_FW
0xfc3bf941,memcmp
0xfc3bf941,memcmp_FW
0xfc16c20d,memcpy
0xfc16c20d,memcpy_FW
0xfc662c1b,MemoryChecker_FW
0xfc493b0d,memset
0x010f4cdc,memset32
0xfc493b0d,memset_FW
0xfc659411,memShow_FW
0xfc0209a5,MergeAndConvertDefect_FW
0xfc020c77,MixPixDetect_FW
0xfc457261,mktime_ext
0xfc5e4065,mod_FW
0xfc660f21,MonSelCamifFunction_FW
0xfc660f2f,MonSelCamifFunctionPlus_FW
0xfc660feb,MonSelCdomainFunction_FW
0xfc661051,MonSelClkgenFunction_FW
0xfc5e40e3,MonSelEvent_FW
0xfc660ec5,MonSelToCamif_FW
0xfc660f8f,MonSelToCdomain_FW
0xfc660ff5,MonSelToClkgen_FW
0xfc65ee83,MoveComputerZoomToPoint_FW
0xfc65eea9,MoveComputerZoomToPointWithSpeed_FW
0xfc36dc87,MoveControllerToTopOfZOrder_FW
0xfc31a3ef,MoveCzPeakPositon_FW
0xfc65fa1d,MoveCZToPoint_FW
0xfc65fa83,MoveCZToPointByOVF_FW
0xfc65fa63,MoveCZToTele_FW
0xfc65fa43,MoveCZToWide_FW
0xfc4225a9,MoveDCMotorCCW_FW
0xfc4224c7,MoveDCMotorCW_FW
0xfc66014b,MoveFocusActuator_FW
0xfc667c81,MoveFocusDistance_FW
0xfc660701,MoveFocusLensChangeCarrierFrequency_FW
0xfc667c81,MoveFocusLensToDistance
0xfc667c81,MoveFocusLensToDistance_FW
0xfc667bdd,MoveFocusLensToPosition_FW
0xfc667b3d,MoveFocusLensToPositionWithMaxSpeed_FW
0xfc667b65,MoveFocusLensToPositionWithSpeed_FW
0xfc65fc23,MoveFocusLensToTerminate_FW
0xfc667ab1,MoveFocusLensToTerminatePosition_FW
0xfc65fc5f,MoveFocusLensToTerminateWithKeepExciting_FW
0xfc66003b,MoveFocusLensTowardPosition_FW
0xfc65fc9b,MoveFocusLensWithDistance_FW
0xfc65fdfd,MoveFocusLensWithFinalPosition_FW
0xfc65ff4b,MoveFocusLensWithFinalPositionWithNonStepOutWithoutBacklash_FW
0xfc65ffc3,MoveFocusLensWithFinalPositionWithoutBacklash_FW
0xfc65fd0d,MoveFocusLensWithPosition_FW
0xfc65fe7d,MoveFocusLensWithPositionImmediateReturn_FW
0xfc6600bb,MoveFocusLensWithPositionWithCompBacklash_FW
0xfc65fd85,MoveFocusLensWithPositionWithNonStepOut_FW
0xfc65febd,MoveFocusLensWithPositionWithoutBacklash_FW
0xfc667c09,MoveFocusPosition_FW
0xfc667ab1,MoveFocusToTerminate_FW
0xfc5e285f,MoveIrisFullClose_FW
0xfc5e283d,MoveIrisFullOpen_FW
0xfc5e28c5,MoveIrisMechaPositionWithBacklash_FW
0xfc5e28eb,MoveIrisMechaPositionWithoutBacklash_FW
0xfc5e278d,MoveIrisToAv_FW
0xfc5e2911,MoveIrisToAvWithoutBacklash_FW
0xfc660a25,MoveIrisToFullClose_FW
0xfc660a07,MoveIrisToFullOpen_FW
0xfc6609c7,MoveIrisToPositionWithBacklash_FW
0xfc660a6d,MoveIrisToPositionWithoutBacklash_FW
0xfc66095f,MoveIrisToStandbyPosition_FW
0xfc6609e9,MoveIrisToTerminatePosition_FW
0xfc66097d,MoveIrisWithAv
0xfc66097d,MoveIrisWithAv_FW
0xfc660b4d,MoveIrisWithAvAndAvSpeed_FW
0xfc660b75,MoveIrisWithAvAndAvSpeedWithoutBacklash_FW
0xfc66099f,MoveIrisWithAvAndSpeed_FW
0xfc660a8f,MoveIrisWithAvAndSpeedWithoutBacklash_FW
0xfc660a4b,MoveIrisWithAvWithoutBacklash_FW
0xfc5e28a3,MoveIrisWithTerminatePosition_FW
0xfc66a129,MoveISLensToBottomLimitPosition_FW
0xfc66a519,MoveISLensToCentralPosition_FW
0xfc66a11d,MoveISLensToLeftLimitPosition_FW
0xfc66a141,MoveISLensToLimitPosition_FW
0xfc66a111,MoveISLensToRightLimitPosition_FW
0xfc66a135,MoveISLensToTopLimitPosition_FW
0xfc660be5,MoveLensToFirstPoint_FW
0xfc660c1b,MoveLensToTerminatePoint_FW
0xfc2d2d31,MoveOpticalZoomAt
0xfc34459d,MoveZoomActuator_FW
0xfc66146f,MoveZoomLensToMechaEdge_FW
0xfc65f145,MoveZoomLensToMechaEnd_FW
0xfc65ee5d,MoveZoomLensToPoint_FW
0xfc65ee37,MoveZoomLensToPosition_FW
0xfc65f35f,MoveZoomLensToPositionByManual_FW
0xfc661441,MoveZoomLensToTerminatePosition_FW
0xfc6613ad,MoveZoomLensWithPoint
0xfc6613ad,MoveZoomLensWithPoint_FW
0xfc6613df,MoveZoomLensWithPointImmediateReturn_FW
0xfc66140f,MoveZoomLensWithPosition_FW
0xfc661569,MoveZoomLensWithPositionAndSpeedChange_FW
0xfc65ee5d,MoveZoomPoint_FW
0xfc65ee37,MoveZoomPosition_FW
0xfc183a47,MovieAF.Resume_FW
0xfc183a3d,MovieAF.Suspend_FW
0xfc361e7f,mzrm_createmsg
0xfc361f73,mzrm_sendmsg
0xfc156641,NellConnect_FW
0xfc15662b,NellConnectAdhoc_FW
0xfc0f3a73,NewTaskShell_FW
0xfc15408d,NFCEvt.Create_FW
0xfc154029,NFCEvt.IsNfcStart_FW
0xfc66a453,NotifyISMacroDistance_FW
0xfc021ae5,NR_SetDoubleNRType_FW
0xfc0b2365,NRTBL.SetDarkSubType_FW
0xfc0b2377,NRTBL.SetDefectCorrectType_FW
0xfc0b2389,NRTBL.SetTassenType_FW
0xfc5e3c1b,OffPrintPhySw_FW
0xfc5dc10d,omar_init
0xfc675c97,OneShotWhigeBalance_FW
0xfc675c97,OneTypeWhiteBalance_FW
0xfc5e3c11,OnPrintPhySw_FW
0xfc3b5c27,Open
0xfc151413,open
0xfc3b5c27,Open_FW
0xfc3b5b2d,Open_low
0xfc1d1ff3,OpenConsole_FW
0xfc282e51,OpenFastDir
0xfc3b5e51,OpenForScrip_FW
0xfc6610ef,OpenMechaShutter_FW
0xfc66635d,OpenMShutter_FW
0xfc098c79,OpLog.Create_FW
0xfc09d847,OpLog.Get_FW
0xfc09d85d,OpLog.GetUsrSet_FW
0xfc09d8df,OpLog.Play_FW
0xfc09d13f,OpLog.ReadFromROM_FW
0xfc09d17f,OpLog.ReadFromSD_FW
0xfc09d9d1,OpLog.Start_FW
0xfc09d0b1,OpLog.Stop_FW
0xfc09da5f,OpLog.Terminate_FW
0xfc09d0fd,OpLog.WriteToROM_FW
0xfc09d38b,OpLog.WriteToSD_FW
0xfc3bada7,OutputLogToFile_FW
0xfc156257,PairingDataFull_FW
0xfc155c51,PairingDataOutput_FW
0xfc364f53,PB2Rec
0xfc662fe9,Peek16_FW
0xfc662fe5,Peek32_FW
0xfc662fef,Peek8_FW
0xfc1568c9,PingTest_FW
0xfc5ec56d,PingWLANNetwork_FW
0xfc02089f,PointDefDetect_FW
0xfc020b6f,PointKizuCheck_FW
0xfc5e4113,Poke16_FW
0xfc5e4109,Poke32_FW
0xfc5e411d,Poke8_FW
0xfc3bd8cf,PostEventShootSeqToUI_FW
0xfc3bd79d,PostLogicalEventForNotPowerType
0xfc3bd79d,PostLogicalEventForNotPowerType_FW
0xfc3bd7d1,PostLogicalEventToUI
0xfc3bd7d1,PostLogicalEventToUI_FW
0xbfe151e9,PostMessageQueue
0xbfe15611,PostMessageQueueStrictly
0xfc6647ef,PreFixAE_FW
0xfc3b610b,PrepareDirectory_0
0xfc3b6107,PrepareDirectory_1
0xfc3b6069,PrepareDirectory_x
0xfc08dcf9,PrintAdjKabotanInfo_FW
0xfc08db1f,PrintAdjTableMap_FW
0xfc488763,PrintAllAEIntegData_FW
0xfc454515,PrintBuildDate_FW
0xfc454521,PrintBuildTime_FW
0xfc0b8831,Printf_FW
0xfc3bac41,PrintFaexeVersioin_FW
0xfc3bac1d,PrintFirmVersion_FW
0xfc45452d,PrintFirmwareVersion_FW
0xfc454577,PrintInternalFirmwareVersion_FW
0xfc669921,PrintMultiWinScanTable_FW
0xfc6697cd,PrintScanTable_FW
0xfc2d4aa1,PT_MFOff
0xfc2d4a6d,PT_MFOn
0xfc2d2efb,PT_MoveDigitalZoomToWide
0xfc5e4b05,PT_MoveOpticalZoomAt
0xfc2a6007,PTM_AllReset_FW
0xfc3adb87,PTM_AllResetToFactorySetting_FW
0xfc2a6cff,PTM_BackupUIProperty_FW
0xfc3ae385,PTM_GetCurrentItem
0xfc3ae385,PTM_GetCurrentItem_FW
0xfc2a63bd,PTM_GetWorkingCaptureMode_FW
0xfc2a6c01,PTM_IsEnableItem_FW
0xfc2a668d,PTM_NextItem_FW
0xfc2a6691,PTM_PrevItem_FW
0xfc3adba3,PTM_RestoreUIProperty_FW
0xfc3ae1ff,PTM_SetCurrentCaptureMode_FW
0xfc2a63cd,PTM_SetCurrentItem_FW
0xfc2a6a19,PTM_SetProprietyEnable_FW
0xfc667f29,PutInNdFilter
0xfc667f29,PutInNdFilter_FW
0xfc667f4f,PutOutNdFilter
0xfc667f4f,PutOutNdFilter_FW
0xfc39b509,PutsCameraLogEvent_FW
0xfc06963f,pvm_free
0xfc069741,pvm_get_largest_free_block_size
0xfc3bfa09,pvm_get_largest_free_block_size_ptr
0xfc0695e5,pvm_init_pool
0xfc0696b7,pvm_malloc
0xfc22f395,qsort
0xfc664187,QuietImageDrive_FW
0xfc468321,QuietImager_FW
0xfc457617,rand
0xfc151589,Read
0xfc151589,Read_FW
0xfc282ef1,ReadFastDir
0xfc364f97,Rec2PB
0xfc10aea7,ReceiveDataForPDS_FW
0xfc660e73,ReceiveMechaCircuitData_FW
0xfc660e8b,ReceiveMechaCircuitDataAll_FW
0xbfe15113,ReceiveMessageQueue
0xfc5ec9a1,RecSoundForNCAdjEvent_FW
0xfc480e71,RecvDeauthPacket_FW
0xfc08dca9,RefreshAdjustmentTableMirror_FW
0xfc08dcf1,RefreshDefectTableMirror_FW
0xfc0ec9e7,RegComEventProc_FW
0xfc67604f,RegistColorMatrix_FW
0xfc453557,RegisterElecLevelInfoNotifyCBR_FW
0xfc3b7995,RegisterEventProcedure
0xfc3b79e7,RegisterEventProcedure_alt1
0xfc3b7aeb,RegisterEventProcedure_alt2
0xfc3b7aef,RegisterEventProcTable
0xfc3b8011,RegisterEventProcTable_alt
0xbfe14ea9,RegisterInterruptHandler
0xfc481931,RegisterNotifyConnectPTPIP_FW
0xfc481931,RegisterNotifyPTPIP_FW
0xfc481949,RegisterResponseConnectPTPIP_FW
0xfc481949,RegisterResponsePTPIP_FW
0xfc06d4d1,RegistFirmScanNoticeCBR_FW
0xfc666121,RegistFirmVer_FW
0xfc1566e3,RegPTPCmd_FW
0xfc1566f7,RegPTPIPCmd_FW
0xbfe15a51,ReleaseRecursiveLock
0xfc669751,ReloadAFAdjustment_FW
0xfc667841,ReloadCdsAdjustment_FW
0xfc675fd3,ReloadColorAdjustment_FW
0xfc676149,ReloadDefectAdjustmentData_FW
0xfc66446b,ReloadEfAdjustment_FW
0xfc667a37,ReloadFocusLensAdjustment_FW
0xfc676153,ReloadFROMDefectAdjustmentData_FW
0xfc5e29b5,ReloadGetaAdjustment_FW
0xfc5e29a7,ReloadIrisAdjustment_FW
0xfc66a50f,ReloadISAdjustment_FW
0xfc1ca779,ReloadMechaShutterAdjustment_FW
0xfc667f11,ReloadNdFilterAdjustment_FW
0xfc5ec2f1,ReloadProtractorAdjustment_FW
0xfc67615d,ReloadShadingAdjustmentData_FW
0xfc675d59,ReloadWBAdjustment_FW
0xfc65e9af,ReloadZoomAdjustment_FW
0xfc5ec9bd,ReloadZoomNCProfileEvent_FW
0xfc15707d,RemCap_EpilogFile_FW
0xfc021539,RemoveTransparentMemory_FW
0xfc481891,RequestConnectPTPIP_FW
0xfc4818c5,RequestConnectPTPIPDef_FW
0xfc481801,RequestDisconnectPTPIP_FW
0xfc667cc5,ResetFocus_FW
0xfc65fb97,ResetFocusLens_FW
0xfc660941,ResetIris_FW
0xfc34dd1f,ResetIrisActuator_FW
0xfc5e2881,ResetIrisPosition_FW
0xfc5dd281,ResetNFCSystemArea_FW
0xfc06d4c7,ResetRegistNoticeCBR_FW
0xfc65edd1,ResetZoom_FW
0xfc661331,ResetZoomLens_FW
0xfc661351,ResetZoomLensToFirst_FW
0xfc66137f,ResetZoomLensToTerminate_FW
0xfc65eed5,ResetZoomToAdjFirstPoint_FW
0xfc65ef03,ResetZoomToAdjTerminatePoint_FW
0xfc65edf3,ResetZoomToFirst_FW
0xfc65edf3,ResetZoomToFirstPoint_FW
0xfc65ee15,ResetZoomToTerminate_FW
0xfc65ee15,ResetZoomToTerminatePoint_FW
0xfc4546b7,RomCheckSum_FW
0xfc4544f5,RomIntegrityCheck_FW
0xfc1d1dc5,RotateConsoleZOder_FW
0xfc08da93,SaveAdjustmentTable_FW
0xfc08dae9,SaveAdjustmentValue_FW
0xfc665b1b,SaveBatSenseOffsetAdjustmentTable_FW
0xfc5e4c65,SaveBmpVRAMData_FW
0xfc08dad7,SaveDefectAdjTable_FW
0xfc0d8687,SaveDUID_FW
0xfc0d869b,SaveDUIDCheckSum_FW
0xfc0d86a9,SaveFactoryAdjData_FW
0xfc0d86dd,SaveFactoryIDData_FW
0xfc666087,SaveFactoryReserveData_FW
0xfc667e5b,SaveFocusResetPulse_FW
0xfc665ddb,SaveFromImage_FW
0xfc0d86c3,SaveHistoryAdjData_FW
0xfc5e4dfd,SavePaletteData_FW
0xfc1559dd,scan_FW
0xfc1ba465,Scene.ForbidContiSceneDetect_FW
0xfc1ba4d7,Scene.TestBabySleep_FW
0xfc1ba4af,Scene.TestBabySmile_FW
0xfc1ba527,Scene.TestHumanSleep_FW
0xfc1ba4ff,Scene.TestHumanSmile_FW
0xfc1ba54f,Scene.TestKidMove_FW
0xfc1ba489,Scene.TestSunset_FW
0xfc11a9a9,screenlock_helper
0x010e2a09,SDCardUHSActive_FW
0xfc662e9b,SDump_FW
0xfc66a14d,SearchBCentralPosition_FW
0xfc66a14d,SearchISLensCentralPosition_FW
0xfc66877d,SelectAdjBPFilter_FW
0xfc156719,SelectFunc_Create_FW
0xfc661db7,SelectPositionSignal_FW
0xfc10ae37,SendDataForPDS_FW
0xfc47fd05,sendDeauth_FW
0xfc660e5d,SendMechaCircuitData_FW
0xfc020bbf,SensDefCrowdCheck_FW
0x010e1029,set_assert_handler
0xfc39b0a9,set_control_event
0xfc0a64d5,set_exception_handler
0xfc0a64df,set_panic_handler
0xfc66478d,SetAdj_AEMode_FW
0xfc489757,SetAdjAEIntegSmearLimitter_FW
0xfc668bb7,SetAdjAFIntegCrwAdd_FW
0xfc668797,SetAdjAFWinPos_FW
0xfc6678e9,SetAdjCdsMode_FW
0xfc664729,SetAE_CdsGainValue_FW
0xfc664669,SetAE_ShutterSpeed
0xfc664669,SetAE_ShutterSpeed_FW
0xfc489741,SetAEIntegAverageOBData_FW
0xfc488efd,SetAEIntegCorrectProperty_FW
0xfc488f57,SetAEIntegralGetaTime_FW
0xfc488f37,SetAEIntegralValueProperty_FW
0xfc488e9b,SetAEIntegStrobeProperty_FW
0xfc4894c7,SetAEIntegValueBit_FW
0xfc48948f,SetAEIntegWindowsMode_FW
0xfc39ac61,SetAutoShutdownTime
0xfc39ac61,SetAutoShutdownTime_FW
0xfc6687cf,SetBPFilterForBP_FW
0xfc66785d,SetCDSGain_FW
0xfc6678cd,SetCDSGainStep_FW
0xfc66785d,SetCdsGainValue_FW
0xfc667879,SetCdsPreGainReg_FW
0xfc4806f1,setCH_FW
0xfc3881bf,SetCurrentCaptureModeType
0xfc3881bf,SetCurrentCaptureModeType_FW
0xfc31a3f3,SetCzDebugFocusMode_FW
0xfc31a3f3,SetCzDebugSubjectDistance_FW
0xfc665b45,SetDate
0xfc665b45,SetDate_FW
0xfc665c39,SetDay_FW
0xfc42260b,SetDCMotorWaitTime_FW
0xfc489769,SetDefaultAEIntegSmearLimitter_FW
0xfc070e19,SetDefaultRecParameter_FW
0xfc020e97,SetDefectDebugInfo_FW
0xfc020feb,SetDefectRecParam_FW
0xfc667813,SetDeltaCDSGain_FW
0xfc661f51,SetDISModeParam_FW
0xfc66a3c3,SetDISModeParameter_FW
0xfc08881f,SetDUIDFixFlag_FW
0xfc088783,SetDurianMode_FW
0xbfe14df7,SetEventFlag
0xfc66445d,SetExStrobeMode_FW
0xfc0888bb,SetFactoryMasterFlag_FW
0xfc0888d7,SetFactoryMasterROMProtection_FW
0xfc0887d3,SetFactoryMode_FW
0xfc665f87,SetFactorySerialNumber_FW
0xfc65e6f9,SetFaexeEventTableActivation_FW
0xfc661ff7,SetFixedPWMOutA_FW
0xfc662005,SetFixedPWMOutB_FW
0xfc6601ef,SetFocusActuatorHoldVoltage_FW
0xfc6601fb,SetFocusActuatorSlopeHoldVoltage_FW
0xfc6602c7,SetFocusLensAccelerationTable_FW
0xfc6606dd,SetFocusLensCarrierFrequency_FW
0xfc6603b5,SetFocusLensCondition_FW
0xfc6603a9,SetFocusLensDefaultPullOutTable_FW
0xfc66059d,SetFocusLensDriveVoltage_FW
0xfc6605f1,SetFocusLensGainSlope_FW
0xfc6605c5,SetFocusLensHoldVoltage_FW
0xfc660479,SetFocusLensMaxSpeedLimit_FW
0xfc660343,SetFocusLensSlowdownTable_FW
0xfc66020b,SetFocusLensSpeed_FW
0xfc660259,SetFocusLensSpeedTable_FW
0xfc667dd1,SetFocusResetState_FW
0xfc662339,SetGyro10BitDACPitch_FW
0xfc6628e5,SetGyro10BitDACRoll_FW
0xfc662347,SetGyro10BitDACYaw_FW
0xfc662397,SetGyroFilterChargeStart_FW
0xfc66239b,SetGyroFilterChargeStop_FW
0xfc66235d,SetGyroHPFINOffsetPitch_FW
0xfc662907,SetGyroHPFINOffsetRoll_FW
0xfc66236b,SetGyroHPFINOffsetYaw_FW
0xfc665c73,SetHour_FW
0xfc165cf1,SetHPTimerAfterNow
0xfc5e3c3b,SetIgnoreAVJACK_FW
0xfc665b25,SetImageMode_FW
0xfc665b0f,SetInputVoltage_FW
0xfc660af7,SetIrisDriveVoltage_FW
0xfc660b07,SetIrisDriveVoltageLow_FW
0xfc660b27,SetIrisHoldVoltage_FW
0xfc660b17,SetIrisSettingWaitVoltage_FW
0xfc6624c3,SetISAdjData_FW
0xfc661f87,SetISCenterShiftA_FW
0xfc661f95,SetISCenterShiftB_FW
0xfc66a175,SetISControllMode_FW
0xfc661d91,SetISControlType_FW
0xfc661f19,SetISCrossTalkCompA1_FW
0xfc661f27,SetISCrossTalkCompA2_FW
0xfc661f35,SetISCrossTalkCompB1_FW
0xfc661f43,SetISCrossTalkCompB2_FW
0xfc66a3e3,SetISCrossTalkCompCoeff_FW
0xfc66a27f,SetISCutOffFreqIndex_FW
0xfc661c29,SetISDriveAaxis_FW
0xfc661c37,SetISDriveBaxis_FW
0xfc662523,SetISFocusLensDistance_FW
0xfc66a2c3,SetISGyro10BitDACPitch_FW
0xfc66a2c9,SetISGyro10BitDACYaw_FW
0xfc66a32d,SetISGyroCompensationMode_FW
0xfc66a307,SetISGyroFilterCharge_FW
0xfc6622bd,SetISGyroGainAaxis_FW
0xfc6622cb,SetISGyroGainBaxis_FW
0xfc6622d9,SetISGyroGainbyAxisType_FW
0xfc66a2af,SetISGyroHPFINOffsetPitch_FW
0xfc66a2b5,SetISGyroHPFINOffsetYaw_FW
0xfc66a2cf,SetISGyroOffset10BitDACData_FW
0xfc66a2bb,SetISGyroOffsetHPFINData_FW
0xfc66a1cd,SetISGyroPitchGain_FW
0xfc66a1c5,SetISGyroYawGain_FW
0xfc661e2b,SetISHallAmpFirstGain_FW
0xfc66a1e7,SetISHallDevicePitchGain_FW
0xfc66a201,SetISHallDevicePitchOffset_FW
0xfc66a1df,SetISHallDeviceYawGain_FW
0xfc66a1f9,SetISHallDeviceYawOffset_FW
0xfc661c75,SetISHallGainAaxis_FW
0xfc661c83,SetISHallGainBaxis_FW
0xfc661c91,SetISHallGainbyAxisType_FW
0xfc661c45,SetISHallOffsetAaxis_FW
0xfc661c53,SetISHallOffsetBaxis_FW
0xfc661c61,SetISHallOffsetbyAxisType_FW
0xfc66247b,SetISHPFCutoff_FW
0xfc66a27f,SetISHPFCutOffFreqIndex_FW
0xfc66a1bb,SetISLensDriveValue_FW
0xfc66a1d5,SetISLensGyroGain_FW
0xfc66a1ef,SetISLensHallGain_FW
0xfc66a209,SetISLensHallOffset_FW
0xfc66a3b7,SetISLensPWMMode_FW
0xfc662493,SetISLPFAaxis_FW
0xfc6624a1,SetISLPFBaxis_FW
0xfc66a263,SetISLPFCutOffFreqAaxis_FW
0xfc66a269,SetISLPFCutOffFreqBaxis_FW
0xfc66a447,SetISMacroMode_FW
0xfc66a1ab,SetISPitchPWM_FW
0xfc66201b,SetISPWMFreqAndFixed_FW
0xfc66a529,SetISPWMFreqData_FW
0xfc662027,SetISPWMFrequency_FW
0xfc661dad,SetISStillStatus_FW
0xfc662389,SetISTuningFlag_FW
0xfc66a313,SetISTuningMode_FW
0xfc66a321,SetISTuningOff_FW
0xfc66a1b3,SetISYawPWM_FW
0xfc665da7,SetLangMenuType_FW
0xfc660c63,SetLensOutsideFlag_FW
0xfc489721,SetLineDefMarkThroughMode_FW
0xfc466c99,SetLockPosNonCorrectFlag_FW
0xfc39b36b,SetLogicalEventActive
0xfc66a39f,SetLoopGain_FW
0xfc661eab,SetLoopGainAdjValue_FW
0xfc66a26f,SetLPFForParallelFilter_FW
0xfc662445,SetLPFParallelBest_FW
0xfc6641c9,SetLtkidsCorrectThroughMode_FW
0xfc6641cb,SetLtkidsRealtimeCorrectThroughMode_FW
0xfc6641d9,SetLvMagCenterWindow_FW
0xfc6641d5,SetLvMagSkipNum_FW
0xfc66a411,SetMacroISGain_FW
0xfc662551,SetMacroISGainA_FW
0xfc66255f,SetMacroISGainB_FW
0xfc661137,SetMechaShutterCloseDacSetting_FW
0xfc6611a3,SetMechaShutterMoveTime_FW
0xfc661163,SetMechaShutterOpenDacSetting_FW
0xfc66118f,SetMechaShutterWaitTimeSetting_FW
0xfc4806ff,setMicroAPCH_FW
0xfc665cab,SetMinute_FW
0xfc665c05,SetMonth_FW
0xfc66227b,SetMoveEdgeWaitTime_FW
0xfc666383,SetMShutterDacValue_FW
0xfc5ec993,SetNCParamForAdjEvent_FW
0xfc6612a5,SetNdDacSetting_FW
0xfc661299,SetNdMoveTime_FW
0xfc5ec9b5,SetNoiseAddParamForZoomNCEvent_FW
0xfc667857,SetObClamp_FW
0xfc667857,SetObClampValue_FW
0xfc675c37,SetOneShotWBParam_FW
0xfc675c37,SetOneTypeWBParam_FW
0xfc2a6cff,SetParameterData
0xfc4224a5,SetPMByGpio_FW
0xfc661fd3,SetPoweredISOFF_FW
0xfc661fc7,SetPoweredISON_FW
0xfc3b8253,SetPropertyCase
0xfc5e4015,SetPropertyCase_FW
0xfc5e3c07,SetRawSWCheckMode_FW
0xfc675cf3,SetReferenceWBGainForCalibration_FW
0xfc6641cf,SetSafFPGABypassMode_FW
0xfc6641bd,SetSafImagePredictMode_FW
0xfc6641bb,SetSafImageReadOutType_FW
0xfc6641c1,SetSafImageWindowHArea_FW
0xfc6641cd,SetSafPPPBypassMode_FW
0xfc668563,SetScanLensIndex_FW
0xfc6685fb,SetScanWindowMode_FW
0xfc39b3a3,SetScriptMode
0xfc39b3a3,SetScriptMode_FW
0xfc156f99,SetSDConClockSpeed_FW
0xfc5e3b95,SetSDPwrPort_FW
0xfc665ce3,SetSecond_FW
0xfc480e13,SetSecurityInvalid_FW
0xfc667895,SetSensorPreGain_FW
0xfc664351,SetShutterSpeed_FW
0xfc664319,SetShutterSpeedWithMecha_FW
0xfc662259,SetSlowWaitTime_FW
0xfc150e47,SetSR
0xfc0882db,SetSSIDForFAWLAN_FW
0xfc15e02b,SetStereoSeparation_FW
0xfc06d3cb,SetTestRecMasterCxCy_FW
0xfc06d457,SetTestRecSkimmingYUV_FW
0xfc675d11,SetToolCorrectCoefficient_FW
0xfc1afe2d,SetTurnOffDisplay_FW
0xfc664bd9,SetVideoOutType
0xfc664c05,SetVideoOutType_FW
0xfc66204f,SetWaitTime_FW
0xfc676167,SetWBTemperature_FW
0xfc675ccb,SetWBYlStandardWidth_FW
0xfc489447,SetWhiteCoefficient_FW
0xfc6660bd,SetWindowSystemDrawSetting_FW
0xfc088289,SetWLANFactoryMode_FW
0xfc156f7b,SetWPSEChannel_FW
0xfc665bcd,SetYear_FW
0xfc3445c5,SetZoomActuatorSpeedPPS_FW
0xfc66152b,SetZoomAmpereLimitOffTime_FW
0xfc65f3eb,SetZoomAmpereLimitOffTimeForAdjustZoom_FW
0xfc65f059,SetZoomCommonDriveParam_FW
0xfc65ef9f,SetZoomDriveParam_FW
0xfc6614cb,SetZoomLensDriveAmpereDac_FW
0xfc65ef31,SetZoomLensEncoderPowerControl_FW
0xfc66153d,SetZoomLensMoveTimeLimit_FW
0xfc66154d,SetZoomLensSpeedChangeMaxTime_FW
0xfc661557,SetZoomLensSpeedChangeRate_FW
0xfc6614b9,SetZoomLensSpeedMode_FW
0xfc5ec9c5,SetZoomNCEffectiveEvent_FW
0xfc65f013,SetZoomNormalDriveParam_FW
0xfc344613,SetZoomPermitTargetMaxSpeedPPS_FW
0xfc66a213,SetZoomPointToIS_FW
0xfc662401,SetZoomPosition_FW
0xfc65efd9,SetZoomResetDriveParam_FW
0xfc65ed9f,SetZoomResetState_FW
0xfc344605,SetZoomSpeedCheckStopTime_FW
0xfc65ef3d,SetZoomSpeedMode_FW
0xfc5e4141,ShowAllTaskInfo_FW
0xfc39b57f,ShowCameraLog_FW
0xfc39b539,ShowCameraLogInfo_FW
0xfc66463b,ShowCurrentExp_FW
0xfc08d7bf,ShowDefaultAdjTableVersion_FW
0xfc660439,ShowFocusLensCurrentSpeedTable_FW
0xfc660851,ShowFocusLensIrisCoefficientCheckSum_FW
0xfc3bd901,ShowLogicalEventName_FW
0xfc660c6f,ShowMechaCondition_FW
0xfc5e38b5,ShowMechaMacro_FW
0xfc5e3bfd,ShowPhySwStatus_FW
0xfc5e3c29,ShowSDStatus_FW
0xfc0214c5,ShowTransparentMemory_FW
0xfc36466b,ShutdownPlayModeMenu_FW
0xfc36471b,ShutdownPlayModeMenuWithoutPbRedraw_FW
0xfc3644ef,ShutdownRecModeMenu_FW
0xfc664947,SleepAE_FW
0xbfe14969,SleepTask
0xbfe14969,SleepTask_FW
0xfc2e1ceb,SoundDevAprocSetPathInDramSub_FW
0xfc2e1d75,SoundDevAprocSetPathMuteCout0_FW
0xfc2e1d19,SoundDevAprocSetPathMuteLout0_FW
0xfc2e1d47,SoundDevAprocSetPathMuteSout0_FW
0xfc2e1dcd,SoundDevAprocSetPerifHpMute_FW
0xfc2e1da3,SoundDevAprocSetPerifLineMute_FW
0xfc2e1df7,SoundDevAprocSetPerifSpMute_FW
0xfc2dfbe5,SoundDevAprocSignalMute_FW
0xfc2e1d09,SoundDevAprocSigProc_SetBgmFadeSetting_FW
0xfc2e1851,SoundDevBeepGenGain_FW
0xfc2e0a3d,SoundDevBgmFadeOut_FW
0xfc2e124b,SoundDevClearPath_FW
0xfc2e1b27,SoundDevDumpChIn0_FW
0xfc2e10d1,SoundDevInitMusic_FW
0xfc2e0a4f,SoundDevMovPlayMuteForStoryHighlight_FW
0xfc10b581,SoundDevParam_SetATTMode_FW
0xfc2e15c9,SoundDevPlayMusic_FW
0xfc2e1887,SoundDevPlayOpSound_FW
0xfc2e1917,SoundDevPlayOpSoundForStoryAlbum_FW
0xfc2e1b49,SoundDevRecChIn0_FW
0xfc2e14fb,SoundDevRecMusic_FW
0xfc2e1ae1,SoundDevRecMusicOnDramTest_FW
0xfc2e186d,SoundDevSetBeepPWMMuteParam_FW
0xfc2e08fd,SoundDevSetBgmData_FW
0xfc2e08df,SoundDevSetBgmMixRate_FW
0xfc2e1691,SoundDevSetMovieRecPath_FW
0xfc2dff3b,SoundDevSetParamIn_FW
0xfc2e185d,SoundDevSetRecPath_FW
0xfc2e16b1,SoundDevSetSpkpwmVol_FW
0xfc2e16a7,SoundDevSetSpVol_FW
0xfc2df4eb,SoundDevSetSyncRate_FW
0xfc2e1cc1,SoundDevSetVaifLineSel_FW
0xfc2e1675,SoundDevSetZoomNCAdjDigiProcThroughPath_FW
0xfc2e167b,SoundDevSetZoomNCCheckPath_FW
0xfc10b62d,SoundDevSetZoomNCProfile_FW
0xfc2e1625,SoundDevStopPlayMusic_FW
0xfc2e1217,SoundDevStopRecMusic_FW
0xfc10b9e5,SoundDevZoomNCEffective_FW
0xfc3bfa61,sprintf_FW
0xfc457611,srand
0xfc5e4b49,SS.ChangeZoomSpeed_FW
0xfc5e4b91,SS.Create_FW
0xfc5e4b69,SS.DoAELock_FW
0xfc5e4b55,SS.DoAFLock_FW
0xfc2d2f8b,SS.GetDigitalZoomPosition_FW
0xfc5e4b37,SS.GetDigitalZoomTele_FW
0xfc5e4b87,SS.MFOff_FW
0xfc5e4b7d,SS.MFOn_FW
0xfc5e4b29,SS.MoveDigitalZoomAt_FW
0xfc5e4b15,SS.MoveDigitalZoomToTele_FW
0xfc5e4b1f,SS.MoveDigitalZoomToWide_FW
0xfc5e4b05,SS.MoveOpticalZoomAt_FW
0xfc5e4aed,SS.MoveOpticalZoomToTele_FW
0xfc5e4af9,SS.MoveOpticalZoomToWide_FW
0xfc2d4bab,SS.SetAvailShot_FW
0xfc5e4b73,SS.UnlockAE_FW
0xfc5e4b5f,SS.UnlockAF_FW
0xfc4575ff,sscanf_FW
0xfc089671,SSFS_CompleteCaptModeChange_FW
0xfc089671,SSFS_CompleteFileWrite_FW
0xfc089671,SSFS_CompletePreCapt_FW
0xfc089671,SSFS_CompleteShootPicture_FW
0xfc089671,SSFS_CompleteStopDigZoom_FW
0xfc089671,SSFS_CompleteStopZoom_FW
0xfc089671,SSFS_CompleteSynchroWrite_FW
0xfc089671,SSFS_ShootPicture_FW
0xfc45350b,StartAcceleSlantMotionDetect_FW
0xfc668ba7,StartAdjAFInteg_FW
0xfc668951,StartAdjAFService_FW
0xfc48971b,StartAEIntegralService_FW
0xfc66a161,StartBDrive_FW
0xfc66a183,StartBPanDrive_FW
0xfc39b5ab,StartCameraLog_FW
0xfc155bb5,startCameraServiceProvide_FW
0xfc6640a5,StartCaptureDrive_FW
0xfc6690e9,StartCrwCustomScan_FW
0xfc6690a9,StartCustomScan_FW
0xfc31a3eb,StartCzTuning_FW
0xfc1ab9ed,startDHCPServer_FW
0xfc5eccb3,StartDisplayHDMIForFAMode_FW
0xfc664ea5,StartEVFDrive_FW
0xfc664e7d,StartEVFDriveWithMode_FW
0xfc088993,StartFactoryModeController_FW
0xfc5ec57d,StartFAWLANService_FW
0xfc66288d,StartImStEventProc_FW
0xfc66a3f9,StartISAdjustMacro_FW
0xfc66a161,StartISAdjustmentDrive_FW
0xfc66a161,StartISDrive_FW
0xfc661bff,StartISLocalAdjust_FW
0xfc0c8e51,StartISLocalAutoCenter_FW
0xfc0c8e7b,StartISLocalHallAdjust_FW
0xfc66a183,StartISPanDrive_FW
0xfc66203b,StartISPWMFreqChangeTest_FW
0xfc3bb081,StartLogOut_FW
0xfc661e55,StartLoopGainCalc_FW
0xfc6624eb,StartMacroISAdjust_FW
0xfc6624e1,StartMacroISContiMode_FW
0xfc155acd,startMicroAP_FW
0xfc364429,StartPlayModeMenu_FW
0xfc364443,StartRecModeMenu_FW
0xfc067901,StartRedirectUART_FW
0xfc021883,StartSoundPlay_FW
0xfc02186b,StartSoundRecord_FW
0xfc273bf3,StartTestRecLog_FW
0xfc165f61,StartWDT_FW
0xfc3b5e77,stat
0xfc45350f,StopAcceleSlantMotionDetect_FW
0xfc668b9d,StopAdjAFInteg_FW
0xfc6689f9,StopAdjAFService_FW
0xfc4894e3,StopAEIntegralService_FW
0xfc66a157,StopBDrive_FW
0xfc66a16b,StopBPanDrive_FW
0xfc39b60d,StopCameraLog_FW
0xfc155bc1,stopCameraServiceProvide_FW
0xfc663851,StopCaptureDrive_FW
0xfc665275,StopContinuousVRAMData_FW
0xfc66909f,StopCustomScan_FW
0xfc65faa5,StopCZ_FW
0xfc1abbe1,stopDHCPServer_FW
0xfc5eccf3,StopDisplayHDMIForFAMode_FW
0xfc664c4f,StopEVFDrive_FW
0xfc5ec583,StopFAWLANService_FW
0xfc1aa659,stopIPAddressing_FW
0xfc66a403,StopISAdjustMacro_FW
0xfc66a157,StopISAdjustmentDrive_FW
0xfc66a157,StopISDrive_FW
0xfc66a16b,StopISPanDrive_FW
0xfc662045,StopISPWMFreqChangeTest_FW
0xfc3bae39,StopLogOut_FW
0xfc661ed3,StopLoopGainCalc_FW
0xfc6624f5,StopMacroISAdjust_FW
0xfc47fcc3,stopMicroAP_FW
0xfc0880d7,StopPtpipServiceForFAWLAN_FW
0xfc0679a1,StopRedirectUART_FW
0xfc6644e7,StopStrobeChargeForFA_FW
0xfc273bff,StopTestRecLog_FW
0xfc165f9d,StopWDT_FW
0xfc1562f7,StopWireless_FW
0xfc65ed97,StopZoomEmergency_FW
0xfc3bf1d5,strcat
0xfc16c2a1,strchr
0xfc3bf931,strcmp
0xfc3bf931,strcmp_FW
0xfc3bf301,strcpy
0xfc3bf301,strcpy_FW
0xfc457291,strftime
0xfc3bf4c5,strlen
0xfc3bf4c5,strlen_FW
0xfc3bf1f7,strncmp
0xfc3bb0fd,strncpy
0xfc16c2b3,strrchr
0xfc45765f,strstr
0xfc16c1ff,strtol
0xfc16c0bd,strtolx
0xfc664ba7,SwitchOffDisplay_FW
0xfc664bcd,SwitchOnDisplay_FW
0xfc5e4729,System.Create_FW
0xfc5e414b,System.Delete_FW
0xbfe153f9,TakeSemaphore
0xbfe153f9,TakeSemaphore_FW
0xbfe120bb,takesemaphore_low
0xbfe155d9,TakeSemaphoreStrictly
0xfc153239,task__imageSensorTask
0xfc198245,task__tgTask
0xfc452bb7,task_Accelerometer
0xfc185507,task_AfIntSrvTask
0xfc2b9441,task_AFTask
0xfc55c4a1,task_AlbumMaker
0xfc28b329,task_AlbumReader
0xfc0cd15f,task_AprocBpGenTask
0xfc0cd0fb,task_AprocBpPwmTask
0xfc0cd07d,task_AprocMainTask
0xfc0cd1c3,task_AprocVaif3Task
0xfc5e0c89,task_AutoTrimming
0xfc15c68d,task_BA_Task
0xfc0c242b,task_BatteryTask
0xfc0880b5,task_bomStopPTPIPTask
0xfc17f43f,task_BrtMsrTask
0xfc0c2f03,task_Bye
0xfc07498d,task_CaptSeq
0xfc07498d,task_CaptSeqTask
0xfc16ee43,task_Cave2MainTask
0xfc33b453,task_Cave2PbTask
0xfc4ba821,task_Cave2RecTask
0xfc0c2d99,task_ClockSave
0xfc15763b,task_CommonDrivers
0xfc1047a7,task_ComWireless
0xfc1d1a5d,task_ConsoleSvr
0xfc48ce3d,task_ControlLog
0xfc36f275,task_CorctTask
0xfc0a1475,task_CreateHeaderTask
0xfc149b2d,task_CtgTotalTask
0xfc3b6181,task_CtrlSrv
0xfc072c61,task_dccdCalcTask
0xfc283ec3,task_DecJpgRd
0xfc10e76d,task_DefMarkRomCopyTask
0xfc0f8265,task_DetectMoveTask
0xfc45f931,task_DetSeqSadT
0xfc45f2af,task_DetSeqT
0xfc0a74a5,task_DevelopDist
0xfc0a7ed1,task_DevelopJpeg
0xfc0c32ff,task_DevelopModule
0xfc0a72a1,task_DevelopRawToYuv
0xfc0a7a95,task_DevelopResize
0xfc09a73b,task_DistTask
0xfc0d9f55,task_DPOFTask
0xfc5429b1,task_DvlpCs
0xfc091e67,task_DvlpSeqTask
0xfc16089d,task_EdetSBJTask
0xfc1cce95,task_EISMainTask
0xfc0af971,task_EncRemoteEVFJpgTask
0xfc39c7cf,task_Epilog
0xfc0f39b7,task_EvShel
0xfc2f6417,task_ExpDrv
0xfc242835,task_ExpDrvSubTask
0xfc2f6417,task_ExpDrvTask
0xfc0f4747,task_FaceFrame
0xfc5e191d,task_FaceScoreTask
0xfc6660e5,task_FAPowerOff
0xfc278f49,task_FileManMarkAllTask
0xfc48a0fb,task_FileScheduleTask
0xfc4e848d,task_FileWrite
0xfc4e848d,task_FileWriteTask
0xfc283657,task_FilYuvMaker
0xfc234c5b,task_FmidTask
0xfc36e0cb,task_FocusEvent
0xfc279bdd,task_FORMAT_TASK_NAME
0xfc2799a1,task_FORMAT_TASK_PROGRESS
0xfc156d41,task_fprintSNRTask
0xfc0daea9,task_FsIoNotifyTask
0xfc4d1e07,task_GapBS
0xfc466dcb,task_GapMan
0xfc0f04fb,task_HdmiCecTask
0xfc28e98d,task_ImagePlaySysConTask
0xfc290b71,task_ImageRetryConTask
0xfc1c7eef,task_ImageStoreTask
0xfc1b14c5,task_ImageSyncController
0xfc558f6d,task_ImgPlyDC
0xfc559079,task_ImgPlyDCLow
0xfc459903,task_ImgPlyTask
0xfc459ab5,task_ImgPlyTsk2
0xfc1af5e7,task_IMLApp
0xfc157609,task_InitFileModules
0xfc113609,task_IrisCycleEvent
0xfc34d29d,task_IrisEvent
0xfc0c85dd,task_ISMainTask
0xfc636e41,task_ITCMainTask
0xfc09e93d,task_JpegEncTask
0xfc1570e9,task_LachesisTest
0xfc0e4659,task_LcdConTask
0xfc15d521,task_LEDCon
0xfc199541,task_LiveImageTask
0xfc1d1e53,task_LowConsole
0xfc286bc1,task_MechaAlarm
0xfc1c9c99,task_MechaCPUTransfer
0xfc114237,task_MechaNCTask
0xfc5edae9,task_MechaShutter
0xfc1c93d9,task_MediaStatusMngr
0xfc2e2c41,task_MetaCtg
0xfc274ad5,task_MetaCtgPrsTask
0xfc0bbc9b,task_MotionVector
0xfc48ff07,task_MovieEditor
0xfc4540cd,task_MovieInit
0xfc2c7f15,task_MoviePlay
0xfc0b7515,task_MovieRecord
0xfc1d0703,task_MovieTranscoder
0xfc14629d,task_MrkSetTask
0xfc4ea125,task_Nd
0xfc154037,task_NfcCon_EvtTask
0xfc479cbf,task_NfcConTask
0xfc47b503,task_NormalThumbCache
0xfc0a6e35,task_OBCtrlTask
0xfc1bb579,task_OhyearKiLiveAlgor
0xfc4e0cdf,task_OhyIntegTask
0xfc09cfb5,task_OpePlay
0xfc10ab59,task_PDSDriver
0xfc0ece21,task_PhySw
0xfc13dad7,task_PingManager
0xfc1a89fd,task_PTPSessionTASK
0xfc1006f5,task_PTPtoFAPI_EventProcTask_Block
0xfc10068b,task_PTPtoFAPI_EventProcTask_Try
0xfc504f47,task_Raw2Ss2YuvTask
0xfc08b8e3,task_ReadFileTask
0xfc14526f,task_ReadMultiConTask
0xfc085ce5,task_ReadScheduleTask
0xfc1568db,task_RedirectUARTTask
0xfc093a95,task_ResizeTask
0xfc14a6fb,task_SAEffect
0xfc28a415,task_SAlbumPlay
0xfc55d0cd,task_SAlbumStillPlayer
0xfc281507,task_ScenarioMaker
0xfc1bc90b,task_SceneDetectTask
0x010e179d,task_SD1stInit
0xfc105759,task_SelectFuncController
0xfc2790eb,task_SetGeoTagExecution
0xfc091b0d,task_ShutterSoundTask
0xfc554937,task_SMAL_Enumeration
0xfc2df871,task_SoundTsk
0xfc195541,task_SsgMainTask
0xfc195799,task_SsgPeriodTask
0xfc073d87,task_SsStartupTask
0xfc08973d,task_SsTask
0xfc066779,task_Startup
0xfc368bc5,task_StartupImage
0xfc19a7eb,task_SynchTask
0xfc19a6a3,task_SyncPeriod
0xfc453721,task_Thermometer
0xfc1a108d,task_TimerUtility
0xfc1cdaf1,task_TmgGen
0xfc15e9c7,task_TouchPanel
0xfc4c1219,task_TricDecVTask
0xfc5418c1,task_TricEncMsgTask
0xfc540f65,task_TricEncVTask
0xfc5422b1,task_TricInitTask
0xfc47e369,task_TrnsCtrlTask
0xfc46140f,task_TskCocoa0
0xfc461409,task_TskCocoa1
0xfc461403,task_TskCocoa2
0xfc067791,task_UartLog
0xfc453c7b,task_UsbcTask
0xfc0a2531,task_WBCtrl
0xfc0fe19d,task_WBIntegTask
0xfc4776d7,task_WBLPFace
0xfc09dba1,task_WbSeqTask
0xfc165e73,task_WdtPrint
0xfc165ee5,task_WdtReset
0xfc1b3309,task_WebServiceApp
0xfc1b3dd1,task_WSSAPP
0xfc343a19,task_ZoomActuatorSpeedLog
0xfc343883,task_ZoomEvent
0xfc1d1e93,taskcreate_LowConsole
0xfc1aa677,termComDiscovery_FW
0xfc5e4bed,TerminateAdjustmentSystem_FW
0xfc06cb27,Terminatedccd_FW
0xfc02124d,TerminateDefectRec_FW
0xfc06cb27,TerminateDigicon_FW
0xfc021a87,TerminateFAExtendFile_FW
0xfc021a73,TerminateFAGeneralTest_FW
0xfc6663ff,TerminateMechaDevice_FW
0xfc65f951,TerminateMechaUnitExeTest_FW
0xfc481961,TerminatePTPIPTransportResponder_FW
0xfc02184d,TerminateSoundRec_FW
0xfc06c299,TerminateTestRec_FW
0xfc088a97,TerminateWLAN_FW
0x010e11eb,time
0xfc15edf7,TouchPanelExecBaselinesTest_FW
0xfc15edf5,TouchPanelExecIDACTest_FW
0xfc15eda9,TouchPanelExecRawDiffTest_FW
0xfc15ee2f,TouchPanelExecTest_FW
0xfc15eecf,TouchPanelSetReverseMode_FW
0xfc15eeb5,TouchPanelSetSensitive_FW
0xfc15ebc7,TouchPanelStartPolling_FW
0xfc15eee3,TouchPanelStartPrintPosition_FW
0xfc15ec37,TouchPanelStopPolling_FW
0xfc15eef3,TouchPanelStopPrintPosition_FW
0xfc15e60f,TP_FirmwareUpdate_FW
0xfc15e641,TP_GetFirmwareVersion_FW
0xfc3be1b5,transfer_src_overlay
0xfc3bed2b,transfer_src_overlay_helper
0xbfe15267,TryPostMessageQueue
0xbfe1519f,TryReceiveMessageQueue
0xbfe153c9,TryTakeSemaphore
0xfc6660db,TurnOffCamera_FW
0xfc15b0f7,TurnOffDisplay
0xfc0c2e99,TurnOffE1_FW
0xfc66122f,TurnOffNdFilter_FW
0xfc66126f,TurnOffNdFilterWithTiming_FW
0xfc2e0fcf,TurnOffVideoOutMode_FW
0xfc0ba83f,TurnOnDisplay
0xfc661215,TurnOnNdFilter_FW
0xfc661249,TurnOnNdFilterWithTiming_FW
0xfc2e0f9f,TurnOnVideoOutMode_FW
0xfc0dcaf7,UI.Create_FW
0xfc0dc0b1,UI.CreatePublic_FW
0xfc3a5e23,ui_free
0xfc3a5dbf,ui_free_default
0xfc3a5e1d,ui_malloc
0xfc3a5d7d,ui_malloc_default
0xfc0dcaf7,UI_RegistDebugEventProc_FW
0xfc0dcae5,UI_ShowStateOfRecMode_FW
0xfc39b36b,UiEvnt_SetLogicalEventActive_FW
0xfc39b437,UiEvnt_StartDisguiseCradleStatus_FW
0xfc39b43f,UiEvnt_StopDisguiseCradleStatus_FW
0xfc366729,UIFS_CancelStoreLensTimer_FW
0xfc108795,UIFS_Capture_FW
0xfc108827,UIFS_CaptureNoneStop_FW
0xfc0dbdf5,UIFS_ChangeShootState_FW
0xfc0dbcd7,UIFS_ClosePopupStrobe_FW
0xfc0dbd41,UIFS_ConnectVideo_FW
0xfc0dbb1d,UIFS_CtrlManControllerAnytimeTop_FW
0xfc0dbd65,UIFS_DisconnectVideo_FW
0xfc0dc059,UIFS_DisplayFirmUpdateView_FW
0xfc0dbddd,UIFS_EndClockMode_FW
0xfc0dc03d,UIFS_ExtEvfErrorForExtEvf_FW
0xfc0dc043,UIFS_ExtEvfErrorForPDS_FW
0xfc0dbead,UIFS_GetAvItem_FW
0xfc0dbe2f,UIFS_GetAvItemCount_FW
0xfc0dbef5,UIFS_GetCurrentAvString_FW
0xfc0dbf4d,UIFS_GetCurrentTvString_FW
0xfc0dbe0b,UIFS_GetLastPath_FW
0xfc38fa75,UIFS_GetMovieRecoadableNumber_FW
0xfc350f0d,UIFS_GetNumberOfDisplayedImage_FW
0xfc38afcb,UIFS_GetNumOfOptZoomPos_FW
0xfc38fa71,UIFS_GetStillShotableNumber_FW
0xfc0dbed1,UIFS_GetTvItem_FW
0xfc0dbe6d,UIFS_GetTvItemCount_FW
0xfc0dbb33,UIFS_IsAutoPopupDownStrobe_FW
0xfc0dbb37,UIFS_IsAvailableAvTvMode_FW
0xfc0dbb27,UIFS_IsAvailableMovieRecDigZoom_FW
0xfc0dbb23,UIFS_IsAvailableMovieRecOptZoom_FW
0xfc0dbb3b,UIFS_IsAvailablePowerZoom_FW
0xfc0dbb2f,UIFS_IsAvailableRecMenuAFMode_FW
0xfc0dbb2b,UIFS_IsAvailableServoAF_FW
0xfc38f45d,UIFS_IsAvailableShots_FW
0xfc0dbfaf,UIFS_IsOperationEvent_FW
0xfc0dbcfb,UIFS_MountExtFlash_FW
0xfc38ac03,UIFS_MoveZoomTo_FW
0xfc38b04b,UIFS_MoveZoomToPositionWithTaskSwCtrlServ_FW
0xfc0dbcb5,UIFS_OpenPopupStrobe_FW
0xfc0e935d,UIFS_PlayTrimExecuteAllImageSize_FW
0xfc0dc009,UIFS_PostBatAuthNG_FW
0xfc0dbfef,UIFS_PostBatAuthOK_FW
0xfc0dc023,UIFS_PostBatNoChange_FW
0xfc0dbd99,UIFS_PostModeDial_FW
0xfc0dc061,UIFS_ResetMenuPos_FW
0xfc0dbd97,UIFS_RestartPostingUIEvent_FW
0xfc0dbde7,UIFS_SetCradleSetting_FW
0xfc0dbc6d,UIFS_SetDialMovieRec_FW
0xfc0dbc9b,UIFS_SetDialPlay_FW
0xfc0dbfd1,UIFS_SetTouchOperation_FW
0xfc0dbdd3,UIFS_StartClockMode_FW
0xfc209243,UIFS_StartMoviePlay_FW
0xfc391391,UIFS_StartMovieRecord_FW
0xfc3913a7,UIFS_StopMovieRecord_FW
0xfc0dbd95,UIFS_StopPostingUIEvent_FW
0xfc0dbd1d,UIFS_UnmountExtFlash_FW
0xfc334e4b,UIFS_WirelessExecuteSendForever_FW
0xfc119665,UIFS_WriteFirmInfoToFile
0xfc119665,UIFS_WriteFirmInfoToFile_FW
0xfc16f657,umalloc_strictly
0xfc087fdd,UndisplayFactoryMode_FW
0xfc0b87d3,UnLoadScript_FW
0xfc2d39dd,UnlockAE
0xfc2d3561,UnlockAF
0xfc39abad,UnlockMainPower
0xfc39abad,UnlockMainPower_FW
0xfc676073,UnregistColorMatrix_FW
0xfc453569,UnRegisterElecLevelInfoNotifyCBR_FW
0xfc3b79eb,UnRegisterEventProcedure
0xfc3b7b05,UnRegisterEventProcTable
0xfc3b8015,UnRegisterEventProcTable_alt
0xfc0c2823,VbattGet
0xfc0c2823,VbattGet_FW
0xfc662c4d,VerifyByte_FW
0xfc0f5b3b,vsprintf
0xfc3be62b,VTM_ShrinkLayoutForFinder_FW
0xfc5e4133,Wait_FW
0xbfe14d77,WaitForAllEventFlag
0xbfe15649,WaitForAllEventFlagStrictly
0xbfe14cf5,WaitForAnyEventFlag
0xbfe1562d,WaitForAnyEventFlagStrictly
0xfc6613f1,WaitMoveZoomLensComplete_FW
0xfc15626f,WebServiceDataOutput_FW
0xfc156721,WebServiceSimError_FW
0xfc3b5be9,Write
0xfc3b5be9,Write_FW
0xfc08dea9,WRITEADJTABLETOFROM_FW
0xfc08dec7,WRITEADJUSTMENTDATATOFROM_FW
0xfc66a197,WriteGyroAdjustment_FW
0xfc66a18d,WriteHallDeviceAdjustment_FW
0xfc157015,writeMacAddrToAdjTbl_FW
0xfc660dd3,WriteMechaLogToFile_FW
0xfc660dc9,WriteMechaLogToRom_FW
0xfc5ecc2f,WriteNFCOptUnitAssemblyAreaData_FW
0xfc5ecac1,WriteNFCSystemArea_FW
0xfc5ecc47,WriteNFCSystemAreaForOptUnitAssembly_FW
0xfc5dd3ed,WriteNFCUserArea_FW
0xfc5ecae7,WriteNFCUserAreaWithInitNFCAdj_FW
0xfc66a1a1,WritePWMAdjustment_FW
0xfc0c77c3,WriteToRom_FW
0xfc08dee5,WRITEUSERSETTINGDATATOFROM_FW
0xfc5ec5ab,WriteWLANMACAddressToFROM_FW
0xfc15688b,WSS_GetWebServiceData_FW
0xfc15680b,WSS_Initialize_FW
0xfc1568b9,WSS_SettingCancel_FW
0xfc15689b,WSS_SettingDummyCBR_FW
0xfc15687b,WSS_SettingSeqenceCheck_FW
0xfc156837,WSS_SettingTest_FW
0xfc156821,WSS_Terninate_FW
0xfc41d7ad,zicokick_copy
0xfc41d731,zicokick_start
