0x006df934,_dadd
0x006e02c8,_dcmp
0x006e0520,_dcmp_reverse
0x006dfc0c,_ddiv
0x006e00d8,_dfix
0x006e0188,_dfixu
0x006e0210,_dflt
0x006e02bc,_dfltu
0x006dad38,_divmod_signed_int
0x006dc354,_divmod_unsigned_int
0x006e0350,_dmul
0x006e0778,_drsb
0x006e0904,_dsub
0x006e0c88,_f2d
0x006e0e0c,_fdiv
0x006e0ff0,_ffix
0x006e1064,_ffixu
0x006e10c4,_fflt
0x006e10f8,_ffltu
0x006e11d8,_fmul
0xff025dfc,_GetSystemTime
0x006dddb0,_log
0x006de2f0,_log10
0x006de6b8,_pow
0x006df770,_safe_sqrt
0x006e16d8,_scalbn
0x006e0790,_sqrt
0xff0248c4,_uartr_req
0xff1d3954,AbortAEIntegralValue_FW
0x006b8878,AcquireRecursiveLock
0x006b7db0,AcquireRecursiveLockStrictly
0xff1d610c,ActivateAdjLog_FW
0xff4c432c,ActivateImageDrive_FW
0xff1308fc,ActivateImager_FW
0xff130994,ActivateImagerXOne_FW
0xff15d814,add_ptp_handler
0xff239b88,add_ui_to_dialog
0xff2284a8,AdditionAgentRAM_FW
0xff379330,AddTransparentMemory_FW
0xff4c604c,AdjAEWithAperturePriority_FW
0xff4c5ff4,AfAEWithAperturePriority_FW
0xff4c61fc,AfAEWithCompensation_FW
0xff128c68,AFTool.GetEVal_FW
0xff128e70,AFTool.SetAFLogType_FW
0xff128e78,AFTool.SetDebugAFSequence_FW
0xff128e40,AFTool.StoreAFixPosition_FW
0xff3c65cc,AllocateMemory
0xff3c65cc,AllocateMemory_FW
0xff025c18,AllocateUncacheableMemory
0xff2d8b04,apex2us
0xff037e3c,atol_FW
0xff1d478c,AttachIntegCrawData_FW
0xff379368,AttachToTransparentMemory_FW
0xff48ec54,Bat_Calc_FW
0xff4c7a00,Bat_Save_FW
0xff4c79ec,Bat_VIN_FW
0xff07270c,BeepDrive_FW
0xff07272c,BeepDriveComp_FW
0xff070638,CalcAccelerometerAtanAngle_FW
0xff4c4fbc,CalcLog10
0xff4c4ff8,CalcLog10_FW
0xff4ce614,CalcLoopGain_FW
0xff4c7a18,CalcLowBatteryOffsetValue_FW
0xff4c50e8,CalcSqrt_FW
0xff48ec54,CalculateBatSenseOffset_FW
0xff4cd22c,CalculateInterpolationByLS_FW
0xff4c4f8c,CalculateLog2ToApex_FW
0xff4c4f64,CalculatePeakFromLeastSquareResult_FW
0xff4cd1d4,CalculatePeakPosByLS_FW
0xff4c4fa0,CalculatePow2FromApex_FW
0xff085d74,CalculateTestRecYUVData_FW
0xff4c5e2c,CancelAdj_AEMode_FW
0xff4ca5e0,CancelAdjCdsMode_FW
0xff4cbbec,CancelBPFilterForBP_FW
0xff4c56f4,CancelExStrobeMode_FW
0xff3bf7bc,CancelFocusLensMaxSpeedLimit_FW
0xff0a8fec,CancelHPTimer
0xff4c4118,CancelImageDrive_FW
0xff130b68,CancelImager_FW
0xff4ce8e4,CancelLoopGainCalc_FW
0xff02601c,CancelTimer
0xff21bc48,Capture.Create_FW
0xff4c4218,CaptureWithParam_FW
0xff19ed98,CecRegDump_FW
0xff377344,ChangeAdjImgDrvMode_FW
0xff377370,ChangeAEIntegDrvTypeToAdjImgDriveType_FW
0xff130cf4,ChangeAutoSlowShutterEnable_FW
0xff2f2298,ChangeDefectRecParam_FW
0xff2f2594,ChangeDefectSpecParam_FW
0xff4c7778,ChangeDistortionSetForLiveImage_FW
0xff4c77a0,ChangeElectronicRollISSetting_FW
0xff4ce4c8,ChangeFilterMode_FW
0xff3bf9a8,ChangeFocusDistanceToPosition_FW
0xff3bfec0,ChangeFocusLensStopSettingType_FW
0xff4c4260,ChangeImageDrive_FW
0xff130bec,ChangeImagerToAlternateDraft_FW
0xff130cc4,ChangeImagerToAstroMetamorphose_FW
0xff130bac,ChangeImagerToCombiParallel_FW
0xff130be4,ChangeImagerToDigiconMode_FW
0xff130c5c,ChangeImagerToElectraGlide_FW
0xff130cac,ChangeImagerToElectraGlideNepal_FW
0xff130ca4,ChangeImagerToEsperRocketH_FW
0xff130cbc,ChangeImagerToEsperRocketHNepal_FW
0xff130c44,ChangeImagerToFalconJump_FW
0xff130c24,ChangeImagerToFantaJungle_FW
0xff130bbc,ChangeImagerToFocusJet_FW
0xff130c14,ChangeImagerToHarleyDavidson_FW
0xff130c84,ChangeImagerToHarleyDavidsonNepal_FW
0xff130c74,ChangeImagerToHarleySunshine_FW
0xff130cb4,ChangeImagerToHarleySunshineNepal_FW
0xff130c54,ChangeImagerToHealthyVegetable_FW
0xff130bd4,ChangeImagerToHoneyFlash_FW
0xff130c2c,ChangeImagerToHoneyFlashDark_FW
0xff130c9c,ChangeImagerToLasVegasMagic_FW
0xff130c3c,ChangeImagerToLCWideDraft_FW
0xff130c1c,ChangeImagerToMachDashV_FW
0xff130bc4,ChangeImagerToMangoPudding_FW
0xff130bdc,ChangeImagerToMillefeAdjust_FW
0xff130c04,ChangeImagerToMontblancMillefe_FW
0xff130c0c,ChangeImagerToMontblancMovie_FW
0xff130bfc,ChangeImagerToMontblancWhole_FW
0xff130be4,ChangeImagerToOITA_XAVIER_FW
0xff130b8c,ChangeImagerToRegularDrive_FW
0xff130c34,ChangeImagerToRoadKing_FW
0xff130c8c,ChangeImagerToRoadKingNepal_FW
0xff130c7c,ChangeImagerToRoadQueen_FW
0xff130c4c,ChangeImagerToSpriteSunshine_FW
0xff130bcc,ChangeImagerToSuperWideDraft_FW
0xff130c94,ChangeImagerToSuperWideNepal_FW
0xff130bf4,ChangeImagerToUltraGhostQ_FW
0xff130c6c,ChangeImagerToVeryFastMangoPudding_FW
0xff130c64,ChangeImagerToVeryFastWideDraft_FW
0xff130b94,ChangeImagerToWholeParallel_FW
0xff130b9c,ChangeImagerToWholeParallelBP_FW
0xff130bb4,ChangeImagerToWideDraft_FW
0xff130ba4,ChangeImagerToWideDraftFinancier_FW
0xff3bffb4,ChangeIrisSpeed_FW
0xff3c21c4,ChangeParallelMode_FW
0xff07336c,ChangePowerState_FW
0xff4ce4f8,ChangeToISCloseControl_FW
0xff3c0b38,ChangeZoomLensMagnificationToPoint_FW
0xff3c0b28,ChangeZoomLensPointToMagnification_FW
0xff4c5744,ChargeStrobe_FW
0xff4c577c,ChargeStrobeForFA_FW
0x006b8010,CheckAllEventFlag
0x006b7fb4,CheckAnyEventFlag
0xff0aadf8,CheckSumAll_FW
0xff2f24e8,ClearDefectTurnTable_FW
0xff02cf50,ClearDUIDFixFlag_FW
0xff02ced0,ClearDurianMode_FW
0x006b826c,ClearEventFlag
0xff02d07c,ClearFactoryMasterFlag_FW
0xff02d094,ClearFactoryMasterROMProtection_FW
0xff02ced0,ClearFactoryMode_FW
0xff04ca04,ClearImageDrive_FW
0xff4ce8d4,ClearISCalcZData_FW
0xff3c17d4,ClearISIComponent_FW
0xff3c2248,ClearISZData_FW
0xff1519f8,ClearNFCSystemArea_FW
0xff4e97d4,ClearPMByFs_FW
0xff4e97bc,ClearPMByGpio_FW
0xff377adc,ClearSoundDevForRecEvent_FW
0xff02ca54,ClearWLANFactoryMode_FW
0xff378edc,ClearZoomCommonDriveParam_FW
0xff3785f4,ClearZoomDriveParam_FW
0xff026ff8,Close
0xff023d20,close
0xff026ff8,Close_FW
0xff0abb60,CloseConsole_FW
0xff397ee8,closedir
0xff3c0480,CloseMechaShutter_FW
0xff3c04d8,CloseMechaShutterWithTiming_FW
0xff4c899c,CloseMShutter_FW
0xff180254,ConnectPtpIPService_FW
0xff3772dc,ConvertAdjImgDrvModeToAdjImgDriveType_FW
0xff377290,ConvertAEIntegDrvTypeToAdjImgDriveType_FW
0xff4c5050,ConvertApexStdToApex_FW
0xff4c5020,ConvertApexToApexStd_FW
0xff4c5604,ConvertCxCyToWBGain_FW
0xff4ca694,ConvertToPositionWithDistance_FW
0xff4ca678,ConvertToPositionWithDistanceAndZoomPoint_FW
0xff4c4448,ConvertTvToExposureTime_FW
0xff4c4424,CorrectMvFrMem2MemAfterDefMark_FW
0xff0ab8c0,CPrintf_FW
0xff0ab918,CPutChar_FW
0xff07f7a4,CreateAdjustmentTableMirror_FW
0x006b7884,CreateBinarySemaphore
0x006b7c5c,CreateBinarySemaphoreStrictly
0xff0adef4,CreateController_FW
0x006b7908,CreateCountingSemaphore
0x006b7908,CreateCountingSemaphore_FW
0x006b7c84,CreateCountingSemaphoreStrictly
0xff07f7b4,CreateDefectTableMirror_FW
0xff234d0c,CreateDialogBox
0x006b7eec,CreateEventFlag
0x006b7c34,CreateEventFlagStrictly
0xff1d5a20,CreateFADBGSingalID_FW
0xff4c8c08,CreateJumptable
0x006b833c,CreateMessageQueue
0x006b7c0c,CreateMessageQueueStrictly
0xff034fe4,CreateProxyOfEventProcedure_FW
0x006b87b8,CreateRecursiveLock
0x006b7cac,CreateRecursiveLockStrictly
0x006b5658,CreateTask
0x006b5658,CreateTask_FW
0x006b7bd4,CreateTaskStrictly
0xff080398,CreateUserSettingMirror_FW
0xff2f1abc,CrossDefDetect_FW
0xff0ae174,CtrlMan_ChangeZOrder_FW
0xff0912e0,CzDebugPrint_FW
0xff0912f4,CzDebugPrintToFile_FW
0xff020234,dcache_clean_flush_and_disable
0xff020300,dcache_clean_flush_range
0xff0202a0,dcache_clean_range
0xff02020c,dcache_flush_and_enable
0xff020284,dcache_flush_range
0xff3c12c8,DcmTfMeasure_FW
0xff3c1384,DcmTfMeasureForSD_FW
0xff3c0eb8,DcmWowFla_FW
0xff3c0f74,DcmWowFlaForSD_FW
0x006b59f8,DebugAssert
0xff0adfd0,DeleteController_FW
0xff0269f8,DeleteDirectory_Fut
0x006b7f4c,DeleteEventFlag
0x006b83ec,DeleteMessageQueue
0xff03503c,DeleteProxyOfEventProcedure_FW
0x006b8810,DeleteRecursiveLock
0x006b7968,DeleteSemaphore
0x006b7968,DeleteSemaphore_FW
0xff4c88c8,DevelopStillPicture_FW
0xff2f2db0,DevelopTool.DevelopTest_FW
0xff1d5344,DeviceUniqueIDCheckSum_FW
0xff0706b4,DisableAcceleLogRead_FW
0xff070670,DisableAcceleLogWrite_FW
0xff1d88e0,DisableDebugLogMode_FW
0xff3c1c0c,DisableDISModeChange_FW
0x006b1b14,DisableDispatch_low
0xff3bf818,DisableFocusLens_FW
0xff3bf894,DisableFocusLensGainLock_FW
0xff3bf8b8,DisableFocusLensSlopeGain_FW
0xff3bf8e4,DisableFocusLensWaveLock_FW
0xff3c02f8,DisableFocusPiCircuit_FW
0xff07342c,DisableHDMIPower
0xff4c43f4,DisableHeadDirectCapturePath_FW
0xff07079c,DisableHvUpdate_FW
0xff3c2298,DisableISAutoGyroOffset_FW
0xff3c1968,DisableISDriveError
0xff3c1968,DisableISDriveError_FW
0xff3c00dc,DisableLensError_FW
0xff3c2358,DisableMacroIS_FW
0xff3c02d8,DisableMechaCircuit_FW
0xff3c03ec,DisableResetGpio_FW
0xff3ae2f8,DisableZoomActuatorSpeedLog_FW
0xff3c0340,DisableZoomEncoderCircuit_FW
0xff3c0b04,DisableZoomLensElectricControl_FW
0xff3c0784,DisableZoomLensEncoderPowerControl_FW
0xff3c0adc,DisableZoomLensSpeedControl_FW
0xff3c031c,DisableZoomPiCircuit_FW
0xff180260,DisconnectPtpIPService_FW
0xff06e7e4,DispCon_GetLcdGainAdjParameter_FW
0xff06e5d0,DispCon_GetVideoAdjParameter_FW
0xff06e830,DispCon_SaveLcdGainAdjParameter_FW
0xff06e670,DispCon_SaveVideoAdjParameter_FW
0xff06e08c,DispCon_SetDisplayType_FW
0xff06e794,DispCon_SetLcdGainAdjParameter_FW
0xff06e42c,DispCon_SetMaxBackLightBrightness_FW
0xff06e540,DispCon_SetVideoAdjParameter_FW
0xff06dfb0,DispCon_ShowBitmapColorBar
0xff06dfb0,DispCon_ShowBitmapColorBar_FW
0xff06df94,DispCon_ShowBlackChart_FW
0xff06dd64,DispCon_ShowColorBar_FW
0xff06e0ac,DispCon_ShowColorChart_FW
0xff06e020,DispCon_ShowCustomColorBar_FW
0xff06ddf0,DispCon_ShowFiveStep_FW
0xff06e84c,DispCon_ShowHdChart_FW
0xff06e820,DispCon_ShowLcdGainAdjParameter_FW
0xff06e29c,DispCon_ShowNStepsChart_FW
0xff06e638,DispCon_ShowVideoAdjParameter_FW
0xff06df40,DispCon_ShowWhiteChart_FW
0xff06e0c8,DispCon_ShowWhiteLine_FW
0xff06e41c,DispCon_TurnOffBackLight_FW
0xff06e484,DispCon_TurnOffBackLightForCheckVoltage_FW
0xff06e3fc,DispCon_TurnOffDisplay_FW
0xff06e40c,DispCon_TurnOnBackLight_FW
0xff06e440,DispCon_TurnOnBackLightForCheckVoltage_FW
0xff06e3ec,DispCon_TurnOnDisplay_FW
0xff21b4e8,DispDev.Create_FW
0xff21a114,DispDev_EnableEventProc_FW
0xff0c5b60,DisplayBusyOnScreen
0xff235428,DisplayDialogBox
0xff02c3b4,DisplayFactoryMode_FW
0xff0621e8,DispSwCon_TurnOffDisplayDevice_FW
0xff03257c,DoAELock
0xff032180,DoAFLock
0xff4c43d4,DoMemToMemDarkSubtraction_FW
0xff0e5dcc,DoMovieFrameCapture
0xff21a28c,Driver.Create_FW
0xff21a28c,Driver_EnableEventProc_FW
0xff033a74,drysh_FW
0xff02caf0,DummyUSBConnection_FW
0xff21a7bc,Dump32_FW
0xff21a7ac,Dump_FW
0xff07ee6c,DumpAdjMirror_FW
0xff3792f0,DumpTransparentMemoryItem_FW
0xff1307f0,E2LatOn_FW
0xff1a15bc,Edet.Create_FW
0xff1a15a4,Edet.Delete_FW
0xff33c2d0,EdidDump_FW
0xff33c2cc,EdidView_FW
0xff2fcd80,EF.AdjPreFlash_FW
0xff2fcd60,EF.FlashForColorTempEvaluation_FW
0xff2fcd40,EF.FlashWithoutSync_FW
0xff47f144,EF.GetAdjustPreSvOffset_FW
0xff2fcc64,EF.GetEFModAddPixelGain_FW
0xff47f148,EF.GetEFModExamDriveType_FW
0xff2fcc58,EF.GetEFY2_FW
0xff2fcbb8,EF.GetEFY_FW
0xff1095d4,EF.IsChargeFull_FW
0xff47f15c,EF.IsIrisTypeKosaiShibori_FW
0xff2fcdbc,EF.SetChargeMode_FW
0xff2fcba0,EF.SetChargeOnTime_FW
0xff2fcb84,EF.SetEFChargeTimeOut_FW
0xff2fcd68,EF.SetMainFlashTime_FW
0xff2fcb10,EF.StartEFCharge_FW
0xff2fccbc,EF.StartInternalMainFlash_FW
0xff2fcc7c,EF.StartInternalPreFlash_FW
0xff2fcb74,EF.StopEFCharge_FW
0xff0706a0,EnableAcceleLogRead_FW
0xff07065c,EnableAcceleLogWrite_FW
0xff1d88cc,EnableDebugLogMode_FW
0xff3c1c1c,EnableDISModeChange_FW
0x006b1b40,EnableDispatch_low
0xff3bf7cc,EnableFocusLens_FW
0xff3bf868,EnableFocusLensGainLockWithVoltage_FW
0xff3bf8a4,EnableFocusLensSlopeGain_FW
0xff3bf8c8,EnableFocusLensWaveLock_FW
0xff3c02e8,EnableFocusPiCircuit_FW
0xff0733d8,EnableHDMIPower
0xff4c43f0,EnableHeadDirectCapturePath_FW
0xff07078c,EnableHvUpdate_FW
0x006b5620,EnableInterrupt
0xff3c2288,EnableISAutoGyroOffset_FW
0xff3c1958,EnableISDriveError_FW
0xff3c00cc,EnableLensError_FW
0xff3c22b8,EnableMacroIS_FW
0xff3c02c8,EnableMechaCircuit_FW
0xff3c03d0,EnableResetGpio_FW
0xff3ae2e8,EnableZoomActuatorSpeedLog_FW
0xff3c0330,EnableZoomEncoderCircuit_FW
0xff3c0af0,EnableZoomLensElectricControl_FW
0xff3c0774,EnableZoomLensEncoderPowerControl_FW
0xff3c0ac8,EnableZoomLensSpeedControl_FW
0xff3c030c,EnableZoomPiCircuit_FW
0xff1a5118,EngApp.Create_FW
0xff21bcd4,EngApp.CreatePub_FW
0xff1a50c4,EngApp.Delete_FW
0xff02c0f4,EngDrvBits
0xff352744,EngDrvBits_FW
0xff02c0d8,EngDrvIn
0xff352734,EngDrvIn_FW
0xff02c0c0,EngDrvOut
0xff352718,EngDrvOut_FW
0xff02c0e0,EngDrvRead
0xff35273c,EngDrvRead_FW
0xff352760,EngDrvReadDump_FW
0xff21bc8c,EngineDriver.Create_FW
0xff032440,EnterToCompensationEVF
0xff0a5d58,EpilogFile_FW
0xff0a5dc4,EpilogMenu_FW
0xff0a5a60,EpilogShow_FW
0xff07ed80,EraseAdjustmentArea_FW
0xff0a4fd8,EraseLogSector_FW
0xff0750f4,EraseRom_FW
0xff21a280,EraseSignature_FW
0xff0247a0,err_init_task
0xff3be580,EscapeFocusLens_FW
0xff3c6618,exec_FW
0xff0858a0,Executedccd_FW
0xff2f22ec,ExecuteDefectRec_FW
0xff2f2328,ExecuteDefectRecAndSaveImage_FW
0xff2f23f0,ExecuteDefectRecAndSaveImageWithGrade_FW
0xff2f23ac,ExecuteDefectRecWithGrade_FW
0xff085180,ExecuteDigicon_FW
0xff0346a0,ExecuteEventProcedure
0xff034718,ExecuteEventProcedure_FW
0xff4c57e8,ExecuteInternalPreFlash_FW
0xff185ea0,ExecuteResetFactory_FW
0xff185e88,ExecuteResetFactoryWithRomWrite_FW
0xff0a78d4,ExecuteShutDownPropertyService_FW
0xff085be4,ExecuteSubCameraTestRec_FW
0xff085bd0,ExecuteTestRec_FW
0xff085bec,ExecuteTestRecCF_FW
0xff085dc8,ExecuteTestRecDevelopProcess_FW
0xff085bec,ExecuteTestRecSD_FW
0xff085d1c,ExecuteTestRecSw1_FW
0xff085d04,ExecuteTestRecWithInteg_FW
0xff032494,ExitFromCompensationEVF
0x006b5994,ExitTask
0x006b5994,ExitTask_FW
0xff0342e0,ExMem.AllocCacheable_FW
0xff034178,ExMem.AllocUncacheable_FW
0xff034354,ExMem.FreeCacheable_FW
0xff034274,ExMem.FreeUncacheable_FW
0xff033b84,ExMem.View_FW
0xff034288,exmem_alloc
0xff0342f0,exmem_free
0xff027744,ExMem_FW
0xff0340ec,exmem_ualloc
0xff034234,exmem_ufree
0xff0f7028,ExpCtrlTool.SetExpMode_FW
0xff0f7078,ExpCtrlTool.SoundDevTest_FW
0xff0445d8,ExpCtrlTool_StartContiAE
0xff044810,ExpCtrlTool_StopContiAE
0xff034fd8,ExportToEventProcedure_FW
0xff21b4c4,FA.Create_FW
0xff21b4b0,FA.Delete_FW
0xff4c84f8,FactoryPowerOffWithTimer_FW
0xff1d5b28,FADBGPrintf_FW
0xff1d5a30,FADBGSingal_FW
0xff1d5c6c,FAPrintf_FW
0xff026a90,Fclose_Fut
0xff026a90,Fclose_Fut_FW
0xff026c7c,Feof_Fut
0xff026cb8,Fflush_Fut
0xff026be4,Fgets_Fut
0xff1ec5d4,File.ClearExifInfo_FW
0xff1ec8fc,File.Create_FW
0xff1ec78c,File.Delete_AllImg_FW
0xff4c5d74,FixAEWithCompensation_FW
0xff3c1794,FixISStatus_FW
0xff254cb4,FmtMenu_ExecuteQuickFormat_FW
0xff4c5c2c,FocusAEWithCompensation_FW
0xff3bfb70,FocusLensStopQuickly_FW
0xff026a50,Fopen_Fut
0xff026a50,Fopen_Fut_FW
0xff026b3c,Fread_Fut
0xff026b3c,Fread_Fut_FW
0xff02504c,free
0xff3c65c4,FreeMemory
0xff3c65c4,FreeMemory_FW
0xff025c54,FreeUncacheableMemory
0xff026c30,Fseek_Fut
0xff026c30,Fseek_Fut_FW
0xff026b90,Fwrite_Fut
0xff026b90,Fwrite_Fut_FW
0xff0dbe74,get_current_deltasv
0xff0fe90c,get_current_exp
0xff3aca98,get_current_nd_value
0xff03027c,get_fstype
0xff3acaf8,get_nd_value
0xff14fb3c,get_ptp_buf_size
0xff328ce0,get_ptp_file_buf
0xff0a7adc,get_resource_pointer
0xff023398,get_self_task_errno_pointer
0x006b1b94,get_self_task_id
0xff23a2c8,get_string_by_id
0x006b21d8,get_task_properties
0xff19847c,GetAcceleHvPosition_FW
0xff070608,GetAccelerometerDataWithCorrect_FW
0xff3c24b0,GetAccelX_atMechaCpu_FW
0xff3c24cc,GetAccelY_atMechaCpu_FW
0xff3c25e8,GetAccelZ_atMechaCpu_FW
0xff06f820,GetAdChValue
0xff06f820,GetAdChValue_FW
0xff377400,GetAdjAcceleration_FW
0xff4cc08c,GetAdjAFInteg_FW
0xff08031c,GetAdjDataAreaAddress_FW
0xff080324,GetAdjDurianFlagSize_FW
0xff07eecc,GetAdjTableMapVersion_FW
0xff07eedc,GetAdjTableValueVersion_FW
0xff07ee94,GetAdjTableVersion_FW
0xff0802f8,GetAdjustmentOffset_FW
0xff06f818,GetAdVBattBottom_FW
0xff1d4354,GetAEIntegralServiceMode_FW
0xff1d3ff0,GetAEIntegralValueWithFix_FW
0xff1d4348,GetAEIntegValueBit_FW
0xff1d3ef0,GetAEIntegWinData_FW
0xff1d3f04,GetAEIntegWinDataWithMode_FW
0xff1d4114,GetAllAEIntegralAllValueWithFix_FW
0xff310628,GetBaseSv
0xff02bf70,GetBatteryCoverClose_FW
0xff078cfc,GetBatteryTemperature
0xff078cfc,GetBatteryTemperature_FW
0xff377eb8,GetBatteryVoltage_FW
0xff0aacac,GetBuildDate_FW
0xff0aacc0,GetBuildTime_FW
0xff37781c,GetCameraInformationData_FW
0xff078c84,GetCCDTemperature
0xff078c84,GetCCDTemperature_FW
0xff4ca350,GetCdsGainValue_FW
0xff4ca460,GetCdsPreGainReg_FW
0xff0ab940,GetCh_FW
0xff0aafe4,GetChipVersion_FW
0xff4c7700,GetContinuousMovieJpegVRAMData_FW
0xff4c6db8,GetContinuousVRAMData_FW
0xff4c7534,GetContinuousVRAMDataWithRingBuffer_FW
0xff1d494c,GetCrawDataAddr_FW
0xff4c4274,GetCrwImageInfo_FW
0xff4c43c4,GetCrwInfoData_FW
0xff377258,GetCurrentAdjImgDriveType_FW
0xff1d50ec,GetCurrentAvCoefficient_FW
0xff091b04,GetCurrentAvValue
0xff091b04,GetCurrentAvValue_FW
0xff0bf5e8,GetCurrentCaptureModeType_FW
0xff3777cc,GetCurrentCcdTemp_FW
0xff0e1f54,GetCurrentDriveBaseSvValue
0xff4ca480,GetCurrentDriveBaseSvValue_FW
0xff0db490,GetCurrentExposureTime_FW
0xff204520,GetCurrentFocusLensPosition_FW
0xff204520,GetCurrentFocusPosition_FW
0xff377270,GetCurrentImgDrvMode_FW
0xff1d50bc,GetCurrentIrisPosition_FW
0xff0a68d0,GetCurrentMachineTime
0xff1d6150,GetCurrentMaximumLogSize_FW
0xff3777ec,GetCurrentOptTemp_FW
0xff0db150,GetCurrentShutterSpeed
0xff0db150,GetCurrentShutterSpeed_FW
0xff2044b8,GetCurrentTargetDistance_FW
0xff3783ac,GetCurrentZoomLensDirection_FW
0xff207368,GetCurrentZoomLensPoint_FW
0xff2072b8,GetCurrentZoomLensPosition_FW
0xff207368,GetCurrentZoomPoint_FW
0xff2072b8,GetCurrentZoomPosition_FW
0xff3be420,GetCZFramingAssistAutoHighSpeed_FW
0xff3be428,GetCZFramingAssistAutoLowSpeed_FW
0xff3be418,GetCZFramingAssistStillSpeed_FW
0xff3be408,GetCZMovieDefaultSpeed_FW
0xff3be3f0,GetCZMovieHighSpeed_FW
0xff3be3f8,GetCZMovieLowSpeed_FW
0xff3be400,GetCZStillDefaultSpeed_FW
0xff3be3e0,GetCZStillHighSpeed_FW
0xff3be3e8,GetCZStillLowSpeed_FW
0xff128e24,GetDarkFixedFocusPosition_FW
0xff21a6f4,GetDateAndTime_FW
0xff4c7e50,GetDay_FW
0xff085ad0,GetdccdFilterValue_FW
0xff085a34,GetdccdImage_FW
0xff4e96a4,GetDcmSpeedLog_FW
0xff07fd60,GetDCPAdjOffset_FW
0xff2f1e7c,GetDefectAllResultData_FW
0xff2f1df8,GetDefectCrawInfo_FW
0xff2f1fa0,GetDefectHistgramInfo_FW
0xff2f1ec8,GetDefectPartResultData_FW
0xff2f2064,GetDefectRecParamForCorrelationTest_FW
0xff2f24f8,GetDefectTurnTableParam_FW
0xff2f1fdc,GetDefectTvAdj_FW
0xff02bf64,GetDialEventId_FW
0xff09602c,GetDISModeParameter_FW
0xff3c1bec,GetDISModeParamType_FW
0xff3c1e94,GetDisSupportStatus_FW
0xff030304,GetDrive_ClusterSize
0xff030adc,GetDrive_FreeClusters
0xff030ab0,GetDrive_TotalClusters
0xff198fc4,GetDriverInfoEvent_FW
0xff4c8484,GetEFUSEData_FW
0x006b82b8,GetEventFlagValue
0xff4c56cc,GetExStrobeID_FW
0xff34d4d8,GetFaceAuthBinAddr_FW
0xff34d4e0,GetFaceAuthBinSize_FW
0xff0aacd4,GetFirmwareVersion_FW
0xff0961cc,GetFixedPWMOutA_FW
0xff0961d4,GetFixedPWMOutB_FW
0xff204a2c,GetFocusDefaultResetPosition_FW
0xff204948,GetFocusLensAvCoefficient_FW
0xff3bfbe8,GetFocusLensCarrierFrequency_FW
0xff3a9814,GetFocusLensCurrentPosition_FW
0xff3a9818,GetFocusLensCurrentPositionWithMotor_FW
0xff3a981c,GetFocusLensDriveVoltage_FW
0xff3a7850,GetFocusLensFinalStopSettingTime_FW
0xff3a9940,GetFocusLensGainSlope_FW
0xff3a98f4,GetFocusLensHoldVoltage_FW
0xff3be504,GetFocusLensIrisCoefficient_FW
0xff3bf9b0,GetFocusLensLoadCamTable_FW
0xff3bf988,GetFocusLensLoadSubjectDistance_FW
0xff3bfad4,GetFocusLensMoveMaxPosition_FW
0xff3bfaec,GetFocusLensMoveMinPosition_FW
0xff3bfb08,GetFocusLensMoveRangeOfTelePoint_FW
0xff3bf980,GetFocusLensPositionRatio_FW
0xff203fa8,GetFocusLensPullInMaxSpeed_FW
0xff3a8dd8,GetFocusLensResetDefaultPosition_FW
0xff3a8dc8,GetFocusLensResetPosition_FW
0xff4ea568,GetFocusLensResetVoltage_FW
0xff3a98a8,GetFocusLensSettingWaitVoltage_FW
0xff2044b8,GetFocusLensSubjectDistance
0xff3bf904,GetFocusLensSubjectDistance_FW
0xff3bf920,GetFocusLensSubjectDistanceNumber_FW
0xff205a04,GetFocusPiSensorLevel_FW
0xff2049c0,GetFocusResetPosition_FW
0xff092b98,GetFocusStartZoomPosition_FW
0xff4c45c0,GetFrameRateWithApex_FW
0xff095d04,GetGyro10BitDACPitch_FW
0xff095d10,GetGyro10BitDACYaw_FW
0xff095c7c,GetGyroDataPitch_FW
0xff095ca4,GetGyroDataYaw_FW
0xff3c20d4,GetGyroFilterCharge_FW
0xff4ce720,GetGyroFilterChargeStatus_FW
0xff095d1c,GetGyroHPFINOffsetPitch_FW
0xff095d28,GetGyroHPFINOffsetYaw_FW
0xff095d34,GetGyroHPFINPitch_FW
0xff095d40,GetGyroHPFINYaw_FW
0xff4c7e78,GetHour_FW
0xff1e134c,getImageDirName
0xff1dced8,GetImageFolder
0xff0773f8,GetInputAverageLevel_FW
0xff0aad50,GetInternalFirmwareVersion_FW
0xff091b04,GetIrisAv_FW
0xff1d5110,GetIrisPRResetPosition_FW
0xff3c1e9c,GetISCenterDrivebyAxisType_FW
0xff3c1c64,GetISCenterShiftA_FW
0xff3c1c80,GetISCenterShiftB_FW
0xff3c1aa0,GetISCrossTalkComp_FW
0xff4ce75c,GetISCrossTalkCompCoeff_FW
0xff3c1614,GetISDriveAaxis_FW
0xff3c1634,GetISDriveBaxis_FW
0xff3c20f4,GetISFirmVersion_FW
0xff4ce588,GetISGyro10BitDACPitch_FW
0xff4ce590,GetISGyro10BitDACYaw_FW
0xff4ce568,GetISGyroData_FW
0xff4ce558,GetISGyroDataPitch_FW
0xff4ce560,GetISGyroDataYaw_FW
0xff3c1f34,GetISGyroGainAaxis_FW
0xff3c1f54,GetISGyroGainBaxis_FW
0xff3c1f74,GetISGyroGainbyAxisType_FW
0xff4ce5a0,GetISGyroHPFINOffsetPitch_FW
0xff4ce5a8,GetISGyroHPFINOffsetYaw_FW
0xff4ce570,GetISGyroHPFINPitch_FW
0xff4ce578,GetISGyroHPFINYaw_FW
0xff4ce598,GetISGyroOffset10BitDACData_FW
0xff4ce5b0,GetISGyroOffsetHPFINData_FW
0xff4ce870,GetISGyroPitchGain_FW
0xff4ce8c4,GetISGyroYawGain_FW
0xff3c1990,GetISHallAmpFirstGain_FW
0xff4ce828,GetISHallDevicePitchGain_FW
0xff4ce810,GetISHallDevicePitchOffset_FW
0xff4ce830,GetISHallDeviceYawGain_FW
0xff4ce818,GetISHallDeviceYawOffset_FW
0xff3c1708,GetISHallGainAaxis_FW
0xff3c1728,GetISHallGainBaxis_FW
0xff3c1748,GetISHallGainbyAxisType_FW
0xff3c1694,GetISHallOffsetAaxis_FW
0xff3c16b4,GetISHallOffsetBaxis_FW
0xff3c16d4,GetISHallOffsetbyAxisType_FW
0xff4ce918,GetISHallOffsetDAConvertValue_FW
0xff4ce438,GetISHallOffsetDACValue_FW
0xff3c17e4,GetISHallOut1Amp_FW
0xff3c1914,GetISHallOut2Amp_FW
0xff4ce580,GetISHPFINGyroData_FW
0xff4ce420,GetISLens1stHallAmpValue_FW
0xff4ce458,GetISLensCorrectedEViAaxis_FW
0xff4ce464,GetISLensCorrectedEViBaxis_FW
0xff4ce470,GetISLensDampAaxis_FW
0xff4ce478,GetISLensDampBaxis_FW
0xff4ce850,GetISLensDriveValue_FW
0xff4ce440,GetISLensEViAaxis_FW
0xff4ce44c,GetISLensEViBaxis_FW
0xff4ce8cc,GetISLensGyroGain_FW
0xff4ce838,GetISLensHallGain_FW
0xff4ce820,GetISLensHallOffset_FW
0xff4ce868,GetISLensPositionValue_FW
0xff3c2144,GetISParamVersion_FW
0xff4ce840,GetISPitchPWM_FW
0xff3c1654,GetISPositionAaxis_FW
0xff3c1674,GetISPositionBaxis_FW
0xff0956e0,GetISPWMFreqData_FW
0xff0956e0,GetISPWMFrequency_FW
0xff0956e4,GetISPWMPeriod_FW
0xff4ce858,GetISShiftLensPitchPosition_FW
0xff4ce860,GetISShiftLensYawPosition_FW
0xff4ce848,GetISYawPWM_FW
0xff074ebc,GetKbdState
0xff4c8354,GetLastVBatADLevel_FW
0xff19fbc0,GetLatestHVPosition_FW
0xff02bf68,GetLcdPosition_FW
0xff2053f4,GetLensErrorStatus_FW
0xff1d60fc,GetLogData_FW
0xff1d6104,GetLogDataOnlyAddMemory_FW
0xff0ae764,GetLogicalEventName_FW
0xff0a4fa0,GetLogToFile_FW
0xff4ce6e0,GetLoopGain_FW
0xff3c1a6c,GetLoopGainAdjValue_FW
0xff3c19f0,GetLoopGainCalcData_FW
0xff4ce684,GetLoopGainCalcData_FW
0xff3c2200,GetLPFParallelBest_FW
0xff4c443c,GetLvMagWindowInfo_FW
0xff3c2450,GetMacroISAngleAndVelocityA_FW
0xff3c2480,GetMacroISAngleAndVelocityB_FW
0xff4ce7b0,GetMacroISEstimateRadius_FW
0xff4ce7b8,GetMacroISEstimateVelocity_FW
0xff3c2398,GetMacroISEstimRadiusA_FW
0xff3c23b4,GetMacroISEstimRadiusB_FW
0xff4ce784,GetMacroISGain_FW
0xff3c23e0,GetMacroISGainA_FW
0xff3c23fc,GetMacroISGainB_FW
0xff04ae08,GetMacroSupportZoomPoint_FW
0xff092ba4,GetMechaCondition_FW
0xff3c211c,GetMechaDSPVersion_FW
0xff3c0534,GetMechaShutterCloseDacSetting_FW
0xff206c58,GetMechaShutterMoveTime_FW
0xff3c0584,GetMechaShutterOpenDacSetting_FW
0xff206c80,GetMechaShutterStatus_FW
0xff023408,GetMemInfo
0xff4c7ea0,GetMinute_FW
0xff377bb8,GetModeDialName_FW
0xff377afc,GetModeDialState_FW
0xff4c7e24,GetMonth_FW
0xff3c1e74,GetMoveEdgeWaitTime_FW
0xff051388,GetMovieJpegVRAMHPixelsSize_FW
0xff051394,GetMovieJpegVRAMVPixelsSize_FW
0xff4c8a28,GetMShutterDacValue_FW
0xff4c8a38,GetMShutterStatus_FW
0xff3acde4,GetNdMoveTime_FW
0xff377cf4,GetNFCSystemAreaData_FW
0xff377e78,GetNFCUserAreaData_FW
0xff077404,GetNowInputAverageLevel_FW
0x006b870c,GetNumberOfPostedMessages
0xff4ca3d8,GetObClampValue_FW
0xff1d41e4,GetOnlyAEIntegData_FW
0xff078d74,GetOpticalTemperature
0xff078d74,GetOpticalTemperature_FW
0xff231894,GetParameterData
0xff4c7498,GetPixelsOfViewangle_FW
0xff080300,GetProductID_FW
0xff0ac880,GetPropertyCase
0xff21a66c,GetPropertyCase_FW
0xff4c4300,GetRawBufferAdd_FW
0xff0751d4,GetRomID_FW
0xff0705fc,GetScalar_Acceleration_FW
0xff02bf38,GetSDDetect_FW
0xff02bf40,GetSDProtect
0xff02bf40,GetSDProtect_FW
0xff4c7ec8,GetSecond_FW
0xff0ae20c,GetSelfControllerHandle_FW
0x006b7b54,GetSemaphoreValue
0xff4ca478,GetSensorPreGain_FW
0xff4c4568,GetShutterSpeedRegularMaxLimit_FW
0xff4c4584,GetShutterSpeedRegularMinLimit_FW
0xff198428,GetSlantAngle_FW
0xff07047c,GetSlantData_FW
0xff3c1dd4,GetSlowWaitTime_FW
0x006b55fc,GetSRAndDisableInterrupt
0xff0ab990,GetStringWithPrompt_FW
0xff4c6cb4,GetSumYOfVRAMCenterLine_FW
0xff02becc,GetSwitchStatus_FW
0xff3c6604,GetSystemTime
0xff3c6604,GetSystemTime_FW
0xff085d68,GetTestRecCrawAddress_FW
0xff0728c4,GetTimeFromRTC
0xff21a26c,GetTimeFromRTC_FW
0x006b9234,GetTimeOfSystem_FW
0xff37785c,GetTotalShootCount_FW
0xff3793d0,GetTransparentMemory_FW
0xff379414,GetTransparentMemoryPosition_FW
0xff3793c0,GetTransparentMemorySize_FW
0xff091ba4,GetUsableAvRange
0xff1d5098,GetUsableMaxAv
0xff1d5098,GetUsableMaxAv_FW
0xff1d507c,GetUsableMinAv
0xff1d507c,GetUsableMinAv_FW
0xff4c4558,GetUserSetShutterSPeed_FW
0x006b8aa4,GetValidSystemCalender
0xff02ab20,GetVBatVoltage_FW
0xff4c6300,GetVideoOutType
0xff4c6300,GetVideoOutType_FW
0xff051370,GetVRAMHPixelsSize
0xff051370,GetVRAMHPixelsSize_FW
0xff05137c,GetVRAMVPixelsSize
0xff05137c,GetVRAMVPixelsSize_FW
0xff2f2568,GetWaitTemperatureDriveType_FW
0xff3c1d98,GetWaitTime_FW
0xff3776bc,GetWLANEepromNum_FW
0xff3775fc,GetWLANMACAddress_FW
0xff198270,GetX_AxisAcceleration_FW
0xff19825c,GetY_AxisAcceleration_FW
0xff4c7df4,GetYear_FW
0xff198248,GetZ_AxisAcceleration_FW
0xff3ae370,GetZoomActuatorCurrentPosition_FW
0xff3ae2d4,GetZoomActuatorSpeedPPS_FW
0xff4eb27c,GetZoomAmpereLimitOffTime_FW
0xff378e20,GetZoomDefaultCommonDriveParam_FW
0xff378c00,GetZoomDefaultDriveParam_FW
0xff2080a0,GetZoomDrivingTime_FW
0xff207368,GetZoomLensCurrentPoint
0xff207368,GetZoomLensCurrentPoint_FW
0xff3af538,GetZoomLensCurrentPosition
0xff2072b8,GetZoomLensCurrentPosition_FW
0xff3c0aa0,GetZoomLensDriveAmpereDac_FW
0xff20809c,GetZoomLensMechaEdgePosition_FW
0xff2080c8,GetZoomLensMinimumSpeedMoveLimitTime_FW
0xff378094,GetZoomLensResetPlus_FW
0xff207868,GetZoomLensTelePoint_FW
0xff378dc0,GetZoomNormalDriveParam_FW
0xff209200,GetZoomPiChangePosition_FW
0xff208ff4,GetZoomPiDefaultPosition_FW
0xff2059bc,GetZoomPiSensorLevel_FW
0xff378d60,GetZoomResetDriveParam_FW
0xff20901c,GetZoomResetSensorLevel_FW
0xff207868,GetZoomTelePoint_FW
0x006b7b04,GiveSemaphore
0x006b7b04,GiveSemaphore_FW
0xff0b3d68,GUISrv_StartGUISystem
0xff0b3d68,GUISrv_StartGUISystem_FW
0xff8454c7,handle_PTP_OC_0x1026
0xff8454e7,handle_PTP_OC_0x1027
0xff8456b1,handle_PTP_OC_0x1028
0xff1644d4,handle_PTP_OC_0x9038
0xff1645c0,handle_PTP_OC_0x9039
0xff1646b4,handle_PTP_OC_0x903a
0xff164770,handle_PTP_OC_0x903b
0xff1647b0,handle_PTP_OC_0x904b
0xff163dc0,handle_PTP_OC_0x904c
0xff154918,handle_PTP_OC_0x9050
0xff153e8c,handle_PTP_OC_0x9051
0xff154840,handle_PTP_OC_0x9052
0xff15474c,handle_PTP_OC_0x9053
0xff154618,handle_PTP_OC_0x9057
0xff1543bc,handle_PTP_OC_0x9058
0xff154288,handle_PTP_OC_0x9059
0xff154110,handle_PTP_OC_0x905a
0xff153f90,handle_PTP_OC_0x905b
0xff154918,handle_PTP_OC_0x905c
0xff153e8c,handle_PTP_OC_0x905d
0xff165358,handle_PTP_OC_0x9060
0xff1653fc,handle_PTP_OC_0x9062
0xff1534e0,handle_PTP_OC_0x9801
0xff1530c0,handle_PTP_OC_0x9802
0xff152e48,handle_PTP_OC_0x9803
0xff152d24,handle_PTP_OC_0x9804
0xff1527f4,handle_PTP_OC_0x9805
0xff160308,handle_PTP_OC_CANON_ChangeUSBProtocol
0xff15edf8,handle_PTP_OC_CANON_CheckEvent
0xff15ab88,handle_PTP_OC_CANON_EOS_CancelTransfer
0xff15a220,handle_PTP_OC_CANON_EOS_DeleteObject
0xff15ad58,handle_PTP_OC_CANON_EOS_EndGetPartialObjectEx
0xff15a2c4,handle_PTP_OC_CANON_EOS_FormatStore
0xff15ae88,handle_PTP_OC_CANON_EOS_GetCTGInfo
0xff156728,handle_PTP_OC_CANON_EOS_GetEvent
0xff15a140,handle_PTP_OC_CANON_EOS_GetObjectInfo
0xff15a524,handle_PTP_OC_CANON_EOS_GetObjectInfoEx
0xff15a384,handle_PTP_OC_CANON_EOS_GetPartialObject
0xff15abd8,handle_PTP_OC_CANON_EOS_GetPartialObjectEx
0xff159e50,handle_PTP_OC_CANON_EOS_GetStorageIDs
0xff159f48,handle_PTP_OC_CANON_EOS_GetStorageInfo
0xff15a7ec,handle_PTP_OC_CANON_EOS_GetThumbEx
0xff15c2a0,handle_PTP_OC_CANON_EOS_GetViewFinderData
0xff159bbc,handle_PTP_OC_CANON_EOS_KeepDeviceOn
0xff15c208,handle_PTP_OC_CANON_EOS_RemoteReleaseOff
0xff15c0a0,handle_PTP_OC_CANON_EOS_RemoteReleaseOn
0xff1564c0,handle_PTP_OC_CANON_EOS_RequestDevicePropValue
0xff15b4d8,handle_PTP_OC_CANON_EOS_RequestInnerDevelopEnd
0xff15b2d8,handle_PTP_OC_CANON_EOS_RequestInnerDevelopStart
0xff159b6c,handle_PTP_OC_CANON_EOS_ResetUILock
0xff156324,handle_PTP_OC_CANON_EOS_SetDevicePropValueEx
0xff159a48,handle_PTP_OC_CANON_EOS_SetEventMode
0xff15aa84,handle_PTP_OC_CANON_EOS_SetObjectAttributes
0xff15b238,handle_PTP_OC_CANON_EOS_SetRating
0xff15bfa0,handle_PTP_OC_CANON_EOS_SetRemoteMode
0xff159c0c,handle_PTP_OC_CANON_EOS_SetRequestOLCInfoGroup
0xff159b1c,handle_PTP_OC_CANON_EOS_SetUILock
0xff15ab38,handle_PTP_OC_CANON_EOS_TransferComplete
0xff163934,handle_PTP_OC_CANON_GetObjectAttributes
0xff1640b8,handle_PTP_OC_CANON_GetObjectHandleByName
0xff164c40,handle_PTP_OC_CANON_GetObjectInfoEx
0xff163684,handle_PTP_OC_CANON_GetPartialObjectEx
0xff163408,handle_PTP_OC_CANON_GetPartialObjectInfo
0xff164f28,handle_PTP_OC_CANON_SendObjectByPath
0xff163a64,handle_PTP_OC_CANON_SendObjectInfoByPath
0xff165168,handle_PTP_OC_CANON_SendPartialObject
0xff1639d0,handle_PTP_OC_CANON_SetObjectArchive
0xff1641f4,handle_PTP_OC_CANON_SetObjectTime
0xff054f90,handle_PTP_OC_CloseSession
0xff16426c,handle_PTP_OC_DeleteObject
0xff1643e4,handle_PTP_OC_FormatStore
0xff15e424,handle_PTP_OC_GetDevicePropDesc
0xff84561a,handle_PTP_OC_GetDevicePropDesc
0xff15e304,handle_PTP_OC_GetDevicePropValue
0xff84557c,handle_PTP_OC_GetDevicePropValue
0xff845631,handle_PTP_OC_GetFilesystemManifest
0xff164944,handle_PTP_OC_GetNumObjects
0xff845586,handle_PTP_OC_GetNumObjects
0xff162e80,handle_PTP_OC_GetObject
0xff845517,handle_PTP_OC_GetObject
0xff164a34,handle_PTP_OC_GetObjectHandles
0xff84564a,handle_PTP_OC_GetObjectHandles
0xff163328,handle_PTP_OC_GetObjectInfo
0xff845526,handle_PTP_OC_GetObjectInfo
0xff1630d8,handle_PTP_OC_GetPartialObject
0xff84565e,handle_PTP_OC_GetResizedImageObject
0xff162488,handle_PTP_OC_GetStorageIDs
0xff845654,handle_PTP_OC_GetStorageIDs
0xff162580,handle_PTP_OC_GetStorageInfo
0xff8455bc,handle_PTP_OC_GetStorageInfo
0xff84550f,handle_PTP_OC_GetStream
0xff845546,handle_PTP_OC_GetStreamInfo
0xff163008,handle_PTP_OC_GetThumb
0xff8456e3,handle_PTP_OC_GetVendorDeviceInfo
0xff8454b7,handle_PTP_OC_GetVendorExtensionMaps
0xff8454f7,handle_PTP_OC_MoveObject
0xff055044,handle_PTP_OC_OpenSession
0xff8454ef,handle_PTP_OC_PowerDown
0xff845641,handle_PTP_OC_ResetDevice
0xff15df34,handle_PTP_OC_ResetDevicePropValue
0xff845590,handle_PTP_OC_ResetDevicePropValue
0xff845668,handle_PTP_OC_SelfTest
0xff164f28,handle_PTP_OC_SendObject
0xff163a64,handle_PTP_OC_SendObjectInfo
0xff15e184,handle_PTP_OC_SetDevicePropValue
0xff845687,handle_PTP_OC_SetDevicePropValue
0xff163284,handle_PTP_OC_SetObjectProtection
0xff845639,handle_PTP_OC_SetObjectProtection
0xff8455b4,handle_PTP_OC_TerminateOpenCapture
0xff037b7c,HardwareDefect_FW
0xff33c2c4,HdmiAudioSampleFreq_FW
0xff33c224,HdmiChange5VShortState_FW
0xff19ecec,HdmiRegDump_FW
0xff33c220,HdmiSetOutputResolusion_FW
0xff19a304,HdmiViewParameter_FW
0xff33c230,HecHdmiCecPhysicalCheckForScript_FW
0xff4ce10c,HitISLensAgainstBottomEdge_FW
0xff4ce124,HitISLensAgainstLeftEdge_FW
0xff4ce13c,HitISLensAgainstRightEdge_FW
0xff4ce0f4,HitISLensAgainstTopEdge_FW
0xff4ce154,HitISLensToMechaEdge_FW
0xff4ce4dc,HitISMechaEdgeInOpenControl_FW
0xff222af4,HwOcReadICAPCounter
0xff0201e4,icache_disable_and_flush
0xff0201bc,icache_flush_and_enable
0xff020384,icache_flush_range
0xff04c928,ImagerActivate
0xff1d6120,InactivateAdjLog_FW
0xff21b488,InitializeAdjustmentFunction_FW
0xff21b418,InitializeAdjustmentSystem_FW
0xff084ffc,Initializedccd_FW
0xff2f247c,InitializeDefectRec_FW
0xff084ffc,InitializeDigicon_FW
0xff379b48,InitializeFAExtendFile_FW
0xff379b20,InitializeFAGeneralTest_FW
0xff4c8aa4,InitializeMechaDevice_FW
0xff3b0844,InitializeMechaUnitExeTest_FW
0xff377c24,InitializeNFCAdjustment_FW
0xff180ee4,InitializePTPIPTransportResponder_FW
0xff377a7c,InitializeSoundDevForRecEvent_FW
0xff379970,InitializeSoundRec_FW
0xff084524,InitializeTestRec_FW
0xff05ab30,InitializeWLAN_FW
0xff3c267c,ISActive_FW
0xff4ca5fc,IsAdjCdsMode_FW
0xff3c14c0,ISAutoCenter_FW
0xff3be410,IsAvailableCZSpeed_FW
0xff078ed0,IsBatteryTemperature_FW
0xff078e9c,IsCCDTemperature_FW
0xff3c1504,ISChangeOPENtoCLOSE_FW
0xff0aee24,IsControlEventActive_FW
0xff3c2184,ISControlStart_FW
0xff3c2194,ISControlStop_FW
0xff02d188,IsDUIDFixFlag_FW
0xff4c6464,IsEVFDrive_FW
0xff4c69e8,IsEvfDriveMode_FW
0xff4c56dc,IsExStrobeChargeComp_FW
0xff02c520,IsFAConnectUSB_FW
0xff02d108,IsFactoryMode_FW
0xff02c514,IsFAWLANRunning_FW
0xff3c1cd8,ISFixedPWMOFF_FW
0xff3c1cc4,ISFixedPWMON_FW
0xff20499c,IsFocusLensOutSidePosition_FW
0xff02bf78,IsHvSensorExist_FW
0xff094d90,ISInitMotion_FW
0x006b8ac4,IsInvalidTime
0xff092b74,IsLensOutside_FW
0xff1d6144,IsLogOutType_FW
0xff3c1938,ISMDStart_FW
0xff3c1948,ISMDStop_FW
0xff3c2654,ISMemoryWrite_FW
0xff02d0dc,IsMountLens_FW
0xff3c14e8,ISMoveToMechaEdgeOPEN_FW
0xff02d1d0,IsNormalCameraMode_FW
0xff34d4e8,IsOKFaceAuthBinFile_FW
0xff078e68,IsOpticalTemperature_FW
0xff3c21a4,ISPanModeStart_FW
0xff3c21b4,ISPanModeStop_FW
0xff0a4fc4,IsRomLogAvailable_FW
0xff377bcc,IsSDDetect_FW
0xff1095d4,IsStrobeChargeCompleted
0xff3b0730,IsUnitFirmMode_FW
0xff3ada6c,IsZoomActuatorResetSensorPlusSide_FW
0xff207c80,IsZoomLensOutSidePosition_FW
0xff1d3988,j_AbortAEIntegralValue_FW
0xff21a180,j_BeepDrive_FW
0xff21a184,j_BeepDriveComp_FW
0xff33c2d4,j_CecRegDump_FW
0xff4c43c0,j_ClearImageDrive_FW
0xff377c30,j_ClearNFCSystemArea_FW
0xff0270a4,j_Close_FW
0xff07f844,j_CreateUserSettingMirror_FW
0xff130cf0,j_E2LatOn_FW
0xff2fcc6c,j_EF.GetAdjustPreSvOffset_FW
0xff2fcc70,j_EF.GetEFModExamDriveType_FW
0xff2fcd7c,j_EF.IsChargeFull_FW
0xff2fcc74,j_EF.IsIrisTypeKosaiShibori_FW
0xff21a81c,j_exec_FW
0xff085e20,j_Executedccd_FW
0xff085e1c,j_ExecuteDigicon_FW
0xff185eb8,j_ExecuteShutDownPropertyService_FW
0xff02773c,j_ExMem.AllocCacheable_FW
0xff027734,j_ExMem.AllocUncacheable_FW
0xff027740,j_ExMem.FreeCacheable_FW
0xff027738,j_ExMem.FreeUncacheable_FW
0xff027730,j_ExMem.View_FW
0xff0707b0,j_GetAcceleHvPosition_FW
0xff21a17c,j_GetAdChValue_FW
0xff07eec8,j_GetAdjTableVersion_FW
0xff21a178,j_GetAdVBattBottom_FW
0xff1d3f00,j_GetAEIntegWinData_FW
0xff12fe80,j_GetBaseSv
0xff21a260,j_GetBatteryCoverClose_FW
0xff078f28,j_GetBatteryTemperature_FW
0xff377ed8,j_GetBatteryVoltage_FW
0xff377858,j_GetCameraInformationData_FW
0xff078f24,j_GetCCDTemperature_FW
0xff4ca3f0,j_GetCdsGainValue_FW
0xff1d5104,j_GetCurrentAvCoefficient_FW
0xff1d4e5c,j_GetCurrentAvValue_FW
0xff3777e8,j_GetCurrentCcdTemp_FW
0xff4ca4a0,j_GetCurrentDriveBaseSvValue_FW
0xff4c446c,j_GetCurrentExposureTime_FW
0xff4ca720,j_GetCurrentFocusLensPosition_FW
0xff4ca720,j_GetCurrentFocusPosition_FW
0xff377818,j_GetCurrentOptTemp_FW
0xff4c4478,j_GetCurrentShutterSpeed_FW
0xff4ca6c4,j_GetCurrentTargetDistance_FW
0xff3783c8,j_GetCurrentZoomLensDirection_FW
0xff3783a8,j_GetCurrentZoomLensPoint_FW
0xff3783a0,j_GetCurrentZoomLensPosition_FW
0xff3783a8,j_GetCurrentZoomPoint_FW
0xff3783a0,j_GetCurrentZoomPosition_FW
0xff085e28,j_GetdccdFilterValue_FW
0xff085e24,j_GetdccdImage_FW
0xff4c846c,j_GetDCPAdjOffset_FW
0xff21a258,j_GetDialEventId_FW
0xff4ce734,j_GetDISModeParameter_FW
0xff21a268,j_GetDriverInfoEvent_FW
0xff4c8498,j_GetEFUSEData_FW
0xff3c1d24,j_GetFixedPWMOutA_FW
0xff3c1d28,j_GetFixedPWMOutB_FW
0xff4ca6b4,j_GetFocusDefaultResetPosition_FW
0xff3bfdb8,j_GetFocusLensAvCoefficient_FW
0xff3bf8f4,j_GetFocusLensCurrentPosition_FW
0xff3bf8f8,j_GetFocusLensCurrentPositionWithMotor_FW
0xff3bf9e0,j_GetFocusLensDriveVoltage_FW
0xff3bfed4,j_GetFocusLensFinalStopSettingTime_FW
0xff3bfa98,j_GetFocusLensGainSlope_FW
0xff3bfa58,j_GetFocusLensHoldVoltage_FW
0xff3bfb04,j_GetFocusLensPullInMaxSpeed_FW
0xff3bf900,j_GetFocusLensResetDefaultPosition_FW
0xff3bf8fc,j_GetFocusLensResetPosition_FW
0xff3bfa94,j_GetFocusLensResetVoltage_FW
0xff3bfa1c,j_GetFocusLensSettingWaitVoltage_FW
0xff3c0308,j_GetFocusPiSensorLevel_FW
0xff4ca6bc,j_GetFocusResetPosition_FW
0xff3c00c8,j_GetFocusStartZoomPosition_FW
0xff3c1fe8,j_GetGyro10BitDACPitch_FW
0xff3c1fec,j_GetGyro10BitDACYaw_FW
0xff3c1fa8,j_GetGyroDataPitch_FW
0xff3c1fac,j_GetGyroDataYaw_FW
0xff3c2028,j_GetGyroHPFINOffsetPitch_FW
0xff3c202c,j_GetGyroHPFINOffsetYaw_FW
0xff3c2030,j_GetGyroHPFINPitch_FW
0xff3c2034,j_GetGyroHPFINYaw_FW
0xff3bffb0,j_GetIrisAv_FW
0xff4ce934,j_GetISPWMFreqData_FW
0xff3c1d54,j_GetISPWMFrequency_FW
0xff3c1d58,j_GetISPWMPeriod_FW
0xff21a25c,j_GetLcdPosition_FW
0xff3c00c4,j_GetLensErrorStatus_FW
0xff128e00,j_GetMacroSupportZoomPoint_FW
0xff3c0190,j_GetMechaCondition_FW
0xff3c05d0,j_GetMechaShutterMoveTime_FW
0xff3c05cc,j_GetMechaShutterStatus_FW
0xff4c75cc,j_GetMovieJpegVRAMHPixelsSize_FW
0xff4c75d4,j_GetMovieJpegVRAMVPixelsSize_FW
0xff4c8a3c,j_GetMShutterStatus_FW
0xff3c072c,j_GetNdMoveTime_FW
0xff078f20,j_GetOpticalTemperature_FW
0xff21a240,j_GetSDDetect_FW
0xff21a244,j_GetSDProtect_FW
0xff4c4580,j_GetShutterSpeedRegularMaxLimit_FW
0xff4c459c,j_GetShutterSpeedRegularMinLimit_FW
0xff0707ac,j_GetSlantAngle_FW
0xff070658,j_GetSlantData_FW
0xff21a22c,j_GetSwitchStatus_FW
0xff377924,j_GetTotalShootCount_FW
0xff1d50b0,j_GetUsableMaxAv_FW
0xff1d5094,j_GetUsableMinAv_FW
0xff4c835c,j_GetVBatVoltage_FW
0xff4c63f0,j_GetVideoOutType_FW
0xff4c6d20,j_GetVRAMHPixelsSize_FW
0xff4c6d28,j_GetVRAMVPixelsSize_FW
0xff0705f0,j_GetX_AxisAcceleration_FW
0xff0705f4,j_GetY_AxisAcceleration_FW
0xff0705f8,j_GetZ_AxisAcceleration_FW
0xff3ae2e0,j_GetZoomActuatorCurrentPosition_FW
0xff3c0b64,j_GetZoomAmpereLimitOffTime_FW
0xff3784dc,j_GetZoomDrivingTime_FW
0xff3c0b18,j_GetZoomLensCurrentPoint_FW
0xff3c0b1c,j_GetZoomLensCurrentPosition_FW
0xff3c0b24,j_GetZoomLensMechaEdgePosition_FW
0xff3c0b7c,j_GetZoomLensMinimumSpeedMoveLimitTime_FW
0xff378f0c,j_GetZoomLensResetPlus_FW
0xff3c0b20,j_GetZoomLensTelePoint_FW
0xff3791a8,j_GetZoomPiChangePosition_FW
0xff3791a4,j_GetZoomPiDefaultPosition_FW
0xff3c032c,j_GetZoomPiSensorLevel_FW
0xff37849c,j_GetZoomResetSensorLevel_FW
0xff378494,j_GetZoomTelePoint_FW
0xff33c2d8,j_HdmiRegDump_FW
0xff085e14,j_Initializedccd_FW
0xff085e14,j_InitializeDigicon_FW
0xff219eb8,j_InitializeMechaUnitExeTest_FW
0xff3799ec,j_InitializeSoundRec_FW
0xff085bc8,j_InitializeTestRec_FW
0xff377424,j_InitializeWLAN_FW
0xff078f34,j_IsBatteryTemperature_FW
0xff078f30,j_IsCCDTemperature_FW
0xff4c648c,j_IsEVFDrive_FW
0xff4cacb8,j_IsFocusLensOutSidePosition_FW
0xff21a264,j_IsHvSensorExist_FW
0xff3c00c0,j_IsLensOutside_FW
0xff078f2c,j_IsOpticalTemperature_FW
0xff377c1c,j_IsSDDetect_FW
0xff219ec0,j_IsUnitFirmMode_FW
0xff3ae2e4,j_IsZoomActuatorResetSensorPlusSide_FW
0xff37887c,j_IsZoomLensOutSidePosition_FW
0xff132164,j_j_GetBaseSv
0xff3775dc,j_LeaveWLANNetwork_FW
0xff31519c,j_LiveImageTool.GetDzoomPosition_FW
0xff1d57a0,j_LoadDUIDCheckSum_FW
0xff4c8260,j_LoadFactoryNumber_FW
0xff4c8348,j_LoadSerialNumber_FW
0xff21a7a0,j_MemoryChecker_FW
0xff21a79c,j_MonSelEvent_FW
0xff02772c,j_NewTaskShell_FW
0xff0270a0,j_Open_FW
0xff035a7c,j_OpLog.WriteToROM_FW
0xff21a804,j_Peek16_FW
0xff21a800,j_Peek32_FW
0xff21a808,j_Peek8_FW
0xff21a798,j_Printf_FW
0xff0b2928,j_PTM_AllReset_FW
0xff0b2e84,j_PTM_BackupUIProperty_FW
0xff0b2dd0,j_PTM_GetWorkingCaptureMode_FW
0xff0b2e64,j_PTM_IsEnableItem_FW
0xff0b2e4c,j_PTM_NextItem_FW
0xff0b2e50,j_PTM_PrevItem_FW
0xff0b2dd4,j_PTM_SetCurrentItem_FW
0xff0b2e6c,j_PTM_SetProprietyEnable_FW
0xff0276ac,j_PutsCameraLogEvent_FW
0xff0271a4,j_Read_FW
0xff4c5984,j_RegistColorMatrix_FW
0xff4c8564,j_RegistFirmVer_FW
0xff4c8a34,j_ReloadMechaShutterAdjustment_FW
0xff377c78,j_ResetNFCSystemArea_FW
0xff21a7a8,j_SDump_FW
0xff0276a0,j_ShowCameraLog_FW
0xff0276a4,j_ShowCameraLogInfo_FW
0xff21b34c,j_SS.GetDigitalZoomPosition_FW
0xff02769c,j_StartCameraLog_FW
0xff3c14e4,j_StartISLocalAutoCenter_FW
0xff3c14e0,j_StartISLocalHallAdjust_FW
0xff1d44c4,j_StopAEIntegralService_FW
0xff0276a8,j_StopCameraLog_FW
0xff024ec8,j_strcmp_FW
0xff085e18,j_Terminatedccd_FW
0xff085e18,j_TerminateDigicon_FW
0xff219ebc,j_TerminateMechaUnitExeTest_FW
0xff3799f0,j_TerminateSoundRec_FW
0xff085bcc,j_TerminateTestRec_FW
0xff377428,j_TerminateWLAN_FW
0xff2322f8,j_UIFS_CancelStoreLensTimer_FW
0xff231ec0,j_UIFS_Capture_FW
0xff231ec4,j_UIFS_CaptureNoneStop_FW
0xff2322fc,j_UIFS_DisplayFirmUpdateView_FW
0xff231ef8,j_UIFS_GetMovieRecoadableNumber_FW
0xff2322ec,j_UIFS_GetNumberOfDisplayedImage_FW
0xff231e7c,j_UIFS_GetNumOfOptZoomPos_FW
0xff231efc,j_UIFS_GetStillShotableNumber_FW
0xff2322b4,j_UIFS_IsAvailableShots_FW
0xff231e74,j_UIFS_MoveZoomTo_FW
0xff231e78,j_UIFS_MoveZoomToPositionWithTaskSwCtrlServ_FW
0xff2322f0,j_UIFS_PlayTrimExecuteAllImageSize_FW
0xff2322e8,j_UIFS_StartMoviePlay_FW
0xff231ec8,j_UIFS_StartMovieRecord_FW
0xff231ecc,j_UIFS_StopMovieRecord_FW
0xff2322f4,j_UIFS_WirelessExecuteSendForever_FW
0xff231ef4,j_UIFS_WriteFirmInfoToFile_FW
0xff21a194,j_VbattGet_FW
0xff21a7a4,j_VerifyByte_FW
0xff0271a8,j_Write_FW
0xff07f90c,j_WRITEADJTABLETOFROM_FW
0xff377c4c,j_WriteNFCUserArea_FW
0xff377454,JoinWLANNetwork_FW
0xff02bfd0,kbd_p1_f
0xff02bfdc,kbd_p1_f_cont
0xff02b6cc,kbd_p2_f
0xff02bf80,kbd_read_keys
0xff074858,kbd_read_keys_r2
0xff194f84,LcdCon_GetLcdAdjParameter_FW
0xff194bd0,LcdCon_GetLcdBackLightParameter_FW
0xff1951c0,LcdCon_GetLcdParameter_FW
0xff195014,LcdCon_SaveLcdAdjParameter_FW
0xff194c5c,LcdCon_SaveLcdBackLightParameter_FW
0xff195250,LcdCon_SaveLcdParameter_FW
0xff194ec0,LcdCon_SetLcdAdjParameter_FW
0xff194b34,LcdCon_SetLcdBackLightBrightness_FW
0xff194b6c,LcdCon_SetLcdBackLightParameter_FW
0xff194e4c,LcdCon_SetLcdDriver_FW
0xff195030,LcdCon_SetLcdParameter_FW
0xff194fd4,LcdCon_ShowLcdAdjParameter_FW
0xff194c1c,LcdCon_ShowLcdBackLightParameter_FW
0xff195210,LcdCon_ShowLcdParameter_FW
0xff195388,LcdCon_StartLcdPeriodicalSetting_FW
0xff1953bc,LcdCon_StopLcdPeriodicalSetting_FW
0xff298204,LCDMsg_ChangeColor_FW
0xff298468,LCDMsg_Create_FW
0xff2982f8,LCDMsg_Delete_FW
0xff2980b4,LCDMsg_Move_FW
0xff298168,LCDMsg_MoveRatio_FW
0xff297f60,LCDMsg_SetNum_FW
0xff297dd8,LCDMsg_SetStr_FW
0xff298044,LCDMsg_SwDisp_FW
0xff2989c4,LCDRect_ChangeColor_FW
0xff298ba4,LCDRect_Create_FW
0xff298ca4,LCDRect_Delete_FW
0xff29862c,LCDRect_Move_FW
0xff2986e0,LCDRect_MoveRatio_FW
0xff298820,LCDRect_Resize_FW
0xff2988d4,LCDRect_ResizeRatio_FW
0xff298a98,LCDRect_SwDisp_FW
0xff05ac20,LeaveWLANNetwork_FW
0xff21a198,LEDDrive
0xff21a198,LEDDrive_FW
0xff315164,LiveImageTool.ChangeDzoom_FW
0xff3151bc,LiveImageTool.Dister_FW
0xff3150d4,LiveImageTool.DzoomTele_FW
0xff315124,LiveImageTool.DzoomWide_FW
0xff050ef4,LiveImageTool.GetDzoomPosition_FW
0xff3151a0,LiveImageTool.Jump_FW
0xff315154,LiveImageTool.Pause_FW
0xff31515c,LiveImageTool.Resume_FW
0xff314ff8,LiveImageTool.StartEVF_FW
0xff315004,LiveImageTool.StartEVFFocusJet_FW
0xff315010,LiveImageTool.StartEVFMF_FW
0xff315030,LiveImageTool.StartEVFMovFULLHD30P_FW
0xff315044,LiveImageTool.StartEVFMovFULLHD60P_FW
0xff31501c,LiveImageTool.StartEVFMovFULLHD_FW
0xff31506c,LiveImageTool.StartEVFMovHD60P_FW
0xff315058,LiveImageTool.StartEVFMovHD_FW
0xff315080,LiveImageTool.StartEVFMovQVGA_FW
0xff315094,LiveImageTool.StartEVFMovQVGA_HS_FW
0xff31509c,LiveImageTool.StartEVFMovVGA_FW
0xff3150b0,LiveImageTool.StartEVFMovVGA_HS_FW
0xff315144,LiveImageTool.StopDzoom_FW
0xff3150c4,LiveImageTool.StopEVF_FW
0xff0706f4,LoadAcceleParamFromFile_FW
0xff07ef90,LoadAdjustmentTable_FW
0xff07f3f4,LoadAdjustmentValue_FW
0xff1d5258,LoadDataFromAdjTableBin_FW
0xff07efa0,LoadDefectAdjTable_FW
0xff1d5784,LoadDUID_FW
0xff1d574c,LoadDUIDCheckSum_FW
0xff1d57c0,LoadFactoryAdjData_FW
0xff1d581c,LoadFactoryIDData_FW
0xff4c8180,LoadFactoryNumber_FW
0xff1d57ec,LoadHistoryAdjData_FW
0xff1d5158,LoadParamDataFromAdjTableBin_FW
0xff0a7ea4,LoadScript_FW
0xff4c8264,LoadSerialNumber_FW
0x006b9998,LocalTime
0xff33c2c8,LockHdmiState_FW
0xff0b1234,LockMainPower
0xff0b1234,LockMainPower_FW
0xff03540c,LogCameraEvent
0xff027214,Lseek
0xff027214,lseek
0xff027214,Lseek_FW
0xff3c6748,MakeBootDisk_FW
0xff2f24a8,MakeDefectTurnTable_FW
0xff3c675c,MakeScriptDisk_FW
0xff030eec,MakeSDCardBootable
0xff024ff4,malloc
0xff037c60,malloc_strictly
0xff2f1fd4,MarkPointDefData_FW
0xff219f24,Mecha.Create_FW
0xff3c2604,MechaCPUMemoryDump_FW
0xff3c2628,MechaCPUMemoryWrite_FW
0xff219f9c,MechaReset_FW
0xff219fa8,MechaTerminate_FW
0xff219ec4,MechaUnRegisterEventProcedure_FW
0xff024dcc,memcmp
0xff024dcc,memcmp_FW
0xff0c7d08,memcpy
0xff0c7d08,memcpy_FW
0xff3c6174,MemoryChecker_FW
0xff2d2438,memset
0xff2d2438,memset_FW
0xff020b68,memShow_FW
0xff032d30,MenuIn
0xff032d5c,MenuOut
0xff2f1798,MergeAndConvertDefect_FW
0xff2f1bec,MixPixDetect_FW
0xff027494,mkdir
0xff0c744c,mktime_ext
0xff21a6d8,mod_FW
0xff3c6684,MonSelEvent_FW
0xff378a08,MoveComputerZoomToPoint_FW
0xff378a48,MoveComputerZoomToPointWithSpeed_FW
0xff0ae0cc,MoveControllerToTopOfZOrder_FW
0xff0912d8,MoveCzPeakPositon_FW
0xff3be2dc,MoveCZToPoint_FW
0xff3be37c,MoveCZToPointByOVF_FW
0xff3be34c,MoveCZToTele_FW
0xff3be31c,MoveCZToWide_FW
0xff4e98ec,MoveDCMotorCCW_FW
0xff4e97ec,MoveDCMotorCW_FW
0xff3bf240,MoveFocusActuator_FW
0xff4caa6c,MoveFocusDistance_FW
0xff3bfc40,MoveFocusLensChangeCarrierFrequency_FW
0xff4caa6c,MoveFocusLensToDistance
0xff4caa6c,MoveFocusLensToDistance_FW
0xff4ca950,MoveFocusLensToPosition_FW
0xff4ca838,MoveFocusLensToPositionWithMaxSpeed_FW
0xff4ca880,MoveFocusLensToPositionWithSpeed_FW
0xff3be5f8,MoveFocusLensToTerminate_FW
0xff4ca750,MoveFocusLensToTerminatePosition_FW
0xff3be654,MoveFocusLensToTerminateWithKeepExciting_FW
0xff3befc8,MoveFocusLensTowardPosition_FW
0xff3be6b0,MoveFocusLensWithDistance_FW
0xff3bea2c,MoveFocusLensWithFinalPosition_FW
0xff3bed70,MoveFocusLensWithFinalPositionWithNonStepOutWithoutBacklash_FW
0xff3bee9c,MoveFocusLensWithFinalPositionWithoutBacklash_FW
0xff3be7d4,MoveFocusLensWithPosition_FW
0xff3beb64,MoveFocusLensWithPositionImmediateReturn_FW
0xff3bf0f4,MoveFocusLensWithPositionWithCompBacklash_FW
0xff3be900,MoveFocusLensWithPositionWithNonStepOut_FW
0xff3bec44,MoveFocusLensWithPositionWithoutBacklash_FW
0xff4ca9a0,MoveFocusPosition_FW
0xff4ca750,MoveFocusToTerminate_FW
0xff1d4f34,MoveIrisFullClose_FW
0xff1d4efc,MoveIrisFullOpen_FW
0xff1d4fd4,MoveIrisMechaPositionWithBacklash_FW
0xff1d5008,MoveIrisMechaPositionWithoutBacklash_FW
0xff1d4e0c,MoveIrisToAv_FW
0xff1d503c,MoveIrisToAvWithoutBacklash_FW
0xff3bff48,MoveIrisToTerminatePosition_FW
0xff3bff50,MoveIrisWithAv
0xff3bff50,MoveIrisWithAv_FW
0xff3bff80,MoveIrisWithAvWithoutBacklash_FW
0xff1d4fa0,MoveIrisWithTerminatePosition_FW
0xff4ce19c,MoveISLensToBottomLimitPosition_FW
0xff4ce908,MoveISLensToCentralPosition_FW
0xff4ce184,MoveISLensToLeftLimitPosition_FW
0xff4ce1cc,MoveISLensToLimitPosition_FW
0xff4ce16c,MoveISLensToRightLimitPosition_FW
0xff4ce1b4,MoveISLensToTopLimitPosition_FW
0xff3c0038,MoveLensToFirstPoint_FW
0xff3c0088,MoveLensToTerminatePoint_FW
0xff031aa8,MoveOpticalZoomAt
0xff3ae26c,MoveZoomActuator_FW
0xff3c09e4,MoveZoomLensToMechaEdge_FW
0xff378fa8,MoveZoomLensToMechaEnd_FW
0xff3789c8,MoveZoomLensToPoint_FW
0xff378988,MoveZoomLensToPosition_FW
0xff3790b4,MoveZoomLensToPositionByManual_FW
0xff3c09a4,MoveZoomLensToTerminatePosition_FW
0xff3c08bc,MoveZoomLensWithPoint
0xff3c08bc,MoveZoomLensWithPoint_FW
0xff3c0908,MoveZoomLensWithPointImmediateReturn_FW
0xff3c0958,MoveZoomLensWithPosition_FW
0xff3c0bb4,MoveZoomLensWithPositionAndSpeedChange_FW
0xff3789c8,MoveZoomPoint_FW
0xff378988,MoveZoomPosition_FW
0xff10be7c,MovieAF.Resume_FW
0xff10be68,MovieAF.Suspend_FW
0xff0372bc,NewTaskShell
0xff03731c,NewTaskShell_FW
0xff05371c,NFCEvt.Create_FW
0xff052a84,NFCEvt.IsNfcStart_FW
0xff4ce800,NotifyISMacroDistance_FW
0xff2e0cd8,NR_SetDarkSubType
0xff3c294c,NR_SetDoubleNRType_FW
0xff2e0cd8,NRTBL.SetDarkSubType_FW
0xff2e0cf4,NRTBL.SetDefectCorrectType_FW
0xff2e0d10,NRTBL.SetTassenType_FW
0xff21a21c,OffPrintPhySw_FW
0xff4c51a0,OneShotWhigeBalance_FW
0xff4c51a0,OneTypeWhiteBalance_FW
0xff21a20c,OnPrintPhySw_FW
0xff026f30,Open
0xff023c70,open
0xff026f30,Open_FW
0xff0aba30,OpenConsole_FW
0xff397f38,OpenFastDir
0xff027234,OpenForScrip_FW
0xff3c04ac,OpenMechaShutter_FW
0xff4c89d8,OpenMShutter_FW
0xff0276b0,OpLog.Create_FW
0xff0364ac,OpLog.Get_FW
0xff0364cc,OpLog.GetUsrSet_FW
0xff03658c,OpLog.Play_FW
0xff035ab0,OpLog.ReadFromROM_FW
0xff035b18,OpLog.ReadFromSD_FW
0xff0367a4,OpLog.Start_FW
0xff035a20,OpLog.Stop_FW
0xff036890,OpLog.Terminate_FW
0xff035a4c,OpLog.WriteToROM_FW
0xff035f58,OpLog.WriteToSD_FW
0xff1d5cbc,OutputLogToFile_FW
0x006b8adc,PauseTimeOfSystem
0xff05dd40,PB2Rec
0xff3c65f4,Peek16_FW
0xff3c65ec,Peek32_FW
0xff3c65fc,Peek8_FW
0xff3775cc,PingWLANNetwork_FW
0xff2f15c4,PointDefDetect_FW
0xff2f1a18,PointKizuCheck_FW
0xff21a7e0,Poke16_FW
0xff21a7d0,Poke32_FW
0xff21a7f0,Poke8_FW
0xff0ae9f8,PostEventShootSeqToUI_FW
0xff0ae7c0,PostLogicalEventForNotPowerType
0xff0ae7c0,PostLogicalEventForNotPowerType_FW
0xff0ae818,PostLogicalEventToUI
0xff0ae818,PostLogicalEventToUI_FW
0x006b85f4,PostMessageQueue
0x006b7d2c,PostMessageQueueStrictly
0xff4c5e68,PreFixAE_FW
0xff07f848,PrintAdjKabotanInfo_FW
0xff07f418,PrintAdjTableMap_FW
0xff1d2eb8,PrintAllAEIntegData_FW
0xff0aacb4,PrintBuildDate_FW
0xff0aacc8,PrintBuildTime_FW
0xff0a7e94,Printf_FW
0xff1d5a10,PrintFaexeVersioin_FW
0xff1d59dc,PrintFirmVersion_FW
0xff0aacdc,PrintFirmwareVersion_FW
0xff0aad58,PrintInternalFirmwareVersion_FW
0xff4cd598,PrintMultiWinScanTable_FW
0xff4cd34c,PrintScanTable_FW
0xff21b310,PT_MoveDigitalZoomToWide
0xff21b2e0,PT_MoveOpticalZoomAt
0xff0c28f8,PT_PlaySound
0xff230a04,PTM_AllReset_FW
0xff0b2918,PTM_AllResetToFactorySetting_FW
0xff2317f8,PTM_BackupUIProperty_FW
0xff0b2de0,PTM_GetCurrentItem
0xff0b2de0,PTM_GetCurrentItem_FW
0xff230d0c,PTM_GetWorkingCaptureMode_FW
0xff2316a0,PTM_IsEnableItem_FW
0xff23106c,PTM_NextItem
0xff23106c,PTM_NextItem_FW
0xff231074,PTM_PrevItem
0xff231074,PTM_PrevItem_FW
0xff0b2e88,PTM_RestoreUIProperty_FW
0xff0b2c50,PTM_SetCurrentCaptureMode_FW
0xff230d24,PTM_SetCurrentItem
0xff230d24,PTM_SetCurrentItem_FW
0xff23143c,PTM_SetPropertyEnable
0xff23143c,PTM_SetProprietyEnable_FW
0xff3c0674,PutInNdFilter
0xff379200,PutInNdFilter_FW
0xff3c0698,PutOutNdFilter
0xff37923c,PutOutNdFilter_FW
0xff0350c8,PutsCameraLogEvent_FW
0xff2d23d8,qsort
0xff4c4384,QuietImageDrive_FW
0xff130a7c,QuietImager_FW
0xff0c7cd8,rand
0xff023ec4,Read
0xff023ec4,Read_FW
0xff39808c,ReadFastDir
0xff2d24b4,realloc
0xff3c5cb4,reboot_fw_update
0xff05dd98,Rec2PB
0xff3c0374,ReceiveMechaCircuitData_FW
0xff3c039c,ReceiveMechaCircuitDataAll_FW
0x006b8490,ReceiveMessageQueue
0x006b7d00,ReceiveMessageQueueStrictly
0xff377a9c,RecSoundForNCAdjEvent_FW
0xff07f7ac,RefreshAdjustmentTableMirror_FW
0xff07f83c,RefreshDefectTableMirror_FW
0xff028eb0,RegComEventProc_FW
0xff4c594c,RegistColorMatrix_FW
0xff07075c,RegisterElecLevelInfoNotifyCBR_FW
0xff034578,RegisterEventProcedure
0x006b5480,RegisterInterruptHandler
0xff180e0c,RegisterNotifyConnectPTPIP_FW
0xff180e0c,RegisterNotifyPTPIP_FW
0xff180e34,RegisterResponseConnectPTPIP_FW
0xff180e34,RegisterResponsePTPIP_FW
0xff085e3c,RegistFirmScanNoticeCBR_FW
0xff4c850c,RegistFirmVer_FW
0x006b89e0,ReleaseRecursiveLock
0xff4cd270,ReloadAFAdjustment_FW
0xff4ca3c0,ReloadCdsAdjustment_FW
0xff4c5888,ReloadColorAdjustment_FW
0xff4c8780,ReloadDefectAdjustmentData_FW
0xff4c5700,ReloadEfAdjustment_FW
0xff4ca6a0,ReloadFocusLensAdjustment_FW
0xff4c8790,ReloadFROMDefectAdjustmentData_FW
0xff1d50dc,ReloadGetaAdjustment_FW
0xff1d50c8,ReloadIrisAdjustment_FW
0xff4ce8f4,ReloadISAdjustment_FW
0xff206c98,ReloadMechaShutterAdjustment_FW
0xff3791dc,ReloadNdFilterAdjustment_FW
0xff377414,ReloadProtractorAdjustment_FW
0xff4c87a4,ReloadShadingAdjustmentData_FW
0xff4c52d4,ReloadWBAdjustment_FW
0xff3783d0,ReloadZoomAdjustment_FW
0xff377abc,ReloadZoomNCProfileEvent_FW
0xff02711c,Remove
0xff3793a0,RemoveTransparentMemory_FW
0xff0268f0,RenameFile_Fut
0xff180d14,RequestConnectPTPIP_FW
0xff180d5c,RequestConnectPTPIPDef_FW
0xff180c30,RequestDisconnectPTPIP_FW
0xff4caad8,ResetFocus_FW
0xff3be524,ResetFocusLens
0xff3be524,ResetFocusLens_FW
0xff3bff24,ResetIris_FW
0xff1d4f6c,ResetIrisPosition_FW
0xff151cec,ResetNFCSystemArea_FW
0xff085e2c,ResetRegistNoticeCBR_FW
0xff3788e0,ResetZoom_FW
0xff3c0810,ResetZoomLens
0xff3c0810,ResetZoomLens_FW
0xff3c083c,ResetZoomLensToFirst_FW
0xff3c087c,ResetZoomLensToTerminate_FW
0xff378af4,ResetZoomToAdjFirstPoint_FW
0xff378b3c,ResetZoomToAdjTerminatePoint_FW
0xff378918,ResetZoomToFirst_FW
0xff378918,ResetZoomToFirstPoint_FW
0xff378950,ResetZoomToTerminate_FW
0xff378950,ResetZoomToTerminatePoint_FW
0xff037734,Restart
0x006b8aec,ResumeTimeOfSystem
0xff0aafec,RomCheckSum_FW
0xff0ab6b0,RotateConsoleZOder_FW
0xff07f334,SaveAdjustmentTable_FW
0xff07f3bc,SaveAdjustmentValue_FW
0xff4c7a00,SaveBatSenseOffsetAdjustmentTable_FW
0xff21b654,SaveBmpVRAMData_FW
0xff07f3a0,SaveDefectAdjTable_FW
0xff1d5768,SaveDUID_FW
0xff1d578c,SaveDUIDCheckSum_FW
0xff1d57a4,SaveFactoryAdjData_FW
0xff1d57fc,SaveFactoryIDData_FW
0xff4c8360,SaveFactoryReserveData_FW
0xff4cadbc,SaveFocusResetPulse_FW
0xff4c7f44,SaveFromImage_FW
0xff1d57d0,SaveHistoryAdjData_FW
0xff21b9e4,SavePaletteData
0xff21b9e4,SavePaletteData_FW
0xff1a7ce8,Scene.ForbidContiSceneDetect_FW
0xff1a7d7c,Scene.TestBabySleep_FW
0xff1a7d48,Scene.TestBabySmile_FW
0xff1a7de4,Scene.TestHumanSleep_FW
0xff1a7db0,Scene.TestHumanSmile_FW
0xff1a7e18,Scene.TestKidMove_FW
0xff1a7d18,Scene.TestSunset_FW
0xff0b4f00,ScreenLock
0xff0b4eb8,ScreenUnlock
0xff3c6384,SDump_FW
0xff4ce1e4,SearchBCentralPosition_FW
0xff4ce1e4,SearchISLensCentralPosition_FW
0xff4cbb14,SelectAdjBPFilter_FW
0xff3c17bc,SelectPositionSignal_FW
0xff3c0350,SendMechaCircuitData_FW
0xff2f1a8c,SensDefCrowdCheck_FW
0xff0aeb54,set_control_event
0xff4c5dd8,SetAdj_AEMode_FW
0xff1d4754,SetAdjAEIntegSmearLimitter_FW
0xff4cc15c,SetAdjAFIntegCrwAdd_FW
0xff4cbb40,SetAdjAFWinPos_FW
0xff4ca4f8,SetAdjCdsMode_FW
0xff4c5cb0,SetAE_CdsGainValue_FW
0xff4c5b68,SetAE_ShutterSpeed
0xff4c5b68,SetAE_ShutterSpeed_FW
0xff1d46b8,SetAEIntegAverageOBData_FW
0xff1d3a34,SetAEIntegCorrectProperty_FW
0xff1d3abc,SetAEIntegralGetaTime_FW
0xff1d3a88,SetAEIntegralValueProperty_FW
0xff1d39a8,SetAEIntegStrobeProperty_FW
0xff1d4328,SetAEIntegValueBit_FW
0xff1d42c8,SetAEIntegWindowsMode_FW
0xff0b12a8,SetAutoShutdownTime
0xff0b12a8,SetAutoShutdownTime_FW
0xff4cbbb4,SetBPFilterForBP_FW
0xff4ca3f4,SetCDSGain_FW
0xff4ca4c4,SetCDSGainStep_FW
0xff4ca3f4,SetCdsGainValue_FW
0xff4ca42c,SetCdsPreGainReg_FW
0xff0bf5bc,SetCurrentCaptureModeType
0xff0bf5bc,SetCurrentCaptureModeType_FW
0xff0912e0,SetCzDebugFocusMode_FW
0xff0912e0,SetCzDebugSubjectDistance_FW
0xff4c7a40,SetDate
0xff4c7a40,SetDate_FW
0xff4c7c60,SetDay_FW
0xff4e9994,SetDCMotorWaitTime_FW
0xff1d4778,SetDefaultAEIntegSmearLimitter_FW
0xff1d8234,SetDefaultRecParameter_FW
0xff2f1f50,SetDefectDebugInfo_FW
0xff2f2120,SetDefectRecParam_FW
0xff4ca378,SetDeltaCDSGain_FW
0xff3c1b64,SetDISModeParam_FW
0xff4ce6fc,SetDISModeParameter_FW
0xff02cf88,SetDUIDFixFlag_FW
0xff02ce90,SetDurianMode_FW
0x006b8224,SetEventFlag
0xff4c56e8,SetExStrobeMode_FW
0xff02d088,SetFactoryMasterFlag_FW
0xff02d0b8,SetFactoryMasterROMProtection_FW
0xff02cf10,SetFactoryMode_FW
0xff4c8108,SetFactorySerialNumber_FW
0xff377eec,SetFaexeEventTableActivation_FW
0xff0273fc,SetFileAttributes
0xff027384,SetFileTimeStamp
0xff3c1cec,SetFixedPWMOutA_FW
0xff3c1d08,SetFixedPWMOutB_FW
0xff3bf368,SetFocusActuatorHoldVoltage_FW
0xff3bf37c,SetFocusActuatorSlopeHoldVoltage_FW
0xff3bf4d8,SetFocusLensAccelerationTable_FW
0xff3bfc08,SetFocusLensCarrierFrequency_FW
0xff3bf658,SetFocusLensCondition_FW
0xff3bf644,SetFocusLensDefaultPullOutTable_FW
0xff3bf9e4,SetFocusLensDriveVoltage_FW
0xff3bfa9c,SetFocusLensGainSlope_FW
0xff3bfa5c,SetFocusLensHoldVoltage_FW
0xff3bf7ac,SetFocusLensMaxSpeedLimit_FW
0xff3bfa20,SetFocusLensSettingWaitVoltage_FW
0xff3bf5c8,SetFocusLensSlowdownTable_FW
0xff3bf398,SetFocusLensSpeed_FW
0xff3bf420,SetFocusLensSpeedTable_FW
0xff4cacf4,SetFocusResetState_FW
0xff3c1fb0,SetGyro10BitDACPitch_FW
0xff3c1fcc,SetGyro10BitDACYaw_FW
0xff3c2050,SetGyroFilterChargeStart_FW
0xff3c2058,SetGyroFilterChargeStop_FW
0xff3c1ff0,SetGyroHPFINOffsetPitch_FW
0xff3c200c,SetGyroHPFINOffsetYaw_FW
0xff4c7cc8,SetHour_FW
0xff0a8ee4,SetHPTimerAfterNow
0xff0a8f64,SetHPTimerAfterTimeout
0xff21a248,SetIgnoreAVJACK_FW
0xff4c793c,SetImageMode
0xff4c7a10,SetImageMode_FW
0xff4c79ec,SetInputVoltage_FW
0xff3c22a8,SetISAdjData_FW
0xff3c1c2c,SetISCenterShiftA_FW
0xff3c1c48,SetISCenterShiftB_FW
0xff4ce224,SetISControllMode_FW
0xff3c177c,SetISControlType_FW
0xff3c1af4,SetISCrossTalkCompA1_FW
0xff3c1b10,SetISCrossTalkCompA2_FW
0xff3c1b2c,SetISCrossTalkCompB1_FW
0xff3c1b48,SetISCrossTalkCompB2_FW
0xff4ce738,SetISCrossTalkCompCoeff_FW
0xff4ce4b4,SetISCutOffFreqIndex_FW
0xff3c1514,SetISDriveAaxis_FW
0xff3c1530,SetISDriveBaxis_FW
0xff3c23d0,SetISFocusLensDistance_FW
0xff4ce530,SetISGyro10BitDACPitch_FW
0xff4ce53c,SetISGyro10BitDACYaw_FW
0xff4ce5f8,SetISGyroCompensationMode_FW
0xff4ce5b8,SetISGyroFilterCharge_FW
0xff3c1ed0,SetISGyroGainAaxis_FW
0xff3c1eec,SetISGyroGainBaxis_FW
0xff3c1f08,SetISGyroGainbyAxisType_FW
0xff4ce508,SetISGyroHPFINOffsetPitch_FW
0xff4ce514,SetISGyroHPFINOffsetYaw_FW
0xff4ce548,SetISGyroOffset10BitDACData_FW
0xff4ce520,SetISGyroOffsetHPFINData_FW
0xff4ce338,SetISGyroPitchGain_FW
0xff4ce324,SetISGyroYawGain_FW
0xff3c1978,SetISHallAmpFirstGain_FW
0xff4ce378,SetISHallDevicePitchGain_FW
0xff4ce3b8,SetISHallDevicePitchOffset_FW
0xff4ce364,SetISHallDeviceYawGain_FW
0xff4ce3a4,SetISHallDeviceYawOffset_FW
0xff3c15b0,SetISHallGainAaxis_FW
0xff3c15cc,SetISHallGainBaxis_FW
0xff3c15e8,SetISHallGainbyAxisType_FW
0xff3c154c,SetISHallOffsetAaxis_FW
0xff3c1568,SetISHallOffsetBaxis_FW
0xff3c1584,SetISHallOffsetbyAxisType_FW
0xff3c2230,SetISHPFCutoff_FW
0xff4ce4b4,SetISHPFCutOffFreqIndex_FW
0xff4ce30c,SetISLensDriveValue_FW
0xff4ce34c,SetISLensGyroGain_FW
0xff4ce38c,SetISLensHallGain_FW
0xff4ce3cc,SetISLensHallOffset_FW
0xff4ce6e8,SetISLensPWMMode_FW
0xff3c2258,SetISLPFAaxis_FW
0xff3c2270,SetISLPFBaxis_FW
0xff4ce480,SetISLPFCutOffFreqAaxis_FW
0xff4ce48c,SetISLPFCutOffFreqBaxis_FW
0xff4ce7ec,SetISMacroMode_FW
0xff4ce2e4,SetISPitchPWM_FW
0xff3c1d2c,SetISPWMFreqAndFixed_FW
0xff4ce920,SetISPWMFreqData_FW
0xff3c1d40,SetISPWMFrequency_FW
0xff3c17ac,SetISStillStatus_FW
0xff3c2038,SetISTuningFlag_FW
0xff4ce5cc,SetISTuningMode_FW
0xff4ce5e4,SetISTuningOff_FW
0xff4ce2f8,SetISYawPWM_FW
0xff4c7ef0,SetLangMenuType_FW
0xff3c00ec,SetLensOutsideFlag_FW
0xff1d4688,SetLineDefMarkThroughMode_FW
0xff128e04,SetLockPosNonCorrectFlag_FW
0xff0aee94,SetLogicalEventActive
0xff4ce6bc,SetLoopGain_FW
0xff3c1a48,SetLoopGainAdjValue_FW
0xff4ce498,SetLPFForParallelFilter_FW
0xff3c21dc,SetLPFParallelBest_FW
0xff4c43f8,SetLtkidsCorrectThroughMode_FW
0xff4c43fc,SetLtkidsRealtimeCorrectThroughMode_FW
0xff4c4434,SetLvMagCenterWindow_FW
0xff4c442c,SetLvMagSkipNum_FW
0xff4ce78c,SetMacroISGain_FW
0xff3c2418,SetMacroISGainA_FW
0xff3c2434,SetMacroISGainB_FW
0xff3c0518,SetMechaShutterCloseDacSetting_FW
0xff3c05d4,SetMechaShutterMoveTime_FW
0xff3c0568,SetMechaShutterOpenDacSetting_FW
0xff3c05b8,SetMechaShutterWaitTimeSetting_FW
0xff4c7d2c,SetMinute_FW
0xff4c7c04,SetMonth_FW
0xff3c1e58,SetMoveEdgeWaitTime_FW
0xff4c8a18,SetMShutterDacValue_FW
0xff377a8c,SetNCParamForAdjEvent_FW
0xff3c0744,SetNdDacSetting_FW
0xff3c0730,SetNdMoveTime_FW
0xff377aac,SetNoiseAddParamForZoomNCEvent_FW
0xff4ca3e8,SetObClamp_FW
0xff4ca3e8,SetObClampValue_FW
0xff4c5114,SetOneShotWBParam_FW
0xff4c5114,SetOneTypeWBParam_FW
0xff2317f8,SetParameterData
0xff4e97a4,SetPMByGpio_FW
0xff3c1cb0,SetPoweredISOFF_FW
0xff3c1c9c,SetPoweredISON_FW
0xff0ac6b4,SetPropertyCase
0xff21a654,SetPropertyCase_FW
0xff21a1fc,SetRawSWCheckMode_FW
0xff4c5234,SetReferenceWBGainForCalibration_FW
0xff4c4420,SetSafFPGABypassMode_FW
0xff4c43e0,SetSafImagePredictMode_FW
0xff4c43dc,SetSafImageReadOutType_FW
0xff4c43e8,SetSafImageWindowHArea_FW
0xff4c4400,SetSafPPPBypassMode_FW
0xff4cb7ac,SetScanLensIndex_FW
0xff4cb8bc,SetScanWindowMode_FW
0xff0aeee8,SetScriptMode
0xff0aeee8,SetScriptMode_FW
0xff21a158,SetSDPwrPort_FW
0xff4c7d90,SetSecond_FW
0xff4ca468,SetSensorPreGain_FW
0xff4c4500,SetShutterSpeed_FW
0xff4c44a4,SetShutterSpeedWithMecha_FW
0xff3c1db8,SetSlowWaitTime_FW
0x006b5600,SetSR
0xff02ca94,SetSSIDForFAWLAN_FW
0xff21a188,SetStereoSeparation_FW
0xff085c04,SetTestRecMasterCxCy_FW
0xff085d84,SetTestRecSkimmingYUV_FW
0xff025f4c,SetTimerAfter
0xff025fb8,SetTimerWhen
0xff4c525c,SetToolCorrectCoefficient_FW
0x006b8a94,SetValidSystemCalender
0xff4c63f4,SetVideoOutType
0xff4c6450,SetVideoOutType_FW
0xff3c1d7c,SetWaitTime_FW
0xff4c87b4,SetWBTemperature_FW
0xff4c51f4,SetWBYlStandardWidth_FW
0xff1d4254,SetWhiteCoefficient_FW
0xff4c8470,SetWindowSystemDrawSetting_FW
0xff02ca14,SetWLANFactoryMode_FW
0xff4c7ba4,SetYear_FW
0xff3ae2b4,SetZoomActuatorSpeedPPS_FW
0xff3c0b48,SetZoomAmpereLimitOffTime_FW
0xff379190,SetZoomAmpereLimitOffTimeForAdjustZoom_FW
0xff378e4c,SetZoomCommonDriveParam_FW
0xff378c24,SetZoomDriveParam_FW
0xff3c0aa8,SetZoomLensDriveAmpereDac_FW
0xff378b84,SetZoomLensEncoderPowerControl_FW
0xff3c0b68,SetZoomLensMoveTimeLimit_FW
0xff3c0b80,SetZoomLensSpeedChangeMaxTime_FW
0xff3c0b94,SetZoomLensSpeedChangeRate_FW
0xff3c0a8c,SetZoomLensSpeedMode_FW
0xff377acc,SetZoomNCEffectiveEvent_FW
0xff378de4,SetZoomNormalDriveParam_FW
0xff3ae344,SetZoomPermitTargetMaxSpeedPPS_FW
0xff4ce3e4,SetZoomPointToIS_FW
0xff3c216c,SetZoomPosition_FW
0xff378d84,SetZoomResetDriveParam_FW
0xff378894,SetZoomResetState_FW
0xff3ae328,SetZoomSpeedCheckStopTime_FW
0xff378b98,SetZoomSpeedMode_FW
0xff21a820,ShowAllTaskInfo_FW
0xff035194,ShowCameraLog_FW
0xff035128,ShowCameraLogInfo_FW
0xff4c5b18,ShowCurrentExp_FW
0xff07eef0,ShowDefaultAdjTableVersion_FW
0xff3bf744,ShowFocusLensCurrentSpeedTable_FW
0xff3bfdbc,ShowFocusLensIrisCoefficientCheckSum_FW
0xff0aea54,ShowLogicalEventName_FW
0xff3c0100,ShowMechaCondition_FW
0xff219fb4,ShowMechaMacro_FW
0xff21a1ec,ShowPhySwStatus_FW
0xff21a230,ShowSDStatus_FW
0xff3792d0,ShowTransparentMemory_FW
0xff0b5974,ShutdownPlayModeMenu_FW
0xff0b5a78,ShutdownPlayModeMenuWithoutPbRedraw_FW
0xff0b578c,ShutdownRecModeMenu_FW
0xff2d90f4,ShutterTool.CheckExpTime_FW
0xff2d9114,ShutterTool.CheckExpTimeWithErrMode_FW
0xff2d8e94,ShutterTool.CheckTv_FW
0xff2d8f34,ShutterTool.CheckTvWithErrMode_FW
0xff2d9150,ShutterTool.GetCurExpTime_FW
0xff2d9130,ShutterTool.GetCurTv_FW
0xff2d921c,ShutterTool.GetLimOfExpTime_FW
0xff2d924c,ShutterTool.GetLimOfExpTimeRegular_FW
0xff2d9170,ShutterTool.GetLimOfTv_FW
0xff2d92cc,ShutterTool.GetLimOfTvForFix_FW
0xff2d92e8,ShutterTool.GetLimOfTvForFixWithAv_FW
0xff2d91a0,ShutterTool.GetLimOfTvRegular_FW
0xff2d8ffc,ShutterTool.SetExpTime_FW
0xff2d92a8,ShutterTool.SetExpTimeForFix_FW
0xff2d9008,ShutterTool.SetExpTimeWithErrMode_FW
0xff2d8d88,ShutterTool.SetTv_FW
0xff2d927c,ShutterTool.SetTvForFix_FW
0xff2d8d9c,ShutterTool.SetTvWithErrMode_FW
0xff4c60a4,SleepAE_FW
0x006b8d54,SleepTask
0x006b8d54,SleepTask_FW
0xff024d98,sprintf_FW
0xff0c7ccc,srand
0xff21b350,SS.ChangeZoomSpeed_FW
0xff21b3c4,SS.Create_FW
0xff21b384,SS.DoAELock_FW
0xff21b364,SS.DoAFLock_FW
0xff031d28,SS.GetDigitalZoomPosition_FW
0xff21b338,SS.GetDigitalZoomTele_FW
0xff21b3b4,SS.MFOff_FW
0xff21b3a4,SS.MFOn_FW
0xff21b320,SS.MoveDigitalZoomAt_FW
0xff21b300,SS.MoveDigitalZoomToTele_FW
0xff21b310,SS.MoveDigitalZoomToWide_FW
0xff21b2e0,SS.MoveOpticalZoomAt_FW
0xff21b2b8,SS.MoveOpticalZoomToTele_FW
0xff21b2cc,SS.MoveOpticalZoomToWide_FW
0xff21b394,SS.UnlockAE_FW
0xff21b374,SS.UnlockAF_FW
0xff21b3b4,SS_MFOff
0xff21b3a4,SS_MFOn
0xff0c7b50,sscanf_FW
0xff0a25d0,SSFS_CompleteCaptModeChange_FW
0xff0a25d0,SSFS_CompleteFileWrite_FW
0xff0a25d0,SSFS_CompletePreCapt_FW
0xff0a25d0,SSFS_CompleteShootPicture_FW
0xff0a25d0,SSFS_CompleteStopDigZoom_FW
0xff0a25d0,SSFS_CompleteStopZoom_FW
0xff0a25d0,SSFS_CompleteSynchroWrite_FW
0xff0a25d0,SSFS_ShootPicture_FW
0xff0706e4,StartAcceleSlantMotionDetect_FW
0xff4cc140,StartAdjAFInteg_FW
0xff4cbdcc,StartAdjAFService_FW
0xff1d467c,StartAEIntegralService_FW
0xff4ce204,StartBDrive_FW
0xff4ce23c,StartBPanDrive_FW
0xff0351e4,StartCameraLog_FW
0xff4c4210,StartCaptureDrive_FW
0xff4cc8f0,StartCrwCustomScan_FW
0xff4cc880,StartCustomScan_FW
0xff0912d0,StartCzTuning_FW
0xff4e99a8,StartDCMDriveTimeCounter_FW
0xff4c698c,StartEVFDrive_FW
0xff4c6948,StartEVFDriveWithMode_FW
0xff02d1e8,StartFactoryModeController_FW
0xff3775e0,StartFAWLANService_FW
0xff3c2690,StartImStEventProc_FW
0xff4ce764,StartISAdjustMacro_FW
0xff4ce204,StartISAdjustmentDrive_FW
0xff4ce204,StartISDrive_FW
0xff3c14d0,StartISLocalAdjust_FW
0xff095768,StartISLocalAutoCenter_FW
0xff0957b0,StartISLocalHallAdjust_FW
0xff4ce23c,StartISPanDrive_FW
0xff3c1d5c,StartISPWMFreqChangeTest_FW
0xff1d6134,StartLogOut_FW
0xff3c19bc,StartLoopGainCalc_FW
0xff3c2378,StartMacroISAdjust_FW
0xff3c2368,StartMacroISContiMode_FW
0xff0b56a4,StartPlayModeMenu_FW
0xff0b56c0,StartRecModeMenu
0xff0b56c0,StartRecModeMenu_FW
0xff024af8,StartRedirectUART_FW
0xff379a28,StartSoundPlay_FW
0xff3799f4,StartSoundRecord_FW
0xff379cec,StartTestRecLog_FW
0xff0aab38,StartWDT_FW
0xff02725c,stat
0xff0706ec,StopAcceleSlantMotionDetect_FW
0xff4cc130,StopAdjAFInteg_FW
0xff4cbf10,StopAdjAFService_FW
0xff1d4360,StopAEIntegralService_FW
0xff4ce1f4,StopBDrive_FW
0xff4ce214,StopBPanDrive_FW
0xff0353ac,StopCameraLog_FW
0xff4c3620,StopCaptureDrive_FW
0xff4c6d30,StopContinuousVRAMData_FW
0xff4cc870,StopCustomScan_FW
0xff3be3b4,StopCZ_FW
0xff4e99b8,StopDCMDriveTimeCounter_FW
0xff4c64c4,StopEVFDrive_FW
0xff3775e8,StopFAWLANService_FW
0xff4ce774,StopISAdjustMacro_FW
0xff4ce1f4,StopISAdjustmentDrive_FW
0xff4ce1f4,StopISDrive_FW
0xff4ce214,StopISPanDrive_FW
0xff3c1d6c,StopISPWMFreqChangeTest_FW
0xff1d5dc8,StopLogOut_FW
0xff3c1a90,StopLoopGainCalc_FW
0xff3c2388,StopMacroISAdjust_FW
0xff02c55c,StopPtpipServiceForFAWLAN_FW
0xff024c0c,StopRedirectUART_FW
0xff4c57c8,StopStrobeChargeForFA_FW
0xff379d04,StopTestRecLog_FW
0xff0aab98,StopWDT_FW
0xff378888,StopZoomEmergency_FW
0xff038058,strcat
0xff0380e0,strchr
0xff024ec8,strcmp
0xff024ef0,strcmp_FW
0xff024db4,strcpy
0xff024db4,strcpy_FW
0xff0c74cc,strftime
0xff024f0c,strlen
0xff024f0c,strlen_FW
0xff038094,strncmp
0xff027b6c,strncpy
0xff0c7e54,strrchr
0xff038044,strtol
0xff037e48,strtolx
0xff4c6390,SwitchOffDisplay_FW
0xff4c63e0,SwitchOnDisplay_FW
0xff21aef8,System.Create_FW
0xff21a830,System.Delete_FW
0x006b7a2c,TakeSemaphore
0x006b7a2c,TakeSemaphore_FW
0x006b7cd4,TakeSemaphoreStrictly
0xff2fae08,task__cntFlashTask
0xff04dbcc,task__imageSensorTask
0xff138084,task__tgTask
0xff33d03c,task_AACDrvTask
0xff19ffb8,task_AACTask
0xff06fbdc,task_Accelerometer
0x0014eedc,task_AdditionAgent
0xff10dd58,task_AfIntSrvTask
0xff049c5c,task_AFTask
0xff1a09d8,task_ASIF
0xff07547c,task_AudioTsk
0xff1a8f28,task_AutoShutterMan
0xff1b4f9c,task_AutoTrimming
0xff02a638,task_BatteryTask
0xff072384,task_BeepTask
0xff02c52c,task_bomStopPTPIPTask
0xff0e9f0c,task_BrtMsrTask
0xff037560,task_Bye
0xff0998ac,task_CaptSeq
0xff0998ac,task_CaptSeqTask
0xff1a1a54,task_ChaseFrame
0xff1a78b0,task_ChaseTask
0xff0229e4,task_ClockSave
0xff060ac8,task_CommonDrivers
0xff1714b0,task_ComWireless
0xff0ab0a4,task_ConsoleSvr
0xff1c194c,task_CorctTask
0xff3c3b50,task_CreateHeaderTask
0xff4d15ac,task_CtgTotalTask
0xff0ad61c,task_CtrlSrv
0xff1daa38,task_dccdCalcTask
0xff399854,task_DecJpgRd
0xff1c29cc,task_DefMarkRomCopyTask
0xff102b6c,task_DetectMoveTask
0xff104b80,task_DevelopModule
0xff1a43f0,task_DispFace
0xff3c3ee0,task_DistTask
0xff1ea634,task_DPOFTask
0xff2b9b48,task_DSITask
0xff21f9b0,task_DvlpSeqTask
0xff109278,task_EFChargeT
0xff20c208,task_EISMainTask
0xff1a4e9c,task_EncRemoteEVFJpgTask
0xff0a5d84,task_Epilog
0xff037208,task_EvShel
0xff0fc8b0,task_ExpDrv
0xff2e84c8,task_ExpDrvSubTask
0xff0fc8b0,task_ExpDrvTask
0xff350abc,task_FA_GyroInfo
0xff0bfe04,task_FaceFrame
0xff4c84b0,task_FAPowerOff
0xff1c5cf8,task_Fencing
0xff38b1dc,task_FileManMarkAllTask
0xff1f1834,task_FileScheduleTask
0xff3965b4,task_FileWrite
0xff3965b4,task_FileWriteTask
0xff398a84,task_FilYuvMaker
0xff3a648c,task_FocusEvent
0xff38c4f8,task_FORMAT_TASK_NAME
0xff38c2f4,task_FORMAT_TASK_PROGRESS
0xff05c958,task_fprintSNRTask
0xff07ad18,task_FrameTask
0xff02d408,task_FsIoNotifyTask
0xff12e5b0,task_GapSnd
0xff073128,task_HdmiCecTask
0xff3c6a28,task_ImagePlaySysConTask
0xff3c93f4,task_ImageRetryConTask
0xff1efd64,task_ImageStoreTask
0xff17aaec,task_ImageSyncController
0xff200604,task_ImgPlayDrv
0xff39ef54,task_ImgPlyDC
0xff39f108,task_ImgPlyDCLow
0xff17793c,task_IMLApp
0xff060a90,task_InitFileModules
0xff094a14,task_ISMainTask
0xff3c51c8,task_JpegEncTask
0xff05d0cc,task_LachesisTest
0xff195298,task_LcdConTask
0xff073cd4,task_LEDCon
0xff091fb8,task_LensController
0xff13b014,task_LiveImageTask
0xff0ab740,task_LowConsole
0xff3ab018,task_MechaAlarm
0xff206274,task_MechaCPUTransfer
0xff2093f0,task_MechaNCTask
0xff3ab54c,task_MechaShutter
0xff08ad88,task_MediaStatusMngr
0xff1e205c,task_MetaCtg
0xff383cc8,task_MetaCtgPrsTask
0xff37d64c,task_MetaInspiTask
0xff1ba14c,task_MotionVector
0xff219664,task_MovEdit
0xff21160c,task_MovieRecord
0xff3b856c,task_MovieWriter
0xff213a34,task_MovPlay
0xff3b3988,task_MovRead
0xff42a544,task_MrkSetTask
0xff3ac244,task_Nd
0xff0532b0,task_NfcCon_EvtTask
0xff150e70,task_NfcConTask
0xff161ec8,task_NormalThumbCache
0xff1019dc,task_OBCtrlTask
0xff33d7fc,task_OhyIntegTask
0xff0358cc,task_OpePlay
0xff02ba6c,task_PhySw
0xff32fd0c,task_PingManager
0xff15f938,task_PTPSessionTASK
0xff155398,task_PTPtoFAPI_EventProcTask_Block
0xff1552f0,task_PTPtoFAPI_EventProcTask_Try
0xff397184,task_ReadFileTask
0xff4265f8,task_ReadMultiConTask
0xff1f4254,task_ReadScheduleTask
0xff08c3f4,task_RedEyeCapt
0xff05c824,task_RedirectUARTTask
0xff3c447c,task_ResizeTask
0xff1a70a8,task_SceneDetectTask
0x006baf14,task_SD1stInit
0xff18155c,task_SelectFuncController
0xff38b480,task_SetGeoTagExecution
0xff21e494,task_ShutterSoundTask
0xff132ed8,task_SsgMainTask
0xff1330a8,task_SsgPeriodTask
0xff0983bc,task_SsStartupTask
0xff0a2650,task_SsTask
0xff027a38,task_Startup
0xff0293c0,task_StartupImage
0xff13bccc,task_SynchTask
0xff13bc1c,task_SyncPeriod
0xff078a88,task_Thermometer
0xff14fbb4,task_TimerUtility
0xff20e374,task_TmgGen
0xff1662e0,task_TrnsCtrlTask
0xff024954,task_UartLog
0xff0514e8,task_WBCtrl
0xff0dfb48,task_WBIntegTask
0xff14accc,task_WBLPFace
0xff21f2d8,task_WbSeqTask
0xff0aa9c8,task_WdtPrint
0xff0aaa78,task_WdtReset
0xff1821c0,task_WebServiceApp
0xff182fd0,task_WSSAPP
0xff3ad20c,task_ZoomActuatorSpeedLog
0xff3acf48,task_ZoomEvent
0xff21b450,TerminateAdjustmentSystem_FW
0xff085114,Terminatedccd_FW
0xff2f2498,TerminateDefectRec_FW
0xff085114,TerminateDigicon_FW
0xff379b58,TerminateFAExtendFile_FW
0xff379b34,TerminateFAGeneralTest_FW
0xff4c8ae0,TerminateMechaDevice_FW
0xff3b0858,TerminateMechaUnitExeTest_FW
0xff180e5c,TerminatePTPIPTransportResponder_FW
0xff3799c0,TerminateSoundRec_FW
0xff084590,TerminateTestRec_FW
0xff05ab50,TerminateWLAN_FW
0x006b9180,time
0x006b86b8,TryPostMessageQueue
0x006b8584,TryReceiveMessageQueue
0x006b79dc,TryTakeSemaphore
0xff0c1f80,TurnOffBackLight
0xff4c84a0,TurnOffCamera_FW
0xff06e3fc,TurnOffDisplay
0xff0374bc,TurnOffE1_FW
0xff3c0698,TurnOffNdFilter_FW
0xff3c06f4,TurnOffNdFilterWithTiming_FW
0xff0768f4,TurnOffVideoOutMode_FW
0xff0c1fcc,TurnOnBackLight
0xff06e3ec,TurnOnDisplay
0xff3c0674,TurnOnNdFilter_FW
0xff3c06bc,TurnOnNdFilterWithTiming_FW
0xff0768bc,TurnOnVideoOutMode_FW
0xff232eac,UI.Create_FW
0xff232300,UI.CreatePublic_FW
0xff232eac,UI_RegistDebugEventProc_FW
0xff232e98,UI_ShowStateOfRecMode_FW
0xff0aee94,UiEvnt_SetLogicalEventActive_FW
0xff0af058,UiEvnt_StartDisguiseCradleStatus_FW
0xff0af068,UiEvnt_StopDisguiseCradleStatus_FW
0xff05feec,UIFS_CancelStoreLensTimer_FW
0xff18f14c,UIFS_Capture_FW
0xff18f220,UIFS_CaptureNoneStop_FW
0xff231f00,UIFS_ChangeShootState_FW
0xff231d84,UIFS_ClosePopupStrobe_FW
0xff231e14,UIFS_ConnectVideo_FW
0xff231b54,UIFS_CtrlManControllerAnytimeTop_FW
0xff231e44,UIFS_DisconnectVideo_FW
0xff255a98,UIFS_DisplayFirmUpdateView_FW
0xff231ee0,UIFS_EndClockMode_FW
0xff232140,UIFS_GetAvItem_FW
0xff231f80,UIFS_GetAvItemCount_FW
0xff2321b0,UIFS_GetCurrentAvString_FW
0xff232230,UIFS_GetCurrentTvString_FW
0xff231f48,UIFS_GetLastPath_FW
0xff06a5b0,UIFS_GetMovieRecoadableNumber_FW
0xff279884,UIFS_GetNumberOfDisplayedImage_FW
0xff188df4,UIFS_GetNumOfOptZoomPos_FW
0xff06a5ac,UIFS_GetStillShotableNumber_FW
0xff232178,UIFS_GetTvItem_FW
0xff231ff0,UIFS_GetTvItemCount_FW
0xff231b7c,UIFS_IsAutoPopupDownStrobe_FW
0xff231b84,UIFS_IsAvailableAvTvMode_FW
0xff231b64,UIFS_IsAvailableMovieRecDigZoom_FW
0xff231b5c,UIFS_IsAvailableMovieRecOptZoom_FW
0xff231b8c,UIFS_IsAvailablePowerZoom_FW
0xff231b74,UIFS_IsAvailableRecMenuAFMode_FW
0xff231b6c,UIFS_IsAvailableServoAF_FW
0xff06a07c,UIFS_IsAvailableShots_FW
0xff2322b8,UIFS_IsOperationEvent_FW
0xff231db4,UIFS_MountExtFlash_FW
0xff188914,UIFS_MoveZoomTo_FW
0xff188f24,UIFS_MoveZoomToPositionWithTaskSwCtrlServ_FW
0xff231d54,UIFS_OpenPopupStrobe_FW
0xff42f8fc,UIFS_PlayTrimExecuteAllImageSize_FW
0xff231e88,UIFS_PostModeDial_FW
0xff231e84,UIFS_RestartPostingUIEvent_FW
0xff231ef0,UIFS_SetCradleSetting_FW
0xff231d00,UIFS_SetDialMovieRec_FW
0xff231d34,UIFS_SetDialPlay_FW
0xff231ce0,UIFS_SetDialStillRec_FW
0xff231f24,UIFS_ShootSeqToUI_FW
0xff231ed0,UIFS_StartClockMode_FW
0xff275710,UIFS_StartMoviePlay_FW
0xff06672c,UIFS_StartMovieRecord_FW
0xff066750,UIFS_StopMovieRecord_FW
0xff231e80,UIFS_StopPostingUIEvent_FW
0xff231de4,UIFS_UnmountExtFlash_FW
0xff288824,UIFS_WirelessExecuteSendForever_FW
0xff2512d8,UIFS_WriteFirmInfoToFile
0xff2512d8,UIFS_WriteFirmInfoToFile_FW
0xff0c5c3c,UndisplayBusyOnScreen
0xff02c3c0,UndisplayFactoryMode_FW
0xff0a7da8,UnLoadScript_FW
0xff0325a0,UnlockAE
0xff0321b0,UnlockAF
0xff0b118c,UnlockMainPower
0xff0b118c,UnlockMainPower_FW
0xff4c5994,UnregistColorMatrix_FW
0xff070778,UnRegisterElecLevelInfoNotifyCBR_FW
0x006b5510,UnregisterInterruptHandler
0xff02ab20,VbattGet
0xff02ab20,VbattGet_FW
0xff3c61ac,VerifyByte_FW
0xff027b2c,vsprintf
0xff21a80c,Wait_FW
0x006b8158,WaitForAllEventFlag
0x006b7d84,WaitForAllEventFlagStrictly
0x006b806c,WaitForAnyEventFlag
0x006b7d58,WaitForAnyEventFlagStrictly
0xff3c092c,WaitMoveZoomLensComplete_FW
0xff02704c,Write
0xff02704c,Write_FW
0xff07f8d8,WRITEADJTABLETOFROM_FW
0xff07f910,WRITEADJUSTMENTDATATOFROM_FW
0xff4ce25c,WriteGyroAdjustment_FW
0xff4ce24c,WriteHallDeviceAdjustment_FW
0xff3c02a4,WriteMechaLogToFile_FW
0xff3c0294,WriteMechaLogToRom_FW
0xff377c38,WriteNFCSystemArea_FW
0xff151d38,WriteNFCUserArea_FW
0xff377c6c,WriteNFCUserAreaWithInitNFCAdj_FW
0xff4ce2d4,WritePWMAdjustment_FW
0x006ba8a4,WriteSDCard
0xff075084,WriteToRom_FW
0xff07f944,WRITEUSERSETTINGDATATOFROM_FW
0xff377624,WriteWLANMACAddressToFROM_FW
