0x010e1389,CreateTask_low
0x010e1751,get_self_task_id
0x010e1b59,get_task_properties
0x010e1c35,dry_error_printf
0x010e27c5,createsemaphore_low
0x010e288b,givesemaphore_low
0x010e28b3,takesemaphore_low
0x010e4ff1,SleepTask
0x010e4ff1,SleepTask_FW
0x010e5089,CreateTask
0x010e5089,CreateTask_FW
0x010e526b,ExitTask
0x010e526b,ExitTask_FW
0x010e52b9,CreateEventFlag
0x010e52f1,DeleteEventFlag
0x010e532d,CheckAnyEventFlag
0x010e5363,CheckAllEventFlag
0x010e5399,WaitForAnyEventFlag
0x010e541b,WaitForAllEventFlag
0x010e549b,SetEventFlag
0x010e54c9,ClearEventFlag
0x010e54f9,GetEventFlagValue
0x010e554d,RegisterInterruptHandler
0x010e5633,j1_GetSRAndDisableInterrupt
0x010e5637,j1_SetSR
0x010e5681,CreateMessageQueue
0x010e56e5,DeleteMessageQueue
0x010e5747,ReceiveMessageQueue
0x010e57d3,TryReceiveMessageQueue
0x010e581d,PostMessageQueue
0x010e589b,TryPostMessageQueue
0x010e58d1,GetNumberOfPostedMessages
0x010e5939,CreateBinarySemaphore
0x010e5985,CreateCountingSemaphore_FW
0x010e59bd,DeleteSemaphore
0x010e59bd,DeleteSemaphore_FW
0x010e59fd,TryTakeSemaphore
0x010e5a2d,TakeSemaphore
0x010e5a2d,TakeSemaphore_FW
0x010e5aa5,GiveSemaphore
0x010e5aa5,GiveSemaphore_FW
0x010e5ad5,GetSemaphoreValue
0x010e5b35,CreateTaskStrictly
0x010e5b57,CreateMessageQueueStrictly
0x010e5b71,CreateEventFlagStrictly
0x010e5b8b,CreateBinarySemaphoreStrictly
0x010e5ba5,CreateCountingSemaphoreStrictly
0x010e5bbf,CreateRecursiveLockStrictly
0x010e5bd9,TakeSemaphoreStrictly
0x010e5c11,PostMessageQueueStrictly
0x010e5c2d,WaitForAnyEventFlagStrictly
0x010e5c49,WaitForAllEventFlagStrictly
0x010e5c65,AcquireRecursiveLockStrictly
0x010e5c8d,DebugAssert
0x010e5ca3,DebugAssert2
0x010e5cad,set_assert_handler
0x010e5e6f,time
0x010e5ed9,GetTimeOfSystem_FW
0x010e61a1,LocalTime
0x010e63cd,task_SD1stInit
0x010e6881,CreateRecursiveLock
0x010e68f1,AcquireRecursiveLock
0x010e69bf,ReleaseRecursiveLock
0x010e78cd,ChangeSDPortVoltage_FW
0x010f772d,j2_GetSRAndDisableInterrupt
0x010f7737,j2_SetSR
0x010f78c5,j_mktime_ext
0x01106a34,dry_memcpy
0x01106b1c,bzero
0x01106b20,memset32
0x01109198,_log
0x011096b8,_log10
0x01109820,_pow
0x0110b8a0,_sqrt
0xfc0205e3,PointDefDetect_FW
0xfc0206e5,MergeAndConvertDefect_FW
0xfc0208af,PointKizuCheck_FW
0xfc0208ff,SensDefCrowdCheck_FW
0xfc020923,CrossDefDetect_FW
0xfc0209d1,CrossPickUpDetect_FW
0xfc020a9b,MixPixDetect_FW
0xfc020be7,GetDefectCrawInfo_FW
0xfc020c39,GetDefectAllResultData_FW
0xfc020c69,GetDefectPartResultData_FW
0xfc020cc5,SetDefectDebugInfo_FW
0xfc020cf9,GetDefectHistgramInfo_FW
0xfc020d17,MarkPointDefData_FW
0xfc020d1d,GetDefectTvAdj_FW
0xfc020d81,SetDefectRecParam_FW
0xfc020eaf,ChangeDefectRecParam_FW
0xfc020ebf,ExecuteDefectRec_FW
0xfc020ee9,ExecuteDefectRecAndSaveImage_FW
0xfc020f3d,ExecuteDefectRecWithGrade_FW
0xfc020f6b,ExecuteDefectRecAndSaveImageWithGrade_FW
0xfc020fc1,InitializeDefectRec_FW
0xfc020fd3,TerminateDefectRec_FW
0xfc020fdd,MakeDefectTurnTable_FW
0xfc021003,ClearDefectTurnTable_FW
0xfc02100d,GetDefectTurnTableParam_FW
0xfc021065,EngDrvOut_FW
0xfc021075,EngDrvIn_FW
0xfc02107b,EngDrvRead_FW
0xfc021081,EngDrvBits_FW
0xfc021093,EngDrvReadDump_FW
0xfc021201,ShowTransparentMemory_FW
0xfc021215,DumpTransparentMemoryItem_FW
0xfc021239,AddTransparentMemory_FW
0xfc021257,AttachToTransparentMemory_FW
0xfc021275,RemoveTransparentMemory_FW
0xfc021287,GetTransparentMemorySize_FW
0xfc021293,GetTransparentMemory_FW
0xfc0212b5,GetTransparentMemoryPosition_FW
0xfc021559,InitializeSoundRec_FW
0xfc021589,TerminateSoundRec_FW
0xfc0215a3,j_InitializeSoundRec_FW
0xfc0215a5,j_TerminateSoundRec_FW
0xfc0215a7,StartSoundRecord_FW
0xfc0215bf,StartSoundPlay_FW
0xfc0217a5,InitializeFAGeneralTest_FW
0xfc0217af,TerminateFAGeneralTest_FW
0xfc0217bb,InitializeFAExtendFile_FW
0xfc0217c3,TerminateFAExtendFile_FW
0xfc025679,NR_SetDoubleNRType_FW
0xfc05efad,exception_handler_UndefinedInstruction
0xfc05efd1,exception_handler_PrefetchAbort
0xfc05efe7,exception_handler_DataAbort
0xfc05effd,exception_handler_SupervisorCall
0xfc05f045,exception_handler_FIQ
0xfc05f1a1,exception_handler_IRQ
0xfc05f3f1,task_Startup
0xfc05f651,init_ex_drivers
0xfc060561,task_UartLog
0xfc0606d1,StartRedirectUART_FW
0xfc060771,StopRedirectUART_FW
0xfc062717,fut_flush
0xfc0627d5,fopen_low
0xfc06286f,fclose_low
0xfc0628ad,fread_low
0xfc062959,fwrite_low
0xfc0629eb,fgets_low
0xfc062a7f,fseek_low
0xfc062cd3,task_FileScheduleTask
0xfc064915,task_ReadScheduleTask
0xfc065dc7,task_FileWrite
0xfc065dc7,task_FileWriteTask
0xfc06a2fd,j_StartCameraLog_FW
0xfc06a301,j_ShowCameraLog_FW
0xfc06a305,j_ShowCameraLogInfo_FW
0xfc06a309,j_StopCameraLog_FW
0xfc06a30d,j_PutsCameraLogEvent_FW
0xfc06a311,OpLog.Create_FW
0xfc06a363,j_NewTaskShell_FW
0xfc06a367,j_ExMem.View_FW
0xfc06a36b,j_ExMem.AllocUncacheable_FW
0xfc06a36f,j_ExMem.FreeUncacheable_FW
0xfc06a373,j_ExMem.AllocCacheable_FW
0xfc06a377,j_ExMem.FreeCacheable_FW
0xfc06a37b,ExMem_FW
0xfc06b0c9,task_ReadFileTask
0xfc06fbdb,j_GetKbdState
0xfc06fbed,drysh_FW
0xfc070705,kbd_read_keys_r2
0xfc0707e9,GetKbdState
0xfc070d21,ExMem.View_FW
0xfc071189,exmem_ualloc
0xfc0711b7,ExMem.AllocUncacheable_FW
0xfc071243,exmem_ufree
0xfc071273,ExMem.FreeUncacheable_FW
0xfc07127f,exmem_alloc
0xfc0712b7,ExMem.AllocCacheable_FW
0xfc0712bf,exmem_free
0xfc07130d,ExMem.FreeCacheable_FW
0xfc0715ad,task_OpePlay
0xfc07168f,OpLog.Stop_FW
0xfc0716a5,OpLog.WriteToROM_FW
0xfc0716c5,j_OpLog.WriteToROM_FW
0xfc0716e7,OpLog.ReadFromROM_FW
0xfc071727,OpLog.ReadFromSD_FW
0xfc0719d3,OpLog.WriteToSD_FW
0xfc071e49,OpLog.Get_FW
0xfc071e5f,OpLog.GetUsrSet_FW
0xfc071edf,OpLog.Play_FW
0xfc071fd1,OpLog.Start_FW
0xfc07205f,OpLog.Terminate_FW
0xfc072e35,kbd_p2_f
0xfc073069,task_PhySw
0xfc0732df,GetSwitchStatus_FW
0xfc073337,GetSDDetect_FW
0xfc07333d,GetSDProtect_FW
0xfc07334d,GetDialEventId_FW
0xfc073351,GetLcdPosition_FW
0xfc073355,GetBatteryCoverClose_FW
0xfc073359,IsHvSensorExist_FW
0xfc07335d,GetPopupOpen_FW
0xfc073369,kbd_read_keys
0xfc07339f,kbd_p1_f
0xfc0733a7,kbd_p1_f_cont
0xfc07e6d9,DisplayFactoryMode_FW
0xfc07e6df,UndisplayFactoryMode_FW
0xfc07e7ab,IsFAWLANRunning_FW
0xfc07e7b1,IsFAConnectUSB_FW
0xfc07e7b7,task_bomStopPTPIPTask
0xfc07e7d9,StopPtpipServiceForFAWLAN_FW
0xfc07e98b,SetWLANFactoryMode_FW
0xfc07e9b3,ClearWLANFactoryMode_FW
0xfc07e9dd,SetSSIDForFAWLAN_FW
0xfc07ea17,DummyUSBConnection_FW
0xfc07ee73,SetDurianMode_FW
0xfc07ee9b,ClearDurianMode_FW
0xfc07ee9b,ClearFactoryMode_FW
0xfc07eec3,SetFactoryMode_FW
0xfc07eeeb,ClearDUIDFixFlag_FW
0xfc07ef0f,SetDUIDFixFlag_FW
0xfc07efa5,ClearFactoryMasterFlag_FW
0xfc07efab,SetFactoryMasterFlag_FW
0xfc07efb1,ClearFactoryMasterROMProtection_FW
0xfc07efc7,SetFactoryMasterROMProtection_FW
0xfc07efdd,IsMountLens_FW
0xfc07efe1,IsFactoryMode_FW
0xfc07f033,IsDUIDFixFlag_FW
0xfc07f063,IsNormalCameraMode_FW
0xfc07f071,StartFactoryModeController_FW
0xfc081591,CecViewParameter_FW
0xfc084f07,HdmiRegDump_FW
0xfc084f7b,CecRegDump_FW
0xfc0851a1,InitializeWLAN_FW
0xfc0851b7,TerminateWLAN_FW
0xfc085233,LeaveWLANNetwork_FW
0xfc08589d,connect_FW
0xfc085967,disconnect_FW
0xfc086539,stopMicroAP_FW
0xfc08657b,sendDeauth_FW
0xfc0865c5,getSTAList_FW
0xfc086afb,leave_FW
0xfc086d11,clear_param_FW
0xfc086f65,setCH_FW
0xfc086f73,setMicroAPCH_FW
0xfc087687,SetSecurityInvalid_FW
0xfc087691,getCurCHWidth_FW
0xfc0876df,getCountry_FW
0xfc08772f,RecvDeauthPacket_FW
0xfc08773b,getEepromNum_FW
0xfc08b9b3,task_PingManager
0xfc08da57,HardwareDefectWithRestart_FW
0xfc08da87,HardwareDefect_FW
0xfc09142f,task_ComWireless
0xfc092af7,CecRxViewParameter_FW
0xfc0975cf,task_EvShel
0xfc09768b,NewTaskShell_FW
0xfc0978f3,atol_FW
0xfc09ad53,task_IMLApp
0xfc09cc0d,task_ImageSyncController
0xfc0a010f,handle_PTP_OC_CloseSession
0xfc0a0175,handle_PTP_OC_OpenSession
0xfc0a020f,handle_PTP_OC_GetDeviceInfo
0xfc0a08b1,task_TimerUtility
0xfc0a121b,handle_PTP_OC_0x9805
0xfc0a15a3,handle_PTP_OC_0x9804
0xfc0a1653,handle_PTP_OC_0x9803
0xfc0a17b1,handle_PTP_OC_0x9802
0xfc0a1a43,handle_PTP_OC_0x9801
0xfc0a26e5,handle_PTP_OC_CANON_EOS_SetEventMode
0xfc0a2769,handle_PTP_OC_CANON_EOS_SetUILock
0xfc0a2799,handle_PTP_OC_CANON_EOS_ResetUILock
0xfc0a27c7,handle_PTP_OC_CANON_EOS_KeepDeviceOn
0xfc0a27f5,handle_PTP_OC_CANON_EOS_SetRequestOLCInfoGroup
0xfc0a29dd,handle_PTP_OC_CANON_EOS_GetStorageIDs
0xfc0a2a77,handle_PTP_OC_CANON_EOS_GetStorageInfo
0xfc0a2bb9,handle_PTP_OC_CANON_EOS_GetObjectInfo
0xfc0a2c3f,handle_PTP_OC_CANON_EOS_DeleteObject
0xfc0a2d71,handle_PTP_OC_CANON_EOS_GetPartialObject
0xfc0a2e71,handle_PTP_OC_CANON_EOS_GetObjectInfoEx
0xfc0a302b,handle_PTP_OC_CANON_EOS_GetThumbEx
0xfc0a3131,handle_PTP_OC_CANON_EOS_SetObjectAttributes
0xfc0a31a1,handle_PTP_OC_CANON_EOS_TransferComplete
0xfc0a31d1,handle_PTP_OC_CANON_EOS_CancelTransfer
0xfc0a31ff,handle_PTP_OC_CANON_EOS_GetPartialObjectEx
0xfc0a32ef,handle_PTP_OC_CANON_EOS_EndGetPartialObjectEx
0xfc0a33ab,handle_PTP_OC_CANON_EOS_GetCTGInfo
0xfc0a35f5,handle_PTP_OC_CANON_EOS_SetRating
0xfc0a365b,handle_PTP_OC_CANON_EOS_RequestInnerDevelopStart
0xfc0a379f,handle_PTP_OC_CANON_EOS_RequestInnerDevelopEnd
0xfc0a3c01,handle_PTP_OC_0x9067
0xfc0a3f69,handle_PTP_OC_0x9066
0xfc0a435f,handle_PTP_OC_0x9065
0xfc0a446f,handle_PTP_OC_0x9064
0xfc0a44e5,handle_PTP_OC_0x9063
0xfc0a48d1,initComDiscovery_FW
0xfc0a4909,stopIPAddressing_FW
0xfc0a4927,termComDiscovery_FW
0xfc0a4f8b,autoIPAddressing_FW
0xfc0a5c7d,startDHCPServer_FW
0xfc0a5e85,stopDHCPServer_FW
0xfc0a6a41,task_WebServiceApp
0xfc0a86a5,HdmiViewParameter_FW
0xfc0a9449,task_FsIoNotifyTask
0xfc0a9fd7,PTM_AllReset_FW
0xfc0aa38d,PTM_GetWorkingCaptureMode_FW
0xfc0aa39d,PTM_SetCurrentItem_FW
0xfc0aa65d,PTM_NextItem_FW
0xfc0aa661,PTM_PrevItem_FW
0xfc0aa985,PTM_SetProprietyEnable_FW
0xfc0aab77,PTM_IsEnableItem_FW
0xfc0aac07,PTM_BackupUIProperty_FW
0xfc0aacfd,GetParameterData
0xfc0b926b,RegComEventProc_FW
0xfc0b947d,init_error_handlers
0xfc0b9519,TurnOffCamera_FW
0xfc0b9519,TurnOffE1_FW
0xfc0b9589,task_Bye
0xfc0ba1c7,task_NfcCon_EvtTask
0xfc0ba827,NFCEvt.Create_FW
0xfc0ba8bd,NFCEvt.Initialize_FW
0xfc0ba8e1,NFCEvt.Terminate_FW
0xfc0ba905,NFCEvt.WriteNdefNG_FW
0xfc0ba929,NFCEvt.ReadTag_FW
0xfc0ba94d,NFCEvt.SetUserArea_FW
0xfc0ba987,NFCEvt.EnableRFCom_FW
0xfc0ba9ab,NFCEvt.DisableRFCom_FW
0xfc0ba9cf,NFCEvt.ClearUserArea_FW
0xfc0ba9f3,NFCEvt.GetNfcAppStr_FW
0xfc0baa17,NFCEvt.SetNfcAppStr_FW
0xfc0baa3b,NFCEvt.SetDataForCW_FW
0xfc0baa63,NFCEvt.SetDataForCMST_FW
0xfc0baa8b,NFCEvt.CheckSetData_FW
0xfc0baaaf,NFCEvt.FAInitialize_FW
0xfc0baad7,NFCEvt.FAInitSysArea_FW
0xfc0bab11,NFCEvt.FAGetSysArea_FW
0xfc0bab4b,NFCEvt.FASetSysArea_FW
0xfc0baba7,NFCEvt.FAGetUserArea_FW
0xfc0babe1,NFCEvt.FAResetNfcCard_FW
0xfc0bacb9,NFCEvt.FAWriteDefUsrArea_FW
0xfc0bacdd,NFCEvt.WriteNdefOK_FW
0xfc0bad01,NFCEvt.InitSysArea_FW
0xfc0bad3b,NFCEvt.GetSysArea_FW
0xfc0bad75,NFCEvt.SetSysArea_FW
0xfc0badaf,NFCEvt.SetSysAreaTypeF_FW
0xfc0bade9,NFCEvt.SetSysAreaTypeB_FW
0xfc0bae23,NFCEvt.SetSysAreaEx_FW
0xfc0bae8f,NFCEvt.ResetNfcCard_FW
0xfc0bbc6d,scan_FW
0xfc0bbc7b,join_network_FW
0xfc0bbd5d,startMicroAP_FW
0xfc0bbddf,getMacAddress_FW
0xfc0bbe11,getCurCH_FW
0xfc0bbe2d,j_initComDiscovery_FW
0xfc0bbe31,j_termComDiscovery_FW
0xfc0bbe35,j_autoIPAddressing_FW
0xfc0bbe39,dhcpAddressing_FW
0xfc0bbe41,j_stopIPAddressing_FW
0xfc0bbe45,startCameraServiceProvide_FW
0xfc0bbe51,stopCameraServiceProvide_FW
0xfc0bbe57,imlInitialize_FW
0xfc0bbee1,PairingDataOutput_FW
0xfc0bc4e7,PairingDataFull_FW
0xfc0bc4ff,WebServiceDataOutput_FW
0xfc0bc57f,ChangePermission_FW
0xfc0bc587,StopWireless_FW
0xfc0bc591,ErrorTest_Succession_FW
0xfc0bc5db,ErrorTest_Disconnect_FW
0xfc0bc66f,LachesisTest_FW
0xfc0bc8bb,NellConnectAdhoc_FW
0xfc0bc8d1,NellConnect_FW
0xfc0bc949,ComDiscovery_FW
0xfc0bc973,RegPTPCmd_FW
0xfc0bc987,RegPTPIPCmd_FW
0xfc0bc9a9,SelectFunc_Create_FW
0xfc0bc9b1,WebServiceSimError_FW
0xfc0bc9e1,getCigUrl_FW
0xfc0bca33,getCWSStatus_FW
0xfc0bca49,getWebServiceNumByAliasID_FW
0xfc0bca73,getNickNameByAliasID_FW
0xfc0bca9b,WSS_Initialize_FW
0xfc0bcab1,WSS_Terninate_FW
0xfc0bcac7,WSS_SettingTest_FW
0xfc0bcb0b,WSS_SettingSeqenceCheck_FW
0xfc0bcb1b,WSS_GetAuthCode_FW
0xfc0bcb31,WSS_GetConfirmNum_FW
0xfc0bcb47,WSS_RegDeviceInfo_FW
0xfc0bcb5d,WSS_GetWebServiceData_FW
0xfc0bcb6d,WSS_SettingDummyCBR_FW
0xfc0bcf75,WSS_SettingCancel_FW
0xfc0bcf85,PingTest_FW
0xfc0bcf97,task_RedirectUARTTask
0xfc0bd065,task_fprintSNRTask
0xfc0bd185,fprintSNR_FW
0xfc0bd259,fprintWPSEThroughput_FW
0xfc0bd29f,SetWPSEChannel_FW
0xfc0bd2bd,SetSDConClockSpeed_FW
0xfc0bd2e1,getMacAddressBy1byte_FW
0xfc0bd31f,writeMacAddrToAdjTbl_FW
0xfc0bd591,RemCap_EpilogFile_FW
0xfc0bd5fd,task_LachesisTest
0xfc0bda11,task_InitFileModules
0xfc0bda3d,task_CommonDrivers
0xfc0bdbcb,task_HdmiCecTask
0xfc0bdd49,ChangePowerState_FW
0xfc0bdd99,EnableHDMIPower
0xfc0bddc9,DisableHDMIPower
0xfc0bdff7,UnLoadScript_FW
0xfc0be055,Printf_FW
0xfc0be05f,LoadScript_FW
0xfc0bf85b,vsprintf
0xfc0bf97b,task_NfcConTask
0xfc0c0301,handle_PTP_OC_0x9051
0xfc0c0301,handle_PTP_OC_0x905d
0xfc0c03a9,handle_PTP_OC_0x905b
0xfc0c0487,handle_PTP_OC_0x905a
0xfc0c0571,handle_PTP_OC_0x9059
0xfc0c0621,handle_PTP_OC_0x9058
0xfc0c0799,handle_PTP_OC_0x9057
0xfc0c0849,handle_PTP_OC_0x9053
0xfc0c08d7,handle_PTP_OC_0x9052
0xfc0c0965,handle_PTP_OC_0x9050
0xfc0c0965,handle_PTP_OC_0x905c
0xfc0c0fc7,task_PTPtoFAPI_EventProcTask_Try
0xfc0c1031,task_PTPtoFAPI_EventProcTask_Block
0xfc0c13c3,handle_PTP_OC_CANON_EOS_GetEvent
0xfc0c1f0f,handle_PTP_OC_CANON_CheckEvent
0xfc0c22bb,handle_PTP_OC_CANON_ChangeUSBProtocol
0xfc0c2503,handle_PTP_OC_GetStorageIDs
0xfc0c259d,handle_PTP_OC_GetStorageInfo
0xfc0c2b81,handle_PTP_OC_GetObject
0xfc0c2c71,handle_PTP_OC_GetThumb
0xfc0c2cfb,handle_PTP_OC_GetPartialObject
0xfc0c2e01,handle_PTP_OC_SetObjectProtection
0xfc0c2e69,handle_PTP_OC_GetObjectInfo
0xfc0c2eef,handle_PTP_OC_CANON_GetPartialObjectInfo
0xfc0c3069,handle_PTP_OC_CANON_GetPartialObjectEx
0xfc0c31ff,handle_PTP_OC_CANON_GetObjectAttributes
0xfc0c325b,handle_PTP_OC_CANON_SetObjectArchive
0xfc0c32b7,handle_PTP_OC_CANON_SendObjectInfoByPath
0xfc0c32b7,handle_PTP_OC_SendObjectInfo
0xfc0c34e7,handle_PTP_OC_0x904c
0xfc0c36d9,handle_PTP_OC_CANON_GetObjectHandleByName
0xfc0c3791,handle_PTP_OC_CANON_SetObjectTime
0xfc0c37dd,handle_PTP_OC_DeleteObject
0xfc0c38d5,handle_PTP_OC_FormatStore
0xfc0c396b,handle_PTP_OC_0x9038
0xfc0c39f7,handle_PTP_OC_0x9039
0xfc0c3a87,handle_PTP_OC_0x903a
0xfc0c3af7,handle_PTP_OC_0x903b
0xfc0c3b1f,handle_PTP_OC_0x904b
0xfc0c3be7,handle_PTP_OC_GetNumObjects
0xfc0c3ca1,handle_PTP_OC_GetObjectHandles
0xfc0c3df5,handle_PTP_OC_CANON_GetObjectInfoEx
0xfc0c3fc7,handle_PTP_OC_CANON_SendObjectByPath
0xfc0c3fc7,handle_PTP_OC_SendObject
0xfc0c4161,handle_PTP_OC_CANON_SendPartialObject
0xfc0c42b9,handle_PTP_OC_0x9060
0xfc0c4315,handle_PTP_OC_0x9062
0xfc0c4945,task_TrnsCtrlTask
0xfc0c59af,ConnectPtpIPService_FW
0xfc0c59b5,DisconnectPtpIPService_FW
0xfc0c604f,RequestDisconnectPTPIP_FW
0xfc0c60d5,RequestConnectPTPIP_FW
0xfc0c60ff,RequestConnectPTPIPDef_FW
0xfc0c616b,RegisterNotifyConnectPTPIP_FW
0xfc0c616b,RegisterNotifyPTPIP_FW
0xfc0c6183,RegisterResponseConnectPTPIP_FW
0xfc0c6183,RegisterResponsePTPIP_FW
0xfc0c619b,TerminatePTPIPTransportResponder_FW
0xfc0c61f5,InitializePTPIPTransportResponder_FW
0xfc0c6659,task_WSSAPP
0xfc0c7ed1,LcdCon_SetLcdBackLightBrightness_FW
0xfc0c7ef1,LcdCon_SetLcdBackLightParameter_FW
0xfc0c7f27,LcdCon_GetLcdBackLightParameter_FW
0xfc0c7f51,LcdCon_ShowLcdBackLightParameter_FW
0xfc0c7f75,LcdCon_SaveLcdBackLightParameter_FW
0xfc0c87b1,TurnOnDisplay
0xfc0c87c3,TurnOffDisplay
0xfc0c8df5,LcdCon_SetCvfBackLightBrightness_FW
0xfc0c8e13,LcdCon_SetCvfBackLightParameter_FW
0xfc0c8e49,LcdCon_GetCvfBackLightParameter_FW
0xfc0c8e73,LcdCon_ShowCvfBackLightParameter_FW
0xfc0c8e97,LcdCon_SaveCvfBackLightParameter_FW
0xfc0cafe1,LoadParamDataFromAdjTableBin_FW
0xfc0cb079,LoadDataFromAdjTableBin_FW
0xfc0cb0ff,DeviceUniqueIDCheckSum_FW
0xfc0cb2fd,LoadDUIDCheckSum_FW
0xfc0cb30f,SaveDUID_FW
0xfc0cb31f,LoadDUID_FW
0xfc0cb323,SaveDUIDCheckSum_FW
0xfc0cb32f,j_LoadDUIDCheckSum_FW
0xfc0cb331,SaveFactoryAdjData_FW
0xfc0cb343,LoadFactoryAdjData_FW
0xfc0cb34b,SaveHistoryAdjData_FW
0xfc0cb35d,LoadHistoryAdjData_FW
0xfc0cb365,SaveFactoryIDData_FW
0xfc0cb371,LoadFactoryIDData_FW
0xfc0cbc79,task_ConsoleSvr
0xfc0cbfe1,RotateConsoleZOder_FW
0xfc0cc06f,task_LowConsole
0xfc0cc0af,taskcreate_LowConsole
0xfc0cc155,CPrintf_FW
0xfc0cc18d,CPutChar_FW
0xfc0cc1a3,GetCh_FW
0xfc0cc1d3,GetStringWithPrompt_FW
0xfc0cc20f,OpenConsole_FW
0xfc0cc2c9,CloseConsole_FW
0xfc0de3a9,PB2Rec
0xfc0de3ef,Rec2PB
0xfc0dfad1,UIFS_CancelStoreLensTimer_FW
0xfc0dfdb3,j_Rec2PB
0xfc0e176d,GetAdVBattBottom_FW
0xfc0e1773,GetAdChValue
0xfc0e1773,GetAdChValue_FW
0xfc0e2163,WriteToRom_FW
0xfc0e21ab,EraseRom_FW
0xfc0e2233,GetRomID_FW
0xfc0e35fb,EraseAdjustmentArea_FW
0xfc0e3617,DumpAdjMirror_FW
0xfc0e362d,GetAdjTableVersion_FW
0xfc0e364d,j_GetAdjTableVersion_FW
0xfc0e364f,GetAdjTableMapVersion_FW
0xfc0e3659,GetAdjTableValueVersion_FW
0xfc0e3663,ShowDefaultAdjTableVersion_FW
0xfc0e36bf,LoadAdjustmentTable_FW
0xfc0e36c7,LoadDefectAdjTable_FW
0xfc0e3921,SaveAdjustmentTable_FW
0xfc0e3963,SaveDefectAdjTable_FW
0xfc0e3975,SaveAdjustmentValue_FW
0xfc0e3995,LoadAdjustmentValue_FW
0xfc0e39ab,PrintAdjTableMap_FW
0xfc0e3b31,CreateAdjustmentTableMirror_FW
0xfc0e3b35,RefreshAdjustmentTableMirror_FW
0xfc0e3b39,CreateDefectTableMirror_FW
0xfc0e3b7d,RefreshDefectTableMirror_FW
0xfc0e3b81,j_CreateUserSettingMirror_FW
0xfc0e3b85,PrintAdjKabotanInfo_FW
0xfc0e3d31,WRITEADJTABLETOFROM_FW
0xfc0e3d4d,j_WRITEADJTABLETOFROM_FW
0xfc0e3d4f,WRITEADJUSTMENTDATATOFROM_FW
0xfc0e3d6d,WRITEUSERSETTINGDATATOFROM_FW
0xfc0e3fcb,GetDCPAdjOffset_FW
0xfc0e4369,GetAdjustmentOffset_FW
0xfc0e436d,GetProductID_FW
0xfc0e437d,GetAdjDataAreaAddress_FW
0xfc0e438d,CreateUserSettingMirror_FW
0xfc0e46e1,set_exception_handler
0xfc0e46eb,set_panic_handler
0xfc0e4735,default_assert_handler
0xfc0e4a4f,default_exception_handler
0xfc0e4c31,default_panic_handler
0xfc0e7c31,sscanf_FW
0xfc0e7c4d,strtolx
0xfc0e7d8f,strtol
0xfc0e7d9d,memcpy
0xfc0e7d9d,memcpy_FW
0xfc0e7e31,strrchr
0xfc0eef13,GraphicSystemCoreFinish_helper
0xfc0f0421,E2LatOn_FW
0xfc0f238b,ClearNFCSystemArea_FW
0xfc0f2493,ResetNFCSystemArea_FW
0xfc0f24c5,WriteNFCUserArea_FW
0xfc0f29e1,handle_PTP_OC_CANON_EOS_SetDevicePropValueEx
0xfc0f2acf,handle_PTP_OC_CANON_EOS_RequestDevicePropValue
0xfc0f3ed9,handle_PTP_OC_CANON_EOS_SetRemoteMode
0xfc0f3f73,handle_PTP_OC_CANON_EOS_RemoteReleaseOn
0xfc0f403f,handle_PTP_OC_CANON_EOS_RemoteReleaseOff
0xfc0f4097,handle_PTP_OC_CANON_EOS_GetViewFinderData
0xfc0f4933,add_ptp_handler
0xfc0f501d,task_PTPSessionTASK
0xfc0f6593,task_NormalThumbCache
0xfc0f793f,task_SelectFuncController
0xfc0f8565,task_LcdConTask
0xfc0f85f7,LcdCon_StartLcdPeriodicalSetting_FW
0xfc0f8613,LcdCon_StopLcdPeriodicalSetting_FW
0xfc0f8da3,LcdCon_SetCvfDriver_FW
0xfc0f8dd1,LcdCon_SetCvfAdjParameter_FW
0xfc0f8e33,LcdCon_GetCvfAdjParameter_FW
0xfc0f8e63,LcdCon_ShowCvfAdjParameter_FW
0xfc0f8e87,LcdCon_SaveCvfAdjParameter_FW
0xfc0f8e99,LcdCon_SetCvfParameter_FW
0xfc0f8efd,LcdCon_GetCvfParameter_FW
0xfc0f8f2f,LcdCon_ShowCvfParameter_FW
0xfc0f8f55,LcdCon_SaveCvfParameter_FW
0xfc0f917d,GetLatestHVPosition_FW
0xfc0fa3b9,task_DPOFTask
0xfc0fbf79,task_TmgGen
0xfc0fd1af,task_MovieTranscoder
0xfc0fe793,GetLogToFile_FW
0xfc0fe7a9,IsRomLogAvailable_FW
0xfc0fe7b5,EraseLogSector_FW
0xfc10147b,AdditionAgentRAM_FW
0xfc10924d,memset
0xfc10924d,memset_FW
0xfc117a79,Ltkids.SetCapThrough_FW
0xfc117a87,Ltkids.SetLiveThrough_FW
0xfc117a95,Ltkids.SetCapRtsThrough_FW
0xfc117aa3,Ltkids.SetLiveRtsThrough_FW
0xfc118a95,task_FORMAT_TASK_PROGRESS
0xfc118cbd,task_FORMAT_TASK_NAME
0xfc119275,closedir
0xfc1192ad,OpenFastDir
0xfc11934d,ReadFastDir
0xfc119383,j_closedir
0xfc119805,get_dial_hw_position
0xfc1198c9,get_canon_mode_list
0xfc1362a9,GetSRAndDisableInterrupt
0xfc1362bb,SetSR
0xfc13638d,memShow_FW
0xfc136d43,open
0xfc136db3,close
0xfc136eb9,Read
0xfc136eb9,Read_FW
0xfc137417,task_BatteryTask
0xfc137779,GetVBatVoltage_FW
0xfc137779,VbattGet
0xfc137779,VbattGet_FW
0xfc137a71,task_ClockSave
0xfc1394f1,omar_init
0xfc13ad3f,EF.IsChargeFull_FW
0xfc13ad3f,IsStrobeChargeCompleted
0xfc13b29b,imager_active_callback
0xfc13b32f,ImagerActivate
0xfc13b3b1,ClearImageDrive_FW
0xfc13c00d,task__imageSensorTask
0xfc13e473,LiveImageTool.GetDzoomPosition_FW
0xfc13e7ad,GetVRAMHPixelsSize
0xfc13e7ad,GetVRAMHPixelsSize_FW
0xfc13e7b5,GetVRAMVPixelsSize
0xfc13e7b5,GetVRAMVPixelsSize_FW
0xfc13e7bd,GetMovieJpegVRAMHPixelsSize_FW
0xfc13e7c5,GetMovieJpegVRAMVPixelsSize_FW
0xfc13e979,task_WBCtrl
0xfc1405d1,is_movie_recording
0xfc140d4f,task_Accelerometer
0xfc141447,GetSlantData_FW
0xfc141555,j_GetX_AxisAcceleration_FW
0xfc141559,j_GetY_AxisAcceleration_FW
0xfc14155d,j_GetZ_AxisAcceleration_FW
0xfc141561,j_GetScalar_Acceleration_FW
0xfc141565,GetAccelerometerDataWithCorrect_FW
0xfc141587,CalcAccelerometerAtanAngle_FW
0xfc141595,j_GetSlantData_FW
0xfc141597,EnableAcceleLogWrite_FW
0xfc1415a1,DisableAcceleLogWrite_FW
0xfc1415b9,EnableAcceleLogRead_FW
0xfc1415c3,DisableAcceleLogRead_FW
0xfc1415db,StartAcceleSlantMotionDetect_FW
0xfc1415df,StopAcceleSlantMotionDetect_FW
0xfc1415e3,LoadAcceleParamFromFile_FW
0xfc141627,RegisterElecLevelInfoNotifyCBR_FW
0xfc141639,UnRegisterElecLevelInfoNotifyCBR_FW
0xfc141643,EnableHvUpdate_FW
0xfc14164d,DisableHvUpdate_FW
0xfc141657,j_GetSlantAngle_FW
0xfc14165b,j_GetAcceleHvPosition_FW
0xfc1435dd,GetInputAverageLevel_FW
0xfc14364f,SetStereoSeparation_FW
0xfc143a15,task_Thermometer
0xfc143b69,GetCCDTemperature
0xfc143b69,GetCCDTemperature_FW
0xfc143bc5,GetBatteryTemperature
0xfc143bc5,GetBatteryTemperature_FW
0xfc143c1f,GetOpticalTemperature
0xfc143c1f,GetOpticalTemperature_FW
0xfc143ca7,IsOpticalTemperature_FW
0xfc143ccb,IsCCDTemperature_FW
0xfc143cef,IsBatteryTemperature_FW
0xfc143d25,j_GetOpticalTemperature_FW
0xfc143d27,j_GetCCDTemperature_FW
0xfc143d29,j_GetBatteryTemperature_FW
0xfc143d2b,j_IsOpticalTemperature_FW
0xfc143d2d,j_IsCCDTemperature_FW
0xfc143d2f,j_IsBatteryTemperature_FW
0xfc145519,task_EdetSBJTask
0xfc14939f,InitializeTestRec_FW
0xfc1493e3,TerminateTestRec_FW
0xfc149b75,Initializedccd_FW
0xfc149b75,InitializeDigicon_FW
0xfc149bfb,Terminatedccd_FW
0xfc149bfb,TerminateDigicon_FW
0xfc149c47,ExecuteDigicon_FW
0xfc14a18b,Executedccd_FW
0xfc14a1e7,GetdccdImage_FW
0xfc14a24b,GetdccdFilterValue_FW
0xfc14a2df,j_InitializeTestRec_FW
0xfc14a2e3,j_TerminateTestRec_FW
0xfc14a2e7,ExecuteTestRec_FW
0xfc14a2f5,ExecuteSubCameraTestRec_FW
0xfc14a2f9,ExecuteTestRecCF_FW
0xfc14a2f9,ExecuteTestRecSD_FW
0xfc14a309,SetTestRecMasterCxCy_FW
0xfc14a333,ExecuteTestRecWithInteg_FW
0xfc14a343,ExecuteTestRecSw1_FW
0xfc14a659,GetTestRecCrawAddress_FW
0xfc14a65f,CalculateTestRecYUVData_FW
0xfc14a671,SetTestRecSkimmingYUV_FW
0xfc14a697,ExecuteTestRecDevelopProcess_FW
0xfc14a6cf,j_Initializedccd_FW
0xfc14a6cf,j_InitializeDigicon_FW
0xfc14a6d3,j_Terminatedccd_FW
0xfc14a6d3,j_TerminateDigicon_FW
0xfc14a6d7,j_ExecuteDigicon_FW
0xfc14a6db,j_Executedccd_FW
0xfc14a6dd,j_GetdccdImage_FW
0xfc14a6df,j_GetdccdFilterValue_FW
0xfc14a6e1,ResetRegistNoticeCBR_FW
0xfc14a6eb,RegistFirmScanNoticeCBR_FW
0xfc14d40b,GetUsableAvRange
0xfc14e00d,GetCurrentAvValue
0xfc14e00d,GetCurrentAvValue_FW
0xfc14e00d,GetIrisAv_FW
0xfc14e17b,GetCurrentIrisPosition_FW
0xfc14e17b,GetIrisCurrentPosition_FW
0xfc14ed9b,IsLensOutside_FW
0xfc14edb5,GetFocusStartZoomPosition_FW
0xfc14f8af,task_ExMechaAlarm
0xfc14ffb9,task_MovieInit
0xfc1517d7,task_SsStartupTask
0xfc15275f,task_CaptSeq
0xfc15275f,task_CaptSeqTask
0xfc1546cb,task_ResizeTask
0xfc1599dd,SSFS_CompleteCaptModeChange_FW
0xfc1599dd,SSFS_CompleteFileWrite_FW
0xfc1599dd,SSFS_CompletePreCapt_FW
0xfc1599dd,SSFS_CompleteShootPicture_FW
0xfc1599dd,SSFS_CompleteStopDigZoom_FW
0xfc1599dd,SSFS_CompleteStopZoom_FW
0xfc1599dd,SSFS_CompleteSynchroWrite_FW
0xfc1599dd,SSFS_ShootPicture_FW
0xfc159aa9,task_SsTask
0xfc15b365,ExecuteShutDownPropertyService_FW
0xfc15bb65,SetHPTimerAfterNow
0xfc15bdef,task_WdtPrint
0xfc15be61,task_WdtReset
0xfc15bedd,StartWDT_FW
0xfc15bf19,StopWDT_FW
0xfc15bfe9,GetBuildDate_FW
0xfc15bfed,PrintBuildDate_FW
0xfc15bff5,GetBuildTime_FW
0xfc15bff9,PrintBuildTime_FW
0xfc15c001,GetFirmwareVersion_FW
0xfc15c005,PrintFirmwareVersion_FW
0xfc15c04b,GetInternalFirmwareVersion_FW
0xfc15c04f,PrintInternalFirmwareVersion_FW
0xfc15c0af,CheckSumAll_FW
0xfc15c187,GetChipVersion_FW
0xfc15c18d,RomCheckSum_FW
0xfc15c3af,UnlockMainPower
0xfc15c3af,UnlockMainPower_FW
0xfc15c413,LockMainPower
0xfc15c413,LockMainPower_FW
0xfc15c45f,SetAutoShutdownTime
0xfc15c45f,SetAutoShutdownTime_FW
0xfc15d6bd,GUISrv_StartGUISystem_FW
0xfc15f36d,task_FaceFrame
0xfc1615a5,strftime
0xfc1619c9,srand
0xfc1619cf,rand
0xfc161a17,strncmp
0xfc161a41,strchr
0xfc163d7f,task_AprocMainTask
0xfc163e0b,task_AprocBpPwmTask
0xfc163e6b,task_AprocBpGenTask
0xfc169a6f,task_DetSeqT
0xfc16a085,task_DetSeqSadT
0xfc16cba9,AllocateUncacheableMemory
0xfc16cbd5,FreeUncacheableMemory
0xfc16d50b,GetCurrentShutterSpeed
0xfc16d50b,GetCurrentShutterSpeed_FW
0xfc16d7b7,GetCurrentExposureTime_FW
0xfc16de7b,get_current_deltasv
0xfc1735e1,task_BrtMsrTask
0xfc174b9f,ExpCtrlTool.SetExpMode_FW
0xfc174bd1,ExpCtrlTool.SoundDevTest_FW
0xfc174d35,task_OBCtrlTask
0xfc175881,task_DetectMoveTask
0xfc1774a5,task_DevelopModule
0xfc1786e1,task_DevelopRawToYuv
0xfc1789dd,task_DevelopDist
0xfc179279,task_DevelopResize
0xfc179b25,task_DevelopJpeg
0xfc17cd29,MovieAF.Suspend_FW
0xfc17cd33,MovieAF.Resume_FW
0xfc17e7bb,task_AfIntSrvTask
0xfc18a9b5,AFTool.GetEVal_FW
0xfc18aaa1,j_GetMacroSupportZoomPoint_FW
0xfc18aaa5,SetLockPosNonCorrectFlag_FW
0xfc18aab5,GetDarkFixedFocusPosition_FW
0xfc18aacb,AFTool.StoreAFixPosition_FW
0xfc18aae7,AFTool.SetAFLogType_FW
0xfc18aaeb,AFTool.SetDebugAFSequence_FW
0xfc18e9d3,task_GapMan
0xfc1905b3,ActivateImager_FW
0xfc19060f,ActivateImagerXOne_FW
0xfc1906a1,QuietImager_FW
0xfc190709,CancelImager_FW
0xfc19071f,ChangeImagerToRegularDrive_FW
0xfc190723,ChangeImagerToWholeParallel_FW
0xfc190727,ChangeImagerToWholeParallelBP_FW
0xfc19072b,ChangeImagerToWideDraftFinancier_FW
0xfc19072f,ChangeImagerToCombiParallel_FW
0xfc190733,ChangeImagerToWideDraft_FW
0xfc190737,ChangeImagerToFocusJet_FW
0xfc19073b,ChangeImagerToMangoPudding_FW
0xfc19073f,ChangeImagerToSuperWideDraft_FW
0xfc190743,ChangeImagerToHoneyFlash_FW
0xfc190747,ChangeImagerToMillefeAdjust_FW
0xfc19074b,ChangeImagerToDigiconMode_FW
0xfc19074b,ChangeImagerToOITA_XAVIER_FW
0xfc19074f,ChangeImagerToAlternateDraft_FW
0xfc190753,ChangeImagerToUltraGhostQ_FW
0xfc190757,ChangeImagerToMontblancWhole_FW
0xfc19075b,ChangeImagerToMontblancMillefe_FW
0xfc19075f,ChangeImagerToMontblancMovie_FW
0xfc190763,ChangeImagerToHarleyDavidson_FW
0xfc190767,ChangeImagerToMachDashV_FW
0xfc19076b,ChangeImagerToFantaJungle_FW
0xfc19076f,ChangeImagerToHoneyFlashDark_FW
0xfc190773,ChangeImagerToRoadKing_FW
0xfc190777,ChangeImagerToLCWideDraft_FW
0xfc19077b,ChangeImagerToFalconJump_FW
0xfc19077f,ChangeImagerToSpriteSunshine_FW
0xfc190783,ChangeImagerToHealthyVegetable_FW
0xfc190787,ChangeImagerToElectraGlide_FW
0xfc19078b,ChangeImagerToVeryFastWideDraft_FW
0xfc19078f,ChangeImagerToVeryFastMangoPudding_FW
0xfc190793,ChangeImagerToHarleySunshine_FW
0xfc190797,ChangeImagerToRoadQueen_FW
0xfc19079b,ChangeImagerToHarleyDavidsonNepal_FW
0xfc19079f,ChangeImagerToRoadKingNepal_FW
0xfc1907a3,ChangeImagerToSuperWideNepal_FW
0xfc1907a7,ChangeImagerToLasVegasMagic_FW
0xfc1907ab,ChangeImagerToEsperRocketH_FW
0xfc1907af,ChangeImagerToElectraGlideNepal_FW
0xfc1907b3,ChangeImagerToHarleySunshineNepal_FW
0xfc1907cf,j_E2LatOn_FW
0xfc1907d3,ChangeAutoSlowShutterEnable_FW
0xfc191cb3,task_SsgMainTask
0xfc191f05,task_SsgPeriodTask
0xfc194aa9,task__tgTask
0xfc19818d,task_LiveImageTask
0xfc199a4b,task_SyncPeriod
0xfc199abb,task_SynchTask
0xfc1a3d77,task_WBLPFace
0xfc1a97e9,ExecuteResetFactoryWithRomWrite_FW
0xfc1a97fb,ExecuteResetFactory_FW
0xfc1a980d,j_ExecuteShutDownPropertyService_FW
0xfc1afafd,UIFS_Capture_FW
0xfc1afb8f,UIFS_CaptureNoneStop_FW
0xfc1b0d77,GetZ_AxisAcceleration_FW
0xfc1b0d83,GetY_AxisAcceleration_FW
0xfc1b0d97,GetX_AxisAcceleration_FW
0xfc1b0ddb,GetScalar_Acceleration_FW
0xfc1b0f79,GetSlantAngle_FW
0xfc1b0ff1,GetAcceleHvPosition_FW
0xfc1b17e9,GetDriverInfoEvent_FW
0xfc1b1813,SoundDevParam_SetATTMode_FW
0xfc1b19dd,AprocSigProc_SetSigProcByMode_FW
0xfc1b1a4b,AprocSigProc_InitialSet_FW
0xfc1b1a77,AprocSigProc_TestGen_FW
0xfc1b1a7f,AprocSigProc_DRange_FW
0xfc1b1a85,AprocSigProc_DCCut_FW
0xfc1b1a8b,AprocSigProc_GainAdj_FW
0xfc1b1a93,AprocSigProc_NoiseCut_FW
0xfc1b1a9b,AprocSigProc_Stereo_FW
0xfc1b1aa1,AprocSigProc_WindCut_FW
0xfc1b1aa7,AprocSigProc_EQ_FW
0xfc1b1aaf,AprocSigProc_FIL1_FW
0xfc1b1ab7,AprocSigProc_FIL2_FW
0xfc1b1abf,AprocSigProc_FIL3_FW
0xfc1b1ac7,AprocSigProc_FIL4_FW
0xfc1b1acf,AprocSigProc_ALC_FW
0xfc1b1ad5,AprocSigProc_Limiter_FW
0xfc1b1add,AprocSigProc_LevelMeter_FW
0xfc1b1ae5,AprocSigProc_ALCReset_FW
0xfc1b1aed,AprocSigProc_WindCutReset_FW
0xfc1b1af5,AprocSigProc_NCReset_FW
0xfc1b1b05,AprocSigProc_TestGen1kHz_FW
0xfc1b1f65,AprocSigProc_LoadProfileAdj_FW
0xfc1b1f65,SoundDevSetZoomNCProfile_FW
0xfc1b2b77,AprocSigProc_NoiseCutEffect_FW
0xfc1b2b77,SoundDevZoomNCEffective_FW
0xfc1b57a5,Edet.Delete_FW
0xfc1b57b5,Edet.Create_FW
0xfc1b5d85,task_EncRemoteEVFJpgTask
0xfc1b5ec1,EngApp.Delete_FW
0xfc1b5eff,EngApp.Create_FW
0xfc1b6c8d,task_OhyearKiLiveAlgor
0xfc1b851b,task_SceneDetectTask
0xfc1b89a9,Scene.ForbidContiSceneDetect_FW
0xfc1b89c9,Scene.TestSunset_FW
0xfc1b89eb,Scene.TestBabySmile_FW
0xfc1b8a0f,Scene.TestBabySleep_FW
0xfc1b8a33,Scene.TestHumanSmile_FW
0xfc1b8a57,Scene.TestHumanSleep_FW
0xfc1b8a7b,Scene.TestKidMove_FW
0xfc1b9669,task_AutoShutterMan
0xfc1b9c95,j_GetFaceAuthBinAddr_FW
0xfc1b9c99,j_GetFaceAuthBinSize_FW
0xfc1b9c9d,j_IsOKFaceAuthBinFile_FW
0xfc1baf09,task_AutoTrimming
0xfc1bb8db,task_MotionVector
0xfc1bdf47,task_DefMarkRomCopyTask
0xfc1c0653,PrintAllAEIntegData_FW
0xfc1c0d85,AbortAEIntegralValue_FW
0xfc1c0da9,j_AbortAEIntegralValue_FW
0xfc1c0dbd,SetAEIntegStrobeProperty_FW
0xfc1c0e1f,SetAEIntegCorrectProperty_FW
0xfc1c0e59,SetAEIntegralValueProperty_FW
0xfc1c0e8b,SetAEIntegralGetaTime_FW
0xfc1c105b,GetAEIntegWinData_FW
0xfc1c1063,j_GetAEIntegWinData_FW
0xfc1c1065,GetAEIntegWinDataWithMode_FW
0xfc1c10fd,GetAEIntegralValueWithFix_FW
0xfc1c11a5,GetAllAEIntegralAllValueWithFix_FW
0xfc1c1225,GetOnlyAEIntegData_FW
0xfc1c13a5,SetWhiteCoefficient_FW
0xfc1c13eb,SetAEIntegWindowsMode_FW
0xfc1c1423,SetAEIntegValueBit_FW
0xfc1c1433,GetAEIntegValueBit_FW
0xfc1c1439,GetAEIntegralServiceMode_FW
0xfc1c143f,StopAEIntegralService_FW
0xfc1c14df,j_StopAEIntegralService_FW
0xfc1c15d5,StartAEIntegralService_FW
0xfc1c15db,SetLineDefMarkThroughMode_FW
0xfc1c15fb,SetAEIntegAverageOBData_FW
0xfc1c1613,SetAdjAEIntegSmearLimitter_FW
0xfc1c1627,SetDefaultAEIntegSmearLimitter_FW
0xfc1c1631,AttachIntegCrawData_FW
0xfc1c174b,GetCrawDataAddr_FW
0xfc1c1ac9,MoveIrisToAv_FW
0xfc1c1af7,j_GetCurrentAvValue_FW
0xfc1c1b79,MoveIrisFullOpen_FW
0xfc1c1b9b,MoveIrisFullClose_FW
0xfc1c1bbd,ResetIrisPosition_FW
0xfc1c1bdf,MoveIrisWithTerminatePosition_FW
0xfc1c1c01,MoveIrisMechaPositionWithBacklash_FW
0xfc1c1c27,MoveIrisMechaPositionWithoutBacklash_FW
0xfc1c1c4d,MoveIrisToAvWithoutBacklash_FW
0xfc1c1c77,GetUsableMinAv
0xfc1c1c77,GetUsableMinAv_FW
0xfc1c1c87,j_GetUsableMinAv_FW
0xfc1c1c89,GetUsableMaxAv
0xfc1c1c89,GetUsableMaxAv_FW
0xfc1c1c99,j_GetUsableMaxAv_FW
0xfc1c1c9f,j_GetCurrentIrisPosition_FW
0xfc1c1ce3,ReloadIrisAdjustment_FW
0xfc1c1cf1,ReloadGetaAdjustment_FW
0xfc1c1cfb,GetCurrentAvCoefficient_FW
0xfc1c1d0b,j_GetCurrentAvCoefficient_FW
0xfc1c1d11,GetIrisPRResetPosition_FW
0xfc1c3745,SetDefaultRecParameter_FW
0xfc1c52fd,task_dccdCalcTask
0xfc1c7611,File.ClearExifInfo_FW
0xfc1c76e3,File.Delete_AllImg_FW
0xfc1c7727,File.Create_FW
0xfc1c7a01,file_counter_var_init
0xfc1c88df,task_ImageStoreTask
0xfc1c92ed,task_MediaStatusMngr
0xfc1cad51,task_IrisEvent
0xfc1cb697,EnableIrisActuator_FW
0xfc1cb6b1,DisableIrisActuator_FW
0xfc1cb6cb,ResetIrisActuator_FW
0xfc1cb90f,GetIrisSpecOpenPosition_FW
0xfc1cb91b,GetIrisSpecClosePosition_FW
0xfc1cbd07,task_IrisCycleEvent
0xfc1cc5e9,GetIrisDriveVoltage_FW
0xfc1cc5f1,GetIrisDriveVoltageLow_FW
0xfc1cc603,GetIrisSettingWaitVoltage_FW
0xfc1cc613,GetIrisHoldVoltage_FW
0xfc1cc643,GetLensErrorStatus_FW
0xfc1ccae3,GetZoomPiSensorLevel_FW
0xfc1ccb05,GetFocusPiSensorLevel_FW
0xfc1ccf39,task_MechaAlarm
0xfc1cd1c5,task_MechaCPUTransfer
0xfc1ceb7d,GetMechaShutterMoveTime_FW
0xfc1ceb9b,GetMechaShutterStatus_FW
0xfc1cedcb,GetZoomActuatorCurrentPosition_FW
0xfc1cee57,task_ZoomEvent
0xfc1cfbbf,MoveZoomActuator_FW
0xfc1cfbf1,j_GetZoomActuatorCurrentPosition_FW
0xfc1cfbf5,j_GetZoomActuatorCurrentICPosition_FW
0xfc1cfbf9,EnableZoomActuatorSpeedControl_FW
0xfc1cfc03,DisableZoomActuatorSpeedControl_FW
0xfc1d0435,GetZoomLensCurrentPosition
0xfc1d1157,GetZoomPiDefaultPosition_FW
0xfc1d1161,GetZoomResetSensorLevel_FW
0xfc1d12c1,GetZoomLensEncPhase_FW
0xfc1d12c5,GetZoomLensEncDuty_FW
0xfc1d12c9,GetZoomEncPhasePeriodTime_FW
0xfc1d12cd,GetZoomEncPhaseDifMinTime_FW
0xfc1d12d1,GetZoomEncPhaseHighTime_FW
0xfc1d26d9,GetGyroDataRoll_FW
0xfc1d26ef,j_GetGyroDataRoll_FW
0xfc1d2703,SetGyro10BitDACRoll_FW
0xfc1d2753,GetGyro10BitDACRoll_FW
0xfc1d275f,SetGyroHPFINOffsetRoll_FW
0xfc1d2773,GetGyroHPFINOffsetRoll_FW
0xfc1d2781,GetGyroHPFINRoll_FW
0xfc1d2fbf,task_EISMainTask
0xfc1d33f5,task_MechaNCTask
0xfc1d6cad,task_MovieRecord
0xfc1d83bd,task_MovieEditor
0xfc1d8703,task_Cave2MainTask
0xfc1d9021,task_TskCocoa2
0xfc1d9027,task_TskCocoa1
0xfc1d902d,task_TskCocoa0
0xfc1d92b9,MechaUnRegisterEventProcedure_FW
0xfc1d92ff,Mecha.Create_FW
0xfc1d9355,MechaReset_FW
0xfc1d935d,MechaTerminate_FW
0xfc1d9365,ShowMechaMacro_FW
0xfc1d9451,DispDev_EnableEventProc
0xfc1d9451,DispDev_EnableEventProc_FW
0xfc1d9489,SetSDPwrPort_FW
0xfc1d949d,j_GetAdVBattBottom_FW
0xfc1d94a1,j_GetAdChValue_FW
0xfc1d94a5,j_BeepDrive_FW
0xfc1d94a9,j_BeepDriveComp_FW
0xfc1d94ad,j_BeepDriveStop_FW
0xfc1d94b1,j_SetStereoSeparation_FW
0xfc1d94b5,j_InitializeAudio_FW
0xfc1d94b9,j_VbattGet_FW
0xfc1d94bd,LEDDrive
0xfc1d94bd,LEDDrive_FW
0xfc1d94f1,ShowPhySwStatus_FW
0xfc1d94fb,SetRawSWCheckMode_FW
0xfc1d9505,OnPrintPhySw_FW
0xfc1d950f,OffPrintPhySw_FW
0xfc1d9519,j_GetSwitchStatus_FW
0xfc1d951d,ShowSDStatus_FW
0xfc1d9527,j_GetSDDetect_FW
0xfc1d952b,j_GetSDProtect_FW
0xfc1d952f,SetIgnoreAVJACK_FW
0xfc1d9539,j_GetDialEventId_FW
0xfc1d953d,j_GetLcdPosition_FW
0xfc1d9541,j_GetBatteryCoverClose_FW
0xfc1d9545,j_IsHvSensorExist_FW
0xfc1d9549,j_GetDriverInfoEvent_FW
0xfc1d954d,GetTimeFromRTC_FW
0xfc1d9559,EraseSignature_FW
0xfc1d956b,j_GetPopupOpen_FW
0xfc1d956f,Driver.Create_FW
0xfc1d956f,Driver_EnableEventProc_FW
0xfc1d98f9,SetPropertyCase_FW
0xfc1d9907,GetPropertyCase_FW
0xfc1d9949,mod_FW
0xfc1d9959,GetDateAndTime_FW
0xfc1d99c3,j_Printf_FW
0xfc1d99c7,MonSelEvent_FW
0xfc1d99cb,j_MemoryChecker_FW
0xfc1d99cf,j_VerifyByte_FW
0xfc1d99d3,j_SDump_FW
0xfc1d99d7,Dump_FW
0xfc1d99e1,Dump32_FW
0xfc1d99ed,Poke32_FW
0xfc1d99f7,Poke16_FW
0xfc1d9a01,Poke8_FW
0xfc1d9a0b,j_Peek32_FW
0xfc1d9a0f,j_Peek16_FW
0xfc1d9a13,j_Peek8_FW
0xfc1d9a17,Wait_FW
0xfc1d9a21,j_exec_FW
0xfc1d9a25,ShowAllTaskInfo_FW
0xfc1d9a2f,System.Delete_FW
0xfc1da00d,System.Create_FW
0xfc1da3d1,SS.MoveOpticalZoomToTele_FW
0xfc1da3dd,SS.MoveOpticalZoomToWide_FW
0xfc1da3e9,PT_MoveOpticalZoomAt
0xfc1da3e9,SS.MoveOpticalZoomAt_FW
0xfc1da3f9,SS.MoveDigitalZoomToTele_FW
0xfc1da403,SS.MoveDigitalZoomToWide_FW
0xfc1da40d,SS.MoveDigitalZoomAt_FW
0xfc1da41b,SS.GetDigitalZoomTele_FW
0xfc1da429,j_SS.GetDigitalZoomPosition_FW
0xfc1da42d,SS.ChangeZoomSpeed_FW
0xfc1da439,SS.DoAFLock_FW
0xfc1da443,SS.UnlockAF_FW
0xfc1da44d,SS.DoAELock_FW
0xfc1da457,SS.UnlockAE_FW
0xfc1da461,SS.MFOn_FW
0xfc1da46b,SS.MFOff_FW
0xfc1da475,SS.Create_FW
0xfc1da4b1,InitializeAdjustmentSystem_FW
0xfc1da4d1,TerminateAdjustmentSystem_FW
0xfc1da4f1,InitializeAdjustmentFunction_FW
0xfc1da507,FA.Delete_FW
0xfc1da513,FA.Create_FW
0xfc1da52d,DispDev.Create_FW
0xfc1da549,SaveBmpVRAMData_FW
0xfc1da6e1,SavePaletteData_FW
0xfc1da941,Capture.Create_FW
0xfc1da979,EngineDriver.Create_FW
0xfc1da9b5,EngApp.CreatePub_FW
0xfc1dc819,task_ShutterSoundTask
0xfc1dd5f5,task_WbSeqTask
0xfc1dda2b,task_DvlpSeqTask
0xfc1df399,task_JpegEncTask
0xfc1e0ebb,EFUSE_ReadData_FW
0xfc1ecf3f,UIFS_WriteFirmInfoToFile
0xfc1ecf3f,UIFS_WriteFirmInfoToFile_FW
0xfc1ef549,FmtMenu_ExecuteQuickFormat_FW
0xfc23f371,task_UsmMainTask
0xfc23f4f5,GetUsmCurrentPosition_FW
0xfc23f4f5,GetZoomActuatorCurrentICPosition_FW
0xfc23f623,GetUsmTargetFreq_FW
0xfc23f923,GetUsmEncMultiplyTime_FW
0xfc23f92b,GetUsmEncPeriodTime_FW
0xfc23f933,GetUsmEncPhase_FW
0xfc23f955,GetUsmEncHighTime_FW
0xfc23f95d,GetUsmEncDuty_FW
0xfc23fb4f,ActivateUsmCPU_FW
0xfc23fb53,InactivateUsmCPU_FW
0xfc23fb6d,MoveUsm_FW
0xfc23fbb5,MoveUsmWithFreq_FW
0xfc23fbfd,StopUsm_FW
0xfc23fc07,StopUsmEmergency_FW
0xfc23fc11,ChangeUsmSpeed_FW
0xfc23fc1f,j_GetUsmCurrentPosition_FW
0xfc23fc21,SetUsmCurrentPosition_FW
0xfc23fc2f,GetUsmTargetSpeed_FW
0xfc23fc35,SetUsmTargetSpeed_FW
0xfc23fc43,j_GetUsmTargetFreq_FW
0xfc23fc45,SetUsmTargetFreq_FW
0xfc23fc53,SetUsmFreqRange_FW
0xfc23fc67,SetUsmSweepFreq_FW
0xfc23fc8b,SetUsmStopSpeed_FW
0xfc23fc9f,SetUsmSweepEndMarginSpeed_FW
0xfc23fcad,SetUsmPulseWidth_FW
0xfc23fcc1,EnableUsmEncErrorDetect_FW
0xfc23fcc5,DisableUsmEncErrorDetect_FW
0xfc23fcc9,SetUsmSpeedLogSampling_FW
0xfc23fcdb,EnableUsmSpeedLog_FW
0xfc23fce7,DisableUsmSpeedLog_FW
0xfc23fcf1,EnableUsmEncLed_FW
0xfc23fcfd,DisableUsmEncLed_FW
0xfc23fd09,SetUsmEncLedDuty_FW
0xfc23fd19,EnableUsmEncPhaseDetect_FW
0xfc23fd25,DisableUsmEncPhaseDetect_FW
0xfc23fd31,EnableUsmEncPulsePeakMeasure_FW
0xfc23fd3d,DisableUsmEncPulsePeakMeasure_FW
0xfc23fd49,j_GetUsmEncPhase_FW
0xfc23fd4b,j_GetUsmEncDuty_FW
0xfc23fd4d,GetUsmEncPiPeakVoltage_FW
0xfc23fd95,j_GetUsmEncPeriodTime_FW
0xfc23fd97,j_GetUsmEncMultiplyTime_FW
0xfc23fd99,j_GetUsmEncHighTime_FW
0xfc23fd9b,EnableUsmEncLevelDetect_FW
0xfc23fda5,DisableUsmEncLevelDetect_FW
0xfc255985,task_AFTask
0xfc256a4b,GetMacroSupportZoomPoint_FW
0xfc25910d,task_MoviePlay
0xfc275a99,MoveOpticalZoomAt
0xfc275c6f,PT_MoveDigitalZoomToWide
0xfc275cff,SS.GetDigitalZoomPosition_FW
0xfc2763b9,DoAFLock
0xfc2763e9,UnlockAF
0xfc276775,DoAELock
0xfc276793,UnlockAE
0xfc277783,PT_MFOn
0xfc2777b7,PT_MFOff
0xfc27fba5,task_MetaCtg
0xfc285cf7,SoundDevClearPath_FW
0xfc285dd7,SoundDevInitMusic_FW
0xfc2860e7,SoundDevRecChIn0_FW
0xfc28627b,SoundDevRecMusicOnDramTest_FW
0xfc286353,SoundDevDumpChIn0_FW
0xfc286595,SoundDevPlayOpSound_FW
0xfc286625,ApMoniSel_FW
0xfc286669,SoundDevSetSyncRate_FW
0xfc28668f,SoundDevSetSpVol_FW
0xfc286699,SoundDevSetMovieRecPath_FW
0xfc2866a5,j_SoundDevSetZoomNCProfile_FW
0xfc2866a9,j_SoundDevZoomNCEffective_FW
0xfc2866ad,SoundDevSetZoomNCCheckPath_FW
0xfc2866b9,SoundDevSetZoomNCAdjDigiProcThroughPath_FW
0xfc2866bf,SoundDevSetBeepPWMMuteParam_FW
0xfc2866d9,SoundDevBeepGenGain_FW
0xfc2868e9,SoundDevStopObserverNotify_FW
0xfc28690f,SoundDevStopObserver_FW
0xfc286937,debugStopOvserver_FW
0xfc286b6b,SoundDevStartObserver_FW
0xfc286bb9,SoundDevStartObserverForAjst_FW
0xfc286c1b,SoundDevStartObserverForInsp_FW
0xfc286d75,InitializeAudio_FW
0xfc286da5,debugStartOvserver_FW
0xfc286de9,debugPrintOvserver_FW
0xfc286e1b,debugOvserverNotify_FW
0xfc286e2d,SoundDevSetAudioICParam_FW
0xfc286e51,SoundDevStartObserverNotifyDbg_FW
0xfc286e5d,SoundDevSetParamIn_FW
0xfc287031,SoundDevSetAllParamIn_FW
0xfc287159,SoundDevExtMicStatusChanged_FW
0xfc28717d,j_SoundDevClearPath_FW
0xfc287181,SoundDevSetRecPath_FW
0xfc287191,SoundDevLineOut_FW
0xfc287197,SoundDevStopPlayMusic_FW
0xfc2871c1,SoundDevStopRecMusic_FW
0xfc287319,SoundDevPlayMusic_FW
0xfc287373,SoundDevRecMusic_FW
0xfc287c2d,task_SoundTsk
0xfc288757,TurnOnVideoOutMode_FW
0xfc288787,TurnOffVideoOutMode_FW
0xfc28885f,BeepDrive_FW
0xfc288873,BeepDriveComp_FW
0xfc288887,BeepDriveStop_FW
0xfc28b115,task_WBIntegTask
0xfc291cf7,task_ExpDrv
0xfc291cf7,task_ExpDrvTask
0xfc2a76bf,LcdCon_SetLcdDriver_FW
0xfc2a76ed,LcdCon_SetLcdAdjParameter_FW
0xfc2a7751,LcdCon_GetLcdAdjParameter_FW
0xfc2a7783,LcdCon_ShowLcdAdjParameter_FW
0xfc2a77a9,LcdCon_SaveLcdAdjParameter_FW
0xfc2a77bd,LcdCon_SetLcdParameter_FW
0xfc2a7821,LcdCon_GetLcdParameter_FW
0xfc2a7853,LcdCon_ShowLcdParameter_FW
0xfc2a7879,LcdCon_SaveLcdParameter_FW
0xfc2a83b3,handle_PTP_OC_ResetDevicePropValue
0xfc2a8509,handle_PTP_OC_SetDevicePropValue
0xfc2a85f7,handle_PTP_OC_GetDevicePropValue
0xfc2a86c1,handle_PTP_OC_GetDevicePropDesc
0xfc2a979b,EnableDebugLogMode_FW
0xfc2a97a5,DisableDebugLogMode_FW
0xfc2c06a5,task_IS_ActiveShadCompTask
0xfc2c0d31,task_ISMainTask
0xfc2c0f4f,ISInitMotion_FW
0xfc2c14e7,GetISPWMFrequency_FW
0xfc2c14eb,GetISPWMPeriod_FW
0xfc2c1543,StartISLocalAutoCenter_FW
0xfc2c1569,StartISLocalHallAdjust_FW
0xfc2c1773,GetGyroDataPitch_FW
0xfc2c178b,GetGyroDataYaw_FW
0xfc2c17a3,GetGyro10BitDACPitch_FW
0xfc2c17ab,GetGyro10BitDACYaw_FW
0xfc2c17bf,GetGyroHPFINOffsetPitch_FW
0xfc2c17c7,GetGyroHPFINOffsetYaw_FW
0xfc2c17cf,GetGyroHPFINPitch_FW
0xfc2c17d5,GetGyroHPFINYaw_FW
0xfc2c1a99,GetDISModeParameter_FW
0xfc2c1b59,GetFixedPWMOutA_FW
0xfc2c1b5f,GetFixedPWMOutB_FW
0xfc2c3227,StartCzTuning_FW
0xfc2c322b,MoveCzPeakPositon_FW
0xfc2c322f,CzDebugPrint_FW
0xfc2c322f,SetCzDebugFocusMode_FW
0xfc2c322f,SetCzDebugSubjectDistance_FW
0xfc2c323b,CzDebugPrintToFile_FW
0xfc2c5c0f,UIFS_WirelessExecuteSendForever_FW
0xfc2c61b7,task_Cave2PbTask
0xfc2ce96f,j_GiveSemaphore
0xfc2ced84,j_set_assert_handler
0xfc2cee68,j_DebugAssert2
0xfc2cee88,j_CreateMessageQueue
0xfc2cef28,j_CreateCountingSemaphoreStrictly
0xfc2cefc0,j_AcquireRecursiveLock
0xfc2cefe0,j_CreateRecursiveLock
0xfc2cf040,j_CreateTask
0xfc2cf048,j_CreateRecursiveLockStrictly
0xfc2cf080,j_AcquireRecursiveLockStrictly
0xfc2cf088,j_ReleaseRecursiveLock
0xfc2cf120,j_CheckAllEventFlag
0xfc2cf1a0,j_get_self_task_id
0xfc2cf1a8,j_TryTakeSemaphore
0xfc2cf1b0,j_get_task_properties
0xfc2cf1c8,j_GetSemaphoreValue
0xfc2cf1d8,j_CheckAnyEventFlag
0xfc2cf1e0,j_WaitForAllEventFlag
0xfc2cf228,j_WaitForAnyEventFlagStrictly
0xfc2cf248,j_PostMessageQueueStrictly
0xfc2cf250,j_TryReceiveMessageQueue
0xfc2cf268,j_WaitForAllEventFlagStrictly
0xfc2cf270,j_LocalTime
0xfc2cf280,j__log10
0xfc2cf298,j_time
0xfc2cf2a0,j_SleepTask
0xfc2cf2b8,j_PostMessageQueue
0xfc2cf2d8,j_RegisterInterruptHandler
0xfc2cf2e0,j_dry_error_printf
0xfc2cf300,j_DeleteMessageQueue
0xfc2cf308,j_CreateEventFlag
0xfc2cf310,j_GetEventFlagValue
0xfc2cf318,j_GetNumberOfPostedMessages
0xfc2cf320,j_TakeSemaphoreStrictly
0xfc2cf340,j__pow
0xfc2cf350,j_SetEventFlag
0xfc2cf358,j_TryPostMessageQueue
0xfc2cf360,j_CreateMessageQueueStrictly
0xfc2cf368,j_CreateTaskStrictly
0xfc2cf370,j_ReceiveMessageQueue
0xfc2cf388,j_CreateBinarySemaphore
0xfc2cf390,j_CreateBinarySemaphoreStrictly
0xfc2cf3b0,j_TakeSemaphore
0xfc2cf3b8,j_DeleteSemaphore
0xfc2cf3c8,j_GetSRAndDisableInterrupt
0xfc2cf3d0,j_SetSR
0xfc2cf3d8,j_DeleteEventFlag
0xfc2cf3e8,j_createsemaphore_low
0xfc2cf3f0,j_CreateEventFlagStrictly
0xfc2cf3f8,j_WaitForAnyEventFlag
0xfc2cf400,j_ClearEventFlag
0xfc2cf420,j_takesemaphore_low
0xfc2cf430,j_DebugAssert
0xfc2cf458,j_dry_memcpy
0xfc2cf460,j_bzero
0xfc2d79e3,get_playrec_mode
0xfc2dd22b,get_current_exp
0xfc2e0a73,task_CorctTask
0xfc2e10cd,task_VcmMainTask
0xfc2e131f,GetVcmCurrentPosition_FW
0xfc2e1339,GetVcmTargetPosition_FW
0xfc2e1341,GetVcmAlarm_FW
0xfc2e1505,GetVcmPiPosition_FW
0xfc2e150d,GetVcmPiStatus_FW
0xfc2e1557,GetVcmScaleResetThreshold_FW
0xfc2e159b,GetVcmVdPosition_FW
0xfc2e15b3,GetVcmSrAPos_FW
0xfc2e15b7,GetVcmSrBPos_FW
0xfc2e15bb,GetVcmSrCompPos_FW
0xfc2e15bf,GetVcmSrSOffset_FW
0xfc2e15c7,GetVcmSrCOffset_FW
0xfc2e15cf,GetVcmSrSGain_FW
0xfc2e15d7,GetVcmSrCGain_FW
0xfc2e15df,GetVcmSrHGain_FW
0xfc2e15e7,GetVcmSrRefV_FW
0xfc2e160d,GetVcmSrSPosPeak_FW
0xfc2e1615,GetVcmSrSNegPeak_FW
0xfc2e161d,GetVcmSrCPosPeak_FW
0xfc2e1625,GetVcmSrCNegPeak_FW
0xfc2e162d,GetVcmSrSAdValue_FW
0xfc2e1635,GetVcmSrCAdValue_FW
0xfc2e163d,GetVcmSrPositionOffset_FW
0xfc2e1649,GetVcmPwmFrequency_FW
0xfc2e166b,GetVcmOpenDriveDuty_FW
0xfc2e1677,GetVcmPGain_FW
0xfc2e167b,GetVcmIGain_FW
0xfc2e167f,GetVcmDGain_FW
0xfc2e1685,GetVcmEViClamp_FW
0xfc2e16c5,GetVcmPiAdValue_FW
0xfc2e1739,GetVcmTravelTime_FW
0xfc2e1773,GetVcmSettingWaitTime_FW
0xfc2e179b,GetVcmLogData_FW
0xfc2e179f,GetVcmLogSampleTime_FW
0xfc2e17a3,GetVcmLogTrigger_FW
0xfc2e17ad,GetVcmDacOutData_FW
0xfc2eda9d,GetCurrentZoomLensPosition_FW
0xfc2eda9d,GetCurrentZoomPosition_FW
0xfc2eda9d,GetZoomLensCurrentPosition_FW
0xfc2eda9d,j_GetZoomLensCurrentPosition
0xfc2edc93,GetCurrentZoomLensPoint_FW
0xfc2edc93,GetCurrentZoomPoint_FW
0xfc2edc93,GetZoomLensCurrentPoint
0xfc2edc93,GetZoomLensCurrentPoint_FW
0xfc2ee181,GetZoomLensTelePoint_FW
0xfc2ee181,GetZoomTelePoint_FW
0xfc2ee449,IsZoomLensOutSidePosition_FW
0xfc2ee5b3,GetZoomLensMechaEdgePosition_FW
0xfc2ee5b7,GetZoomDrivingTime_FW
0xfc2f55d9,StartPlayModeMenu_FW
0xfc2f55eb,StartRecModeMenu_FW
0xfc2f5699,ShutdownRecModeMenu_FW
0xfc2f5841,ShutdownPlayModeMenu_FW
0xfc2f58f1,ShutdownPlayModeMenuWithoutPbRedraw_FW
0xfc2fa731,GetFocusLensPullInMaxSpeed_FW
0xfc2fa907,GetCurrentTargetDistance_FW
0xfc2fa907,GetFocusLensSubjectDistance
0xfc2fa957,GetCurrentFocusLensPosition_FW
0xfc2fa957,GetCurrentFocusPosition_FW
0xfc2facc3,IsFocusLensOutSidePosition_FW
0xfc2face1,GetFocusResetPosition_FW
0xfc2fad41,GetFocusDefaultResetPosition_FW
0xfc2fb395,GetCurrentDriveBaseSvValue
0xfc2fd1c9,SetCurrentCaptureModeType
0xfc2fd1c9,SetCurrentCaptureModeType_FW
0xfc2fe15f,GetCurrentCaptureModeType_FW
0xfc2ff7df,UIFS_GetNumOfOptZoomPos_FW
0xfc2ff867,UIFS_MoveZoomTo_FW
0xfc2fff5d,mzrm_createmsg
0xfc300051,mzrm_sendmsg
0xfc301be7,DeleteFile_Fut
0xfc301c31,DeleteDirectory_Fut
0xfc301c6b,Fopen_Fut
0xfc301c6b,Fopen_Fut_FW
0xfc301c93,Fclose_Fut
0xfc301c93,Fclose_Fut_FW
0xfc301d05,Fread_Fut
0xfc301d05,Fread_Fut_FW
0xfc301d3b,Fwrite_Fut
0xfc301d3b,Fwrite_Fut_FW
0xfc301d71,Fgets_Fut
0xfc301da3,Fseek_Fut
0xfc301da3,Fseek_Fut_FW
0xfc301e2d,fut_prepare
0xfc301e45,fut_finish
0xfc30206d,RegisterEventProcedure
0xfc3020bf,RegisterEventProcedure_alt1
0xfc3020c3,UnRegisterEventProcedure
0xfc302119,ExecuteEventProcedure
0xfc30215d,ExecuteEventProcedure_FW
0xfc3021c3,RegisterEventProcedure_alt2
0xfc3021c7,RegisterEventProcTable
0xfc3021dd,UnRegisterEventProcTable
0xfc302673,ExportToEventProcedure_FW
0xfc302679,CreateProxyOfEventProcedure_FW
0xfc3026b1,DeleteProxyOfEventProcedure_FW
0xfc3026e9,RegisterEventProcTable_alt
0xfc3026ed,j_UnRegisterEventProcTable
0xfc3026ed,UnRegisterEventProcTable_alt
0xfc30472f,get_displaytype
0xfc305173,TurnOnBackLight
0xfc3051bd,TurnOffBackLight
0xfc305551,DispCon_ShowColorBar_FW
0xfc3055af,DispCon_ShowFiveStep_FW
0xfc30566b,DispCon_ShowWhiteChart_FW
0xfc3056a5,DispCon_ShowBlackChart_FW
0xfc3056b5,DispCon_ShowBitmapColorBar_FW
0xfc3056ef,DispCon_ShowCustomColorBar_FW
0xfc305759,DispCon_SetDisplayType_FW
0xfc30576d,DispCon_ShowColorChart_FW
0xfc30577f,DispCon_ShowWhiteLine_FW
0xfc3058e5,DispCon_ShowNStepsChart_FW
0xfc305995,DispCon_TurnOnDisplay_FW
0xfc30599f,DispCon_TurnOffDisplay_FW
0xfc3059a9,DispCon_TurnOnBackLight_FW
0xfc3059b3,DispCon_TurnOffBackLight_FW
0xfc3059bd,DispCon_SetMaxBackLightBrightness_FW
0xfc305a1b,DispCon_SaveNTSCAdjParameter_FW
0xfc305a25,DispCon_GetNTSCAdjParameter_FW
0xfc305a4d,DispCon_ShowNTSCAdjParameter_FW
0xfc305a59,DispCon_SetNTSCAdjParameter_FW
0xfc305a8b,DispCon_SavePALAdjParameter_FW
0xfc305a95,DispCon_GetPALAdjParameter_FW
0xfc305abf,DispCon_ShowPALAdjParameter_FW
0xfc305acb,DispCon_SetPALAdjParameter_FW
0xfc305b3f,DispCon_SetLcdGainAdjParameter_FW
0xfc305b7d,DispCon_GetLcdGainAdjParameter_FW
0xfc305ba7,DispCon_ShowLcdGainAdjParameter_FW
0xfc305bb1,DispCon_SaveLcdGainAdjParameter_FW
0xfc305bc5,DispCon_SetCvfGainAdjParameter_FW
0xfc305cb3,DispCon_GetCvfGainAdjParameter_FW
0xfc305cdf,DispCon_ShowCvfGainAdjParameter_FW
0xfc305d05,DispCon_SaveCvfGainAdjParameter_FW
0xfc305d17,DispCon_SetSSCGParameter_FW
0xfc305d7d,DispCon_ShowHdChart_FW
0xfc305dbd,LcdCon_SetLcdType_FW
0xfc3096b9,PrintFirmVersion_FW
0xfc3096dd,PrintFaexeVersioin_FW
0xfc3096e7,CreateFADBGSingalID_FW
0xfc3096ef,FADBGSingal_FW
0xfc30975d,FADBGPrintf_FW
0xfc309817,FAPrintf_FW
0xfc309843,OutputLogToFile_FW
0xfc3098d5,StopLogOut_FW
0xfc309af9,GetLogData_FW
0xfc309afd,GetLogDataOnlyAddMemory_FW
0xfc309b01,ActivateAdjLog_FW
0xfc309b0f,InactivateAdjLog_FW
0xfc309b1d,StartLogOut_FW
0xfc309b27,IsLogOutType_FW
0xfc309b2d,GetCurrentMaximumLogSize_FW
0xfc31a45d,UIFS_StartMovieRecord_FW
0xfc31a473,UIFS_StopMovieRecord_FW
0xfc31ca91,UIFS_IsAvailableShots_FW
0xfc31cfb1,UIFS_GetStillShotableNumber_FW
0xfc31cfb5,UIFS_GetMovieRecoadableNumber_FW
0xfc3210fb,CreateController_FW
0xfc32116d,DeleteController_FW
0xfc321207,MoveControllerToTopOfZOrder_FW
0xfc321263,CtrlMan_ChangeZOrder_FW
0xfc3212b3,GetSelfControllerHandle_FW
0xfc321dd7,SetPropertyCase
0xfc321f09,GetPropertyCase
0xfc322567,PTM_AllResetToFactorySetting_FW
0xfc322573,j_PTM_AllReset_FW
0xfc32292f,PTM_SetCurrentCaptureMode_FW
0xfc322a5d,j_PTM_GetWorkingCaptureMode_FW
0xfc322a65,j_PTM_SetCurrentItem_FW
0xfc322a71,PTM_GetCurrentItem
0xfc322a71,PTM_GetCurrentItem_FW
0xfc322ac3,j_PTM_NextItem_FW
0xfc322ac7,j_PTM_PrevItem_FW
0xfc322adb,j_PTM_IsEnableItem_FW
0xfc322adf,j_PTM_SetProprietyEnable_FW
0xfc322af7,j_PTM_BackupUIProperty_FW
0xfc322aff,PTM_RestoreUIProperty_FW
0xfc322ce3,_GetSystemTime
0xfc322ed5,set_control_event
0xfc322f05,j_set_control_event
0xfc3230c3,IsControlEventActive_FW
0xfc323107,SetLogicalEventActive
0xfc323107,UiEvnt_SetLogicalEventActive_FW
0xfc32313f,SetScriptMode
0xfc32313f,SetScriptMode_FW
0xfc3231d3,UiEvnt_StartDisguiseCradleStatus_FW
0xfc3231db,UiEvnt_StopDisguiseCradleStatus_FW
0xfc32cd91,UIFS_GetNumberOfDisplayedImage_FW
0xfc32f0ff,task_StartupImage
0xfc331fcd,get_fstype
0xfc332033,GetDrive_ClusterSize
0xfc332537,GetDrive_FreeClusters
0xfc332911,Open
0xfc332911,Open_FW
0xfc332995,Close
0xfc332995,Close_FW
0xfc3329cd,Write
0xfc3329cd,Write_FW
0xfc332a0b,j_Open_FW
0xfc332a0d,j_Close_FW
0xfc332aaf,j_Read_FW
0xfc332ab3,j_Write_FW
0xfc332af1,lseek
0xfc332af1,Lseek_FW
0xfc332b03,OpenForScrip_FW
0xfc332b29,stat
0xfc332c7f,MakeDirectory_Fut
0xfc332d01,PrepareDirectory_x
0xfc332dab,PrepareDirectory_1
0xfc332daf,PrepareDirectory_0
0xfc332fb3,GetLogicalEventName_FW
0xfc332ff9,PostLogicalEventForNotPowerType
0xfc332ff9,PostLogicalEventForNotPowerType_FW
0xfc333025,PostLogicalEventToUI
0xfc333025,PostLogicalEventToUI_FW
0xfc3330f1,PostEventShootSeqToUI_FW
0xfc333129,ShowLogicalEventName_FW
0xfc33380d,EpilogShow_FW
0xfc333939,EpilogFile_FW
0xfc333955,task_Epilog
0xfc33397f,EpilogMenu_FW
0xfc333e19,PT_PlaySound
0xfc3361a1,PutsCameraLogEvent_FW
0xfc3361d1,ShowCameraLogInfo_FW
0xfc336217,ShowCameraLog_FW
0xfc336243,StartCameraLog_FW
0xfc3362a5,StopCameraLog_FW
0xfc3362df,LogCameraEvent
0xfc336529,j_malloc
0xfc33652d,j_free
0xfc336531,malloc_strictly
0xfc3366a5,task_CtrlSrv
0xfc3370b1,transfer_src_overlay
0xfc3379fd,ScreenLock
0xfc337a3b,ScreenUnlock
0xfc337a53,transfer_src_overlay_helper
0xfc337df5,EngDrvRead
0xfc337f2d,malloc
0xfc337f63,free
0xfc337f95,strncpy
0xfc337fb9,strcat
0xfc338019,get_self_task_errno_pointer
0xfc33803d,strcpy
0xfc33803d,strcpy_FW
0xfc33804d,j_strcmp_FW
0xfc338061,strcmp
0xfc338061,strcmp_FW
0xfc3380bf,strlen
0xfc3380bf,strlen_FW
0xfc3380d3,sprintf_FW
0xfc3380e5,memcmp
0xfc3380e5,memcmp_FW
0xfc3411f5,task_FmidTask
0xfc344dd3,GraphicSystemCoreFinish
0xfc346a77,ShutterTool.SetTv_FW
0xfc346a7f,ShutterTool.SetTvWithErrMode_FW
0xfc346b1f,ShutterTool.CheckTv_FW
0xfc346b39,ShutterTool.CheckTvWithErrMode_FW
0xfc346bab,ShutterTool.SetExpTime_FW
0xfc346bb1,ShutterTool.SetExpTimeWithErrMode_FW
0xfc346c4f,ShutterTool.CheckExpTime_FW
0xfc346c63,ShutterTool.CheckExpTimeWithErrMode_FW
0xfc346c77,ShutterTool.GetCurTv_FW
0xfc346c8b,ShutterTool.GetCurExpTime_FW
0xfc346c9f,ShutterTool.GetLimOfTv_FW
0xfc346cc1,ShutterTool.GetLimOfTvRegular_FW
0xfc346ce3,ShutterTool.GetLimOfExpTime_FW
0xfc346d01,ShutterTool.GetLimOfExpTimeRegular_FW
0xfc346d1f,ShutterTool.SetTvForFix_FW
0xfc346d37,ShutterTool.SetExpTimeForFix_FW
0xfc346d4d,ShutterTool.GetLimOfTvForFix_FW
0xfc346d5f,ShutterTool.GetLimOfTvForFixWithAv_FW
0xfc347a55,NRTBL.SetDarkSubType_FW
0xfc347a67,NRTBL.SetDefectCorrectType_FW
0xfc347a79,NRTBL.SetTassenType_FW
0xfc34bf39,task_ExpDrvSubTask
0xfc34fc5d,DevelopTool.DevelopTest_FW
0xfc351ca9,EF.StartEFCharge_FW
0xfc351ce1,EF.StopEFCharge_FW
0xfc351ceb,EF.SetEFChargeTimeOut_FW
0xfc351cf9,EF.SetChargeOnTime_FW
0xfc351d15,EF.GetEFY_FW
0xfc351d83,EF.GetEFY2_FW
0xfc351d8b,EF.GetEFModGain_FW
0xfc351d95,j_EF.GetEFModExamDriveType_FW
0xfc351d99,j_EF.IsIrisTypeKosaiShibori_FW
0xfc351da1,EF.StartInternalPreFlash_FW
0xfc351dcf,EF.StartInternalMainFlash_FW
0xfc351e25,EF.FlashWithoutSync_FW
0xfc351e3d,EF.FlashForColorTempEvaluation_FW
0xfc351e41,EF.SetMainFlashTime_FW
0xfc351e4d,j_EF.IsChargeFull_FW
0xfc351e51,EF.AdjPreFlash_FW
0xfc351e87,EF.SetChargeMode_FW
0xfc36cc63,LiveImageTool.StartEVF_FW
0xfc36cc69,LiveImageTool.StartEVFFocusJet_FW
0xfc36cc6f,LiveImageTool.StartEVFMF_FW
0xfc36cc75,LiveImageTool.StartEVFMovFULLHD_FW
0xfc36cc83,LiveImageTool.StartEVFMovFULLHD30P_FW
0xfc36cc91,LiveImageTool.StartEVFMovFULLHD60P_FW
0xfc36cc9f,LiveImageTool.StartEVFMovHD_FW
0xfc36ccad,LiveImageTool.StartEVFMovHD60P_FW
0xfc36ccbb,LiveImageTool.StartEVFMovQVGA_FW
0xfc36ccc7,LiveImageTool.StartEVFMovQVGA_HS_FW
0xfc36cccb,LiveImageTool.StartEVFMovVGA_FW
0xfc36ccd9,LiveImageTool.StartEVFMovVGA_HS_FW
0xfc36cce7,LiveImageTool.StopEVF_FW
0xfc36ccf1,LiveImageTool.DzoomTele_FW
0xfc36cd03,LiveImageTool.DzoomWide_FW
0xfc36cd15,LiveImageTool.StopDzoom_FW
0xfc36cd1f,LiveImageTool.Pause_FW
0xfc36cd23,LiveImageTool.Resume_FW
0xfc36cd27,LiveImageTool.ChangeDzoom_FW
0xfc36cd4b,j_LiveImageTool.GetDzoomPosition_FW
0xfc36cd4f,LiveImageTool.Jump_FW
0xfc36cd5d,LiveImageTool.Dister_FW
0xfc3779c1,HdmiChange5VShortState_FW
0xfc3779c7,HecHdmiCecPhysicalCheckForScript_FW
0xfc377a1f,HdmiAudioSampleFreq_FW
0xfc377a21,LockHdmiState_FW
0xfc377a23,EdidView_FW
0xfc377a25,EdidDump_FW
0xfc377a27,j_CecRegDump_FW
0xfc377a2b,j_HdmiRegDump_FW
0xfc377cdf,task_OhyIntegTask
0xfc3805f5,task_FA_GyroInfo
0xfc3829b1,GetAdjAcceleration_FW
0xfc3829eb,GetAdjProtractorAngle_FW
0xfc3829ef,CalculateProtractorATanData_FW
0xfc3829fd,ReloadProtractorAdjustment_FW
0xfc382a07,GetAccelerometerTemperature_FW
0xfc382a0b,GetAdjAccelerationDataWithCorrect_FW
0xfc382a0f,GetAoriAccelerationData_FW
0xfc382a15,ExecuteAvs_FW
0xfc382a21,CheckAvs_FW
0xfc382a8b,GetEFuseData_FW
0xfc382a95,LoadAvsAdjData_FW
0xfc382a99,j_InitializeWLAN_FW
0xfc382a9d,j_TerminateWLAN_FW
0xfc382ab9,JoinWLANNetwork_FW
0xfc382b9d,PingWLANNetwork_FW
0xfc382ba9,j_LeaveWLANNetwork_FW
0xfc382bad,StartFAWLANService_FW
0xfc382bb3,StopFAWLANService_FW
0xfc382bc1,GetWLANMACAddress_FW
0xfc382bdb,WriteWLANMACAddressToFROM_FW
0xfc382c41,GetWLANEepromNum_FW
0xfc382c63,GetCurrentCcdTemp_FW
0xfc382c79,j_GetCurrentCcdTemp_FW
0xfc382c7b,GetCurrentOptTemp_FW
0xfc382c9f,j_GetCurrentOptTemp_FW
0xfc382ca1,GetCameraInformationData_FW
0xfc382cc5,j_GetCameraInformationData_FW
0xfc382da3,InitializeSoundDevForRecEvent_FW
0xfc382db1,SetNCParamForAdjEvent_FW
0xfc382dbf,RecSoundForNCAdjEvent_FW
0xfc382dd3,SetNoiseAddParamForZoomNCEvent_FW
0xfc382ddb,ReloadZoomNCProfileEvent_FW
0xfc382de3,SetZoomNCEffectiveEvent_FW
0xfc382df1,ClearSoundDevForRecEvent_FW
0xfc382e0b,GetModeDialState_FW
0xfc382e7f,GetModeDialName_FW
0xfc382fe9,IsSDDetect_FW
0xfc383023,j_IsSDDetect_FW
0xfc383029,InitializeNFCAdjustment_FW
0xfc383033,j_ClearNFCSystemArea_FW
0xfc38303b,WriteNFCSystemArea_FW
0xfc383049,j_WriteNFCUserArea_FW
0xfc383061,WriteNFCUserAreaWithInitNFCAdj_FW
0xfc383069,j_ResetNFCSystemArea_FW
0xfc3830b7,GetNFCSystemAreaData_FW
0xfc38310b,GetNFCUserAreaData_FW
0xfc383155,GetBatteryVoltage_FW
0xfc383169,j_GetBatteryVoltage_FW
0xfc383209,SetFaexeEventTableActivation_FW
0xfc38334b,StartTestRecLog_FW
0xfc383357,StopTestRecLog_FW
0xfc383d57,task_MetaInspiTask
0xfc386d15,task_FileManMarkAllTask
0xfc386ebb,task_SetGeoTagExecution
0xfc38c3d3,task_FilYuvMaker
0xfc38cc3f,task_DecJpgRd
0xfc3915fb,task_FocusEvent
0xfc393fa7,GetMechaDeviceComparatorHysteresis_FW
0xfc393ff5,GetMechaDeviceComparatorThreshold_FW
0xfc39491d,task_MechaShutter
0xfc39520d,SetZoomLensICDriveData_FW
0xfc398087,task_Cave2RecTask
0xfc398ee5,task_TricDecVTask
0xfc39c781,MoveCZToPoint_FW
0xfc39c7a7,MoveCZToWide_FW
0xfc39c7c7,MoveCZToTele_FW
0xfc39c7e7,MoveCZToPointByOVF_FW
0xfc39c809,StopCZ_FW
0xfc39c827,GetCZStillHighSpeed_FW
0xfc39c82b,GetCZStillLowSpeed_FW
0xfc39c82f,GetCZMovieHighSpeed_FW
0xfc39c833,GetCZMovieLowSpeed_FW
0xfc39c837,GetCZStillDefaultSpeed_FW
0xfc39c83b,GetCZMovieDefaultSpeed_FW
0xfc39c83f,IsAvailableCZSpeed_FW
0xfc39c845,GetCZFramingAssistStillSpeed_FW
0xfc39c849,GetCZFramingAssistAutoHighSpeed_FW
0xfc39c84d,GetCZFramingAssistAutoLowSpeed_FW
0xfc39c8ad,GetFocusLensIrisCoefficient_FW
0xfc39c8c1,ResetFocusLens_FW
0xfc39c8f5,SetFocusLensReseted_FW
0xfc39c8ff,SetFocusLensResetType_FW
0xfc39c90d,EscapeFocusLens_FW
0xfc39c95d,MoveFocusLensToTerminate_FW
0xfc39c999,MoveFocusLensToTerminateWithKeepExciting_FW
0xfc39c9d5,MoveFocusLensWithDistance_FW
0xfc39ca85,MoveFocusLensWithPosition_FW
0xfc39cb39,MoveFocusLensWithPositionWithoutSettingWait_FW
0xfc39cbfb,MoveFocusLensWithPositionImmediateReturn_FW
0xfc39cc8d,MoveFocusLensWithPositionWithoutBacklash_FW
0xfc39cd41,MoveFocusLensWithPositionWithCompBacklash_FW
0xfc39ce11,MoveFocusActuator_FW
0xfc39ce85,MoveFocusActuatorWithoutSettingWait_FW
0xfc39cefd,MoveFocusLensWithWobbling_FW
0xfc39d03d,SetFocusLensSpeed_FW
0xfc39d04b,SetFocusLensSpeedTable_FW
0xfc39d143,SetFocusLensDefaultPullOutTable_FW
0xfc39d14f,SetFocusLensCondition_FW
0xfc39d1cd,ShowFocusLensCurrentSpeedTable_FW
0xfc39d20f,SetFocusLensMaxSpeedLimit_FW
0xfc39d219,CancelFocusLensMaxSpeedLimit_FW
0xfc39d223,EnableFocusLens_FW
0xfc39d255,DisableFocusLens_FW
0xfc39d28b,EnableFocusLensGainLockWithVoltage_FW
0xfc39d2a1,DisableFocusLensGainLock_FW
0xfc39d2a9,EnableFocusLensSlopeGain_FW
0xfc39d2b3,DisableFocusLensSlopeGain_FW
0xfc39d2bb,EnableFocusLensWaveLock_FW
0xfc39d2c9,DisableFocusLensWaveLock_FW
0xfc39d2d1,j_GetFocusLensCurrentPosition_FW
0xfc39d2d5,j_GetFocusLensCurrentPositionWithMotor_FW
0xfc39d2d9,GetFocusLensResetPosition_FW
0xfc39d2dd,GetFocusLensResetDefaultPosition_FW
0xfc39d2e1,GetFocusLensSubjectDistance_FW
0xfc39d2f3,GetFocusLensSubjectDistanceNumber_FW
0xfc39d2f7,GetFocusLensPositionRatio_FW
0xfc39d2fb,GetFocusLensLoadSubjectDistance_FW
0xfc39d311,ChangeFocusDistanceToPosition_FW
0xfc39d317,GetFocusLensLoadCamTable_FW
0xfc39d339,GetFocusLensMoveMaxPosition_FW
0xfc39d349,GetFocusLensMoveMinPosition_FW
0xfc39d359,j_GetFocusLensPullInMaxSpeed_FW
0xfc39d35d,GetFocusLensMoveRangeOfTelePoint_FW
0xfc39d39d,EnableFocusLensPort_FW
0xfc39d3a7,DisableFocusLensPort_FW
0xfc39d3b9,StartVcmLoopGainCalc_FW
0xfc39d3d5,GetVcmLoopGainCalcData_FW
0xfc39d40b,StopVcmLoopGainCalc_FW
0xfc39d415,ShowFocusLensIrisCoefficientCheckSum_FW
0xfc39d571,ResetIris_FW
0xfc39d58f,MoveIrisToStandbyPosition_FW
0xfc39d5ad,MoveIrisWithAv
0xfc39d5ad,MoveIrisWithAv_FW
0xfc39d5cf,MoveIrisWithAvAndSpeed_FW
0xfc39d5f7,MoveIrisToPositionWithBacklash_FW
0xfc39d619,MoveIrisToTerminatePosition_FW
0xfc39d637,MoveIrisToFullOpen_FW
0xfc39d655,MoveIrisToFullClose_FW
0xfc39d673,j_GetIrisAv_FW
0xfc39d677,j_GetIrisCurrentPosition_FW
0xfc39d67b,MoveIrisWithAvWithoutBacklash_FW
0xfc39d69d,MoveIrisToPositionWithoutBacklash_FW
0xfc39d6bf,MoveIrisWithAvAndSpeedWithoutBacklash_FW
0xfc39d6e7,EnableIris_FW
0xfc39d701,DisableIris_FW
0xfc39d71b,j_GetIrisSpecOpenPosition_FW
0xfc39d71f,j_GetIrisSpecClosePosition_FW
0xfc39d723,j_GetIrisDriveVoltage_FW
0xfc39d727,SetIrisDriveVoltage_FW
0xfc39d733,j_GetIrisDriveVoltageLow_FW
0xfc39d737,SetIrisDriveVoltageLow_FW
0xfc39d743,j_GetIrisSettingWaitVoltage_FW
0xfc39d747,SetIrisSettingWaitVoltage_FW
0xfc39d753,j_GetIrisHoldVoltage_FW
0xfc39d757,SetIrisHoldVoltage_FW
0xfc39d763,ChangeIrisSpeed_FW
0xfc39d77d,MoveIrisWithAvAndAvSpeed_FW
0xfc39d7a5,MoveIrisWithAvAndAvSpeedWithoutBacklash_FW
0xfc39d80d,MoveLensToFirstPoint_FW
0xfc39d843,MoveLensToTerminatePoint_FW
0xfc39d86b,j_IsLensOutside_FW
0xfc39d86f,j_GetLensErrorStatus_FW
0xfc39d873,j_GetFocusStartZoomPosition_FW
0xfc39d877,EnableLensError_FW
0xfc39d881,DisableLensError_FW
0xfc39d88b,SetLensOutsideFlag_FW
0xfc39d897,ShowMechaCondition_FW
0xfc39d9ed,WriteMechaLogToRom_FW
0xfc39da01,WriteMechaLogToFile_FW
0xfc39da1d,EnableMechaCircuit_FW
0xfc39da27,DisableMechaCircuit_FW
0xfc39da31,EnableFocusPiCircuit_FW
0xfc39da3b,DisableFocusPiCircuit_FW
0xfc39da45,j_GetFocusPiSensorLevel_FW
0xfc39da49,EnableZoomPiCircuit_FW
0xfc39da53,DisableZoomPiCircuit_FW
0xfc39da5d,j_GetZoomPiSensorLevel_FW
0xfc39da61,EnableZoomEncoderCircuit_FW
0xfc39da6b,DisableZoomEncoderCircuit_FW
0xfc39da75,j_GetMechaDeviceComparatorThreshold_FW
0xfc39da79,SetMechaDeviceComparatorThreshold_FW
0xfc39da87,j_GetMechaDeviceComparatorHysteresis_FW
0xfc39da8b,SetMechaDeviceComparatorHysteresis_FW
0xfc39da99,SendMechaCircuitData_FW
0xfc39daaf,ReceiveMechaCircuitData_FW
0xfc39dac7,ReceiveMechaCircuitDataAll_FW
0xfc39dae5,GetExMechaCpuFirmVersion_FW
0xfc39dae9,MonSelToCamif_FW
0xfc39db45,MonSelCamifFunction_FW
0xfc39dbc1,CloseMechaShutter_FW
0xfc39dbdf,OpenMechaShutter_FW
0xfc39dbfd,CloseMechaShutterWithTiming_FW
0xfc39dc27,SetMechaShutterCloseDacSetting_FW
0xfc39dc37,GetMechaShutterCloseDacSetting_FW
0xfc39dc53,SetMechaShutterOpenDacSetting_FW
0xfc39dc63,GetMechaShutterOpenDacSetting_FW
0xfc39dc7f,SetMechaShutterWaitTimeSetting_FW
0xfc39dc8b,j_GetMechaShutterStatus_FW
0xfc39dc8f,j_GetMechaShutterMoveTime_FW
0xfc39dc93,SetMechaShutterMoveTime_FW
0xfc39dd01,ResetZoomLens_FW
0xfc39dd1f,ResetZoomLensToFirst_FW
0xfc39dd4b,ResetZoomLensToTerminate_FW
0xfc39dd77,MoveZoomLensWithPoint
0xfc39dd77,MoveZoomLensWithPoint_FW
0xfc39dda7,MoveZoomLensWithPointImmediateReturn_FW
0xfc39ddb9,WaitMoveZoomLensComplete_FW
0xfc39ddd7,MoveZoomLensWithPosition_FW
0xfc39de09,MoveZoomLensToTerminatePosition_FW
0xfc39de37,SetZoomLensSpeedMode_FW
0xfc39de43,j_GetZoomLensCurrentPoint_FW
0xfc39de47,j_GetZoomLensCurrentPosition_FW
0xfc39de4b,j_GetZoomLensTelePoint_FW
0xfc39de4f,j_GetZoomLensMechaEdgePosition_FW
0xfc39de53,EnableZoomLensEncoderPowerControl_FW
0xfc39de5d,DisableZoomLensEncoderPowerControl_FW
0xfc39de67,EnableZoomLensResetEscapeMove_FW
0xfc39de71,DisableZoomLensResetEscapeMove_FW
0xfc39de7b,ChangeZoomLensPointToMagnification_FW
0xfc39de83,ChangeZoomLensMagnificationToPoint_FW
0xfc39de8b,AdjustZoomEncoderPi_FW
0xfc39de8f,j_GetZoomLensEncPhase_FW
0xfc39de93,j_GetZoomLensEncDuty_FW
0xfc39de97,SetZoomLensEncLedDuty_FW
0xfc39dea5,UsmMenu_FW
0xfc39df2b,UsmGainGet_FW
0xfc39df61,UsmGainAllSet_FW
0xfc39df95,UsmGainSet_FW
0xfc39dfbd,UsmGainChangeSpeedGet_FW
0xfc39dfe7,UsmGainChangeSpeedSet_FW
0xfc39e00b,UsmLGainGet_FW
0xfc39e01d,UsmLGainSet_FW
0xfc39e039,UsmEncLevel_FW
0xfc39e3d3,UsmWowFla_FW
0xfc39e497,UsmWowFlaForSD_FW
0xfc39ea03,UsmFN_FW
0xfc39ead5,UsmFNForSD_FW
0xfc39ecfb,EnableUsmTfMeasure_FW
0xfc39ed05,DisableUsmTfMeasure_FW
0xfc39ed1d,ISAutoCenter_FW
0xfc39ed27,StartISLocalAdjust_FW
0xfc39ed31,j_StartISLocalHallAdjust_FW
0xfc39ed35,j_StartISLocalAutoCenter_FW
0xfc39ed39,ISMoveToMechaEdgeOPEN_FW
0xfc39ed47,ISChangeOPENtoCLOSE_FW
0xfc39ed51,SetISDriveAaxis_FW
0xfc39ed5f,SetISDriveBaxis_FW
0xfc39ed6d,SetISHallOffsetAaxis_FW
0xfc39ed7b,SetISHallOffsetBaxis_FW
0xfc39ed89,SetISHallOffsetbyAxisType_FW
0xfc39ed9d,SetISHallGainAaxis_FW
0xfc39edab,SetISHallGainBaxis_FW
0xfc39edb9,SetISHallGainbyAxisType_FW
0xfc39edcd,SetISGyroGainAaxis_FW
0xfc39eddb,SetISGyroGainBaxis_FW
0xfc39ede9,SetISGyroGainbyAxisType_FW
0xfc39edfd,GetISDriveAaxis_FW
0xfc39ee11,GetISDriveBaxis_FW
0xfc39ee25,GetISPositionAaxis_FW
0xfc39ee39,GetISPositionBaxis_FW
0xfc39ee4d,GetISHallOffsetAaxis_FW
0xfc39ee61,GetISHallOffsetBaxis_FW
0xfc39ee75,GetISHallOffsetbyAxisType_FW
0xfc39ee91,GetISHallGainAaxis_FW
0xfc39eea5,GetISHallGainBaxis_FW
0xfc39eeb9,GetISHallGainbyAxisType_FW
0xfc39eed5,GetISGyroGainAaxis_FW
0xfc39eee9,GetISGyroGainBaxis_FW
0xfc39eefd,GetISGyroGainbyAxisType_FW
0xfc39ef19,j_GetGyroDataPitch_FW
0xfc39ef1d,j_GetGyroDataYaw_FW
0xfc39ef21,SetGyro10BitDACPitch_FW
0xfc39ef2f,SetGyro10BitDACYaw_FW
0xfc39ef3d,j_GetGyro10BitDACPitch_FW
0xfc39ef41,j_GetGyro10BitDACYaw_FW
0xfc39ef45,SetGyroHPFINOffsetPitch_FW
0xfc39ef53,SetGyroHPFINOffsetYaw_FW
0xfc39ef61,j_GetGyroHPFINOffsetPitch_FW
0xfc39ef65,j_GetGyroHPFINOffsetYaw_FW
0xfc39ef69,j_GetGyroHPFINPitch_FW
0xfc39ef6d,j_GetGyroHPFINYaw_FW
0xfc39ef71,SetISTuningFlag_FW
0xfc39ef7f,SetGyroFilterChargeStart_FW
0xfc39ef83,SetGyroFilterChargeStop_FW
0xfc39ef87,GetGyroFilterCharge_FW
0xfc39ef9b,GetISFirmVersion_FW
0xfc39efb5,GetMechaDSPVersion_FW
0xfc39efcf,GetISParamVersion_FW
0xfc39efe9,SetZoomPosition_FW
0xfc39eff7,ISControlStart_FW
0xfc39f001,ISControlStop_FW
0xfc39f00b,ISPanModeStart_FW
0xfc39f015,ISPanModeStop_FW
0xfc39f01f,SetISControlType_FW
0xfc39f02d,FixISStatus_FW
0xfc39f03b,SetISStillStatus_FW
0xfc39f045,ChangeParallelMode_FW
0xfc39f053,SetLPFParallelBest_FW
0xfc39f067,GetLPFParallelBest_FW
0xfc39f089,SelectPositionSignal_FW
0xfc39f097,ClearISIComponent_FW
0xfc39f0a1,SetISHPFCutoff_FW
0xfc39f0af,ClearISZData_FW
0xfc39f0b9,GetISHallOut1Amp_FW
0xfc39f0d3,ISMDStart_FW
0xfc39f0dd,ISMDStop_FW
0xfc39f0e7,SetISLPFAaxis_FW
0xfc39f0f5,SetISLPFBaxis_FW
0xfc39f103,EnableISDriveError_FW
0xfc39f10d,DisableISDriveError
0xfc39f10d,DisableISDriveError_FW
0xfc39f117,EnableISAutoGyroOffset_FW
0xfc39f121,DisableISAutoGyroOffset_FW
0xfc39f12b,SetISHallAmpFirstGain_FW
0xfc39f139,GetISHallAmpFirstGain_FW
0xfc39f155,StartLoopGainCalc_FW
0xfc39f175,GetLoopGainCalcData_FW
0xfc39f1ab,SetLoopGainAdjValue_FW
0xfc39f1bd,GetLoopGainAdjValue_FW
0xfc39f411,StopLoopGainCalc_FW
0xfc39f41b,GetISCrossTalkComp_FW
0xfc39f457,SetISCrossTalkCompA1_FW
0xfc39f465,SetISCrossTalkCompA2_FW
0xfc39f473,SetISCrossTalkCompB1_FW
0xfc39f481,SetISCrossTalkCompB2_FW
0xfc39f48f,SetDISModeParam_FW
0xfc39f49d,GetDISModeParamType_FW
0xfc39f4b1,DisableDISModeChange_FW
0xfc39f4bb,EnableDISModeChange_FW
0xfc39f4c5,SetISAdjData_FW
0xfc39f4cf,SetISCenterShiftA_FW
0xfc39f4dd,SetISCenterShiftB_FW
0xfc39f4eb,GetISCenterShiftA_FW
0xfc39f4fd,GetISCenterShiftB_FW
0xfc39f50f,EnableMacroIS_FW
0xfc39f519,DisableMacroIS_FW
0xfc39f523,StartMacroISContiMode_FW
0xfc39f52d,StartMacroISAdjust_FW
0xfc39f537,StopMacroISAdjust_FW
0xfc39f541,GetMacroISEstimRadiusA_FW
0xfc39f553,GetMacroISEstimRadiusB_FW
0xfc39f565,SetISFocusLensDistance_FW
0xfc39f56f,GetMacroISGainA_FW
0xfc39f581,GetMacroISGainB_FW
0xfc39f593,SetMacroISGainA_FW
0xfc39f5a1,SetMacroISGainB_FW
0xfc39f5af,GetMacroISAngleAndVelocityA_FW
0xfc39f5d1,GetMacroISAngleAndVelocityB_FW
0xfc39f5f3,GetAccelX_atMechaCpu_FW
0xfc39f605,GetAccelY_atMechaCpu_FW
0xfc39f617,GetAccelZ_atMechaCpu_FW
0xfc39f629,SetPoweredISON_FW
0xfc39f635,SetPoweredISOFF_FW
0xfc39f641,ISFixedPWMON_FW
0xfc39f64d,ISFixedPWMOFF_FW
0xfc39f659,SetFixedPWMOutA_FW
0xfc39f667,SetFixedPWMOutB_FW
0xfc39f675,j_GetFixedPWMOutA_FW
0xfc39f679,j_GetFixedPWMOutB_FW
0xfc39f67d,SetISPWMFreqAndFixed_FW
0xfc39f689,SetISPWMFrequency_FW
0xfc39f695,j_GetISPWMFrequency_FW
0xfc39f699,j_GetISPWMPeriod_FW
0xfc39f69d,StartISPWMFreqChangeTest_FW
0xfc39f6a1,StopISPWMFreqChangeTest_FW
0xfc39f6a5,MechaCPUMemoryDump_FW
0xfc39f6b7,MechaCPUMemoryWrite_FW
0xfc39f6cd,ISMemoryWrite_FW
0xfc39f6e1,ISActive_FW
0xfc39f6ed,StartImStEventProc_FW
0xfc3a0a19,task_CreateHeaderTask
0xfc3a0cf3,task_DistTask
0xfc3a150f,MemoryChecker_FW
0xfc3a1541,VerifyByte_FW
0xfc3a15f9,GetDramManufactureId_FW
0xfc3a1601,GetDramRevision_FW
0xfc3a1609,GetDramRfu_FW
0xfc3a1611,GetDramDensity_FW
0xfc3a1619,GetDramTypeError_FW
0xfc3a41d7,GetFaceAuthBinAddr_FW
0xfc3a41db,GetFaceAuthBinSize_FW
0xfc3a41e1,IsOKFaceAuthBinFile_FW
0xfc3a4577,SDump_FW
0xfc3a46a9,FreeMemory_FW
0xfc3a46af,AllocateMemory_FW
0xfc3a46c1,Peek32_FW
0xfc3a46c5,Peek16_FW
0xfc3a46cb,Peek8_FW
0xfc3a46d1,GetSystemTime
0xfc3a46d1,GetSystemTime_FW
0xfc3a46dd,exec_FW
0xfc3a47a1,MakeBootDisk_FW
0xfc3a47ad,MakeScriptDisk_FW
0xfc3a495d,task_ImagePlaySysConTask
0xfc3a682d,task_ImageRetryConTask
0xfc3fb399,StopCaptureDrive_FW
0xfc3fbb4d,CancelImageDrive_FW
0xfc3fbbd3,StartCaptureDrive_FW
0xfc3fbbd7,CaptureWithParam_FW
0xfc3fbbff,ChangeImageDrive_FW
0xfc3fbc0b,GetCrwImageInfo_FW
0xfc3fbc6b,GetRawBufferAdd_FW
0xfc3fbc85,ActivateImageDrive_FW
0xfc3fbcb7,QuietImageDrive_FW
0xfc3fbcdb,j_ClearImageDrive_FW
0xfc3fbcdf,GetCrwInfoData_FW
0xfc3fbce7,DoMemToMemDarkSubtraction_FW
0xfc3fbceb,SetSafImageReadOutType_FW
0xfc3fbced,SetSafImagePredictMode_FW
0xfc3fbcf1,SetSafImageWindowHArea_FW
0xfc3fbcf5,EnableHeadDirectCapturePath_FW
0xfc3fbcf7,DisableHeadDirectCapturePath_FW
0xfc3fbcf9,SetLtkidsCorrectThroughMode_FW
0xfc3fbcfb,SetLtkidsRealtimeCorrectThroughMode_FW
0xfc3fbcfd,SetSafPPPBypassMode_FW
0xfc3fbcff,SetSafFPGABypassMode_FW
0xfc3fbd01,CorrectMvFrMem2MemAfterDefMark_FW
0xfc3fbeaf,ShowCurrentExp_FW
0xfc3fbedd,SetAE_ShutterSpeed
0xfc3fbedd,SetAE_ShutterSpeed_FW
0xfc3fbf4f,FocusAEWithCompensation_FW
0xfc3fbf9d,SetAE_CdsGainValue_FW
0xfc3fbfc3,FixAEWithCompensation_FW
0xfc3fc001,SetAdj_AEMode_FW
0xfc3fc03d,CancelAdj_AEMode_FW
0xfc3fc063,PreFixAE_FW
0xfc3fc15b,AfAEWithAperturePriority_FW
0xfc3fc189,AdjAEWithAperturePriority_FW
0xfc3fc1bb,SleepAE_FW
0xfc3fc339,AfAEWithCompensation_FW
0xfc3fc3d9,GetVideoOutType
0xfc3fc3d9,GetVideoOutType_FW
0xfc3fc429,SwitchOffDisplay_FW
0xfc3fc461,SwitchOnDisplay_FW
0xfc3fc46b,j_GetVideoOutType_FW
0xfc3fc46d,SetVideoOutType
0xfc3fc499,SetVideoOutType_FW
0xfc3fc4a5,IsEVFDrive_FW
0xfc3fc4bd,j_IsEVFDrive_FW
0xfc3fc4e3,StopEVFDrive_FW
0xfc3fc6f9,StartEVFDriveWithMode_FW
0xfc3fc721,StartEVFDrive_FW
0xfc3fc759,IsEvfDriveMode_FW
0xfc3fca79,GetSumYOfVRAMCenterLine_FW
0xfc3fcabd,j_GetVRAMHPixelsSize_FW
0xfc3fcac5,j_GetVRAMVPixelsSize_FW
0xfc3fcacd,StopContinuousVRAMData_FW
0xfc3fcb21,GetContinuousVRAMData_FW
0xfc3fcfc9,GetPixelsOfViewangle_FW
0xfc3fd027,GetContinuousVRAMDataWithRingBuffer_FW
0xfc3fd085,j_GetMovieJpegVRAMHPixelsSize_FW
0xfc3fd08d,j_GetMovieJpegVRAMVPixelsSize_FW
0xfc3fd0db,GetContinuousMovieJpegVRAMData_FW
0xfc3fd125,ChangeDistortionSetForLiveImage_FW
0xfc3fd13d,ChangeElectronicRollISSetting_FW
0xfc3fd35b,Bat_VIN_FW
0xfc3fd35b,SetInputVoltage_FW
0xfc3fd367,Bat_Save_FW
0xfc3fd367,SaveBatSenseOffsetAdjustmentTable_FW
0xfc3fd371,SetImageMode_FW
0xfc3fd375,CalcLowBatteryOffsetValue_FW
0xfc3fd391,SetDate
0xfc3fd391,SetDate_FW
0xfc3fd419,SetYear_FW
0xfc3fd451,SetMonth_FW
0xfc3fd485,SetDay_FW
0xfc3fd4bf,SetHour_FW
0xfc3fd4f7,SetMinute_FW
0xfc3fd52f,SetSecond_FW
0xfc3fd567,GetYear_FW
0xfc3fd583,GetMonth_FW
0xfc3fd59b,GetDay_FW
0xfc3fd5b1,GetHour_FW
0xfc3fd5c7,GetMinute_FW
0xfc3fd5dd,GetSecond_FW
0xfc3fd5f3,SetLangMenuType_FW
0xfc3fd627,SaveFromImage_FW
0xfc3fd7cf,SetFactorySerialNumber_FW
0xfc3fd7df,LoadFactoryNumber_FW
0xfc3fd84f,j_LoadFactoryNumber_FW
0xfc3fd851,LoadSerialNumber_FW
0xfc3fd8c1,j_LoadSerialNumber_FW
0xfc3fd8c3,GetLastVBatADLevel_FW
0xfc3fd8c9,j_GetLastVBatADLevel_FW
0xfc3fd8cb,j_GetVBatVoltage_FW
0xfc3fd8cf,SaveFactoryReserveData_FW
0xfc3fd901,j_GetDCPAdjOffset_FW
0xfc3fd905,SetWindowSystemDrawSetting_FW
0xfc3fd911,GetEFUSEData_FW
0xfc3fd91d,j_GetEFUSEData_FW
0xfc3fd923,j_TurnOffCamera_FW
0xfc3fdaed,InitializeMechaDevice_FW
0xfc3fdb0f,TerminateMechaDevice_FW
0xfc3fdba1,CreateJumptable
0xfc3ff5b3,SetScanLensIndex_FW
0xfc3ff64b,SetScanWindowMode_FW
0xfc3ff7cd,SelectAdjBPFilter_FW
0xfc3ff7e7,SetAdjAFWinPos_FW
0xfc3ff81f,SetBPFilterForBP_FW
0xfc3ff83f,CancelBPFilterForBP_FW
0xfc3ff9a1,StartAdjAFService_FW
0xfc3ffa49,StopAdjAFService_FW
0xfc3ffbb5,GetAdjAFInteg_FW
0xfc3ffbed,StopAdjAFInteg_FW
0xfc3ffbf7,StartAdjAFInteg_FW
0xfc3ffc07,SetAdjAFIntegCrwAdd_FW
0xfc4000ef,StopCustomScan_FW
0xfc4000f9,StartCustomScan_FW
0xfc400139,StartCrwCustomScan_FW
0xfc40070d,CalculatePeakPosByLS_FW
0xfc400779,CalculateInterpolationByLS_FW
0xfc4007a1,ReloadAFAdjustment_FW
0xfc40081d,PrintScanTable_FW
0xfc400971,PrintMultiWinScanTable_FW
0xfc4010dd,HitISLensAgainstTopEdge_FW
0xfc4010e9,HitISLensAgainstBottomEdge_FW
0xfc4010f5,HitISLensAgainstLeftEdge_FW
0xfc401101,HitISLensAgainstRightEdge_FW
0xfc40110d,HitISLensToMechaEdge_FW
0xfc401119,MoveISLensToRightLimitPosition_FW
0xfc401125,MoveISLensToLeftLimitPosition_FW
0xfc401131,MoveISLensToBottomLimitPosition_FW
0xfc40113d,MoveISLensToTopLimitPosition_FW
0xfc401149,MoveISLensToLimitPosition_FW
0xfc401155,SearchBCentralPosition_FW
0xfc401155,SearchISLensCentralPosition_FW
0xfc40115f,StopBDrive_FW
0xfc40115f,StopISAdjustmentDrive_FW
0xfc40115f,StopISDrive_FW
0xfc401169,StartBDrive_FW
0xfc401169,StartISAdjustmentDrive_FW
0xfc401169,StartISDrive_FW
0xfc401173,StopBPanDrive_FW
0xfc401173,StopISPanDrive_FW
0xfc40117d,SetISControllMode_FW
0xfc40118b,StartBPanDrive_FW
0xfc40118b,StartISPanDrive_FW
0xfc401195,WriteHallDeviceAdjustment_FW
0xfc40119f,WriteGyroAdjustment_FW
0xfc4011a9,WritePWMAdjustment_FW
0xfc4011eb,SetISPitchPWM_FW
0xfc4011f3,SetISYawPWM_FW
0xfc4011fb,SetISLensDriveValue_FW
0xfc401205,SetISGyroYawGain_FW
0xfc40120d,SetISGyroPitchGain_FW
0xfc401215,SetISLensGyroGain_FW
0xfc40121f,SetISHallDeviceYawGain_FW
0xfc401227,SetISHallDevicePitchGain_FW
0xfc40122f,SetISLensHallGain_FW
0xfc401239,SetISHallDeviceYawOffset_FW
0xfc401241,SetISHallDevicePitchOffset_FW
0xfc401249,SetISLensHallOffset_FW
0xfc401253,SetZoomPointToIS_FW
0xfc40126f,GetISLens1stHallAmpValue_FW
0xfc40127f,GetISHallOffsetDACValue_FW
0xfc401283,GetISLensEViAaxis_FW
0xfc401289,GetISLensEViBaxis_FW
0xfc40128f,GetISLensCorrectedEViAaxis_FW
0xfc401295,GetISLensCorrectedEViBaxis_FW
0xfc40129b,GetISLensDampAaxis_FW
0xfc40129f,GetISLensDampBaxis_FW
0xfc4012a3,SetISLPFCutOffFreqAaxis_FW
0xfc4012a9,SetISLPFCutOffFreqBaxis_FW
0xfc4012af,SetLPFForParallelFilter_FW
0xfc4012bf,SetISCutOffFreqIndex_FW
0xfc4012bf,SetISHPFCutOffFreqIndex_FW
0xfc4012cb,ChangeFilterMode_FW
0xfc4012d7,HitISMechaEdgeInOpenControl_FW
0xfc4012e5,ChangeToISCloseControl_FW
0xfc4012ef,SetISGyroHPFINOffsetPitch_FW
0xfc4012f5,SetISGyroHPFINOffsetYaw_FW
0xfc4012fb,SetISGyroOffsetHPFINData_FW
0xfc401303,SetISGyro10BitDACPitch_FW
0xfc401309,SetISGyro10BitDACYaw_FW
0xfc40130f,SetISGyroOffset10BitDACData_FW
0xfc401317,GetISGyroDataPitch_FW
0xfc40131b,GetISGyroDataYaw_FW
0xfc40131f,GetISGyroData_FW
0xfc401323,GetISGyroHPFINPitch_FW
0xfc401327,GetISGyroHPFINYaw_FW
0xfc40132b,GetISHPFINGyroData_FW
0xfc40132f,GetISGyro10BitDACPitch_FW
0xfc401333,GetISGyro10BitDACYaw_FW
0xfc401337,GetISGyroOffset10BitDACData_FW
0xfc40133b,GetISGyroHPFINOffsetPitch_FW
0xfc40133f,GetISGyroHPFINOffsetYaw_FW
0xfc401343,GetISGyroOffsetHPFINData_FW
0xfc401347,SetISGyroFilterCharge_FW
0xfc401353,SetISTuningMode_FW
0xfc401361,SetISTuningOff_FW
0xfc40136d,SetISGyroCompensationMode_FW
0xfc40137f,CalcLoopGain_FW
0xfc4013bd,GetLoopGainCalcData_FW
0xfc4013df,SetLoopGain_FW
0xfc4013f1,GetLoopGain_FW
0xfc4013f7,SetISLensPWMMode_FW
0xfc401403,SetDISModeParameter_FW
0xfc401411,GetGyroFilterChargeStatus_FW
0xfc40141f,j_GetDISModeParameter_FW
0xfc401423,SetISCrossTalkCompCoeff_FW
0xfc401435,GetISCrossTalkCompCoeff_FW
0xfc401439,StartISAdjustMacro_FW
0xfc401443,StopISAdjustMacro_FW
0xfc40144d,GetMacroISGain_FW
0xfc401451,SetMacroISGain_FW
0xfc401463,GetMacroISEstimateRadius_FW
0xfc401467,GetMacroISEstimateVelocity_FW
0xfc401487,SetISMacroMode_FW
0xfc401493,NotifyISMacroDistance_FW
0xfc40149d,GetISHallDevicePitchOffset_FW
0xfc4014a3,GetISHallDeviceYawOffset_FW
0xfc4014f1,GetISLensHallOffset_FW
0xfc4014f7,GetISHallDevicePitchGain_FW
0xfc4014fd,GetISHallDeviceYawGain_FW
0xfc401503,GetISLensHallGain_FW
0xfc401509,GetISPitchPWM_FW
0xfc40150f,GetISYawPWM_FW
0xfc401515,GetISLensDriveValue_FW
0xfc40151b,GetISShiftLensPitchPosition_FW
0xfc40151f,GetISShiftLensYawPosition_FW
0xfc401523,GetISLensPositionValue_FW
0xfc401527,GetISGyroPitchGain_FW
0xfc40152d,GetISGyroYawGain_FW
0xfc401533,GetISLensGyroGain_FW
0xfc401539,ClearISCalcZData_FW
0xfc401543,CancelLoopGainCalc_FW
0xfc40154d,ReloadISAdjustment_FW
0xfc401557,MoveISLensToCentralPosition_FW
0xfc401561,GetISHallOffsetDAConvertValue_FW
0xfc402fe1,task_ImgPlyTask
0xfc4030ed,task_ImgPlyLowTask
0xfc40330d,StartVcmControl_FW
0xfc403317,StopVcmControl_FW
0xfc403321,SetVcmTargetPosition_FW
0xfc40332f,j_GetVcmTargetPosition_FW
0xfc403333,SetVcmTargetSpeed_FW
0xfc40333f,j_GetVcmCurrentPosition_FW
0xfc403343,MoveVcm_FW
0xfc40334d,MoveVcmWithTrigger_FW
0xfc403357,StopVcm_FW
0xfc403361,StopVcmEmergency_FW
0xfc40336b,EnableVcmSettingWait_FW
0xfc403375,DisableVcmSettingWait_FW
0xfc40337f,j_GetVcmPiPosition_FW
0xfc403383,j_GetVcmPiStatus_FW
0xfc403387,j_GetVcmAlarm_FW
0xfc40338b,j_GetVcmVdPosition_FW
0xfc40338f,SetVcmSrAPos_FW
0xfc40339b,SetVcmSrBPos_FW
0xfc4033a7,j_GetVcmSrAPos_FW
0xfc4033ab,j_GetVcmSrBPos_FW
0xfc4033af,j_GetVcmSrCompPos_FW
0xfc4033b3,SetVcmSrSOffset_FW
0xfc4033c1,SetVcmSrCOffset_FW
0xfc4033cf,j_GetVcmSrSOffset_FW
0xfc4033d3,j_GetVcmSrCOffset_FW
0xfc4033d7,SetVcmSrSGain_FW
0xfc4033e5,SetVcmSrCGain_FW
0xfc4033f3,SetVcmSrHGain_FW
0xfc403401,j_GetVcmSrSGain_FW
0xfc403405,j_GetVcmSrCGain_FW
0xfc403409,j_GetVcmSrHGain_FW
0xfc40340d,SetVcmSrRefV_FW
0xfc40341b,j_GetVcmSrRefV_FW
0xfc40341f,SetVcmSrSPosPeak_FW
0xfc40342d,SetVcmSrSNegPeak_FW
0xfc40343b,SetVcmSrCPosPeak_FW
0xfc403449,SetVcmSrCNegPeak_FW
0xfc403457,j_GetVcmSrSPosPeak_FW
0xfc40345b,j_GetVcmSrSNegPeak_FW
0xfc40345f,j_GetVcmSrCPosPeak_FW
0xfc403463,j_GetVcmSrCNegPeak_FW
0xfc403467,j_GetVcmSrSAdValue_FW
0xfc40346b,j_GetVcmSrCAdValue_FW
0xfc40346f,j_GetVcmSrPositionOffset_FW
0xfc403473,EnableVcmSrAmplitudeComp_FW
0xfc40347d,DisableVcmSrAmplitudeComp_FW
0xfc403487,SetVcmPwmFrequency_FW
0xfc403493,j_GetVcmPwmFrequency_FW
0xfc403497,EnableVcmOpenDrive_FW
0xfc4034a1,DisableVcmOpenDrive_FW
0xfc4034ab,SetVcmOpenDriveDuty_FW
0xfc4034b9,j_GetVcmOpenDriveDuty_FW
0xfc4034bd,SetVcmPGain_FW
0xfc4034cb,SetVcmIGain_FW
0xfc4034d9,SetVcmDGain_FW
0xfc4034e7,j_GetVcmPGain_FW
0xfc4034eb,j_GetVcmIGain_FW
0xfc4034ef,j_GetVcmDGain_FW
0xfc4034f3,SetVcmEViClamp_FW
0xfc403501,j_GetVcmEViClamp_FW
0xfc403505,SetVcmParamLPF2_FW
0xfc403519,GetVcmParamLPF2_FW
0xfc403523,SetVcmParamPLF_FW
0xfc403537,GetVcmParamPLF_FW
0xfc403541,SetVcmPiDefaultPosition_FW
0xfc40354f,SetVcmPiRiseThresholdLevel_FW
0xfc40355d,SetVcmPiFallThresholdLevel_FW
0xfc40356b,j_GetVcmPiAdValue_FW
0xfc40356f,SetVcmScaleResetThreshold_FW
0xfc40357d,j_GetVcmScaleResetThreshold_FW
0xfc403581,EnableVcmTravelTimeMeasure_FW
0xfc40358b,DisableVcmTravelTimeMeasure_FW
0xfc403595,SetVcmTravelTimeMeasurePosition_FW
0xfc4035a9,j_GetVcmTravelTime_FW
0xfc4035ad,j_GetVcmSettingWaitTime_FW
0xfc4035b1,GetVcmSrAd_FW
0xfc4035f5,GetVcmLog_FW
0xfc4035ff,SetVcmLogData_FW
0xfc40360d,SetVcmLogSampleTime_FW
0xfc40361b,SetVcmLogTrigger_FW
0xfc403629,j_GetVcmLogData_FW
0xfc40362d,j_GetVcmLogSampleTime_FW
0xfc403631,j_GetVcmLogTrigger_FW
0xfc403635,EnableVcmDacOut_FW
0xfc40363f,DisableVcmDacOut_FW
0xfc403649,SetVcmDacOutData_FW
0xfc403657,j_GetVcmDacOutData_FW
0xfc40365b,EnableVcmObs_FW
0xfc403665,DisableVcmObs_FW
0xfc403689,task_TricEncVTask
0xfc403fb7,task_TricEncMsgTask
0xfc4049a9,task_TricInitTask
0xfc41e37d,GetMemInfo
0xfc41ee81,mktime_ext
0xfc41fc7f,task_ImgPlyTask
0xfc41fe31,task_ImgPlyTsk2
0xfc430af1,task_FaceScoreTask
0xfc433e99,UIFS_CtrlManControllerAnytimeTop_FW
0xfc433e9f,UIFS_IsAvailableMovieRecOptZoom_FW
0xfc433ea3,UIFS_IsAvailableMovieRecDigZoom_FW
0xfc433ea7,UIFS_IsAvailableServoAF_FW
0xfc433eab,UIFS_IsAvailableRecMenuAFMode_FW
0xfc433eaf,UIFS_IsAutoPopupDownStrobe_FW
0xfc433eb3,UIFS_IsAvailableAvTvMode_FW
0xfc433eb7,UIFS_IsAvailablePowerZoom_FW
0xfc433fcf,UIFS_SetDialStillRec_FW
0xfc433fe9,UIFS_SetDialMovieRec_FW
0xfc434017,UIFS_SetDialPlay_FW
0xfc434031,UIFS_OpenPopupStrobe_FW
0xfc434053,UIFS_ClosePopupStrobe_FW
0xfc434077,UIFS_MountExtFlash_FW
0xfc434099,UIFS_UnmountExtFlash_FW
0xfc4340bd,UIFS_ConnectVideo_FW
0xfc4340e1,UIFS_DisconnectVideo_FW
0xfc434105,j_UIFS_MoveZoomTo_FW
0xfc434109,j_UIFS_GetNumOfOptZoomPos_FW
0xfc43410d,UIFS_StopPostingUIEvent_FW
0xfc43410f,UIFS_RestartPostingUIEvent_FW
0xfc434111,UIFS_PostModeDial_FW
0xfc43412d,j_UIFS_Capture_FW
0xfc434131,j_UIFS_CaptureNoneStop_FW
0xfc434135,j_UIFS_StartMovieRecord_FW
0xfc434139,j_UIFS_StopMovieRecord_FW
0xfc43413d,UIFS_StartClockMode_FW
0xfc434147,UIFS_EndClockMode_FW
0xfc434151,UIFS_SetCradleSetting_FW
0xfc434153,j_UIFS_WriteFirmInfoToFile_FW
0xfc434157,j_UIFS_GetMovieRecoadableNumber_FW
0xfc43415b,j_UIFS_GetStillShotableNumber_FW
0xfc43415f,UIFS_ChangeShootState_FW
0xfc434175,UIFS_ShootSeqToUI_FW
0xfc43418b,UIFS_GetLastPath_FW
0xfc4341af,UIFS_GetAvItemCount_FW
0xfc4341ed,UIFS_GetTvItemCount_FW
0xfc43422d,UIFS_GetAvItem_FW
0xfc434251,UIFS_GetTvItem_FW
0xfc434275,UIFS_GetCurrentAvString_FW
0xfc4342cd,UIFS_GetCurrentTvString_FW
0xfc43432b,j_UIFS_IsAvailableShots_FW
0xfc43432f,UIFS_IsOperationEvent_FW
0xfc434351,j_UIFS_StartMoviePlay_FW
0xfc434355,j_UIFS_GetNumberOfDisplayedImage_FW
0xfc434359,j_UIFS_PlayTrimExecuteAllImageSize_FW
0xfc43435d,j_UIFS_WirelessExecuteSendForever_FW
0xfc434361,j_UIFS_CancelStoreLensTimer_FW
0xfc434365,j_UIFS_DisplayFirmUpdateView_FW
0xfc434369,UI.CreatePublic_FW
0xfc434e05,UI_ShowStateOfRecMode_FW
0xfc434e17,UI.Create_FW
0xfc434e17,UI_RegistDebugEventProc_FW
0xfc4354bd,screenlock_helper
0xfc4354bd,UIFS_DisplayFirmUpdateView_FW
0xfc4359a7,UIFS_StartMoviePlay_FW
0xfc4374c1,qsort
0xfc45c51d,GetCurrentAdjImgDriveType_FW
0xfc45c529,GetCurrentImgDrvMode_FW
0xfc45c543,ConvertAEIntegDrvTypeToAdjImgDriveType_FW
0xfc45c56d,ConvertAdjImgDrvModeToAdjImgDriveType_FW
0xfc45c5a9,ChangeAdjImgDrvMode_FW
0xfc45c5c9,ChangeAEIntegDrvTypeToAdjImgDriveType_FW
0xfc45c7e3,j_GetCurrentZoomLensPosition_FW
0xfc45c7e3,j_GetCurrentZoomPosition_FW
0xfc45c7eb,j_GetCurrentZoomLensPoint_FW
0xfc45c7eb,j_GetCurrentZoomPoint_FW
0xfc45c7ef,GetCurrentZoomLensDirection_FW
0xfc45c803,j_GetCurrentZoomLensDirection_FW
0xfc45c813,ReloadZoomAdjustment_FW
0xfc45c88d,j_GetZoomTelePoint_FW
0xfc45c895,j_GetZoomResetSensorLevel_FW
0xfc45c8c9,j_GetZoomDrivingTime_FW
0xfc45c8fb,ClearZoomDriveParam_FW
0xfc45ca9d,j_IsZoomLensOutSidePosition_FW
0xfc45caa9,StopZoomEmergency_FW
0xfc45cab7,SetZoomResetState_FW
0xfc45cb07,ResetZoom_FW
0xfc45cb29,ResetZoomToFirst_FW
0xfc45cb29,ResetZoomToFirstPoint_FW
0xfc45cb4b,ResetZoomToTerminate_FW
0xfc45cb4b,ResetZoomToTerminatePoint_FW
0xfc45cb6d,MoveZoomLensToPosition_FW
0xfc45cb6d,MoveZoomPosition_FW
0xfc45cb93,MoveZoomLensToPoint_FW
0xfc45cb93,MoveZoomPoint_FW
0xfc45cbb9,MoveComputerZoomToPoint_FW
0xfc45cbdf,ResetZoomToAdjFirstPoint_FW
0xfc45cc0d,ResetZoomToAdjTerminatePoint_FW
0xfc45cc3b,SetZoomLensEncoderPowerControl_FW
0xfc45cc47,SetZoomSpeedMode_FW
0xfc45cc53,GetZoomDefaultDriveParam_FW
0xfc45cc63,SetZoomDriveParam_FW
0xfc45cc83,GetZoomResetDriveParam_FW
0xfc45cc91,SetZoomResetDriveParam_FW
0xfc45ccb1,GetZoomNormalDriveParam_FW
0xfc45ccbf,SetZoomNormalDriveParam_FW
0xfc45ccdf,GetZoomDefaultCommonDriveParam_FW
0xfc45cceb,SetZoomCommonDriveParam_FW
0xfc45cd15,ClearZoomCommonDriveParam_FW
0xfc45cd31,EnableZoomEncPhaseDif_FW
0xfc45cd49,DisableZoomEncPhaseDif_FW
0xfc45cd53,GetZoomEncPhaseDifMinAngle_FW
0xfc45cd6f,j_GetZoomEncPhaseDifMinAngle_FW
0xfc45cd71,GetZoomEncPhaseDifMinDuty_FW
0xfc45cd8d,j_GetZoomEncPhaseDifMinDuty_FW
0xfc45cd93,j_GetZoomEncPhasePeriodTime_FW
0xfc45cd9b,j_GetZoomEncPhaseDifMinTime_FW
0xfc45cda3,j_GetZoomEncPhaseHighTime_FW
0xfc45cdb7,EnableZoomSpeedCont_FW
0xfc45cdd1,DisableZoomSpeedCont_FW
0xfc45ce8f,DisableZoomDriveLog_FW
0xfc45d1fb,SetZoomEncComparatorThreshold_FW
0xfc45d20d,GetZoomEncComparatorThreshold_FW
0xfc45d211,SetZoomEncComparatorHysterisis_FW
0xfc45d223,GetZoomEncComparatorHysterisis_FW
0xfc45d227,EnableZoomDriveLog_FW
0xfc45d233,GetZoomDriveLogRange_FW
0xfc45d299,GetZoomDriveLog_FW
0xfc45d2a7,SetZoomLensCounter_FW
0xfc45d2e1,SetZoomDriveLogSampling_FW
0xfc45d319,SetZoomAmpereLimitOffTimeForAdjustZoom_FW
0xfc45d323,j_GetZoomPiDefaultPosition_FW
0xfc45df81,task_MetaCtgPrsTask
0xfc460001,GetFocusLensCurrentPosition_FW
0xfc460005,GetFocusLensCurrentPositionWithMotor_FW
0xfc468e49,task_ReadMultiConTask
0xfc477fcb,task_Raw2Ss2YuvTask
0xfc4a5941,zicokick_start
0xfc4a59bd,zicokick_copy
0xfc4a7129,EF.GetEFModExamDriveType_FW
0xfc4a7135,EF.IsIrisTypeKosaiShibori_FW
0xfc4aadd9,Bat_Calc_FW
0xfc4aadd9,CalculateBatSenseOffset_FW
0xfc4b36f1,ConvertTvToExposureTime_FW
0xfc4b3707,j_GetCurrentExposureTime_FW
0xfc4b3713,j_GetCurrentShutterSpeed_FW
0xfc4b3731,SetShutterSpeedWithMecha_FW
0xfc4b3769,SetShutterSpeed_FW
0xfc4b379b,GetUserSetShutterSPeed_FW
0xfc4b37a7,GetShutterSpeedRegularMaxLimit_FW
0xfc4b37b7,j_GetShutterSpeedRegularMaxLimit_FW
0xfc4b37b9,GetShutterSpeedRegularMinLimit_FW
0xfc4b37c9,j_GetShutterSpeedRegularMinLimit_FW
0xfc4b37e5,GetFrameRateWithApex_FW
0xfc4b3e91,CalculatePeakFromLeastSquareResult_FW
0xfc4b3eab,CalculateLog2ToApex_FW
0xfc4b3eb7,CalculatePow2FromApex_FW
0xfc4b3ebf,CalcLog10
0xfc4b3eeb,CalcLog10_FW
0xfc4b3f07,ConvertApexToApexStd_FW
0xfc4b3f21,ConvertApexStdToApex_FW
0xfc4b3f63,CalcSqrt
0xfc4b3f8b,CalcSqrt_FW
0xfc4b3fcb,SetOneShotWBParam_FW
0xfc4b3fcb,SetOneTypeWBParam_FW
0xfc4b402b,OneShotWhigeBalance_FW
0xfc4b402b,OneTypeWhiteBalance_FW
0xfc4b405f,SetWBYlStandardWidth_FW
0xfc4b4087,SetReferenceWBGainForCalibration_FW
0xfc4b40a5,SetToolCorrectCoefficient_FW
0xfc4b40ed,ReloadWBAdjustment_FW
0xfc4b429d,ConvertCxCyToWBGain_FW
0xfc4b4387,GetExStrobeID_FW
0xfc4b438f,IsExStrobeChargeComp_FW
0xfc4b4395,SetExStrobeMode_FW
0xfc4b439b,CancelExStrobeMode_FW
0xfc4b43a3,ReloadEfAdjustment_FW
0xfc4b43cf,ChargeStrobe_FW
0xfc4b43f1,ChargeStrobeForFA_FW
0xfc4b441f,StopStrobeChargeForFA_FW
0xfc4b4433,ExecuteInternalPreFlash_FW
0xfc4b44ab,ReloadColorAdjustment_FW
0xfc4b4527,RegistColorMatrix_FW
0xfc4b4549,j_RegistColorMatrix_FW
0xfc4b454b,UnregistColorMatrix_FW
0xfc4b4553,j_UnregistColorMatrix_FW
0xfc4b4621,ReloadDefectAdjustmentData_FW
0xfc4b462b,ReloadFROMDefectAdjustmentData_FW
0xfc4b4635,ReloadShadingAdjustmentData_FW
0xfc4b463f,SetWBTemperature_FW
0xfc4b46e7,DevelopStillPicture_FW
0xfc4b47ab,CloseMShutter_FW
0xfc4b47d1,OpenMShutter_FW
0xfc4b47f3,GetMShutterStatus_FW
0xfc4b47f7,j_GetMShutterStatus_FW
0xfc4b4837,GetCdsGainValue_FW
0xfc4b484f,SetDeltaCDSGain_FW
0xfc4b487d,ReloadCdsAdjustment_FW
0xfc4b488b,GetObClampValue_FW
0xfc4b4893,SetObClamp_FW
0xfc4b4893,SetObClampValue_FW
0xfc4b4897,j_GetCdsGainValue_FW
0xfc4b4899,SetCDSGain_FW
0xfc4b4899,SetCdsGainValue_FW
0xfc4b48b5,SetCdsPreGainReg_FW
0xfc4b48cb,GetCdsPreGainReg_FW
0xfc4b48cf,j_GetCdsPreGainReg_FW
0xfc4b48d1,SetSensorPreGain_FW
0xfc4b48d9,GetSensorPreGain_FW
0xfc4b48dd,GetCurrentDriveBaseSvValue_FW
0xfc4b48f1,j_GetCurrentDriveBaseSvValue_FW
0xfc4b4909,SetCDSGainStep_FW
0xfc4b4925,SetAdjCdsMode_FW
0xfc4b4941,CancelAdjCdsMode_FW
0xfc4b4951,IsAdjCdsMode_FW
0xfc4b4a57,ConvertToPositionWithDistanceAndZoomPoint_FW
0xfc4b4a6b,ConvertToPositionWithDistance_FW
0xfc4b4a7d,ReloadFocusLensAdjustment_FW
0xfc4b4a8b,j_GetFocusDefaultResetPosition_FW
0xfc4b4a93,j_GetFocusResetPosition_FW
0xfc4b4a9b,j_GetCurrentTargetDistance_FW
0xfc4b4ad5,j_GetCurrentFocusLensPosition_FW
0xfc4b4ad5,j_GetCurrentFocusPosition_FW
0xfc4b4af7,MoveFocusLensToTerminatePosition_FW
0xfc4b4af7,MoveFocusToTerminate_FW
0xfc4b4b83,MoveFocusLensToPositionWithMaxSpeed_FW
0xfc4b4bab,MoveFocusLensToPositionWithSpeed_FW
0xfc4b4c13,MoveFocusLensToPosWithSpeedWithoutWait_FW
0xfc4b4c8b,MoveFocusLensToPosition_FW
0xfc4b4cb7,MoveFocusPosition_FW
0xfc4b4d2f,MoveFocusDistance_FW
0xfc4b4d2f,MoveFocusLensToDistance
0xfc4b4d2f,MoveFocusLensToDistance_FW
0xfc4b4d9d,ResetFocus_FW
0xfc4b4edb,j_IsFocusLensOutSidePosition_FW
0xfc4b4f03,SetFocusResetState_FW
0xfc4b50a7,GetVcmSrDAC_FW
0xfc4b50bb,j_GetVcmSrDAC_FW
0xfc4b50e5,GetVcmSrAPosition_FW
0xfc4b50f9,j_GetVcmSrAPosition_FW
0xfc4b50fb,GetVcmSrBPosition_FW
0xfc4b510f,j_GetVcmSrBPosition_FW
0xfc4b51db,SetVcmOpenDriveMode_FW
0xfc4b51e5,CancelVcmOpenDriveMode_FW
0xfc4b5207,EnableVcmSrAmpCorrect_FW
0xfc4b53f1,DisableVcmSrAmpCorrect_FW
0xfc4b53fb,SetVcmSrDigOffset_FW
0xfc4b540d,GetVcmSrDigOffset_FW
0xfc4b5411,SetVcmSrDigGain_FW
0xfc4b5423,GetVcmSrDigGain_FW
0xfc4b5427,SetVcmSrSignalPosPeak_FW
0xfc4b5439,SetVcmSrSignalNegPeak_FW
0xfc4b544b,GetVcmSrSignalPosPeak_FW
0xfc4b544f,GetVcmSrSignalNegPeak_FW
0xfc4b5453,SetVcmSrDAC_FW
0xfc4b5461,SetVcmSrAPosition_FW
0xfc4b546d,SetVcmSrBPosition_FW
0xfc4b5479,GetVcmSrAD_FW
0xfc4b547d,MeasureVcmDriveTimeWithPosition_FW
0xfc4b5499,DriveVcmOpenDrive_FW
0xfc4b54fb,SaveFocusResetPulse_FW
0xfc4b5587,ReloadNdFilterAdjustment_FW
0xfc4b5599,PutInNdFilter
0xfc4b5599,PutInNdFilter_FW
0xfc4b55bf,PutOutNdFilter
0xfc4b55bf,PutOutNdFilter_FW
0xfc524b67,UIFS_PlayTrimExecuteAllImageSize_FW
0xfc524fab,LCDMsg_SetStr_FW
0xfc525063,LCDMsg_SetNum_FW
0xfc5250cd,LCDMsg_SwDisp_FW
0xfc525103,LCDMsg_Move_FW
0xfc525157,LCDMsg_MoveRatio_FW
0xfc525191,LCDMsg_ChangeColor_FW
0xfc52520d,LCDMsg_Delete_FW
0xfc525337,LCDMsg_Create_FW
0xfc525401,LCDRect_Move_FW
0xfc525453,LCDRect_MoveRatio_FW
0xfc525503,LCDRect_Resize_FW
0xfc525555,LCDRect_ResizeRatio_FW
0xfc5255f9,LCDRect_ChangeColor_FW
0xfc525691,LCDRect_SwDisp_FW
0xfc525869,LCDRect_Create_FW
0xfc525903,LCDRect_Delete_FW
0xfc527a55,task_CtgTotalTask
0xfc538901,task_DvlpCs
