0x00093854,task_AdditionAgent
0xffc00bd0,memShow_FW
0xffc02128,DisableDispatch_low
0xffc02154,EnableDispatch_low
0xffc021a8,get_self_task_id
0xffc0339c,get_task_properties
0xffc03794,get_self_task_errno_pointer
0xffc039c4,malloc
0xffc03a98,free
0xffc03b78,realloc
0xffc03c40,GetMemInfo
0xffc04e1c,drysh_FW
0xffc04e98,err_init_task
0xffc050b4,task_ClockSave
0xffc09ec4,open
0xffc09f74,close
0xffc0a15c,Read
0xffc0a15c,Read_FW
0xffc0b5a0,RegisterInterruptHandler
0xffc0b5c4,UnregisterInterruptHandler
0xffc0b5dc,GetSRAndDisableInterrupt
0xffc0b5e0,SetSR
0xffc0b600,EnableInterrupt
0xffc0b608,CreateBinarySemaphore
0xffc0b670,CreateCountingSemaphore
0xffc0b670,CreateCountingSemaphore_FW
0xffc0b6c8,DeleteSemaphore
0xffc0b6c8,DeleteSemaphore_FW
0xffc0b720,TryTakeSemaphore
0xffc0b774,TakeSemaphore
0xffc0b774,TakeSemaphore_FW
0xffc0b844,GiveSemaphore
0xffc0b844,GiveSemaphore_FW
0xffc0b87c,GetSemaphoreValue
0xffc0b8e0,CreateTask
0xffc0b8e0,CreateTask_FW
0xffc0bb70,ExitTask
0xffc0bb70,ExitTask_FW
0xffc0bbb8,CreateTaskStrictly
0xffc0bbec,CreateMessageQueueStrictly
0xffc0bc10,CreateEventFlagStrictly
0xffc0bc34,CreateBinarySemaphoreStrictly
0xffc0bc58,CreateCountingSemaphoreStrictly
0xffc0bc7c,CreateRecursiveLockStrictly
0xffc0bca0,TakeSemaphoreStrictly
0xffc0bccc,ReceiveMessageQueueStrictly
0xffc0bcf8,PostMessageQueueStrictly
0xffc0bd24,WaitForAnyEventFlagStrictly
0xffc0bd50,WaitForAllEventFlagStrictly
0xffc0bd7c,AcquireRecursiveLockStrictly
0xffc0bdb8,DebugAssert
0xffc0be98,task_ConsoleSvr
0xffc0c4c0,RotateConsoleZOder_FW
0xffc0c550,task_LowConsole
0xffc0c6d0,CPrintf_FW
0xffc0c72c,CPutChar_FW
0xffc0c758,GetCh_FW
0xffc0c7a8,GetStringWithPrompt_FW
0xffc0c808,OpenConsole_FW
0xffc0c96c,CloseConsole_FW
0xffc0cd28,task_Startup
0xffc0ce68,_uartr_req
0xffc0cef8,task_UartLog
0xffc0d04c,StartRedirectUART_FW
0xffc0d7c8,sprintf_FW
0xffc0d80c,vsprintf
0xffc0d88c,strcpy
0xffc0d88c,strcpy_FW
0xffc0d8a4,j_strcmp_FW
0xffc0d8a4,strcmp
0xffc0d8cc,strcmp_FW
0xffc0d8e8,strlen
0xffc0d8e8,strlen_FW
0xffc0d90c,memcmp
0xffc0d90c,memcmp_FW
0xffc0da08,srand
0xffc0da14,rand
0xffc105d0,GetVBatVoltage_FW
0xffc105d0,VbattGet
0xffc105d0,VbattGet_FW
0xffc107b8,task_TempCheck
0xffc11548,kbd_p2_f
0xffc118a4,task_PhySw
0xffc11ab4,GetSwitchStatus_FW
0xffc11be4,GetSDDetect_FW
0xffc11bec,GetSDProtect
0xffc11bec,GetSDProtect_FW
0xffc11c08,GetDialEventId_FW
0xffc11c0c,kbd_read_keys
0xffc11d08,kbd_p1_f
0xffc11d14,kbd_p1_f_cont
0xffc12b28,EngDrvOut
0xffc12b40,EngDrvIn
0xffc12b48,EngDrvRead
0xffc12b5c,EngDrvBits
0xffc133b4,RenameFile_Fut
0xffc13408,DeleteFile_Fut
0xffc1347c,MakeDirectory_Fut
0xffc134ec,DeleteDirectory_Fut
0xffc13544,Fopen_Fut
0xffc13544,Fopen_Fut_FW
0xffc13584,Fclose_Fut
0xffc13584,Fclose_Fut_FW
0xffc13630,Fread_Fut
0xffc13630,Fread_Fut_FW
0xffc13684,Fwrite_Fut
0xffc13684,Fwrite_Fut_FW
0xffc136d8,Fgets_Fut
0xffc13724,Fseek_Fut
0xffc13724,Fseek_Fut_FW
0xffc13770,Feof_Fut
0xffc137ac,Fflush_Fut
0xffc13b34,Open
0xffc13b34,Open_FW
0xffc13b5c,Close
0xffc13b5c,Close_FW
0xffc13ba4,Remove
0xffc13c04,j_Read_FW
0xffc13c08,Write
0xffc13c08,Write_FW
0xffc13c9c,Lseek
0xffc13c9c,lseek
0xffc13c9c,Lseek_FW
0xffc13d64,j_Lseek_FW
0xffc13d68,stat
0xffc13e38,SetFileTimeStamp
0xffc13e88,SetFileAttributes
0xffc13f00,mkdir
0xffc1422c,j_StartCameraLog_FW
0xffc14230,j_ShowCameraLog_FW
0xffc14234,j_ShowCameraLogInfo_FW
0xffc14238,j_StopCameraLog_FW
0xffc1423c,j_PutsCameraLogEvent_FW
0xffc14240,OpLog.Create_FW
0xffc142bc,j_NewTaskShell_FW
0xffc142c0,j_ExMem.View_FW
0xffc142c4,j_ExMem.AllocUncacheable_FW
0xffc142c8,j_ExMem.FreeUncacheable_FW
0xffc142cc,j_ExMem.AllocCacheable_FW
0xffc142d0,j_ExMem.FreeCacheable_FW
0xffc142d4,ExMem_FW
0xffc15150,MoveOpticalZoomAt
0xffc157a0,DoAFLock
0xffc158b8,UnlockAF
0xffc15a90,EnterToCompensationEVF
0xffc15bdc,ExitFromCompensationEVF
0xffc15c80,DoAELock
0xffc15cb0,UnlockAE
0xffc16264,MenuIn
0xffc1629c,MenuOut
0xffc17114,CreateEventFlag
0xffc1716c,DeleteEventFlag
0xffc171bc,CheckAnyEventFlag
0xffc17204,CheckAllEventFlag
0xffc1724c,WaitForAnyEventFlag
0xffc172f0,WaitForAllEventFlag
0xffc173b8,SetEventFlag
0xffc173ec,ClearEventFlag
0xffc17424,GetEventFlagValue
0xffc17528,CreateMessageQueue
0xffc175ac,DeleteMessageQueue
0xffc1763c,ReceiveMessageQueue
0xffc176e8,TryReceiveMessageQueue
0xffc17764,PostMessageQueue
0xffc17800,TryPostMessageQueue
0xffc17840,GetNumberOfPostedMessages
0xffc178b0,CreateRecursiveLock
0xffc17900,DeleteRecursiveLock
0xffc17950,AcquireRecursiveLock
0xffc17a54,ReleaseRecursiveLock
0xffc17ad8,DisableDispatch
0xffc17c9c,SleepTask
0xffc17c9c,SleepTask_FW
0xffc17d08,EnableDispatch
0xffc17d6c,malloc_strictly
0xffc17e18,AllocateUncacheableMemory
0xffc17e4c,FreeUncacheableMemory
0xffc180b8,_GetSystemTime
0xffc181f0,SetTimerAfter
0xffc18270,SetTimerWhen
0xffc182d4,CancelTimer
0xffc19504,task_Bye
0xffc19690,Restart
0xffc19d68,task_StartupImage
0xffc1d81c,strncpy
0xffc1d858,strtolx
0xffc1da54,strtol
0xffc1db34,task_AFTask
0xffc218c8,ExpCtrlTool_StartContiAE
0xffc21a0c,ExpCtrlTool_StopContiAE
0xffc23b54,task_FramePosition
0xffc251f8,ImagerActivate
0xffc26464,task_ImageSensorTask
0xffc26c24,SetMontblancVSize_FW
0xffc26c38,GetMontblancVSize_FW
0xffc27598,SetUSBToDCPMode_FW
0xffc29af4,task_UsbHal
0xffc2ca84,DispCon_ShowColorBar_FW
0xffc2cae0,DispCon_ShowFiveStep_FW
0xffc2cbc0,DispCon_ShowWhiteChart_FW
0xffc2cbf8,DispCon_ShowBlackChart_FW
0xffc2cc14,DispCon_ShowBitmapColorBar
0xffc2cc14,DispCon_ShowBitmapColorBar_FW
0xffc2cc74,DispCon_ShowCustomColorBar_FW
0xffc2ccd8,DispCon_SetDisplayType_FW
0xffc2ccf8,DispCon_TurnOnDisplay_FW
0xffc2ccf8,TurnOnDisplay
0xffc2cd08,DispCon_TurnOffDisplay_FW
0xffc2cd08,TurnOffDisplay
0xffc2cd18,DispCon_SetMaxBackLightBrightness_FW
0xffc2cd98,DispCon_SetVideoAdjParameter_FW
0xffc2cdf8,DispCon_GetVideoAdjParameter_FW
0xffc2ce40,DispCon_ShowVideoAdjParameter_FW
0xffc2ce58,DispCon_SaveVideoAdjParameter_FW
0xffc2ced0,DispCon_SetLcdGainAdjParameter_FW
0xffc2cfb0,DispCon_GetLcdGainAdjParameter_FW
0xffc2d000,DispCon_ShowLcdGainAdjParameter_FW
0xffc2d024,DispCon_SaveLcdGainAdjParameter_FW
0xffc2e808,GetAdVBattBottom_FW
0xffc2e810,GetAdChValue
0xffc2e810,GetAdChValue_FW
0xffc2f7dc,Bat_Calc_FW
0xffc2f7dc,CalculateBatSenseOffset_FW
0xffc2fa10,task_BeepTask
0xffc2fdf8,BeepDrive_FW
0xffc2fe60,task_LEDCon
0xffc303c0,LEDDrive
0xffc303c0,LEDDrive_FW
0xffc30728,kbd_read_keys_r2
0xffc30b18,GetKbdState
0xffc30bd8,task_AudioTsk
0xffc311c4,TurnOnVideoOutMode_FW
0xffc31228,TurnOffVideoOutMode_FW
0xffc3219c,task_FWDDATA
0xffc329a0,task_Thermometer
0xffc32b68,GetCCDTemperature
0xffc32b68,GetCCDTemperature_FW
0xffc32b68,GetCurrentCcdTemp_FW
0xffc32bd8,GetBatteryTemperature
0xffc32bd8,GetBatteryTemperature_FW
0xffc32c48,GetCurrentOptTemp_FW
0xffc32c48,GetOpticalTemperature
0xffc32c48,GetOpticalTemperature_FW
0xffc32cfc,j_GetOpticalTemperature_FW
0xffc32d00,j_GetCCDTemperature_FW
0xffc32d04,j_GetBatteryTemperature_FW
0xffc33828,DisplayFactoryMode_FW
0xffc33834,UndisplayFactoryMode_FW
0xffc339e8,ClearFactoryMode_FW
0xffc33a14,SetFactoryMode_FW
0xffc33ad4,ClearDUIDFixFlag_FW
0xffc33b0c,SetDUIDFixFlag_FW
0xffc33b48,IsFactoryMode_FW
0xffc33b78,IsDUIDFixFlag_FW
0xffc33bb8,StartFactoryModeController_FW
0xffc34a44,EraseAdjustmentArea_FW
0xffc34a50,DumpAdjMirror_FW
0xffc34a74,GetAdjTableVersion_FW
0xffc34aa8,GetAdjTableMapVersion_FW
0xffc34ab8,GetAdjTableValueVersion_FW
0xffc34acc,ShowDefaultAdjTableVersion_FW
0xffc34b88,LoadAdjustmentTable_FW
0xffc34b98,CreateAdjustmentTableMirror_FW
0xffc34d68,SaveAdjustmentTable_FW
0xffc34d80,SaveAdjustmentValue_FW
0xffc34da4,LoadAdjustmentValue_FW
0xffc34dc8,PrintAdjTableMap_FW
0xffc34fb8,RefreshAdjustmentTableMirror_FW
0xffc350a0,WRITEADJTABLETOFROM_FW
0xffc350bc,AddAdjDataToFRom_FW
0xffc38724,InitializeTestRec_FW
0xffc3878c,TerminateTestRec_FW
0xffc3896c,ExecuteTestRec_FW
0xffc38a38,ExecuteTestRecCF_FW
0xffc38af0,Initializedccd_FW
0xffc38af0,InitializeDigicon_FW
0xffc38c1c,Terminatedccd_FW
0xffc38c1c,TerminateDigicon_FW
0xffc38c64,ExecuteDigicon_FW
0xffc39260,Executedccd_FW
0xffc392f0,GetdccdImage_FW
0xffc39384,GetdccdFilterValue_FW
0xffc3c710,UpdateMBROnFlash
0xffc3c8d0,GetDrive_ClusterSize
0xffc3c904,GetDrive_TotalClusters
0xffc3c938,GetDrive_FreeClusters
0xffc3cccc,task_FsIoNotifyTask
0xffc3f78c,task_SD1stInit
0xffc41a10,task_ImgPlayDrv
0xffc42bc0,task_RedEyeCapt
0xffc43150,task_LensController
0xffc43af0,task_LensController
0xffc44380,IsLensOutside_FW
0xffc443a4,GetLensErrorStatus_FW
0xffc453d8,task_MovieRecord
0xffc460d4,PT_PlaySound
0xffc46278,PT_CompletePreCapt_FW
0xffc46280,PT_RecreviewAvailable_FW
0xffc46288,PT_NextShootAvailable_FW
0xffc46290,PT_CompleteStopZoom_FW
0xffc46298,PT_CompleteStopDigZoom_FW
0xffc462a0,PT_CompleteStoreLens_FW
0xffc462a8,PT_MovieRecordStopped_FW
0xffc462b0,PT_CompleteCaptModeChange_FW
0xffc462b8,PT_CompleteSynchroWrite_FW
0xffc462c0,PT_CompleteCharge_FW
0xffc462c8,PT_CompleteFileWrite_FW
0xffc462d0,PT_BatLvChange_PreWeak_FW
0xffc462d8,PT_BatLvChange_Weak_FW
0xffc462e0,PT_BatLvChange_Low_FW
0xffc462e8,PT_BatLvChange_SysLow_FW
0xffc462f0,task_PT_BatTestTask
0xffc4636c,PT_StartBatteryTest_FW
0xffc463a8,PT_FinishBatteryTest_FW
0xffc463c4,PT_GetBatteryLevel_FW
0xffc463d8,PT_GetPreWeakBatLv_FW
0xffc46430,PT_GetWeakBatLv_FW
0xffc46488,PT_GetLowBatLv_FW
0xffc464e0,PT_GetSysLowBatLv_FW
0xffc465ac,PT_EraseAllFile_FW
0xffc465d4,PT_mod_FW
0xffc465fc,PT_GetSystemTime_FW
0xffc46610,PT_SetPropertyCaseInt_FW
0xffc4663c,PT_GetPropertyCaseInt_FW
0xffc466b4,PT_GetLocalDateAndTimeString_FW
0xffc466f8,PT_PlaySound_FW
0xffc46714,PT_LCD_BkColorDef_FW
0xffc46798,PT_MoveOpticalZoomToTele_FW
0xffc467ac,PT_MoveOpticalZoomToWide_FW
0xffc467c0,PT_MoveOpticalZoomAt
0xffc467c0,PT_MoveOpticalZoomAt_FW
0xffc467d8,PT_MoveDigitalZoomToTele_FW
0xffc467e8,PT_MoveDigitalZoomToWide
0xffc467e8,PT_MoveDigitalZoomToWide_FW
0xffc467f8,PT_MoveDigitalZoomAt_FW
0xffc4680c,PT_ChangeZoomSpeed_FW
0xffc46820,PT_DoAFLock_FW
0xffc46830,PT_UnlockAF_FW
0xffc46840,PT_DoAELock_FW
0xffc46850,PT_UnlockAE_FW
0xffc46860,PT_MFOn
0xffc46860,PT_MFOn_FW
0xffc46870,PT_MFOff
0xffc46870,PT_MFOff_FW
0xffc46880,SS.Create_FW
0xffc47b3c,task_SsStartupTask
0xffc488a4,task_CaptSeq
0xffc488a4,task_CaptSeqTask
0xffc49b94,task_MovieCtrlTask
0xffc4c820,task_SsTask
0xffc4dd98,GetLogToFile_FW
0xffc4dfdc,EraseLogSector_FW
0xffc4e5b8,GetCurrentMachineTime
0xffc50100,get_resource_pointer
0xffc50640,UnLoadScript_FW
0xffc506e8,Printf_FW
0xffc506f4,LoadScript_FW
0xffc50edc,time
0xffc51028,LocalTime
0xffc511f4,ExMem.View_FW
0xffc51568,exmem_assert
0xffc51940,exmem_ualloc
0xffc5199c,ExMem.AllocUncacheable_FW
0xffc51a80,exmem_ufree
0xffc51adc,ExMem.FreeUncacheable_FW
0xffc51af0,exmem_alloc
0xffc51b58,ExMem.AllocCacheable_FW
0xffc51b68,exmem_free
0xffc51c64,ExMem.FreeCacheable_FW
0xffc5273c,SetHPTimerAfterNow
0xffc527bc,SetHPTimerAfterTimeout
0xffc52844,CancelHPTimer
0xffc531dc,RegisterEventProcedure
0xffc53308,ExecuteEventProcedure
0xffc53380,ExecuteEventProcedure_FW
0xffc53d40,ExportToEventProcedure_FW
0xffc53d4c,CreateProxyOfEventProcedure_FW
0xffc53da4,DeleteProxyOfEventProcedure_FW
0xffc53fbc,PutsCameraLogEvent_FW
0xffc54000,ShowCameraLogInfo_FW
0xffc5406c,ShowCameraLog_FW
0xffc540b4,StartCameraLog_FW
0xffc54278,StopCameraLog_FW
0xffc542d8,LogCameraEvent
0xffc54664,task_OpePlay
0xffc54878,OpLog.Stop_FW
0xffc548a4,OpLog.ReadFromROM_FW
0xffc54924,OpLog.ReadFromSD_FW
0xffc54ccc,OpLog.WriteToSD_FW
0xffc550d4,OpLog.WriteToROM_FW
0xffc550fc,OpLog.Get_FW
0xffc5511c,OpLog.Show_FW
0xffc551b8,OpLog.Play_FW
0xffc552ec,OpLog.Start_FW
0xffc55aa0,task_WdtPrint
0xffc55b54,task_WdtReset
0xffc55c14,StartWDT_FW
0xffc55c78,StopWDT_FW
0xffc55d68,GetBuildDate_FW
0xffc55d70,GetBuildTime_FW
0xffc55d78,GetFirmwareVersion_FW
0xffc55e84,CheckSumAll_FW
0xffc56074,RomCheckSum_FW
0xffc56918,task_EvShel
0xffc569cc,NewTaskShell
0xffc56a2c,NewTaskShell_FW
0xffc56e08,SetPropertyCase
0xffc56f08,GetPropertyCase
0xffc59738,FmtMenu_ExecuteQuickFormat_FW
0xffc59c94,task_CtrlSrv
0xffc5a41c,CreateController_FW
0xffc5a4d8,DeleteController_FW
0xffc5a65c,MoveControllerToTopOfZOrder_FW
0xffc5a7a0,GetSelfControllerHandle_FW
0xffc5abd8,PostLogicalEventForNotPowerType
0xffc5abd8,PostLogicalEventForNotPowerType_FW
0xffc5ac24,PostLogicalEventToUI
0xffc5ac24,PostLogicalEventToUI_FW
0xffc5ac9c,PostEventShootSeqToUI_FW
0xffc5acf0,ShowLogicalEventName_FW
0xffc5b058,set_control_event
0xffc5b294,IsControlEventActive_FW
0xffc5b304,SetLogicalEventActive
0xffc5b354,SetScriptMode
0xffc5b354,SetScriptMode_FW
0xffc5b37c,UiEvnt_StartDisguiseCradleStatus_FW
0xffc5b38c,UiEvnt_StopDisguiseCradleStatus_FW
0xffc5b4bc,UnlockMainPower
0xffc5b4bc,UnlockMainPower_FW
0xffc5b568,LockMainPower
0xffc5b568,LockMainPower_FW
0xffc5b5dc,SetAutoShutdownTime
0xffc5b5dc,SetAutoShutdownTime_FW
0xffc5b7b4,HardwareDefectWithRestart_FW
0xffc5b804,HardwareDefect_FW
0xffc5ba18,PTM_AllResetToFactorySetting_FW
0xffc5ba28,j_PTM_AllReset_FW
0xffc5bd90,PTM_SetCurrentCaptureMode_FW
0xffc5bea8,j_PTM_GetWorkingCaptureMode_FW
0xffc5beac,j_PTM_SetCurrentItem_FW
0xffc5beb8,PTM_GetCurrentItem
0xffc5beb8,PTM_GetCurrentItem_FW
0xffc5bf24,j_PTM_NextItem_FW
0xffc5bf28,j_PTM_PrevItem_FW
0xffc5bf38,j_PTM_IsEnableItem_FW
0xffc5bf3c,j_PTM_SetProprietyEnable_FW
0xffc5bf54,j_PTM_BackupUIProperty_FW
0xffc5bf58,PTM_RestoreUIProperty_FW
0xffc5e188,PB2Rec
0xffc5e1b8,Rec2PB
0xffc5ebf8,task_InitFileModules
0xffc5ec30,task_CommonDrivers
0xffc61880,SetCurrentCaptureModeType
0xffc61880,SetCurrentCaptureModeType_FW
0xffc618bc,GetCurrentCaptureModeType_FW
0xffc64df8,UIFS_StartMovieRecord_FW
0xffc64e2c,UIFS_StopMovieRecord_FW
0xffc65808,task_FaceFrame
0xffc65a3c,task_DSITask
0xffc65d98,TurnOnBackLight
0xffc65db0,TurnOffBackLight
0xffc67a94,DisplayBusyOnScreen
0xffc67bf8,UndisplayBusyOnScreen
0xffc6e338,StartGUISystem_FW
0xffc6e478,atol_FW
0xffc6e484,strcat
0xffc6e4c0,strncmp
0xffc6e50c,strchr
0xffc6e530,strrchr
0xffc6e698,memcpy
0xffc6e698,memcpy_FW
0xffc6e90c,strftime
0xffc6ef04,mktime_ext
0xffc6fa4c,GetCurrentShutterSpeed
0xffc6fa4c,GetCurrentShutterSpeed_FW
0xffc6fd80,GetCurrentExposureTime_FW
0xffc732ec,task_WBIntegTask
0xffc76354,DoMovieFrameCapture
0xffc778c4,task_AfIntSrvTask
0xffc85010,task_BrtMsrTask
0xffc8cafc,ExpCtrlTool.SetExpMode_FW
0xffc900b8,task_ExpDrv
0xffc900b8,task_ExpDrvTask
0xffc91904,get_current_exp
0xffc92ff4,task_WBCtrl
0xffc93f08,task_OBCtrlTask
0xffc94f08,task_DetectMoveTask
0xffc96ac4,task_DevelopModule
0xffc96e40,task_EFChargeT
0xffc97108,EF.IsChargeFull_FW
0xffc97108,IsStrobeChargeCompleted
0xffc99238,j_GetBaseSv
0xffc995b0,ReloadCdsAdjustment_FW
0xffc99b44,E2LatOn_FW
0xffc9af60,task_SsgMainTask
0xffc9b184,task_SsgPeriodTask
0xffc9df40,task_TgTask
0xffca178c,LiveImageTool.GetDzoomPosition_FW
0xffca18c0,GetVRAMHPixelsSize
0xffca18c0,GetVRAMHPixelsSize_FW
0xffca18cc,GetVRAMVPixelsSize
0xffca18cc,GetVRAMVPixelsSize_FW
0xffca18d8,GetMovieJpegVRAMHPixelsSize_FW
0xffca18e4,GetMovieJpegVRAMVPixelsSize_FW
0xffca198c,StopContinuousVRAMData_FW
0xffca2358,task_SyncPeriod
0xffca23e0,task_SynchTask
0xffca3c94,get_ptp_buf_size
0xffca3ddc,task_EntiCtrl
0xffca43c0,task_SesnMngr
0xffca4ee0,task_TimerUtility
0xffca55d4,COMFACHK_StartService_FW
0xffca5624,COMFACHK_StopService_FW
0xffca56c4,COMFACHK_StartSendData_FW
0xffca5700,COMFACHK_StartSendLargeData_FW
0xffca5764,COMFACHK_GetTransferTime_FW
0xffca57c4,COMFACHK_SetSendDataSize_FW
0xffca5ce0,handle_PTP_OC_0x9805
0xffca63a0,handle_PTP_OC_0x9804
0xffca64c4,handle_PTP_OC_0x9803
0xffca6614,handle_PTP_OC_0x9802
0xffca6a58,handle_PTP_OC_0x9801
0xffca8390,handle_PTP_OC_CANON_GetTreeInfo
0xffca843c,handle_PTP_OC_CANON_TerminateDirectTransfer
0xffca88e4,handle_PTP_OC_CANON_GetTreeSize
0xffca890c,handle_PTP_OC_CANON_NotifyProgress
0xffca89c0,handle_PTP_OC_CANON_NotifyCancelAccepted
0xffca8a80,handle_PTP_OC_CANON_SetDisplayMonitor
0xffca9314,handle_PTP_OC_0x903f
0xffca9378,handle_PTP_OC_0x9040
0xffca93dc,handle_PTP_OC_0x9041
0xffca94bc,handle_PTP_OC_0x904d
0xffca9554,handle_PTP_OC_0x9044
0xffca9630,handle_PTP_OC_0x9045
0xffca96a4,handle_PTP_OC_0x904e
0xffca9720,handle_PTP_OC_0x904f
0xffca9798,handle_PTP_OC_0x9054
0xffca9850,handle_PTP_OC_0x9055
0xffca98b0,handle_PTP_OC_0x9056
0xffca9d74,handle_PTP_OC_ResetDevicePropValue
0xffca9e94,handle_PTP_OC_SetDevicePropValue
0xffcaa038,handle_PTP_OC_GetDevicePropValue
0xffcaa144,handle_PTP_OC_GetDevicePropDesc
0xffcaad50,handle_PTP_OC_CANON_CheckEvent
0xffcab8c8,task_PTPSessionTASK
0xffcac250,handle_PTP_OC_CloseSession
0xffcac308,handle_PTP_OC_OpenSession
0xffcae504,task_PreLoadTask
0xffcaf6f0,handle_PTP_OC_GetStorageIDs
0xffcaf7cc,handle_PTP_OC_GetStorageInfo
0xffcaff3c,handle_PTP_OC_GetObject
0xffcb014c,handle_PTP_OC_GetThumb
0xffcb01f4,handle_PTP_OC_GetPartialObject
0xffcb0310,handle_PTP_OC_SetObjectProtection
0xffcb03b8,handle_PTP_OC_GetObjectInfo
0xffcb04b4,handle_PTP_OC_CANON_GetPartialObjectInfo
0xffcb06e8,handle_PTP_OC_CANON_GetPartialObjectEx
0xffcb0978,handle_PTP_OC_CANON_GetObjectAttributes
0xffcb0a1c,handle_PTP_OC_CANON_SetObjectArchive
0xffcb0adc,handle_PTP_OC_CANON_SendObjectInfoByPath
0xffcb0adc,handle_PTP_OC_SendObjectInfo
0xffcb0e3c,handle_PTP_OC_0x904c
0xffcb1184,handle_PTP_OC_CANON_GetObjectHandleByName
0xffcb12b8,handle_PTP_OC_CANON_SetObjectTime
0xffcb1334,handle_PTP_OC_DeleteObject
0xffcb1494,handle_PTP_OC_FormatStore
0xffcb15a8,handle_PTP_OC_0x9038
0xffcb1664,handle_PTP_OC_0x9039
0xffcb1734,handle_PTP_OC_0x903a
0xffcb17f4,handle_PTP_OC_0x903b
0xffcb18f8,handle_PTP_OC_0x904b
0xffcb1a84,handle_PTP_OC_GetNumObjects
0xffcb1b80,handle_PTP_OC_GetObjectHandles
0xffcb1d94,handle_PTP_OC_CANON_GetObjectInfoEx
0xffcb2030,handle_PTP_OC_CANON_SendObjectByPath
0xffcb2030,handle_PTP_OC_SendObject
0xffcb226c,handle_PTP_OC_CANON_SendPartialObject
0xffcb2c04,task_TrnsCtrlTask
0xffcb5668,task_RapiRevr
0xffcb7984,j_InitializeDCPClassFunctions_FW
0xffcb7cc4,InitializeDCPClassFunctions_FW
0xffcba0ec,task_SRM
0xffcc3620,LcdCon_SetLcdDriver_FW
0xffcc3660,LcdCon_SetLcdAdjParameter_FW
0xffcc36e8,LcdCon_GetLcdAdjParameter_FW
0xffcc3730,LcdCon_ShowLcdAdjParameter_FW
0xffcc3770,LcdCon_SaveLcdAdjParameter_FW
0xffcc378c,LcdCon_SetLcdParameter_FW
0xffcc38e0,LcdCon_GetLcdParameter_FW
0xffcc3928,LcdCon_ShowLcdParameter_FW
0xffcc3968,LcdCon_SaveLcdParameter_FW
0xffcc3a30,LcdCon_SetLcdBackLightBrightness_FW
0xffcc3a60,LcdCon_SetLcdBackLightParameter_FW
0xffcc3ab8,LcdCon_GetLcdBackLightParameter_FW
0xffcc3afc,LcdCon_ShowLcdBackLightParameter_FW
0xffcc3b3c,LcdCon_SaveLcdBackLightParameter_FW
0xffccc8ec,task_Fencing
0xffcd56f4,LoadParamDataFromAdjTableBin_FW
0xffcd57f8,LoadDataFromAdjTableBin_FW
0xffcd58f4,DeviceUniqueIDCheckSum_FW
0xffcd5b3c,PrintFirmVersion_FW
0xffcd5b70,PrintFaexeVersioin_FW
0xffcd5b80,CreateFADBGSingalID_FW
0xffcd5b90,FADBGSingal_FW
0xffcd5c3c,FADBGPrintf_FW
0xffcd5dbc,FAPrintf_FW
0xffcd5e0c,OutputLogToFile_FW
0xffcd5f0c,StopLogOut_FW
0xffcd606c,GetLogData_FW
0xffcd6124,GetLogDataOnlyAddMemory_FW
0xffcd618c,ActivateAdjLog_FW
0xffcd61a0,InactivateAdjLog_FW
0xffcd61b4,StartLogOut_FW
0xffcd61cc,IsLogOutType_FW
0xffcd825c,SetDefaultRecParameter_FW
0xffcd8588,SetSensitiveDefectRecParameter_FW
0xffcd8598,SetSensitiveRecParameter_FW
0xffcd85a4,SetDefectRecParameter_FW
0xffcd8858,EnableDebugLogMode_FW
0xffcd886c,DisableDebugLogMode_FW
0xffcdaf54,task_dccdCalcTask
0xffcdf3cc,task_FolderCreateCheckTask
0xffcdfb50,task_MetaCtg
0xffce63fc,task_DPOFTask
0xffceaf4c,task_FileManMarkAllTask
0xffcee2a0,task_FORMAT_TASK_PROGRESS
0xffcee3a0,task_FORMAT_TASK_NAME
0xffcf8a00,WriteSDCard
0xffcfbd24,task_ImgTrim
0xffcfdb40,task_RedEyePly
0xffd00f1c,task_CZ
0xffd023dc,GetCurrentTargetDistance_FW
0xffd023dc,GetFocusLensSubjectDistance
0xffd02444,GetCurrentFocusLensPosition_FW
0xffd02444,GetCurrentFocusPosition_FW
0xffd026e8,GetFocusLensSubjectDistanceFromLens
0xffd0284c,GetFocusResetPosition_FW
0xffd028b8,GetFocusDefaultResetPosition_FW
0xffd02904,ReloadFocusLensAdjustment_FW
0xffd032e4,GetCurrentAvValue
0xffd032e4,GetCurrentAvValue_FW
0xffd032e4,GetIrisAv_FW
0xffd034e4,ReloadIrisAdjustment_FW
0xffd03ac0,GetZoomPiSensorLevel_FW
0xffd03b08,GetFocusPiSensorLevel_FW
0xffd04198,GetMechaShutterStatus_FW
0xffd042d0,ReloadNdFilterAdjustment_FW
0xffd06078,GetCurrentZoomLensPosition_FW
0xffd06078,GetCurrentZoomPosition_FW
0xffd06078,GetZoomLensCurrentPosition_FW
0xffd060a0,GetCurrentZoomLensPoint_FW
0xffd060a0,GetCurrentZoomPoint_FW
0xffd060a0,GetZoomLensCurrentPoint
0xffd060a0,GetZoomLensCurrentPoint_FW
0xffd0645c,GetZoomLensTelePoint_FW
0xffd067f8,ReloadZoomAdjustment_FW
0xffd06a04,GetZoomLensMechaEdgePosition_FW
0xffd07a3c,task_AviWrite
0xffd09418,MechaUnRegisterEventProcedure_FW
0xffd09454,Mecha.Create_FW
0xffd094a8,MechaReset_FW
0xffd094b4,MechaTerminate_FW
0xffd094c0,ShowMechaMacro_FW
0xffd095a4,DispDev_EnableEventProc_FW
0xffd095e4,SetSDPwrPort_FW
0xffd09610,j_GetAdVBattBottom_FW
0xffd09614,j_GetAdChValue_FW
0xffd09618,j_BeepDrive_FW
0xffd0961c,j_VbattGet_FW
0xffd09620,j_LEDDrive_FW
0xffd09624,ShowPhySwStatus_FW
0xffd09634,SetRawSWCheckMode_FW
0xffd09644,OnPrintPhySw_FW
0xffd09654,OffPrintPhySw_FW
0xffd09664,j_GetSwitchStatus_FW
0xffd09668,ShowSDStatus_FW
0xffd09678,j_GetSDDetect_FW
0xffd0967c,j_GetSDProtect_FW
0xffd09680,SetIgnoreAVJACK_FW
0xffd09690,j_GetDialEventId_FW
0xffd09694,Driver.Create_FW
0xffd09694,Driver_EnableEventProc_FW
0xffd098a4,j_Printf_FW
0xffd098a8,j_MonSelEvent_FW
0xffd098ac,j_MemoryChecker_FW
0xffd098b0,j_VerifyByte_FW
0xffd098b4,EraseSignature_FW
0xffd098c4,j_SDump_FW
0xffd098c8,Dump_FW
0xffd098d8,Dump32_FW
0xffd098ec,Poke32_FW
0xffd098fc,Poke16_FW
0xffd0990c,Poke8_FW
0xffd0991c,j_Peek32_FW
0xffd09920,j_Peek16_FW
0xffd09924,j_Peek8_FW
0xffd09928,Wait_FW
0xffd09938,j_exec_FW
0xffd0993c,ShowAllTaskInfo_FW
0xffd0994c,System.Delete_FW
0xffd09fdc,System.Create_FW
0xffd09fdc,SystemEventInit_FW
0xffd0a224,UI_ShowStateOfRecMode_FW
0xffd0a324,UIFS_SetDialStillRec_FW
0xffd0a34c,UIFS_SetDialMovieRec_FW
0xffd0a374,UIFS_SetDialPlay_FW
0xffd0a39c,UIFS_OpenPopupStrobe_FW
0xffd0a3cc,UIFS_ClosePopupStrobe_FW
0xffd0a3fc,UIFS_MountExtFlash_FW
0xffd0a42c,UIFS_UnmountExtFlash_FW
0xffd0a45c,UIFS_PressTeleButton_FW
0xffd0a498,UIFS_UnpressTeleButton_FW
0xffd0a4d0,UIFS_PressWideButton_FW
0xffd0a50c,UIFS_UnpressWideButton_FW
0xffd0a544,UIFS_ConnectVideo_FW
0xffd0a574,UIFS_DisconnectVideo_FW
0xffd0a5a4,j_UIFS_MoveZoomTo_FW
0xffd0a5a8,UIFS_StopPostingUIEvent_FW
0xffd0a5ac,UIFS_RestartPostingUIEvent_FW
0xffd0a5b0,UIFS_SetCaptureModeToP_FW
0xffd0a5e4,UIFS_SetCaptureModeToTv_FW
0xffd0a618,UIFS_SetCaptureModeToM_FW
0xffd0a64c,UIFS_SetCaptureModeToMacro_FW
0xffd0a654,UIFS_SetCaptureModeToISO3200_FW
0xffd0a65c,j_UIFS_Capture_FW
0xffd0a660,j_UIFS_CaptureNoneStop_FW
0xffd0a664,j_UIFS_StartMovieRecord_FW
0xffd0a668,j_UIFS_StopMovieRecord_FW
0xffd0a66c,StartClockMode_FW
0xffd0a66c,UIFS_StartClockMode_FW
0xffd0a674,EndClockMode_FW
0xffd0a674,UIFS_EndClockMode_FW
0xffd0a67c,UIFS_SetCradleSetting_FW
0xffd0a680,j_UIFS_WriteFirmInfoToFile_FW
0xffd0a684,UIFS_GetMovieRecoadableNumber_FW
0xffd0a6cc,UIFS_GetStillShotableNumber_FW
0xffd0afd0,UI.Create_FW
0xffd0afd0,UI_RegistDebugEventProc_FW
0xffd0b0d4,InitializeAdjustmentSystem_FW
0xffd0b10c,TerminateAdjustmentSystem_FW
0xffd0b144,InitializeAdjustmentFunction_FW
0xffd0b16c,FA.Delete_FW
0xffd0b180,FA.Create_FW
0xffd0b1a4,DispDev.Create_FW
0xffd0b214,Capture.Create_FW
0xffd0b254,EngineDriver.Create_FW
0xffd0d680,task_DvlpSeqTask
0xffd0dc0c,NR_SetDarkSubType
0xffd0dc0c,NR_SetDarkSubType_FW
0xffd0dc54,NR_SetDefectCorrectType_FW
0xffd0dc80,NR_GetDarkSubType
0xffd0dc80,NR_GetDarkSubType_FW
0xffd0dcc0,NR_GetDefectCorrectType_FW
0xffd0dd00,NR_SetLotasPonyType_FW
0xffd0f2e0,task_SoundRecord
0xffd0fc7c,task_SoundPlay
0xffd102d0,task_WavRead
0xffd10fd8,HwOcReadICAPCounter
0xffd111a4,WriteToRom_FW
0xffd11254,EraseSectorOfRom_FW
0xffd15178,GetTimeOfSystem_FW
0xffd1ee58,StartPlayModeMenu_FW
0xffd1eec0,StartRecModeMenu
0xffd1eec0,StartRecModeMenu_FW
0xffd1ef34,ShutdownRecModeMenu_FW
0xffd1efd4,ShutdownPlayModeMenu_FW
0xffd1f058,ShutdownPlayModeMenuWithoutPbRedraw_FW
0xffd1f7a4,UIFS_WriteFirmInfoToFile
0xffd1f7a4,UIFS_WriteFirmInfoToFile_FW
0xffd210a4,ShowLanguageNameList_FW
0xffd210d0,SaveLanguageNameList_FW
0xffd210d4,RegisterLanguageName_FW
0xffd21194,DeleteLanguageMenu_FW
0xffd215d8,CreateLanguageMenu_FW
0xffd28ee0,PTM_AllReset_FW
0xffd29244,PTM_GetWorkingCaptureMode_FW
0xffd2925c,PTM_SetCurrentItem
0xffd2925c,PTM_SetCurrentItem_FW
0xffd295f4,PTM_NextItem
0xffd295f4,PTM_NextItem_FW
0xffd295fc,PTM_PrevItem
0xffd295fc,PTM_PrevItem_FW
0xffd298f8,PTM_SetPropertyEnable
0xffd298f8,PTM_SetProprietyEnable_FW
0xffd29b40,PTM_IsEnableItem_FW
0xffd29c0c,PTM_BackupUIProperty_FW
0xffd29c0c,SetParameterData
0xffd29c9c,GetParameterData
0xffd2a014,ExecuteResetFactoryWithRomWrite_FW
0xffd2e254,UIFS_Capture_FW
0xffd2e35c,UIFS_CaptureNoneStop_FW
0xffd2ed10,UnsetZoomForMovie
0xffd2f29c,UIFS_MoveZoomTo_FW
0xffd60e2c,CreateDialogBox
0xffd615e4,DisplayDialogBox
0xffd62eb8,add_ui_to_dialog
0xffd6361c,get_string_by_id
0xffd66e5c,RefreshPhysicalScreen
0xffd67210,memset
0xffd67210,memset_FW
0xffd67718,qsort
0xffd67754,sscanf_FW
0xffd68398,apex2us
0xffd6c234,AFTool.GetEVal_FW
0xffd8161c,ReloadWBAdjustment_FW
0xffd81d0c,ChangeGradeTable_FW
0xffd81d20,PointDefDetect_FW
0xffd81e74,PointKizuCheck_FW
0xffd81ed8,GetDefectCount_FW
0xffd81ef8,LineDefDetect_FW
0xffd81f5c,LineKizuCheck_FW
0xffd82bf4,DevelopTool.DevelopTest_FW
0xffd87670,ReloadEfAdjustment_FW
0xffd87fb0,task_CntFlashTask
0xffd890e8,EF.StartEFCharge_FW
0xffd89138,EF.StopEFCharge_FW
0xffd89148,EF.SetEFChargeTimeOut_FW
0xffd8915c,EF.StartInternalPreFlash_FW
0xffd89198,EF.StartInternalMainFlash_FW
0xffd89220,EF.SetMainFlashTime_FW
0xffd89234,j_EF.IsChargeFull_FW
0xffd89238,EF.AdjPreFlash_FW
0xffd8927c,EF.SetChargeMode_FW
0xffd89290,EF.SetFlashTime_FW
0xffd89fe4,GetBaseSv
0xffd8a5dc,ActivateImager_FW
0xffd8a668,ActivateImagerXOne_FW
0xffd8a738,QuietImager_FW
0xffd8a7c0,CancelImager_FW
0xffd8a7e4,ChangeImagerToWholeParallel_FW
0xffd8a800,ChangeImagerToWholeParallelBP_FW
0xffd8a81c,ChangeImagerToWideDraft_FW
0xffd8a824,ChangeImagerToFocusJet_FW
0xffd8a82c,ChangeImagerToMangoPudding_FW
0xffd8a834,ChangeImagerToSuperWideDraft_FW
0xffd8a83c,ChangeImagerToJetDraft_FW
0xffd8a844,ChangeImagerToJumboDraft_FW
0xffd8a84c,ChangeImagerToHoneyFlash_FW
0xffd8a854,ChangeImagerToMillefeAdjust_FW
0xffd8a85c,ChangeImagerToDigiconMode_FW
0xffd8a85c,ChangeImagerToOITA_XAVIER_FW
0xffd8a864,ChangeImagerToAlternateDraft_FW
0xffd8a86c,ChangeImagerToUltraGhostQ_FW
0xffd8a874,ChangeImagerToMontblancWhole_FW
0xffd8a87c,ChangeImagerToMontblancMillefe_FW
0xffd8a888,j_E2LatOn_FW
0xffd8e958,LiveImageTool.StartEVF_FW
0xffd8e9d4,LiveImageTool.StartEVFFocusJet_FW
0xffd8ea50,LiveImageTool.StartEVFMF_FW
0xffd8eae4,LiveImageTool.StartEVFMovVGA_FW
0xffd8ebb8,LiveImageTool.StartEVFMovQVGA60_FW
0xffd8ec74,LiveImageTool.StartEVFMovQVGA_FW
0xffd8ed30,LiveImageTool.StartEVFMovQQVGA_FW
0xffd8edec,LiveImageTool.StartEVFMovXGA_FW
0xffd8eea4,LiveImageTool.StartEVFMovHD_FW
0xffd8ef5c,LiveImageTool.StopEVF_FW
0xffd8ef6c,LiveImageTool.StartMjpegMaking_FW
0xffd8ef8c,LiveImageTool.StopMjpegMaking_FW
0xffd8ef9c,LiveImageTool.DzoomTele_FW
0xffd8efbc,LiveImageTool.DzoomWide_FW
0xffd8efdc,LiveImageTool.StopDzoom_FW
0xffd8efec,LiveImageTool.Pause_FW
0xffd8effc,LiveImageTool.Resume_FW
0xffd8f00c,LiveImageTool.ChangeDzoom_FW
0xffd8f07c,j_LiveImageTool.GetDzoomPosition_FW
0xffd8f080,LiveImageTool.Jump_FW
0xffd909e0,ReloadColorAdjustment_FW
0xffd913d4,task_CnctEntiRcv
0xffd91504,task_CnctEntiSnd
0xffd921ec,task_SesnDaem
0xffd933c4,task_ReqRecev
0xffd951d8,task_DirectOpEventQueueMngr
0xffd960e0,add_ptp_handler
0xffd96c54,handle_PTP_OC_CANON_ChangeUSBProtocol
0xffd979b4,get_ptp_file_buf
0xffd98728,task_SelectThumbCache
0xffd9dd28,task_RAPI_Task
0xffd9e724,task_DCPClassTask
0xffd9f5f8,task_DcpTrnCtrl
0xffd9f738,task_DcpTrnTrns
0xffda5450,TurnOnAFLamp_FW
0xffda546c,TurnOffAFLamp_FW
0xffda7024,EngDrvOut_FW
0xffda7040,EngDrvIn_FW
0xffda7048,EngDrvRead_FW
0xffda7050,EngDrvBits_FW
0xffda7074,EngDrvReadDump_FW
0xffdabe30,ShowTransparentMemory_FW
0xffdabe50,DumpTransparentMemoryItem_FW
0xffdabe90,AddTransparentMemory_FW
0xffdabec8,AttachToTransparentMemory_FW
0xffdabf00,RemoveTransparentMemory_FW
0xffdabf20,GetTransparentMemorySize_FW
0xffdabf34,GetTransparentMemory_FW
0xffdabf78,GetTransparentMemoryPosition_FW
0xffdac3f4,FreeBufferForSoundRec_FW
0xffdac470,StartSoundRecord_FW
0xffdac4a8,StartSoundPlay_FW
0xffdac4f0,InitializeSoundRec_FW
0xffdac524,TerminateSoundRec_FW
0xffdb5028,task_MetaCtgPrsTask
0xffdc006c,task_FileScheduleTask
0xffdc0ea4,task_FileWrite
0xffdc0ea4,task_FileWriteTask
0xffdc21d8,task_ReadScheduleTask
0xffdc40c8,OpenFastDir
0xffdc415c,ReadFastDir
0xffdc422c,closedir
0xffdc7c90,task_FilYuvMaker
0xffdc8a30,reboot_fw_update
0xffdca658,task_FocusEvent
0xffdcc810,GetFocusLensResetPosition_FW
0xffdcc820,GetFocusLensResetDefaultPosition_FW
0xffdccfb8,GetFocusLensCurrentPosition_FW
0xffdcd408,GetFocusLensDriveVoltage_FW
0xffdcd484,GetFocusLensSettingWaitVoltage_FW
0xffdcd4d0,GetFocusLensHoldVoltage_FW
0xffdce888,task_MechaShutter
0xffdcf204,task_Nd
0xffdcf63c,get_current_nd_value
0xffdcf680,get_nd_value
0xffdd00b0,task_ZoomEvent
0xffdd0864,IsZoomActuatorResetSensorPlusSide_FW
0xffdd0dfc,MoveZoomActuator_FW
0xffdd0e3c,SetZoomActuatorSpeedPPS_FW
0xffdd0e58,GetZoomActuatorSpeedPPS_FW
0xffdd0e64,j_GetZoomActuatorCurrentPosition_FW
0xffdd0e68,j_IsZoomActuatorResetSensorPlusSide_FW
0xffdd0e6c,GetZoomActuatorCurrentPosition_FW
0xffdd1c90,GetZoomLensCurrentPosition
0xffdd31d8,task_AviRead
0xffdd5084,task_MoviePlay
0xffdd5f98,MoveCZToPoint_FW
0xffdd5fd0,MoveCZToWide_FW
0xffdd6000,MoveCZToTele_FW
0xffdd60b4,ResetFocusLens
0xffdd60b4,ResetFocusLens_FW
0xffdd6110,EscapeFocusLens_FW
0xffdd6188,MoveFocusLensToTerminate_FW
0xffdd61e4,MoveFocusLensWithDistance_FW
0xffdd62f0,MoveFocusLensWithPosition_FW
0xffdd6404,MoveFocusLensWithPositionWithoutBacklash_FW
0xffdd6518,MoveFocusActuator_FW
0xffdd65d4,SetFocusLensSpeed_FW
0xffdd6600,SetFocusLensSpeedTable_FW
0xffdd66bc,SetFocusLensDefaultPullOutTable_FW
0xffdd66d0,SetFocusLensCondition_FW
0xffdd6800,ShowFocusLensCurrentSpeedTable_FW
0xffdd6874,SetFocusLensMaxSpeedLimit_FW
0xffdd6884,CancelFocusLensMaxSpeedLimit_FW
0xffdd6894,EnableFocusLens_FW
0xffdd68e0,DisableFocusLens_FW
0xffdd692c,EnableFocusLensGainLockWithVoltage_FW
0xffdd6960,DisableFocusLensGainLock_FW
0xffdd6970,EnableFocusLensWaveLock_FW
0xffdd698c,DisableFocusLensWaveLock_FW
0xffdd699c,j_GetFocusLensCurrentPosition_FW
0xffdd69a0,j_GetFocusLensResetPosition_FW
0xffdd69a4,j_GetFocusLensResetDefaultPosition_FW
0xffdd69a8,GetFocusLensSubjectDistance_FW
0xffdd69c4,GetFocusLensSubjectDistanceNumber_FW
0xffdd69cc,GetFocusLensPositionRatio_FW
0xffdd69d4,GetFocusLensLoadSubjectDistance_FW
0xffdd6a3c,ChangeFocusDistanceToPosition_FW
0xffdd6a44,GetFocusLensLoadCamTable_FW
0xffdd6a78,j_GetFocusLensDriveVoltage_FW
0xffdd6a7c,SetFocusLensDriveVoltage_FW
0xffdd6ab4,j_GetFocusLensSettingWaitVoltage_FW
0xffdd6ab8,SetFocusLensSettingWaitVoltage_FW
0xffdd6af0,j_GetFocusLensHoldVoltage_FW
0xffdd6af4,SetFocusLensHoldVoltage_FW
0xffdd6b2c,j_GetFocusLensResetVoltage_FW
0xffdd6b30,GetFocusLensMoveMaxPosition_FW
0xffdd6b48,GetFocusLensMoveMinPosition_FW
0xffdd6bac,ResetIris_FW
0xffdd6bd0,MoveIrisToTerminatePosition_FW
0xffdd6bd8,MoveIrisWithAv
0xffdd6bd8,MoveIrisWithAv_FW
0xffdd6c00,MoveIrisWithAvWithoutBacklash_FW
0xffdd6c28,j_GetIrisAv_FW
0xffdd6c84,MoveLensToFirstPoint_FW
0xffdd6ccc,MoveLensToTerminatePoint_FW
0xffdd6d04,j_IsLensOutside_FW
0xffdd6d08,j_GetLensErrorStatus_FW
0xffdd6d28,EnableMechaCircuit_FW
0xffdd6d38,DisableMechaCircuit_FW
0xffdd6d48,EnableFocusPiCircuit_FW
0xffdd6d58,DisableFocusPiCircuit_FW
0xffdd6d68,j_GetFocusPiSensorLevel_FW
0xffdd6d6c,EnableZoomPiCircuit_FW
0xffdd6d7c,DisableZoomPiCircuit_FW
0xffdd6d8c,j_GetZoomPiSensorLevel_FW
0xffdd6d90,EnableZoomEncoderCircuit_FW
0xffdd6da0,DisableZoomEncoderCircuit_FW
0xffdd6db0,SendMechaCircuitData_FW
0xffdd6dd4,ReceiveMechaCircuitDataAll_FW
0xffdd6e84,CloseMechaShutter_FW
0xffdd6ea8,OpenMechaShutter_FW
0xffdd6ecc,CloseMechaShutterWithTiming_FW
0xffdd6f04,SetMechaShutterCloseDacSetting_FW
0xffdd6f20,SetMechaShutterOpenDacSetting_FW
0xffdd6f3c,SetMechaShutterWaitTimeSetting_FW
0xffdd6f50,j_GetMechaShutterStatus_FW
0xffe267b0,PutInNdFilter,(stubs_entry_2.s)
0xffdd6fc0,TurnOnNdFilter_FW
0xffe267e8,PutOutNdFilter,(stubs_entry_2.s)
0xffdd6fe4,TurnOffNdFilter_FW
0xffdd7008,SetNdDacSetting_FW
0xffdd702c,EnableZoomLensEncoderPowerControl_FW
0xffdd703c,DisableZoomLensEncoderPowerControl_FW
0xffdd70b0,ResetZoomLens
0xffdd70b0,ResetZoomLens_FW
0xffdd70dc,ResetZoomLensToFirst_FW
0xffdd711c,ResetZoomLensToTermiante_FW
0xffdd715c,MoveZoomLensWithPoint
0xffdd715c,MoveZoomLensWithPoint_FW
0xffdd71a0,MoveZoomLensWithPosition_FW
0xffdd71e4,MoveZoomLensToTerminatePosition_FW
0xffdd7224,MoveZoomLensToMechaEdge_FW
0xffdd728c,SetZoomLensSpeedMode_FW
0xffdd7294,j_GetZoomLensCurrentPoint_FW
0xffdd72bc,j_GetZoomLensCurrentPosition_FW
0xffdd72c0,j_GetZoomLensTelePoint_FW
0xffdd72c4,j_GetZoomLensMechaEdgePosition_FW
0xffdd7df8,task_CreateHeaderTask
0xffdd9354,task_WavWrite
0xffdda060,MemoryChecker_FW
0xffdda0f4,VerifyByte_FW
0xffdda63c,SDump_FW
0xffdda85c,FreeMemory
0xffdda85c,FreeMemory_FW
0xffdda864,AllocateMemory
0xffdda864,AllocateMemory_FW
0xffdda884,Peek32_FW
0xffdda88c,Peek16_FW
0xffdda894,Peek8_FW
0xffdda8bc,GetSystemTime
0xffdda8bc,GetSystemTime_FW
0xffdda8d0,exec_FW
0xffdda944,MonSelEvent_FW
0xffddafd8,MakeBootDisk_FW
0xffddafec,MakeScriptDisk_FW
0xffddb000,AdditionAgentRAM_FW
0xffddf568,StartTransferOrderMenu_FW
0xffdeef44,StartDirectTransferManager_FW
0xffdefac8,StoptDtConfirmMenu_FW
0xffdefc10,StartDtConfirmMenu_FW
0xffe05cbc,LCDMsg_Move_FW
0xffe05cfc,LCDMsg_Delete_FW
0xffe06000,LCDMsg_Create_FW
0xffe060b0,LCDMsg_SwDisp_FW
0xffe06100,LCDMsg_SetNum_FW
0xffe06110,LCDMsg_SetStr_FW
0xffe061e4,LCDMsg_ChangeColor_FW
0xffe1fc20,task_EvntExec
0xffe248ac,PrintAllAEIntegData_FW
0xffe25138,AbortAEIntegralValue_FW
0xffe2518c,SetAEIntegStrobeProperty_FW
0xffe251f0,SetAEIntegralValueProperty_FW
0xffe252d8,GetAEIntegWinData_FW
0xffe25414,j_GetAEIntegWinData_FW
0xffe25418,GetAEIntegWinDataWithMode_FW
0xffe25588,GetAEIntegralValueWithFix_FW
0xffe256ac,GetAllAEIntegralAllValueWithFix_FW
0xffe25780,GetOnlyAEIntegData_FW
0xffe257f4,SetWhiteCoefficient_FW
0xffe2586c,SetAEIntegWindowsMode_FW
0xffe258c0,SetAEIntegValueBit_FW
0xffe258d0,GetAEIntegValueBit_FW
0xffe258dc,GetAEIntegralServiceMode_FW
0xffe258e8,StopAEIntegralService_FW
0xffe25b70,StartAEIntegralService_FW
0xffe25bac,SetLineDefMarkThroughMode_FW
0xffe25be4,SetAEIntegAverageOBData_FW
0xffe25bec,SetAdjAEIntegSmearLimitter_FW
0xffe25bfc,SetDefaultAEIntegSmearLimitter_FW
0xffe25c0c,AttachIntegCrawData_FW
0xffe25fe4,GetCurrentAdjImgDriveType_FW
0xffe25ff0,GetCurrentImgDrvMode_FW
0xffe26010,ConvertAEIntegDrvTypeToAdjImgDriveType_FW
0xffe2605c,ConvertAdjImgDrvModeToAdjImgDriveType_FW
0xffe260c0,ChangeAdjImgDrvMode_FW
0xffe260ec,ChangeAEIntegDrvTypeToAdjImgDriveType_FW
0xffe2615c,GetCdsGainValue_FW
0xffe26184,SetDeltaCDSGain_FW
0xffe261c8,j_ReloadCdsAdjustment_FW
0xffe261cc,GetObClampValue_FW
0xffe26210,SetObClamp_FW
0xffe26210,SetObClampValue_FW
0xffe26218,SetCDSGain_FW
0xffe26218,SetCdsGainValue_FW
0xffe26244,SetCdsPreGain_FW
0xffe2624c,GetCdsPreGain_FW
0xffe26274,j_GetCdsPreGain_FW
0xffe2629c,SetCdsPreGainReg_FW
0xffe262a4,GetCdsPreGainReg_FW
0xffe262cc,j_GetCdsPreGainReg_FW
0xffe262f0,SetCDSGainStep_FW
0xffe26308,SetAdjCdsMode_FW
0xffe26320,CancelAdjCdsMode_FW
0xffe26404,IsAdjCdsMode_FW
0xffe26444,ConvertTvToExposureTime_FW
0xffe26464,j_GetCurrentExposureTime_FW
0xffe2646c,j_GetCurrentShutterSpeed_FW
0xffe26498,SetShutterSpeedWithMecha_FW
0xffe264e8,SetShutterSpeed_FW
0xffe26534,GetUserSetShutterSPeed_FW
0xffe26544,GetShutterSpeedRegularMaxLimit_FW
0xffe2655c,GetShutterSpeedRegularMinLimit_FW
0xffe265f4,MoveIrisToAv_FW
0xffe26640,j_ReloadIrisAdjustment_FW
0xffe26644,j_GetCurrentAvValue_FW
0xffe266f4,MoveIrisFullOpen_FW
0xffe26728,MoveIrisFullClose_FW
0xffe26798,j_ReloadNdFilterAdjustment_FW
0xffe267b0,PutInNdFilter_FW
0xffe267e8,PutOutNdFilter_FW
0xffe2686c,CloseMShutter_FW
0xffe268a4,OpenMShutter_FW
0xffe271cc,CalculatePeakFromLeastSquareResult_FW
0xffe27208,CalculateLog2ToApex_FW
0xffe2721c,CalculatePow2FromApex_FW
0xffe2722c,CalcLog10
0xffe27268,CalcLog10_FW
0xffe27290,ConvertApexToApexStd_FW
0xffe272c0,ConvertApexStdToApex_FW
0xffe2733c,SetOneShotWBParam_FW
0xffe2733c,SetOneTypeWBParam_FW
0xffe273bc,OneShotWhigeBalance_FW
0xffe273bc,OneTypeWhiteBalance_FW
0xffe27410,SetWBYlStandardWidth_FW
0xffe27450,SetReferenceWBGainForCalibration_FW
0xffe2747c,SetToolCorrectCoefficient_FW
0xffe274f4,j_ReloadWBAdjustment_FW
0xffe27814,ConvertCxCyToWBGain_FW
0xffe278b8,GetZoomLensResetPlus_FW
0xffe27a1c,j_GetCurrentZoomLensPosition_FW
0xffe27a1c,j_GetCurrentZoomPosition_FW
0xffe27a20,j_GetCurrentZoomLensPoint_FW
0xffe27a20,j_GetCurrentZoomPoint_FW
0xffe27a24,GetCurrentZoomLensDirection_FW
0xffe27a40,j_ReloadZoomAdjustment_FW
0xffe27b80,ResetZoom_FW
0xffe27bb4,ResetZoomToFirst_FW
0xffe27bb4,ResetZoomToFirstPoint_FW
0xffe27be8,ResetZoomToTerminate_FW
0xffe27be8,ResetZoomToTerminatePoint_FW
0xffe27c1c,MoveZoomLensToPosition_FW
0xffe27c1c,MoveZoomPosition_FW
0xffe27c58,MoveZoomLensToPoint_FW
0xffe27c58,MoveZoomPoint_FW
0xffe27c94,ResetZoomToAdjFirstPoint_FW
0xffe27cd8,ResetZoomToAdjTerminatePoint_FW
0xffe27ed0,MoveZoomLensToMechaEnd_FW
0xffe27f70,MoveZoomLensToPositionByManual_FW
0xffe28018,SetZoomLensEncoderPowerControl_FW
0xffe280ac,ConvertToPositionWithDistanceAndZoomPoint_FW
0xffe280bc,j_ReloadFocusLensAdjustment_FW
0xffe280c0,j_GetFocusDefaultResetPosition_FW
0xffe280c4,j_GetFocusResetPosition_FW
0xffe280c8,j_GetCurrentTargetDistance_FW
0xffe28104,j_GetCurrentFocusLensPosition_FW
0xffe28104,j_GetCurrentFocusPosition_FW
0xffe28134,MoveFocusLensToTerminatePosition_FW
0xffe28134,MoveFocusToTerminate_FW
0xffe28218,MoveFocusLensToPositionWithMaxSpeed_FW
0xffe2825c,MoveFocusLensToPositionWithSpeed_FW
0xffe28334,MoveFocusLensToPosition_FW
0xffe28384,MoveFocusPosition_FW
0xffe28450,MoveFocusDistance_FW
0xffe28450,MoveFocusLensToDistance
0xffe28450,MoveFocusLensToDistance_FW
0xffe284b8,ResetFocus_FW
0xffe28f28,SetScanLensIndex_FW
0xffe29030,SetScanWindowMode_FW
0xffe291f4,SelectAdjBPFilter_FW
0xffe29214,SetAdjAFWinPos_FW
0xffe29254,SetBPFilterForBP_FW
0xffe29274,CancelBPFilterForBP_FW
0xffe29308,StartAdjAFService_FW
0xffe29440,StopAdjAFService_FW
0xffe29690,StopAdjAFInteg_FW
0xffe2970c,GetAdjAFInteg_FW
0xffe29984,StopCustomScan_FW
0xffe29a88,StartCustomScan_FW
0xffe29b0c,StartCrwCustomScan_FW
0xffe2a144,PrintScanTable_FW
0xffe2a1d8,PrintMultiWinScanTable_FW
0xffe2a6e4,GetExStrobeID_FW
0xffe2a6ec,IsExStrobeChargeComp_FW
0xffe2a6f4,SetExStrobeMode_FW
0xffe2a6f8,CancelExStrobeMode_FW
0xffe2a6fc,j_ReloadEfAdjustment_FW
0xffe2a734,ChargeStrobe_FW
0xffe2a768,ChargeStrobeForFA_FW
0xffe2a7b4,StopStrobeChargeForFA_FW
0xffe2a7d4,ExecuteInternalPreFlash_FW
0xffe2a85c,j_ReloadColorAdjustment_FW
0xffe2a918,RegistColorMatrix_FW
0xffe2a950,UnregistColorMatrix_FW
0xffe2aabc,ShowCurrentExp_FW
0xffe2ab14,SetAE_ShutterSpeed
0xffe2ab14,SetAE_ShutterSpeed_FW
0xffe2abd8,FocusAEWithCompensation_FW
0xffe2ac50,SetAE_CdsGainValue_FW
0xffe2ad04,FixAEWithCompensation_FW
0xffe2ad64,SetAdj_AEMode_FW
0xffe2ad9c,CancelAdj_AEMode_FW
0xffe2adec,PreFixAE_FW
0xffe2af80,AfAEWithAperturePriority_FW
0xffe2afc4,AdjAEWithAperturePriority_FW
0xffe2b01c,SleepAE_FW
0xffe2b170,AfAEWithCompensation_FW
0xffe2b264,GetVideoOutType_FW
0xffe2b28c,SwitchOffDisplay_FW
0xffe2b2c4,SwitchOnDisplay_FW
0xffe2b300,SetVideoOutType
0xffe2b33c,SetVideoOutType_FW
0xffe2b344,IsEVFDrive_FW
0xffe2b36c,StopEVFDrive_FW
0xffe2b5e0,StartEVFDriveWithMode_FW
0xffe2b624,StartEVFDrive_FW
0xffe2b674,IsEvfDriveMode_FW
0xffe2b844,GetSumYOfVRAMCenterLine_FW
0xffe2b8ac,j_GetVRAMHPixelsSize_FW
0xffe2b8b0,j_GetVRAMVPixelsSize_FW
0xffe2b8b4,j_StopContinuousVRAMData_FW
0xffe2b930,GetContinuousVRAMData_FW
0xffe2c030,GetPixelsOfViewangle_FW
0xffe2c0d4,GetContinuousVRAMDataWithRingBuffer_FW
0xffe2c168,j_GetMovieJpegVRAMHPixelsSize_FW
0xffe2c16c,j_GetMovieJpegVRAMVPixelsSize_FW
0xffe2c294,GetContinuousMovieJpegVRAMData_FW
0xffe2c458,SetImageMode
0xffe2c508,Bat_VIN_FW
0xffe2c508,SetInputVoltage_FW
0xffe2c51c,Bat_Save_FW
0xffe2c51c,SaveBatSenseOffsetAdjustmentTable_FW
0xffe2c52c,SetImageMode_FW
0xffe2c534,SetDate_FW
0xffe2c674,SetYear_FW
0xffe2c6d4,SetMonth_FW
0xffe2c730,SetDay_FW
0xffe2c798,SetHour_FW
0xffe2c7fc,SetMinute_FW
0xffe2c860,SetSecond_FW
0xffe2c8c4,GetYear_FW
0xffe2c8f4,GetMonth_FW
0xffe2c920,GetDay_FW
0xffe2c948,GetHour_FW
0xffe2c970,GetMinute_FW
0xffe2c998,GetSecond_FW
0xffe2c9c0,SetLangMenuType_FW
0xffe2c9e8,j_GetCurrentCcdTemp_FW
0xffe2c9ec,j_GetCurrentOptTemp_FW
0xffe2cac0,SaveBmpVRAMData_FW
0xffe2cb70,SavePaletteData
0xffe2cb70,SavePaletteData_FW
0xffe2cc00,SaveFromImage_FW
0xffe2cd8c,SetFactorySerialNumber_FW
0xffe2cd9c,LoadFactoryNumber_FW
0xffe2cecc,LoadSerialNumber_FW
0xffe2cfb8,GetLastVBatADLevel_FW
0xffe2cfc0,j_GetVBatVoltage_FW
0xffe2cfc4,SaveFactoryReserveData_FW
0xffe2d920,GetUnpackCrwIntegralValue_FW
0xffe2d998,GetCaptureInfoData_FW
0xffe2d9f8,ReloadShadingAdjustmentData_FW
0xffe2da10,ReloadDefectAdjustmentData_FW
0xffe2dba8,DevelopStillPicture_FW
0xffe2dca0,InitializeMechaDevice_FW
0xffe2dcd8,TerminateMechaDevice_FW
0xffe2dd48,CreateJumptable
0xffe30800,task_CtgTotalTask
0xffe3a9c4,task_ReadFileTask
0xffe3d7cc,task_EffctDrv
0xffe3f1b8,SetPMByGpio_FW
0xffe3f1c8,ClearPMByGpio_FW
0xffe3f230,ClearPMByFs_FW
0xffe3f240,MoveDCMotorCW_FW
0xffe3f2b0,MoveDCMotorCCW_FW
0xffe3f320,SetDCMotorWaitTime_FW
0xffe3fe38,GetFocusLensResetVoltage_FW
0xffe409e4,SetZoomLensICDriveData_FW
0xffe44704,StartDtExecuteMenu_FW
0xffe4e2fc,_divmod_signed_int
0xffe4e460,_log10
0xffe4e5d0,_pow
0xffe4f460,_safe_sqrt
0xffe4f51c,_log
0xffe4fb10,_divmod_unsigned_int
0xffe4fb58,_dadd
0xffe4fe00,_ddiv
0xffe50398,_dfix
0xffe50448,_dfixu
0xffe504d0,_dflt
0xffe50500,_dfltu
0xffe5050c,_dcmp
0xffe50594,_dmul
0xffe50794,_dcmp_reverse
0xffe50834,_drsb
0xffe50884,_sqrt
0xffe509f8,_dsub
0xffe50dac,_f2d
0xffe50e28,_fdiv
0xffe5104c,_ffix
0xffe510c0,_ffixu
0xffe51120,_fflt
0xffe51154,_ffltu
0xffe5115c,_fmul
0xffe51484,_scalbn
