0x000b9eb4,task_AdditionAgent
0xff810bd0,memShow_FW
0xff8121a8,get_self_task_id
0xff81339c,get_task_properties
0xff813794,get_self_task_errno_pointer
0xff8139c4,malloc
0xff813a98,free
0xff813b78,realloc
0xff813c40,GetMemInfo
0xff814e1c,drysh_FW
0xff814e98,err_init_task
0xff8150b4,task_ClockSave
0xff819dfc,open
0xff819eac,close
0xff81a094,Read
0xff81a094,Read_FW
0xff81b4d8,RegisterInterruptHandler
0xff81b4fc,UnregisterInterruptHandler
0xff81b514,GetSRAndDisableInterrupt
0xff81b518,SetSR
0xff81b538,EnableInterrupt
0xff81b540,CreateBinarySemaphore
0xff81b5a8,CreateCountingSemaphore
0xff81b5a8,CreateCountingSemaphore_FW
0xff81b600,DeleteSemaphore
0xff81b600,DeleteSemaphore_FW
0xff81b658,TryTakeSemaphore
0xff81b6ac,TakeSemaphore
0xff81b6ac,TakeSemaphore_FW
0xff81b77c,GiveSemaphore
0xff81b77c,GiveSemaphore_FW
0xff81b7b4,GetSemaphoreValue
0xff81b818,CreateTask
0xff81b818,CreateTask_FW
0xff81baa8,ExitTask
0xff81baa8,ExitTask_FW
0xff81baf0,CreateTaskStrictly
0xff81bb24,CreateMessageQueueStrictly
0xff81bb48,CreateEventFlagStrictly
0xff81bb6c,CreateBinarySemaphoreStrictly
0xff81bb90,CreateCountingSemaphoreStrictly
0xff81bbb4,CreateRecursiveLockStrictly
0xff81bbd8,TakeSemaphoreStrictly
0xff81bc04,ReceiveMessageQueueStrictly
0xff81bc30,PostMessageQueueStrictly
0xff81bc5c,WaitForAnyEventFlagStrictly
0xff81bc88,WaitForAllEventFlagStrictly
0xff81bcb4,AcquireRecursiveLockStrictly
0xff81bcf0,DebugAssert
0xff81bdd0,task_ConsoleSvr
0xff81c3f8,RotateConsoleZOder_FW
0xff81c488,task_LowConsole
0xff81c608,CPrintf_FW
0xff81c664,CPutChar_FW
0xff81c690,GetCh_FW
0xff81c6e0,GetStringWithPrompt_FW
0xff81c740,OpenConsole_FW
0xff81c8a4,CloseConsole_FW
0xff81cc60,task_Startup
0xff81cdb0,_uartr_req
0xff81ce40,task_UartLog
0xff81cf94,StartRedirectUART_FW
0xff81d710,sprintf_FW
0xff81d754,vsprintf
0xff81d7d4,strcpy
0xff81d7d4,strcpy_FW
0xff81d7ec,j_strcmp_FW
0xff81d7ec,strcmp
0xff81d814,strcmp_FW
0xff81d830,strlen
0xff81d830,strlen_FW
0xff81d854,memcmp
0xff81d854,memcmp_FW
0xff81d950,srand
0xff81d95c,rand
0xff82072c,GetVBatVoltage_FW
0xff82072c,VbattGet
0xff82072c,VbattGet_FW
0xff820914,task_TempCheck
0xff821780,kbd_p2_f
0xff821adc,task_PhySw
0xff821cf0,GetSwitchStatus_FW
0xff821e20,GetSDDetect_FW
0xff821e28,GetSDProtect
0xff821e28,GetSDProtect_FW
0xff821e44,GetDialEventId_FW
0xff821e48,kbd_read_keys
0xff821f4c,kbd_p1_f
0xff821f58,kbd_p1_f_cont
0xff822d6c,EngDrvOut
0xff822d84,EngDrvIn
0xff822d8c,EngDrvRead
0xff822da0,EngDrvBits
0xff8235f8,RenameFile_Fut
0xff82364c,DeleteFile_Fut
0xff8236c0,MakeDirectory_Fut
0xff823730,DeleteDirectory_Fut
0xff823788,Fopen_Fut
0xff823788,Fopen_Fut_FW
0xff8237c8,Fclose_Fut
0xff8237c8,Fclose_Fut_FW
0xff823874,Fread_Fut
0xff823874,Fread_Fut_FW
0xff8238c8,Fwrite_Fut
0xff8238c8,Fwrite_Fut_FW
0xff82391c,Fgets_Fut
0xff823968,Fseek_Fut
0xff823968,Fseek_Fut_FW
0xff8239b4,Feof_Fut
0xff8239f0,Fflush_Fut
0xff823d78,Open
0xff823d78,Open_FW
0xff823da0,Close
0xff823da0,Close_FW
0xff823e48,j_Read_FW
0xff823e4c,Write
0xff823e4c,Write_FW
0xff823ee0,Lseek
0xff823ee0,lseek
0xff823ee0,Lseek_FW
0xff823fa8,j_Lseek_FW
0xff823fac,stat
0xff82407c,SetFileTimeStamp
0xff8240cc,SetFileAttributes
0xff824144,mkdir
0xff824470,j_StartCameraLog_FW
0xff824474,j_ShowCameraLog_FW
0xff824478,j_ShowCameraLogInfo_FW
0xff82447c,j_StopCameraLog_FW
0xff824480,j_PutsCameraLogEvent_FW
0xff824484,OpLog.Create_FW
0xff824500,j_NewTaskShell_FW
0xff824504,j_ExMem.View_FW
0xff824508,j_ExMem.AllocUncacheable_FW
0xff82450c,j_ExMem.FreeUncacheable_FW
0xff824510,j_ExMem.AllocCacheable_FW
0xff824514,j_ExMem.FreeCacheable_FW
0xff824518,ExMem_FW
0xff825b98,DoAFLock
0xff825bdc,UnlockAF
0xff825e94,EnterToCompensationEVF
0xff825ee4,ExitFromCompensationEVF
0xff825f88,DoAELock
0xff825fb8,UnlockAE
0xff826884,MenuIn
0xff8269b4,MenuOut
0xff827878,CreateEventFlag
0xff8278d0,DeleteEventFlag
0xff827920,CheckAnyEventFlag
0xff827968,CheckAllEventFlag
0xff8279b0,WaitForAnyEventFlag
0xff827a54,WaitForAllEventFlag
0xff827b1c,SetEventFlag
0xff827b50,ClearEventFlag
0xff827b88,GetEventFlagValue
0xff827c8c,CreateMessageQueue
0xff827d10,DeleteMessageQueue
0xff827da0,ReceiveMessageQueue
0xff827e4c,TryReceiveMessageQueue
0xff827ec8,PostMessageQueue
0xff827f64,TryPostMessageQueue
0xff827fa4,GetNumberOfPostedMessages
0xff828014,CreateRecursiveLock
0xff828064,DeleteRecursiveLock
0xff8280b4,AcquireRecursiveLock
0xff8281b8,ReleaseRecursiveLock
0xff828400,SleepTask
0xff828400,SleepTask_FW
0xff8284d0,malloc_strictly
0xff82857c,AllocateUncacheableMemory
0xff8285b0,FreeUncacheableMemory
0xff82881c,_GetSystemTime
0xff828954,SetTimerAfter
0xff8289d4,SetTimerWhen
0xff828a38,CancelTimer
0xff829c68,task_Bye
0xff829df4,Restart
0xff82a4e4,task_StartupImage
0xff82e210,strncpy
0xff82e24c,strtolx
0xff82e448,strtol
0xff82e528,task_AFTask
0xff832b14,ExpCtrlTool_StartContiAE
0xff832c58,ExpCtrlTool_StopContiAE
0xff834e98,task_FramePosition
0xff836594,ImagerActivate
0xff837948,task_ImageSensorTask
0xff838a50,SetUSBToDCPMode_FW
0xff83e7e8,DispCon_ShowColorBar_FW
0xff83e844,DispCon_ShowFiveStep_FW
0xff83e924,DispCon_ShowWhiteChart_FW
0xff83e95c,DispCon_ShowBlackChart_FW
0xff83e978,DispCon_ShowBitmapColorBar
0xff83e978,DispCon_ShowBitmapColorBar_FW
0xff83e9d8,DispCon_ShowCustomColorBar_FW
0xff83ea3c,DispCon_SetDisplayType_FW
0xff83ea5c,DispCon_TurnOnDisplay_FW
0xff83ea5c,TurnOnDisplay
0xff83ea6c,DispCon_TurnOffDisplay_FW
0xff83ea6c,TurnOffDisplay
0xff83ea7c,DispCon_SetMaxBackLightBrightness_FW
0xff83eb08,DispCon_SetVideoAdjParameter_FW
0xff83eb68,DispCon_GetVideoAdjParameter_FW
0xff83ebb0,DispCon_ShowVideoAdjParameter_FW
0xff83ebc8,DispCon_SaveVideoAdjParameter_FW
0xff83ec40,DispCon_SetLcdGainAdjParameter_FW
0xff83ed20,DispCon_GetLcdGainAdjParameter_FW
0xff83ed70,DispCon_ShowLcdGainAdjParameter_FW
0xff83ed94,DispCon_SaveLcdGainAdjParameter_FW
0xff8405d4,GetAdVBattBottom_FW
0xff8405dc,GetAdChValue
0xff8405dc,GetAdChValue_FW
0xff8416d4,Bat_Calc_FW
0xff8416d4,CalculateBatSenseOffset_FW
0xff841908,task_BeepTask
0xff841cf0,BeepDrive_FW
0xff841d58,task_LEDCon
0xff8422b8,LEDDrive
0xff8422b8,LEDDrive_FW
0xff8426e0,kbd_read_keys_r2
0xff842b28,GetKbdState
0xff842b5c,kbd_pwr_on
0xff842bac,kbd_pwr_off
0xff842c84,task_JogDial
0xff842c84,task_RotaryEncoder
0xff842f18,task_AudioTsk
0xff843b04,TurnOnVideoOutMode_FW
0xff843b3c,TurnOffVideoOutMode_FW
0xff844c00,task_ASIF
0xff845358,task_Thermometer
0xff845570,GetCCDTemperature
0xff845570,GetCCDTemperature_FW
0xff845570,GetCurrentCcdTemp_FW
0xff8455e0,GetBatteryTemperature
0xff8455e0,GetBatteryTemperature_FW
0xff845650,GetCurrentOptTemp_FW
0xff845650,GetOpticalTemperature
0xff845650,GetOpticalTemperature_FW
0xff845700,j_GetOpticalTemperature_FW
0xff845704,j_GetCCDTemperature_FW
0xff845708,j_GetBatteryTemperature_FW
0xff84622c,DisplayFactoryMode_FW
0xff846238,UndisplayFactoryMode_FW
0xff8463ec,ClearFactoryMode_FW
0xff846418,SetFactoryMode_FW
0xff8464d8,ClearDUIDFixFlag_FW
0xff846510,SetDUIDFixFlag_FW
0xff84654c,IsFactoryMode_FW
0xff84657c,IsDUIDFixFlag_FW
0xff8465bc,StartFactoryModeController_FW
0xff84758c,EraseAdjustmentArea_FW
0xff847598,DumpAdjMirror_FW
0xff8475bc,GetAdjTableVersion_FW
0xff8475f0,GetAdjTableMapVersion_FW
0xff847600,GetAdjTableValueVersion_FW
0xff847614,ShowDefaultAdjTableVersion_FW
0xff8476d0,LoadAdjustmentTable_FW
0xff8476e0,CreateAdjustmentTableMirror_FW
0xff8478d4,SaveAdjustmentTable_FW
0xff8478ec,SaveAdjustmentValue_FW
0xff847910,LoadAdjustmentValue_FW
0xff847934,PrintAdjTableMap_FW
0xff847b30,RefreshAdjustmentTableMirror_FW
0xff847c3c,WRITEADJTABLETOFROM_FW
0xff847c58,AddAdjDataToFRom_FW
0xff84b2bc,InitializeTestRec_FW
0xff84b324,TerminateTestRec_FW
0xff84b508,ExecuteTestRec_FW
0xff84b5d4,ExecuteTestRecCF_FW
0xff84b68c,Initializedccd_FW
0xff84b68c,InitializeDigicon_FW
0xff84b7cc,Terminatedccd_FW
0xff84b7cc,TerminateDigicon_FW
0xff84b820,ExecuteDigicon_FW
0xff84be50,Executedccd_FW
0xff84bec8,GetdccdImage_FW
0xff84bf5c,GetdccdFilterValue_FW
0xff84f340,UpdateMBROnFlash
0xff84f500,GetDrive_ClusterSize
0xff84f534,GetDrive_TotalClusters
0xff84f568,GetDrive_FreeClusters
0xff84f8fc,task_FsIoNotifyTask
0xff8523bc,task_SD1stInit
0xff854e1c,task_ImgPlayDrv
0xff855fec,task_RedEyeCapt
0xff85659c,task_LensController
0xff85710c,task_LensController
0xff857b4c,IsLensOutside_FW
0xff857b70,GetLensErrorStatus_FW
0xff857f04,task_ISMainTask
0xff8582d0,ISInitMotion_FW
0xff858734,StartBDrive_FW
0xff858734,StartISAdjustmentDrive_FW
0xff858734,StartISDrive_FW
0xff85873c,StopBDrive_FW
0xff85873c,StopISAdjustmentDrive_FW
0xff85873c,StopISDrive_FW
0xff858744,StartBPanDrive_FW
0xff858744,StartISPanDrive_FW
0xff85874c,StopBPanDrive_FW
0xff85874c,StopISPanDrive_FW
0xff858754,StartISLocalAutoCenter_FW
0xff858794,StartISLocalHallAdjust_FW
0xff858800,SearchBCentralPosition_FW
0xff858800,SearchISLensCentralPosition_FW
0xff858844,MoveISLensToCentralPosition_FW
0xff858888,ChangeToISCloseControl_FW
0xff8588f0,GetISHallDevicePitchOffset_FW
0xff8588f8,GetISHallDeviceYawOffset_FW
0xff858900,GetISHallDevicePitchGain_FW
0xff858908,GetISHallDeviceYawGain_FW
0xff858910,GetISGyroPitchGain_FW
0xff858918,GetISGyroYawGain_FW
0xff858920,GetISPitchPWM_FW
0xff858928,GetISYawPWM_FW
0xff858930,GetISShiftLensPitchPosition_FW
0xff858938,GetISShiftLensYawPosition_FW
0xff8589c4,GetGyroDataPitch_FW
0xff8589cc,GetGyroDataYaw_FW
0xff8589ec,GetGyro10BitDACPitch_FW
0xff8589f4,GetGyro10BitDACYaw_FW
0xff858a1c,GetGyroHPFINOffsetPitch_FW
0xff858a34,GetGyroHPFINOffsetYaw_FW
0xff858a4c,GetGyroHPFINPitch_FW
0xff858aa8,GetGyroHPFINYaw_FW
0xff858b18,ClearISCalcZData_FW
0xff859118,GetISLensDampAaxis_FW
0xff859120,GetISLensDampBaxis_FW
0xff85a278,task_MovieRecord
0xff85b4b4,PT_PlaySound
0xff85b8e8,PT_CompletePreCapt_FW
0xff85b8f0,PT_RecreviewAvailable_FW
0xff85b8f8,PT_NextShootAvailable_FW
0xff85b900,PT_CompleteStopZoom_FW
0xff85b908,PT_CompleteStopDigZoom_FW
0xff85b910,PT_CompleteStoreLens_FW
0xff85b918,PT_MovieRecordStopped_FW
0xff85b920,PT_CompleteCaptModeChange_FW
0xff85b928,PT_CompleteSynchroWrite_FW
0xff85b930,PT_CompleteCharge_FW
0xff85b938,PT_CompleteFileWrite_FW
0xff85b940,PT_BatLvChange_PreWeak_FW
0xff85b948,PT_BatLvChange_Weak_FW
0xff85b950,PT_BatLvChange_Low_FW
0xff85b958,PT_BatLvChange_SysLow_FW
0xff85b960,task_PT_BatTestTask
0xff85b9dc,PT_StartBatteryTest_FW
0xff85ba18,PT_FinishBatteryTest_FW
0xff85ba34,PT_GetBatteryLevel_FW
0xff85ba48,PT_GetPreWeakBatLv_FW
0xff85baa0,PT_GetWeakBatLv_FW
0xff85baf8,PT_GetLowBatLv_FW
0xff85bb50,PT_GetSysLowBatLv_FW
0xff85bc1c,PT_EraseAllFile_FW
0xff85bc44,PT_mod_FW
0xff85bc6c,PT_GetSystemTime_FW
0xff85bc80,PT_SetPropertyCaseInt_FW
0xff85bcac,PT_GetPropertyCaseInt_FW
0xff85bd24,PT_GetLocalDateAndTimeString_FW
0xff85bd68,PT_PlaySound_FW
0xff85bd84,PT_LCD_BkColorDef_FW
0xff85be08,PT_MoveOpticalZoomToTele_FW
0xff85be1c,PT_MoveOpticalZoomToWide_FW
0xff85be30,PT_MoveOpticalZoomAt
0xff85be30,PT_MoveOpticalZoomAt_FW
0xff85be48,PT_MoveDigitalZoomToTele_FW
0xff85be58,PT_MoveDigitalZoomToWide
0xff85be58,PT_MoveDigitalZoomToWide_FW
0xff85be68,PT_MoveDigitalZoomAt_FW
0xff85be7c,PT_ChangeZoomSpeed_FW
0xff85be90,PT_DoAFLock_FW
0xff85bea0,PT_UnlockAF_FW
0xff85beb0,PT_DoAELock_FW
0xff85bec0,PT_UnlockAE_FW
0xff85bed0,PT_MFOn
0xff85bed0,PT_MFOn_FW
0xff85bee0,PT_MFOff
0xff85bee0,PT_MFOff_FW
0xff85bef0,SS.Create_FW
0xff85d524,task_SsStartupTask
0xff85e2b0,task_CaptSeq
0xff85e2b0,task_CaptSeqTask
0xff85f6b4,task_MovieCtrlTask
0xff86254c,task_SsTask
0xff863ac4,GetLogToFile_FW
0xff863d08,EraseLogSector_FW
0xff8642e4,GetCurrentMachineTime
0xff865e2c,get_resource_pointer
0xff86636c,UnLoadScript_FW
0xff866414,Printf_FW
0xff866420,LoadScript_FW
0xff866d20,LocalTime
0xff867224,time
0xff8672d4,GetTimeOfSystem_FW
0xff867548,ExMem.View_FW
0xff8678bc,exmem_assert
0xff867c94,exmem_ualloc
0xff867cf0,ExMem.AllocUncacheable_FW
0xff867dd4,exmem_ufree
0xff867e30,ExMem.FreeUncacheable_FW
0xff867e44,exmem_alloc
0xff867eac,ExMem.AllocCacheable_FW
0xff867ebc,exmem_free
0xff867fb8,ExMem.FreeCacheable_FW
0xff868a90,SetHPTimerAfterNow
0xff868b10,SetHPTimerAfterTimeout
0xff868b98,CancelHPTimer
0xff869530,RegisterEventProcedure
0xff86965c,ExecuteEventProcedure
0xff8696d4,ExecuteEventProcedure_FW
0xff86a094,ExportToEventProcedure_FW
0xff86a0a0,CreateProxyOfEventProcedure_FW
0xff86a0f8,DeleteProxyOfEventProcedure_FW
0xff86a310,PutsCameraLogEvent_FW
0xff86a354,ShowCameraLogInfo_FW
0xff86a3c0,ShowCameraLog_FW
0xff86a408,StartCameraLog_FW
0xff86a5cc,StopCameraLog_FW
0xff86a62c,LogCameraEvent
0xff86a9b8,task_OpePlay
0xff86abcc,OpLog.Stop_FW
0xff86abf8,OpLog.ReadFromROM_FW
0xff86ac78,OpLog.ReadFromSD_FW
0xff86b020,OpLog.WriteToSD_FW
0xff86b428,OpLog.WriteToROM_FW
0xff86b450,OpLog.Get_FW
0xff86b470,OpLog.Show_FW
0xff86b50c,OpLog.Play_FW
0xff86b640,OpLog.Start_FW
0xff86bdf4,task_WdtPrint
0xff86bea8,task_WdtReset
0xff86bf68,StartWDT_FW
0xff86bfcc,StopWDT_FW
0xff86c0bc,GetBuildDate_FW
0xff86c0c4,GetBuildTime_FW
0xff86c0cc,GetFirmwareVersion_FW
0xff86c1d8,CheckSumAll_FW
0xff86c3c8,RomCheckSum_FW
0xff86cc6c,task_EvShel
0xff86cd20,NewTaskShell
0xff86cd80,NewTaskShell_FW
0xff86d15c,SetPropertyCase
0xff86d25c,GetPropertyCase
0xff872028,FmtMenu_ExecuteQuickFormat_FW
0xff872584,task_CtrlSrv
0xff872d0c,CreateController_FW
0xff872dc8,DeleteController_FW
0xff872f4c,MoveControllerToTopOfZOrder_FW
0xff873090,GetSelfControllerHandle_FW
0xff8734c8,PostLogicalEventForNotPowerType
0xff8734c8,PostLogicalEventForNotPowerType_FW
0xff873514,PostLogicalEventToUI
0xff873514,PostLogicalEventToUI_FW
0xff87358c,PostEventShootSeqToUI_FW
0xff8735e0,ShowLogicalEventName_FW
0xff875064,set_control_event
0xff875378,IsControlEventActive_FW
0xff8753e8,SetLogicalEventActive
0xff875438,SetScriptMode
0xff875438,SetScriptMode_FW
0xff875460,UiEvnt_StartDisguiseCradleStatus_FW
0xff875470,UiEvnt_StopDisguiseCradleStatus_FW
0xff87565c,UnlockMainPower
0xff87565c,UnlockMainPower_FW
0xff875708,LockMainPower
0xff875708,LockMainPower_FW
0xff87577c,SetAutoShutdownTime
0xff87577c,SetAutoShutdownTime_FW
0xff875954,HardwareDefectWithRestart_FW
0xff8759a4,HardwareDefect_FW
0xff875bb8,PTM_AllResetToFactorySetting_FW
0xff875bc8,j_PTM_AllReset_FW
0xff875f14,PTM_SetCurrentCaptureMode_FW
0xff87602c,j_PTM_GetWorkingCaptureMode_FW
0xff876030,j_PTM_SetCurrentItem_FW
0xff87603c,PTM_GetCurrentItem
0xff87603c,PTM_GetCurrentItem_FW
0xff8760a8,j_PTM_NextItem_FW
0xff8760ac,j_PTM_PrevItem_FW
0xff8760bc,j_PTM_IsEnableItem_FW
0xff8760c0,j_PTM_SetProprietyEnable_FW
0xff8760d8,j_PTM_BackupUIProperty_FW
0xff8760dc,PTM_RestoreUIProperty_FW
0xff877120,Rec2PB
0xff87871c,PB2Rec
0xff8791d0,task_InitFileModules
0xff879208,task_CommonDrivers
0xff87c5b8,SetCurrentCaptureModeType
0xff87c5b8,SetCurrentCaptureModeType_FW
0xff87c5f4,GetCurrentCaptureModeType_FW
0xff880024,UIFS_StartMovieRecord_FW
0xff880058,UIFS_StopMovieRecord_FW
0xff880a84,task_FaceFrame
0xff880cb8,task_DSITask
0xff881e18,TurnOnBackLight
0xff881e30,TurnOffBackLight
0xff883da4,DisplayBusyOnScreen
0xff883f08,UndisplayBusyOnScreen
0xff88c50c,UIFS_StartRecordSound_FW
0xff88c54c,UIFS_StopRecordSound_FW
0xff88c60c,UIFS_DeleteAllSound_FW
0xff894224,StartGUISystem_FW
0xff894364,atol_FW
0xff894370,strcat
0xff8943ac,strncmp
0xff8943f8,strchr
0xff89441c,strrchr
0xff894584,memcpy
0xff894584,memcpy_FW
0xff8947f8,strftime
0xff894df0,mktime_ext
0xff895938,GetCurrentShutterSpeed
0xff895938,GetCurrentShutterSpeed_FW
0xff895c6c,GetCurrentExposureTime_FW
0xff899228,task_WBIntegTask
0xff89c474,DoMovieFrameCapture
0xff89e1d4,task_AfIntSrvTask
0xff8ab958,task_BrtMsrTask
0xff8b3458,ExpCtrlTool.SetExpMode_FW
0xff8b6a80,task_ExpDrv
0xff8b6a80,task_ExpDrvTask
0xff8b82d4,get_current_exp
0xff8b99c4,task_WBCtrl
0xff8ba8e4,task_OBCtrlTask
0xff8bb890,task_DetectMoveTask
0xff8bd4c0,task_DevelopModule
0xff8bd958,task_EFChargeT
0xff8bdc20,EF.IsChargeFull_FW
0xff8bdc20,IsStrobeChargeCompleted
0xff8bfd44,j_GetBaseSv
0xff8c00bc,ReloadCdsAdjustment_FW
0xff8c064c,E2LatOn_FW
0xff8c1678,task_SsgMainTask
0xff8c189c,task_SsgPeriodTask
0xff8c4ff8,task_TgTask
0xff8c89b8,LiveImageTool.GetDzoomPosition_FW
0xff8c8aec,GetVRAMHPixelsSize
0xff8c8aec,GetVRAMHPixelsSize_FW
0xff8c8af8,GetVRAMVPixelsSize
0xff8c8af8,GetVRAMVPixelsSize_FW
0xff8c8b04,GetMovieJpegVRAMHPixelsSize_FW
0xff8c8b10,GetMovieJpegVRAMVPixelsSize_FW
0xff8c8bb8,StopContinuousVRAMData_FW
0xff8c9080,task_PrcssFil
0xff8c9bc4,task_SyncPeriod
0xff8c9c4c,task_SynchTask
0xff8cb628,task_EntiCtrl
0xff8cbc0c,task_SesnMngr
0xff8cc72c,task_TimerUtility
0xff8cce20,COMFACHK_StartService_FW
0xff8cce70,COMFACHK_StopService_FW
0xff8ccf10,COMFACHK_StartSendData_FW
0xff8ccf4c,COMFACHK_StartSendLargeData_FW
0xff8ccfb0,COMFACHK_GetTransferTime_FW
0xff8cd010,COMFACHK_SetSendDataSize_FW
0xff8cd52c,handle_PTP_OC_0x9805
0xff8cdbec,handle_PTP_OC_0x9804
0xff8cdd10,handle_PTP_OC_0x9803
0xff8cde60,handle_PTP_OC_0x9802
0xff8ce2a4,handle_PTP_OC_0x9801
0xff8cfd18,handle_PTP_OC_CANON_GetTreeInfo
0xff8cfdc4,handle_PTP_OC_CANON_TerminateDirectTransfer
0xff8d026c,handle_PTP_OC_CANON_GetTreeSize
0xff8d0294,handle_PTP_OC_CANON_NotifyProgress
0xff8d0348,handle_PTP_OC_CANON_NotifyCancelAccepted
0xff8d0408,handle_PTP_OC_CANON_SetDisplayMonitor
0xff8d0c9c,handle_PTP_OC_0x903f
0xff8d0d00,handle_PTP_OC_0x9040
0xff8d0d64,handle_PTP_OC_0x9041
0xff8d0e44,handle_PTP_OC_0x904d
0xff8d0edc,handle_PTP_OC_0x9044
0xff8d0fb8,handle_PTP_OC_0x9045
0xff8d102c,handle_PTP_OC_0x904e
0xff8d10a8,handle_PTP_OC_0x904f
0xff8d1120,handle_PTP_OC_0x9054
0xff8d11d8,handle_PTP_OC_0x9055
0xff8d1238,handle_PTP_OC_0x9056
0xff8d16fc,handle_PTP_OC_ResetDevicePropValue
0xff8d181c,handle_PTP_OC_SetDevicePropValue
0xff8d19c0,handle_PTP_OC_GetDevicePropValue
0xff8d1acc,handle_PTP_OC_GetDevicePropDesc
0xff8d26d8,handle_PTP_OC_CANON_CheckEvent
0xff8d3250,task_PTPSessionTASK
0xff8d3bd8,handle_PTP_OC_CloseSession
0xff8d3c90,handle_PTP_OC_OpenSession
0xff8d4438,handle_PTP_OC_CANON_SetCustomizeData
0xff8d455c,handle_PTP_OC_CANON_GetCustomizeData
0xff8d46a4,handle_PTP_OC_CANON_GetCustomizeItemInfo
0xff8d4774,handle_PTP_OC_CANON_GetCustomizeSpec
0xff8d64d4,task_PreLoadTask
0xff8d76f4,handle_PTP_OC_GetStorageIDs
0xff8d77d0,handle_PTP_OC_GetStorageInfo
0xff8d7f40,handle_PTP_OC_GetObject
0xff8d8150,handle_PTP_OC_GetThumb
0xff8d81f8,handle_PTP_OC_GetPartialObject
0xff8d8314,handle_PTP_OC_SetObjectProtection
0xff8d83bc,handle_PTP_OC_GetObjectInfo
0xff8d84b8,handle_PTP_OC_CANON_GetPartialObjectInfo
0xff8d86ec,handle_PTP_OC_CANON_GetPartialObjectEx
0xff8d897c,handle_PTP_OC_CANON_GetObjectAttributes
0xff8d8a20,handle_PTP_OC_CANON_SetObjectArchive
0xff8d8ae0,handle_PTP_OC_CANON_SendObjectInfoByPath
0xff8d8ae0,handle_PTP_OC_SendObjectInfo
0xff8d8e40,handle_PTP_OC_0x904c
0xff8d9188,handle_PTP_OC_CANON_GetObjectHandleByName
0xff8d92bc,handle_PTP_OC_CANON_SetObjectTime
0xff8d9338,handle_PTP_OC_DeleteObject
0xff8d9498,handle_PTP_OC_FormatStore
0xff8d95ac,handle_PTP_OC_0x9038
0xff8d9668,handle_PTP_OC_0x9039
0xff8d9738,handle_PTP_OC_0x903a
0xff8d97f8,handle_PTP_OC_0x903b
0xff8d98fc,handle_PTP_OC_0x904b
0xff8d9a88,handle_PTP_OC_GetNumObjects
0xff8d9b84,handle_PTP_OC_GetObjectHandles
0xff8d9d98,handle_PTP_OC_CANON_GetObjectInfoEx
0xff8da034,handle_PTP_OC_CANON_SendObjectByPath
0xff8da034,handle_PTP_OC_SendObject
0xff8da270,handle_PTP_OC_CANON_SendPartialObject
0xff8dac08,task_TrnsCtrlTask
0xff8dd608,task_RapiRevr
0xff8df924,j_InitializeDCPClassFunctions_FW
0xff8dfc64,InitializeDCPClassFunctions_FW
0xff8eb7c8,LcdCon_SetLcdDriver_FW
0xff8eb81c,LcdCon_SetLcdAdjParameter_FW
0xff8eb8bc,LcdCon_GetLcdAdjParameter_FW
0xff8eb904,LcdCon_ShowLcdAdjParameter_FW
0xff8eb944,LcdCon_SaveLcdAdjParameter_FW
0xff8eb960,LcdCon_SetLcdParameter_FW
0xff8ebacc,LcdCon_GetLcdParameter_FW
0xff8ebb14,LcdCon_ShowLcdParameter_FW
0xff8ebb54,LcdCon_SaveLcdParameter_FW
0xff8ebc18,LcdCon_SetLcdBackLightBrightness_FW
0xff8ebc48,LcdCon_SetLcdBackLightParameter_FW
0xff8ebca0,LcdCon_GetLcdBackLightParameter_FW
0xff8ebce4,LcdCon_ShowLcdBackLightParameter_FW
0xff8ebd24,LcdCon_SaveLcdBackLightParameter_FW
0xff8f5780,task_Fencing
0xff8fe9e4,LoadParamDataFromAdjTableBin_FW
0xff8feae8,LoadDataFromAdjTableBin_FW
0xff8febe4,DeviceUniqueIDCheckSum_FW
0xff8fee38,PrintFirmVersion_FW
0xff8fee6c,PrintFaexeVersioin_FW
0xff8fee7c,CreateFADBGSingalID_FW
0xff8fee8c,FADBGSingal_FW
0xff8fef2c,FADBGPrintf_FW
0xff8ff0ac,FAPrintf_FW
0xff8ff0fc,OutputLogToFile_FW
0xff8ff208,StopLogOut_FW
0xff8ff404,GetLogData_FW
0xff8ff4c0,GetLogDataOnlyAddMemory_FW
0xff8ff538,ActivateAdjLog_FW
0xff8ff54c,InactivateAdjLog_FW
0xff8ff560,StartLogOut_FW
0xff8ff578,IsLogOutType_FW
0xff901628,SetDefaultRecParameter_FW
0xff901950,SetSensitiveDefectRecParameter_FW
0xff901960,SetSensitiveRecParameter_FW
0xff90196c,SetDefectRecParameter_FW
0xff901c20,EnableDebugLogMode_FW
0xff901c34,DisableDebugLogMode_FW
0xff90431c,task_dccdCalcTask
0xff9088c0,task_FolderCreateCheckTask
0xff909108,task_MetaCtg
0xff90f9b4,task_DPOFTask
0xff9145cc,task_FileManMarkAllTask
0xff918308,task_FORMAT_TASK_PROGRESS
0xff918408,task_FORMAT_TASK_NAME
0xff922a68,WriteSDCard
0xff927ce4,task_ImgEdt
0xff928670,task_ImgTrim
0xff92a588,task_RedEyePly
0xff92d968,task_CZ
0xff92eec8,GetCurrentTargetDistance_FW
0xff92eec8,GetFocusLensSubjectDistance
0xff92ef30,GetCurrentFocusLensPosition_FW
0xff92ef30,GetCurrentFocusPosition_FW
0xff92f1d4,GetFocusLensSubjectDistanceFromLens
0xff92f338,GetFocusResetPosition_FW
0xff92f3a4,GetFocusDefaultResetPosition_FW
0xff92f3f0,ReloadFocusLensAdjustment_FW
0xff92fdd0,GetCurrentAvValue
0xff92fdd0,GetCurrentAvValue_FW
0xff92fdd0,GetIrisAv_FW
0xff92ffd0,ReloadIrisAdjustment_FW
0xff9305a0,GetZoomPiSensorLevel_FW
0xff9305e8,GetFocusPiSensorLevel_FW
0xff930c6c,GetMechaShutterStatus_FW
0xff930da4,ReloadNdFilterAdjustment_FW
0xff932b4c,GetCurrentZoomLensPosition_FW
0xff932b4c,GetCurrentZoomPosition_FW
0xff932b4c,GetZoomLensCurrentPosition_FW
0xff932b74,GetCurrentZoomLensPoint_FW
0xff932b74,GetCurrentZoomPoint_FW
0xff932b74,GetZoomLensCurrentPoint
0xff932b74,GetZoomLensCurrentPoint_FW
0xff932f30,GetZoomLensTelePoint_FW
0xff9332cc,ReloadZoomAdjustment_FW
0xff9334d8,GetZoomLensMechaEdgePosition_FW
0xff933aa4,task_ISComTask
0xff935ef0,task_MoviePlay
0xff937cbc,task_AviWrite
0xff939e8c,MechaUnRegisterEventProcedure_FW
0xff939ecc,Mecha.Create_FW
0xff939f24,MechaReset_FW
0xff939f30,MechaTerminate_FW
0xff939f3c,ShowMechaMacro_FW
0xff93a020,DispDev_EnableEventProc_FW
0xff93a060,SetSDPwrPort_FW
0xff93a08c,j_GetAdVBattBottom_FW
0xff93a090,j_GetAdChValue_FW
0xff93a094,j_BeepDrive_FW
0xff93a098,j_VbattGet_FW
0xff93a09c,j_LEDDrive_FW
0xff93a0a0,ShowPhySwStatus_FW
0xff93a0b0,SetRawSWCheckMode_FW
0xff93a0c0,OnPrintPhySw_FW
0xff93a0d0,OffPrintPhySw_FW
0xff93a0e0,j_GetSwitchStatus_FW
0xff93a0e4,ShowSDStatus_FW
0xff93a0f4,j_GetSDDetect_FW
0xff93a0f8,j_GetSDProtect_FW
0xff93a0fc,SetIgnoreAVJACK_FW
0xff93a10c,j_GetDialEventId_FW
0xff93a110,Driver.Create_FW
0xff93a110,Driver_EnableEventProc_FW
0xff93a320,j_Printf_FW
0xff93a324,j_MonSelEvent_FW
0xff93a328,j_MemoryChecker_FW
0xff93a32c,j_VerifyByte_FW
0xff93a330,EraseSignature_FW
0xff93a340,j_SDump_FW
0xff93a344,Dump_FW
0xff93a354,Dump32_FW
0xff93a368,Poke32_FW
0xff93a378,Poke16_FW
0xff93a388,Poke8_FW
0xff93a398,j_Peek32_FW
0xff93a39c,j_Peek16_FW
0xff93a3a0,j_Peek8_FW
0xff93a3a4,Wait_FW
0xff93a3b4,j_exec_FW
0xff93a3b8,ShowAllTaskInfo_FW
0xff93a3c8,System.Delete_FW
0xff93aa58,System.Create_FW
0xff93aa58,SystemEventInit_FW
0xff93aca0,UI_ShowStateOfRecMode_FW
0xff93ada0,UIFS_SetDialStillRec_FW
0xff93ade0,UIFS_SetDialMovieRec_FW
0xff93ae08,UIFS_SetDialPlay_FW
0xff93ae2c,UIFS_OpenPopupStrobe_FW
0xff93ae5c,UIFS_ClosePopupStrobe_FW
0xff93ae8c,UIFS_MountExtFlash_FW
0xff93aebc,UIFS_UnmountExtFlash_FW
0xff93aeec,UIFS_PressTeleButton_FW
0xff93af28,UIFS_UnpressTeleButton_FW
0xff93af60,UIFS_PressWideButton_FW
0xff93af9c,UIFS_UnpressWideButton_FW
0xff93afd4,UIFS_ConnectVideo_FW
0xff93b004,UIFS_DisconnectVideo_FW
0xff93b034,j_UIFS_MoveZoomTo_FW
0xff93b038,UIFS_StopPostingUIEvent_FW
0xff93b03c,UIFS_RestartPostingUIEvent_FW
0xff93b040,UIFS_SetCaptureModeToP_FW
0xff93b074,UIFS_SetCaptureModeToTv_FW
0xff93b0a8,UIFS_SetCaptureModeToM_FW
0xff93b0dc,UIFS_SetCaptureModeToMacro_FW
0xff93b0e4,UIFS_SetCaptureModeToISO3200_FW
0xff93b104,j_UIFS_Capture_FW
0xff93b108,j_UIFS_CaptureNoneStop_FW
0xff93b10c,j_UIFS_StartMovieRecord_FW
0xff93b110,j_UIFS_StopMovieRecord_FW
0xff93b114,StartClockMode_FW
0xff93b114,UIFS_StartClockMode_FW
0xff93b124,EndClockMode_FW
0xff93b124,UIFS_EndClockMode_FW
0xff93b134,j_UIFS_StartRecordSound_FW
0xff93b138,j_UIFS_StopRecordSound_FW
0xff93b13c,j_UIFS_DeleteAllSound_FW
0xff93b140,UIFS_SetCradleSetting_FW
0xff93b144,j_UIFS_WriteFirmInfoToFile_FW
0xff93b148,UIFS_GetMovieRecoadableNumber_FW
0xff93b190,UIFS_GetStillShotableNumber_FW
0xff93bb18,UI.Create_FW
0xff93bb18,UI_RegistDebugEventProc_FW
0xff93bc24,InitializeAdjustmentSystem_FW
0xff93bc5c,TerminateAdjustmentSystem_FW
0xff93bc94,InitializeAdjustmentFunction_FW
0xff93bcbc,FA.Delete_FW
0xff93bcd0,FA.Create_FW
0xff93bcf4,DispDev.Create_FW
0xff93bd64,Capture.Create_FW
0xff93bda4,EngineDriver.Create_FW
0xff93e424,task_DvlpSeqTask
0xff93e9ec,NR_SetDarkSubType
0xff93e9ec,NR_SetDarkSubType_FW
0xff93ea34,NR_SetDefectCorrectType_FW
0xff93ea60,NR_GetDarkSubType
0xff93ea60,NR_GetDarkSubType_FW
0xff93eaa0,NR_GetDefectCorrectType_FW
0xff93eae0,NR_SetLotasPonyType_FW
0xff940100,task_SoundRecord
0xff940a9c,task_SoundPlay
0xff9410f0,task_WavRead
0xff941ac8,task_WavWrite
0xff9426c0,HwOcReadICAPCounter
0xff94288c,WriteToRom_FW
0xff94293c,EraseSectorOfRom_FW
0xff94fe20,StartPlayModeMenu_FW
0xff94fe88,StartRecModeMenu
0xff94fe88,StartRecModeMenu_FW
0xff94ff20,ShutdownRecModeMenu_FW
0xff94ffe4,ShutdownPlayModeMenu_FW
0xff95009c,ShutdownPlayModeMenuWithoutPbRedraw_FW
0xff950de8,UIFS_WriteFirmInfoToFile
0xff950de8,UIFS_WriteFirmInfoToFile_FW
0xff952710,ShowLanguageNameList_FW
0xff95273c,SaveLanguageNameList_FW
0xff952740,RegisterLanguageName_FW
0xff952800,DeleteLanguageMenu_FW
0xff952c74,CreateLanguageMenu_FW
0xff95c86c,PTM_AllReset_FW
0xff95cbd0,PTM_GetWorkingCaptureMode_FW
0xff95cbe8,PTM_SetCurrentItem
0xff95cbe8,PTM_SetCurrentItem_FW
0xff95cf80,PTM_NextItem
0xff95cf80,PTM_NextItem_FW
0xff95cf88,PTM_PrevItem
0xff95cf88,PTM_PrevItem_FW
0xff95d284,PTM_SetPropertyEnable
0xff95d284,PTM_SetProprietyEnable_FW
0xff95d4cc,PTM_IsEnableItem_FW
0xff95d598,PTM_BackupUIProperty_FW
0xff95d598,SetParameterData
0xff95d628,GetParameterData
0xff95d9a8,ExecuteResetFactoryWithRomWrite_FW
0xff96217c,UIFS_Capture_FW
0xff962284,UIFS_CaptureNoneStop_FW
0xff962c8c,UnsetZoomForMovie
0xff9631f8,UIFS_MoveZoomTo_FW
0xff9aa450,CreateDialogBox
0xff9aac08,DisplayDialogBox
0xff9ac4dc,add_ui_to_dialog
0xff9acc40,get_string_by_id
0xff9b0484,RefreshPhysicalScreen
0xff9b0838,memset
0xff9b0838,memset_FW
0xff9b0d40,qsort
0xff9b0d7c,sscanf_FW
0xff9b19c0,apex2us
0xff9b5ecc,AFTool.GetEVal_FW
0xff9b999c,task_ExpDrvSubTask
0xff9cb86c,ReloadWBAdjustment_FW
0xff9cbf10,ChangeGradeTable_FW
0xff9cbf24,PointDefDetect_FW
0xff9cc0b8,PointKizuCheck_FW
0xff9cc11c,GetDefectCount_FW
0xff9cccd4,DevelopTool.DevelopTest_FW
0xff9d1ba0,ReloadEfAdjustment_FW
0xff9d24e0,task_CntFlashTask
0xff9d3618,EF.StartEFCharge_FW
0xff9d3668,EF.StopEFCharge_FW
0xff9d3678,EF.SetEFChargeTimeOut_FW
0xff9d368c,EF.StartInternalPreFlash_FW
0xff9d36c8,EF.StartInternalMainFlash_FW
0xff9d3750,EF.SetMainFlashTime_FW
0xff9d3764,j_EF.IsChargeFull_FW
0xff9d3768,EF.AdjPreFlash_FW
0xff9d37ac,EF.SetChargeMode_FW
0xff9d37c0,EF.SetFlashTime_FW
0xff9d43ac,GetBaseSv
0xff9d4a60,ActivateImager_FW
0xff9d4aec,ActivateImagerXOne_FW
0xff9d4bbc,QuietImager_FW
0xff9d4c44,CancelImager_FW
0xff9d4c68,ChangeImagerToWholeParallel_FW
0xff9d4c84,ChangeImagerToWholeParallelBP_FW
0xff9d4ca0,ChangeImagerToWideDraft_FW
0xff9d4ca8,ChangeImagerToFocusJet_FW
0xff9d4cb0,ChangeImagerToMangoPudding_FW
0xff9d4cb8,ChangeImagerToSuperWideDraft_FW
0xff9d4cc0,ChangeImagerToJetDraft_FW
0xff9d4cc8,ChangeImagerToJumboDraft_FW
0xff9d4cd0,ChangeImagerToHoneyFlash_FW
0xff9d4cd8,ChangeImagerToMillefeAdjust_FW
0xff9d4ce0,ChangeImagerToDigiconMode_FW
0xff9d4ce0,ChangeImagerToOITA_XAVIER_FW
0xff9d4ce8,ChangeImagerToAlternateDraft_FW
0xff9d4cf0,ChangeImagerToUltraGhostQ_FW
0xff9d4cf8,ChangeImagerToMontblancWhole_FW
0xff9d4d00,ChangeImagerToMontblancMillefe_FW
0xff9d4d0c,j_E2LatOn_FW
0xff9d8c54,LiveImageTool.StartEVF_FW
0xff9d8cd0,LiveImageTool.StartEVFFocusJet_FW
0xff9d8d4c,LiveImageTool.StartEVFMF_FW
0xff9d8de0,LiveImageTool.StartEVFMovVGA_FW
0xff9d8eb4,LiveImageTool.StartEVFMovQVGA60_FW
0xff9d8f70,LiveImageTool.StartEVFMovQVGA_FW
0xff9d902c,LiveImageTool.StartEVFMovQQVGA_FW
0xff9d90e8,LiveImageTool.StartEVFMovXGA_FW
0xff9d91a0,LiveImageTool.StartEVFMovHD_FW
0xff9d9258,LiveImageTool.StopEVF_FW
0xff9d9268,LiveImageTool.StartMjpegMaking_FW
0xff9d9288,LiveImageTool.StopMjpegMaking_FW
0xff9d9298,LiveImageTool.DzoomTele_FW
0xff9d92b8,LiveImageTool.DzoomWide_FW
0xff9d92d8,LiveImageTool.StopDzoom_FW
0xff9d92e8,LiveImageTool.Pause_FW
0xff9d92f8,LiveImageTool.Resume_FW
0xff9d9308,LiveImageTool.ChangeDzoom_FW
0xff9d9378,j_LiveImageTool.GetDzoomPosition_FW
0xff9d937c,LiveImageTool.Jump_FW
0xff9dacfc,ReloadColorAdjustment_FW
0xff9dbc4c,task_CnctEntiRcv
0xff9dbd7c,task_CnctEntiSnd
0xff9dca64,task_SesnDaem
0xff9ddc3c,task_ReqRecev
0xff9dfa50,task_DirectOpEventQueueMngr
0xff9e0928,add_ptp_handler
0xff9e149c,handle_PTP_OC_CANON_ChangeUSBProtocol
0xff9e2fcc,task_SelectThumbCache
0xff9e884c,task_RAPI_Task
0xff9e9248,task_DCPClassTask
0xff9ea124,task_DcpTrnCtrl
0xff9ea264,task_DcpTrnTrns
0xff9f45cc,EngDrvOut_FW
0xff9f45e8,EngDrvIn_FW
0xff9f45f0,EngDrvRead_FW
0xff9f45f8,EngDrvBits_FW
0xff9f461c,EngDrvReadDump_FW
0xff9f9838,ShowTransparentMemory_FW
0xff9f9858,DumpTransparentMemoryItem_FW
0xff9f9898,AddTransparentMemory_FW
0xff9f98d0,AttachToTransparentMemory_FW
0xff9f9908,RemoveTransparentMemory_FW
0xff9f9928,GetTransparentMemorySize_FW
0xff9f993c,GetTransparentMemory_FW
0xff9f9980,GetTransparentMemoryPosition_FW
0xff9f9dfc,FreeBufferForSoundRec_FW
0xff9f9e78,StartSoundRecord_FW
0xff9f9eb0,StartSoundPlay_FW
0xff9f9ef8,InitializeSoundRec_FW
0xff9f9f2c,TerminateSoundRec_FW
0xffa02ab0,task_MetaCtgPrsTask
0xffa0e1fc,task_FileScheduleTask
0xffa0f034,task_FileWrite
0xffa0f034,task_FileWriteTask
0xffa10368,task_ReadScheduleTask
0xffa12258,OpenFastDir
0xffa122ec,ReadFastDir
0xffa123bc,closedir
0xffa16320,task_FilYuvMaker
0xffa17380,task_DecJpgRd
0xffa19cec,reboot_fw_update
0xffa1bab8,task_FocusEvent
0xffa1dc9c,GetFocusLensResetPosition_FW
0xffa1dcac,GetFocusLensResetDefaultPosition_FW
0xffa1e428,GetFocusLensCurrentPosition_FW
0xffa1e864,GetFocusLensDriveVoltage_FW
0xffa1e8e0,GetFocusLensSettingWaitVoltage_FW
0xffa1e92c,GetFocusLensHoldVoltage_FW
0xffa1fd58,task_MechaShutter
0xffa20770,task_Nd
0xffa20c04,get_current_nd_value
0xffa20c48,get_nd_value
0xffa2168c,task_ZoomEvent
0xffa21e40,IsZoomActuatorResetSensorPlusSide_FW
0xffa223d8,MoveZoomActuator_FW
0xffa22418,SetZoomActuatorSpeedPPS_FW
0xffa22434,GetZoomActuatorSpeedPPS_FW
0xffa22440,j_GetZoomActuatorCurrentPosition_FW
0xffa22444,j_IsZoomActuatorResetSensorPlusSide_FW
0xffa22448,GetZoomActuatorCurrentPosition_FW
0xffa2326c,GetZoomLensCurrentPosition
0xffa24a34,task_AviRead
0xffa27cec,task_AviEdit
0xffa28990,MoveCZToPoint_FW
0xffa289c8,MoveCZToWide_FW
0xffa289f8,MoveCZToTele_FW
0xffa28aac,ResetFocusLens
0xffa28aac,ResetFocusLens_FW
0xffa28b08,EscapeFocusLens_FW
0xffa28b80,MoveFocusLensToTerminate_FW
0xffa28bdc,MoveFocusLensWithDistance_FW
0xffa28ce8,MoveFocusLensWithPosition_FW
0xffa28dfc,MoveFocusLensWithPositionWithoutBacklash_FW
0xffa28f10,MoveFocusActuator_FW
0xffa28fcc,SetFocusLensSpeed_FW
0xffa28ff8,SetFocusLensSpeedTable_FW
0xffa290b4,SetFocusLensDefaultPullOutTable_FW
0xffa290c8,SetFocusLensCondition_FW
0xffa291f8,ShowFocusLensCurrentSpeedTable_FW
0xffa2926c,SetFocusLensMaxSpeedLimit_FW
0xffa2927c,CancelFocusLensMaxSpeedLimit_FW
0xffa2928c,EnableFocusLens_FW
0xffa292d8,DisableFocusLens_FW
0xffa29324,EnableFocusLensGainLockWithVoltage_FW
0xffa29358,DisableFocusLensGainLock_FW
0xffa29368,EnableFocusLensWaveLock_FW
0xffa29384,DisableFocusLensWaveLock_FW
0xffa29394,j_GetFocusLensCurrentPosition_FW
0xffa29398,j_GetFocusLensResetPosition_FW
0xffa2939c,j_GetFocusLensResetDefaultPosition_FW
0xffa293a0,GetFocusLensSubjectDistance_FW
0xffa293bc,GetFocusLensSubjectDistanceNumber_FW
0xffa293c4,GetFocusLensPositionRatio_FW
0xffa293cc,GetFocusLensLoadSubjectDistance_FW
0xffa29434,ChangeFocusDistanceToPosition_FW
0xffa2943c,GetFocusLensLoadCamTable_FW
0xffa2946c,j_GetFocusLensDriveVoltage_FW
0xffa29470,SetFocusLensDriveVoltage_FW
0xffa294a8,j_GetFocusLensSettingWaitVoltage_FW
0xffa294ac,SetFocusLensSettingWaitVoltage_FW
0xffa294e4,j_GetFocusLensHoldVoltage_FW
0xffa294e8,SetFocusLensHoldVoltage_FW
0xffa29520,j_GetFocusLensResetVoltage_FW
0xffa29524,GetFocusLensMoveMaxPosition_FW
0xffa2953c,GetFocusLensMoveMinPosition_FW
0xffa295a0,ResetIris_FW
0xffa295c4,MoveIrisToTerminatePosition_FW
0xffa295cc,MoveIrisWithAv
0xffa295cc,MoveIrisWithAv_FW
0xffa295f4,MoveIrisWithAvWithoutBacklash_FW
0xffa2961c,j_GetIrisAv_FW
0xffa29678,MoveLensToFirstPoint_FW
0xffa296c0,MoveLensToTerminatePoint_FW
0xffa296f8,j_IsLensOutside_FW
0xffa296fc,j_GetLensErrorStatus_FW
0xffa2971c,EnableMechaCircuit_FW
0xffa2972c,DisableMechaCircuit_FW
0xffa2973c,EnableFocusPiCircuit_FW
0xffa2974c,DisableFocusPiCircuit_FW
0xffa2975c,j_GetFocusPiSensorLevel_FW
0xffa29760,EnableZoomPiCircuit_FW
0xffa29770,DisableZoomPiCircuit_FW
0xffa29780,j_GetZoomPiSensorLevel_FW
0xffa29784,EnableZoomEncoderCircuit_FW
0xffa29794,DisableZoomEncoderCircuit_FW
0xffa297a4,SendMechaCircuitData_FW
0xffa297c8,ReceiveMechaCircuitDataAll_FW
0xffa29878,CloseMechaShutter_FW
0xffa2989c,OpenMechaShutter_FW
0xffa298c0,CloseMechaShutterWithTiming_FW
0xffa298f8,SetMechaShutterCloseDacSetting_FW
0xffa29914,SetMechaShutterOpenDacSetting_FW
0xffa29930,SetMechaShutterWaitTimeSetting_FW
0xffa29944,j_GetMechaShutterStatus_FW
0xffa82748,PutInNdFilter,(stubs_entry_2.s)
0xffa299b4,TurnOnNdFilter_FW
0xffa82780,PutOutNdFilter,(stubs_entry_2.s)
0xffa299d8,TurnOffNdFilter_FW
0xffa299fc,SetNdDacSetting_FW
0xffa29a20,EnableZoomLensEncoderPowerControl_FW
0xffa29a30,DisableZoomLensEncoderPowerControl_FW
0xffa29aa4,ResetZoomLens
0xffa29aa4,ResetZoomLens_FW
0xffa29ad0,ResetZoomLensToFirst_FW
0xffa29b10,ResetZoomLensToTermiante_FW
0xffa29b50,MoveZoomLensWithPoint
0xffa29b50,MoveZoomLensWithPoint_FW
0xffa29b94,MoveZoomLensWithPosition_FW
0xffa29bd8,MoveZoomLensToTerminatePosition_FW
0xffa29c18,MoveZoomLensToMechaEdge_FW
0xffa29c80,SetZoomLensSpeedMode_FW
0xffa29c88,j_GetZoomLensCurrentPoint_FW
0xffa29cb0,j_GetZoomLensCurrentPosition_FW
0xffa29cb4,j_GetZoomLensTelePoint_FW
0xffa29cb8,j_GetZoomLensMechaEdgePosition_FW
0xffa29cbc,ISAutoCenter_FW
0xffa29ccc,StartISLocalAdjust_FW
0xffa29cdc,j_StartISLocalHallAdjust_FW
0xffa29ce0,j_StartISLocalAutoCenter_FW
0xffa29ce4,ISMoveToMechaEdgeOPEN_FW
0xffa29cf8,ISChangeOPENtoCLOSE_FW
0xffa29d08,SetISDriveAaxis_FW
0xffa29d1c,SetISDriveBaxis_FW
0xffa29d30,SetISHallOffsetAaxis_FW
0xffa29d44,SetISHallOffsetBaxis_FW
0xffa29d58,SetISHallGainAaxis_FW
0xffa29d6c,SetISHallGainBaxis_FW
0xffa29d80,SetISGyroGainAaxis_FW
0xffa29d94,SetISGyroGainBaxis_FW
0xffa29da8,GetISDriveAaxis_FW
0xffa29dc8,GetISDriveBaxis_FW
0xffa29de8,GetISPositionAaxis_FW
0xffa29e08,GetISPositionBaxis_FW
0xffa29e28,GetISHallOffsetAaxis_FW
0xffa29e48,GetISHallOffsetBaxis_FW
0xffa29e68,GetISHallGainAaxis_FW
0xffa29e88,GetISHallGainBaxis_FW
0xffa29ea8,GetISGyroGainAaxis_FW
0xffa29ec8,GetISGyroGainBaxis_FW
0xffa29ee8,j_GetGyroDataPitch_FW
0xffa29eec,j_GetGyroDataYaw_FW
0xffa29ef0,SetGyro10BitDACPitch_FW
0xffa29f04,SetGyro10BitDACYaw_FW
0xffa29f18,j_GetGyro10BitDACPitch_FW
0xffa29f1c,j_GetGyro10BitDACYaw_FW
0xffa29f20,SetGyroHPFINOffsetPitch_FW
0xffa29f34,SetGyroHPFINOffsetYaw_FW
0xffa29f48,j_GetGyroHPFINOffsetPitch_FW
0xffa29f4c,j_GetGyroHPFINOffsetYaw_FW
0xffa29f50,j_GetGyroHPFINPitch_FW
0xffa29f54,j_GetGyroHPFINYaw_FW
0xffa29f58,SetISTuningFlag_FW
0xffa29f74,SetGyroFilterChargeStart_FW
0xffa29f88,SetGyroFilterChargeStop_FW
0xffa2a08c,GetISFirmVersion_FW
0xffa2a0b4,GetISParamVersion_FW
0xffa2a0dc,SetZoomPosition_FW
0xffa2a0f0,ISControlStart_FW
0xffa2a100,ISControlStop_FW
0xffa2a110,ISPanModeStart_FW
0xffa2a120,ISPanModeStop_FW
0xffa2a130,SelectPositionSignal_FW
0xffa2a144,ClearISIComponent_FW
0xffa2a154,SetISHPFCutoff_FW
0xffa2a168,ClearISZData_FW
0xffa2a178,GetISHallOut1Amp_FW
0xffa2a19c,ISMDStart_FW
0xffa2a1ac,ISMDStop_FW
0xffa2a1bc,StartImStEventProc_FW
0xffa2ae9c,task_CreateHeaderTask
0xffa2c968,MemoryChecker_FW
0xffa2c9fc,VerifyByte_FW
0xffa2cf9c,SDump_FW
0xffa2d1bc,FreeMemory
0xffa2d1bc,FreeMemory_FW
0xffa2d1c4,AllocateMemory
0xffa2d1c4,AllocateMemory_FW
0xffa2d1e4,Peek32_FW
0xffa2d1ec,Peek16_FW
0xffa2d1f4,Peek8_FW
0xffa2d21c,GetSystemTime
0xffa2d21c,GetSystemTime_FW
0xffa2d230,exec_FW
0xffa2d2a4,MonSelEvent_FW
0xffa2d938,MakeBootDisk_FW
0xffa2d94c,MakeScriptDisk_FW
0xffa2d960,AdditionAgentRAM_FW
0xffa3112c,StartTransferOrderMenu_FW
0xffa49e2c,StartDirectTransferManager_FW
0xffa4a9e0,StoptDtConfirmMenu_FW
0xffa4ab28,StartDtConfirmMenu_FW
0xffa60ae4,LCDMsg_Move_FW
0xffa60b24,LCDMsg_Delete_FW
0xffa60e28,LCDMsg_Create_FW
0xffa60ed8,LCDMsg_SwDisp_FW
0xffa60f28,LCDMsg_SetNum_FW
0xffa60f38,LCDMsg_SetStr_FW
0xffa6100c,LCDMsg_ChangeColor_FW
0xffa7cd48,task_EvntExec
0xffa8083c,PrintAllAEIntegData_FW
0xffa810c8,AbortAEIntegralValue_FW
0xffa8111c,SetAEIntegStrobeProperty_FW
0xffa81180,SetAEIntegralValueProperty_FW
0xffa81268,GetAEIntegWinData_FW
0xffa813ac,j_GetAEIntegWinData_FW
0xffa813b0,GetAEIntegWinDataWithMode_FW
0xffa81520,GetAEIntegralValueWithFix_FW
0xffa81644,GetAllAEIntegralAllValueWithFix_FW
0xffa81718,GetOnlyAEIntegData_FW
0xffa8178c,SetWhiteCoefficient_FW
0xffa81804,SetAEIntegWindowsMode_FW
0xffa81858,SetAEIntegValueBit_FW
0xffa81868,GetAEIntegValueBit_FW
0xffa81874,GetAEIntegralServiceMode_FW
0xffa81880,StopAEIntegralService_FW
0xffa81b0c,StartAEIntegralService_FW
0xffa81b48,SetLineDefMarkThroughMode_FW
0xffa81b80,SetAEIntegAverageOBData_FW
0xffa81b88,SetAdjAEIntegSmearLimitter_FW
0xffa81b98,SetDefaultAEIntegSmearLimitter_FW
0xffa81ba8,AttachIntegCrawData_FW
0xffa81f7c,GetCurrentAdjImgDriveType_FW
0xffa81f88,GetCurrentImgDrvMode_FW
0xffa81fa8,ConvertAEIntegDrvTypeToAdjImgDriveType_FW
0xffa81ff4,ConvertAdjImgDrvModeToAdjImgDriveType_FW
0xffa82058,ChangeAdjImgDrvMode_FW
0xffa82084,ChangeAEIntegDrvTypeToAdjImgDriveType_FW
0xffa820f4,GetCdsGainValue_FW
0xffa8211c,SetDeltaCDSGain_FW
0xffa82160,j_ReloadCdsAdjustment_FW
0xffa82164,GetObClampValue_FW
0xffa821a8,SetObClamp_FW
0xffa821a8,SetObClampValue_FW
0xffa821b0,SetCDSGain_FW
0xffa821b0,SetCdsGainValue_FW
0xffa821dc,SetCdsPreGain_FW
0xffa821e4,GetCdsPreGain_FW
0xffa8220c,j_GetCdsPreGain_FW
0xffa82234,SetCdsPreGainReg_FW
0xffa8223c,GetCdsPreGainReg_FW
0xffa82264,j_GetCdsPreGainReg_FW
0xffa82288,SetCDSGainStep_FW
0xffa822a0,SetAdjCdsMode_FW
0xffa822b8,CancelAdjCdsMode_FW
0xffa8239c,IsAdjCdsMode_FW
0xffa823dc,ConvertTvToExposureTime_FW
0xffa823fc,j_GetCurrentExposureTime_FW
0xffa82404,j_GetCurrentShutterSpeed_FW
0xffa82430,SetShutterSpeedWithMecha_FW
0xffa82480,SetShutterSpeed_FW
0xffa824cc,GetUserSetShutterSPeed_FW
0xffa824dc,GetShutterSpeedRegularMaxLimit_FW
0xffa824f4,GetShutterSpeedRegularMinLimit_FW
0xffa8258c,MoveIrisToAv_FW
0xffa825d8,j_ReloadIrisAdjustment_FW
0xffa825dc,j_GetCurrentAvValue_FW
0xffa8268c,MoveIrisFullOpen_FW
0xffa826c0,MoveIrisFullClose_FW
0xffa82730,j_ReloadNdFilterAdjustment_FW
0xffa82748,PutInNdFilter_FW
0xffa82780,PutOutNdFilter_FW
0xffa82804,CloseMShutter_FW
0xffa8283c,OpenMShutter_FW
0xffa83164,CalculatePeakFromLeastSquareResult_FW
0xffa831a0,CalculateLog2ToApex_FW
0xffa831b4,CalculatePow2FromApex_FW
0xffa831c4,CalcLog10
0xffa83200,CalcLog10_FW
0xffa83228,ConvertApexToApexStd_FW
0xffa83258,ConvertApexStdToApex_FW
0xffa832d4,SetOneShotWBParam_FW
0xffa832d4,SetOneTypeWBParam_FW
0xffa83354,OneShotWhigeBalance_FW
0xffa83354,OneTypeWhiteBalance_FW
0xffa833a8,SetWBYlStandardWidth_FW
0xffa833e8,SetReferenceWBGainForCalibration_FW
0xffa83414,SetToolCorrectCoefficient_FW
0xffa8348c,j_ReloadWBAdjustment_FW
0xffa837ac,ConvertCxCyToWBGain_FW
0xffa838b4,GetZoomLensResetPlus_FW
0xffa83a74,j_GetCurrentZoomLensPosition_FW
0xffa83a74,j_GetCurrentZoomPosition_FW
0xffa83a78,j_GetCurrentZoomLensPoint_FW
0xffa83a78,j_GetCurrentZoomPoint_FW
0xffa83a7c,GetCurrentZoomLensDirection_FW
0xffa83a98,j_ReloadZoomAdjustment_FW
0xffa83bd8,ResetZoom_FW
0xffa83c0c,ResetZoomToFirst_FW
0xffa83c0c,ResetZoomToFirstPoint_FW
0xffa83c40,ResetZoomToTerminate_FW
0xffa83c40,ResetZoomToTerminatePoint_FW
0xffa83c74,MoveZoomLensToPosition_FW
0xffa83c74,MoveZoomPosition_FW
0xffa83cb0,MoveZoomLensToPoint_FW
0xffa83cb0,MoveZoomPoint_FW
0xffa83cec,ResetZoomToAdjFirstPoint_FW
0xffa83d30,ResetZoomToAdjTerminatePoint_FW
0xffa83ea4,MoveZoomLensToMechaEnd_FW
0xffa83f98,MoveZoomLensToPositionByManual_FW
0xffa84040,SetZoomLensEncoderPowerControl_FW
0xffa84118,ConvertToPositionWithDistanceAndZoomPoint_FW
0xffa84128,j_ReloadFocusLensAdjustment_FW
0xffa8412c,j_GetFocusDefaultResetPosition_FW
0xffa84130,j_GetFocusResetPosition_FW
0xffa84134,j_GetCurrentTargetDistance_FW
0xffa84170,j_GetCurrentFocusLensPosition_FW
0xffa84170,j_GetCurrentFocusPosition_FW
0xffa841a0,MoveFocusLensToTerminatePosition_FW
0xffa841a0,MoveFocusToTerminate_FW
0xffa84284,MoveFocusLensToPositionWithMaxSpeed_FW
0xffa842c8,MoveFocusLensToPositionWithSpeed_FW
0xffa843a0,MoveFocusLensToPosition_FW
0xffa843f0,MoveFocusPosition_FW
0xffa844bc,MoveFocusDistance_FW
0xffa844bc,MoveFocusLensToDistance
0xffa844bc,MoveFocusLensToDistance_FW
0xffa84524,ResetFocus_FW
0xffa84f94,SetScanLensIndex_FW
0xffa8509c,SetScanWindowMode_FW
0xffa85270,SelectAdjBPFilter_FW
0xffa85290,SetAdjAFWinPos_FW
0xffa852d0,SetBPFilterForBP_FW
0xffa852f0,CancelBPFilterForBP_FW
0xffa85390,StartAdjAFService_FW
0xffa854cc,StopAdjAFService_FW
0xffa8571c,StopAdjAFInteg_FW
0xffa85798,GetAdjAFInteg_FW
0xffa85a10,StopCustomScan_FW
0xffa85b14,StartCustomScan_FW
0xffa85b98,StartCrwCustomScan_FW
0xffa861c4,PrintScanTable_FW
0xffa86258,PrintMultiWinScanTable_FW
0xffa86760,GetExStrobeID_FW
0xffa86768,IsExStrobeChargeComp_FW
0xffa86770,SetExStrobeMode_FW
0xffa86774,CancelExStrobeMode_FW
0xffa86778,j_ReloadEfAdjustment_FW
0xffa867b0,ChargeStrobe_FW
0xffa867e4,ChargeStrobeForFA_FW
0xffa86830,StopStrobeChargeForFA_FW
0xffa86850,ExecuteInternalPreFlash_FW
0xffa868d8,j_ReloadColorAdjustment_FW
0xffa86994,RegistColorMatrix_FW
0xffa869cc,UnregistColorMatrix_FW
0xffa86b38,ShowCurrentExp_FW
0xffa86b90,SetAE_ShutterSpeed
0xffa86b90,SetAE_ShutterSpeed_FW
0xffa86c54,FocusAEWithCompensation_FW
0xffa86ccc,SetAE_CdsGainValue_FW
0xffa86d80,FixAEWithCompensation_FW
0xffa86de0,SetAdj_AEMode_FW
0xffa86e18,CancelAdj_AEMode_FW
0xffa86e68,PreFixAE_FW
0xffa86ffc,AfAEWithAperturePriority_FW
0xffa87040,AdjAEWithAperturePriority_FW
0xffa87098,SleepAE_FW
0xffa871ec,AfAEWithCompensation_FW
0xffa872e0,GetVideoOutType_FW
0xffa87308,SwitchOffDisplay_FW
0xffa87340,SwitchOnDisplay_FW
0xffa873b8,SetVideoOutType_FW
0xffa873c0,IsEVFDrive_FW
0xffa873e8,StopEVFDrive_FW
0xffa8765c,StartEVFDriveWithMode_FW
0xffa876a0,StartEVFDrive_FW
0xffa876f0,IsEvfDriveMode_FW
0xffa878c0,GetSumYOfVRAMCenterLine_FW
0xffa87928,j_GetVRAMHPixelsSize_FW
0xffa8792c,j_GetVRAMVPixelsSize_FW
0xffa87930,j_StopContinuousVRAMData_FW
0xffa879ac,GetContinuousVRAMData_FW
0xffa880ac,GetPixelsOfViewangle_FW
0xffa88150,GetContinuousVRAMDataWithRingBuffer_FW
0xffa881e4,j_GetMovieJpegVRAMHPixelsSize_FW
0xffa881e8,j_GetMovieJpegVRAMVPixelsSize_FW
0xffa88310,GetContinuousMovieJpegVRAMData_FW
0xffa884d4,SetImageMode
0xffa88584,Bat_VIN_FW
0xffa88584,SetInputVoltage_FW
0xffa88598,Bat_Save_FW
0xffa88598,SaveBatSenseOffsetAdjustmentTable_FW
0xffa885a8,SetImageMode_FW
0xffa885b0,SetDate_FW
0xffa886f0,SetYear_FW
0xffa88750,SetMonth_FW
0xffa887ac,SetDay_FW
0xffa88814,SetHour_FW
0xffa88878,SetMinute_FW
0xffa888dc,SetSecond_FW
0xffa88940,GetYear_FW
0xffa88970,GetMonth_FW
0xffa8899c,GetDay_FW
0xffa889c4,GetHour_FW
0xffa889ec,GetMinute_FW
0xffa88a14,GetSecond_FW
0xffa88a3c,SetLangMenuType_FW
0xffa88a64,j_GetCurrentCcdTemp_FW
0xffa88a68,j_GetCurrentOptTemp_FW
0xffa88b3c,SaveBmpVRAMData_FW
0xffa88bec,SavePaletteData
0xffa88bec,SavePaletteData_FW
0xffa88c7c,SaveFromImage_FW
0xffa88e08,SetFactorySerialNumber_FW
0xffa88e18,LoadFactoryNumber_FW
0xffa88f48,LoadSerialNumber_FW
0xffa89034,GetLastVBatADLevel_FW
0xffa8903c,j_GetVBatVoltage_FW
0xffa89040,SaveFactoryReserveData_FW
0xffa8989c,GetUnpackCrwIntegralValue_FW
0xffa89a10,GetCaptureInfoData_FW
0xffa89a70,ReloadShadingAdjustmentData_FW
0xffa89a90,ReloadDefectAdjustmentData_FW
0xffa89c2c,DevelopStillPicture_FW
0xffa89d28,GetISGyroYawOffset_FW
0xffa89d30,GetISGyroPitchOffset_FW
0xffa89d48,HitISLensAgainstRightEdge_FW
0xffa89d5c,HitISLensAgainstLeftEdge_FW
0xffa89d70,HitISLensAgainstBottomEdge_FW
0xffa89d84,HitISLensAgainstTopEdge_FW
0xffa89da8,MoveISLensToRightLimitPosition_FW
0xffa89dbc,MoveISLensToLeftLimitPosition_FW
0xffa89dd0,MoveISLensToBottomLimitPosition_FW
0xffa89de4,MoveISLensToTopLimitPosition_FW
0xffa89df8,j_StopBDrive_FW
0xffa89df8,j_StopISDrive_FW
0xffa89dfc,j_StartBDrive_FW
0xffa89dfc,j_StartISDrive_FW
0xffa89e00,j_GetISHallDeviceYawGain_FW
0xffa89e04,j_GetISHallDevicePitchGain_FW
0xffa89e08,j_GetISHallDeviceYawOffset_FW
0xffa89e0c,j_GetISHallDevicePitchOffset_FW
0xffa89e10,WriteHallDeviceAdjustment_FW
0xffa89e5c,j_GetISGyroYawGain_FW
0xffa89e60,j_GetISGyroPitchGain_FW
0xffa89e64,WriteGyroAdjustment_FW
0xffa89e90,j_GetISYawPWM_FW
0xffa89e94,j_GetISPitchPWM_FW
0xffa89e98,WritePWMAdjustment_FW
0xffa89ec8,SetISPitchPWM_FW
0xffa89edc,SetISYawPWM_FW
0xffa89ef0,SetISGyroYawGain_FW
0xffa89f04,SetISGyroPitchGain_FW
0xffa89f14,SetISGyroYawOffset_FW
0xffa89f18,SetISGyroPitchOffset_FW
0xffa89f20,SetISHallDeviceYawGain_FW
0xffa89f34,SetISHallDevicePitchGain_FW
0xffa89f48,SetISHallDeviceYawOffset_FW
0xffa89f5c,SetISHallDevicePitchOffset_FW
0xffa89f6c,SetZoomPointToIS_FW
0xffa89f7c,j_StartISAdjustmentDrive_FW
0xffa89f80,j_StopISAdjustmentDrive_FW
0xffa89f84,j_StartBPanDrive_FW
0xffa89f84,j_StartISPanDrive_FW
0xffa89f88,j_StopBPanDrive_FW
0xffa89f88,j_StopISPanDrive_FW
0xffa89f8c,j_SearchBCentralPosition_FW
0xffa89f8c,j_SearchISLensCentralPosition_FW
0xffa89f90,j_MoveISLensToCentralPosition_FW
0xffa89f94,j_GetISShiftLensPitchPosition_FW
0xffa89f98,j_GetISShiftLensYawPosition_FW
0xffa89f9c,GetISLensEViAaxis_FW
0xffa89fb0,GetISLensEViBaxis_FW
0xffa89fc4,j_GetISLensDampAaxis_FW
0xffa89fc8,j_GetISLensDampBaxis_FW
0xffa89fd4,SetISCutOffFreqIndex_FW
0xffa89fd4,SetISHPFCutOffFreqIndex_FW
0xffa89fe4,SetISLPFCutOffFreqAaxis_FW
0xffa89ff4,SetISLPFCutOffFreqBaxis_FW
0xffa8a008,SetLPFForParallelFilter_FW
0xffa8a024,ChangeFilterMode_FW
0xffa8a02c,j_ClearISCalcZData_FW
0xffa8a03c,HitISMechaEdgeInOpenControl_FW
0xffa8a05c,j_ChangeToISCloseControl_FW
0xffa8a0f0,SetISGyro10BitDACPitch_FW
0xffa8a0f8,SetISGyro10BitDACYaw_FW
0xffa8a100,SetISGyroHPFINOffsetPitch_FW
0xffa8a108,SetISGyroHPFINOffsetYaw_FW
0xffa8a114,GetISGyroDataPitch_FW
0xffa8a124,GetISGyroDataYaw_FW
0xffa8a134,GetISGyroHPFINPitch_FW
0xffa8a144,GetISGyroHPFINYaw_FW
0xffa8a154,GetISGyro10BitDACPitch_FW
0xffa8a164,GetISGyro10BitDACYaw_FW
0xffa8a174,GetISGyroHPFINOffsetPitch_FW
0xffa8a184,GetISGyroHPFINOffsetYaw_FW
0xffa8a1e4,InitializeMechaDevice_FW
0xffa8a21c,TerminateMechaDevice_FW
0xffa8a28c,CreateJumptable
0xffa8cfa4,task_CtgTotalTask
0xffa97354,task_ReadFileTask
0xffa99fc8,task_EffctDrv
0xffa9b968,SetPMByGpio_FW
0xffa9b978,ClearPMByGpio_FW
0xffa9b9dc,ClearPMByFs_FW
0xffa9b9ec,MoveDCMotorCW_FW
0xffa9ba74,MoveDCMotorCCW_FW
0xffa9bafc,SetDCMotorWaitTime_FW
0xffa9c614,GetFocusLensResetVoltage_FW
0xffaa198c,StartDtExecuteMenu_FW
0xffaacaf8,_divmod_signed_int
0xffaacc5c,_log10
0xffaacdcc,_pow
0xffaadc5c,_safe_sqrt
0xffaadd18,_log
0xffaae30c,_divmod_unsigned_int
0xffaae40c,_dadd
0xffaae6b4,_ddiv
0xffaaec4c,_dfix
0xffaaecfc,_dfixu
0xffaaed84,_dflt
0xffaaedb4,_dfltu
0xffaaedc0,_dcmp
0xffaaee48,_dmul
0xffaaf048,_dcmp_reverse
0xffaaf0e8,_drsb
0xffaaf138,_sqrt
0xffaaf2ac,_dsub
0xffaaf660,_f2d
0xffaaf80c,_fdiv
0xffaafa30,_ffix
0xffaafaa4,_ffixu
0xffaafb04,_fflt
0xffaafb38,_ffltu
0xffaafb40,_fmul
0xffaaffcc,_scalbn
