0x011031c8,_log
0x011036e8,_log10
0x01103850,_pow
0x011058d0,_sqrt
0xfc3c3809,AbortAEIntegralValue_FW
0xbfe15919,AcquireRecursiveLock
0xbfe15619,AcquireRecursiveLockStrictly
0xfc328cbd,ActivateAdjLog_FW
0xfc565c8d,ActivateImageDrive_FW
0xfc3a3943,ActivateImager_FW
0xfc3a399f,ActivateImagerXOne_FW
0xfc2c88b3,add_ptp_handler
0xfc4ad19f,AdditionAgentRAM_FW
0xfc0212a1,AddTransparentMemory_FW
0xfc566dc1,AdjAEWithAperturePriority_FW
0xfc566d93,AfAEWithAperturePriority_FW
0xfc566f71,AfAEWithCompensation_FW
0xfc3a24c9,AFTool.GetEVal_FW
0xfc3a25fb,AFTool.SetAFLogType_FW
0xfc3a25ff,AFTool.SetDebugAFSequence_FW
0xfc3a25df,AFTool.StoreAFixPosition_FW
0xfc542927,AllocateMemory_FW
0xfc12fdf1,AllocateUncacheableMemory
0xfc352895,APE_DraftDump_FW
0xfc27f977,ApMoniSel_FW
0xfc163775,AprocSigProc_ALC_FW
0xfc163793,AprocSigProc_ALCReset_FW
0xfc163729,AprocSigProc_BgmMix_FW
0xfc163783,AprocSigProc_BGNoise_FW
0xfc163723,AprocSigProc_DCCut_FW
0xfc16371d,AprocSigProc_DRange_FW
0xfc16374d,AprocSigProc_EQ_FW
0xfc163755,AprocSigProc_FIL1_FW
0xfc16375d,AprocSigProc_FIL2_FW
0xfc163765,AprocSigProc_FIL3_FW
0xfc16376d,AprocSigProc_FIL4_FW
0xfc163731,AprocSigProc_GainAdj_FW
0xfc1636eb,AprocSigProc_InitialSet_FW
0xfc16378b,AprocSigProc_LevelMeter_FW
0xfc16377b,AprocSigProc_Limiter_FW
0xfc163c71,AprocSigProc_LoadProfileAdj_FW
0xfc1637a3,AprocSigProc_NCReset_FW
0xfc163739,AprocSigProc_NoiseCut_FW
0xfc164029,AprocSigProc_NoiseCutEffect_FW
0xfc163681,AprocSigProc_SetSigProcByMode_FW
0xfc163741,AprocSigProc_Stereo_FW
0xfc1637b3,AprocSigProc_TestGen1kHz_FW
0xfc163715,AprocSigProc_TestGen_FW
0xfc163747,AprocSigProc_WindCut_FW
0xfc16379b,AprocSigProc_WindCutReset_FW
0xfc0de941,atol_FW
0xfc3c40b5,AttachIntegCrawData_FW
0xfc0212bf,AttachToTransparentMemory_FW
0xfc0ed09b,autoIPAddressing_FW
0xfc5652f9,Bat_Calc_FW
0xfc567f9f,Bat_Save_FW
0xfc567f93,Bat_VIN_FW
0xfc281fef,BeepDrive_FW
0xfc282003,BeepDriveComp_FW
0xfc282017,BeepDriveStop_FW
0x01100b48,bzero
0xfc56648b,CalcLog10
0xfc5664b7,CalcLog10_FW
0xfc56ad4f,CalcLoopGain_FW
0xfc567fad,CalcLowBatteryOffsetValue_FW
0xfc56652f,CalcSqrt
0xfc566557,CalcSqrt_FW
0xfc5652f9,CalculateBatSenseOffset_FW
0xfc56a149,CalculateInterpolationByLS_FW
0xfc566477,CalculateLog2ToApex_FW
0xfc56645d,CalculatePeakFromLeastSquareResult_FW
0xfc56a0dd,CalculatePeakPosByLS_FW
0xfc566483,CalculatePow2FromApex_FW
0xfc05d1a7,CalculateTestRecYUVData_FW
0xfc566c75,CancelAdj_AEMode_FW
0xfc54d779,CancelAdjCdsMode_FW
0xfc56920f,CancelBPFilterForBP_FW
0xfc54c19b,CancelExStrobeMode_FW
0xfc540081,CancelFocusLensMaxSpeedLimit_FW
0xfc565b4b,CancelImageDrive_FW
0xfc3a3a99,CancelImager_FW
0xfc56af13,CancelLoopGainCalc_FW
0xfc4ad09d,Capture.Create_FW
0xfc565be1,CaptureWithParam_FW
0xfc09fb0b,CecRegDump_FW
0xfc53e5c5,ChangeAdjImgDrvMode_FW
0xfc53e5e5,ChangeAEIntegDrvTypeToAdjImgDriveType_FW
0xfc3a3b63,ChangeAutoSlowShutterEnable_FW
0xfc020edb,ChangeDefectRecParam_FW
0xfc0210ad,ChangeDefectSpecParam_FW
0xfc567d5d,ChangeDistortionSetForLiveImage_FW
0xfc567d75,ChangeElectronicRollISSetting_FW
0xfc56ac9b,ChangeFilterMode_FW
0xfc5401dd,ChangeFocusDistanceToPosition_FW
0xfc5404e9,ChangeFocusLensStopSettingType_FW
0xfc565c09,ChangeImageDrive_FW
0xfc3a3adf,ChangeImagerToAlternateDraft_FW
0xfc3a3abf,ChangeImagerToCombiParallel_FW
0xfc3a3adb,ChangeImagerToDigiconMode_FW
0xfc3a3b17,ChangeImagerToElectraGlide_FW
0xfc3a3b3f,ChangeImagerToElectraGlideNepal_FW
0xfc3a3b3b,ChangeImagerToEsperRocketH_FW
0xfc3a3b0b,ChangeImagerToFalconJump_FW
0xfc3a3afb,ChangeImagerToFantaJungle_FW
0xfc3a3ac7,ChangeImagerToFocusJet_FW
0xfc3a3af3,ChangeImagerToHarleyDavidson_FW
0xfc3a3b2b,ChangeImagerToHarleyDavidsonNepal_FW
0xfc3a3b23,ChangeImagerToHarleySunshine_FW
0xfc3a3b43,ChangeImagerToHarleySunshineNepal_FW
0xfc3a3b13,ChangeImagerToHealthyVegetable_FW
0xfc3a3ad3,ChangeImagerToHoneyFlash_FW
0xfc3a3aff,ChangeImagerToHoneyFlashDark_FW
0xfc3a3b37,ChangeImagerToLasVegasMagic_FW
0xfc3a3b07,ChangeImagerToLCWideDraft_FW
0xfc3a3af7,ChangeImagerToMachDashV_FW
0xfc3a3acb,ChangeImagerToMangoPudding_FW
0xfc3a3ad7,ChangeImagerToMillefeAdjust_FW
0xfc3a3aeb,ChangeImagerToMontblancMillefe_FW
0xfc3a3aef,ChangeImagerToMontblancMovie_FW
0xfc3a3ae7,ChangeImagerToMontblancWhole_FW
0xfc3a3adb,ChangeImagerToOITA_XAVIER_FW
0xfc3a3aaf,ChangeImagerToRegularDrive_FW
0xfc3a3b03,ChangeImagerToRoadKing_FW
0xfc3a3b2f,ChangeImagerToRoadKingNepal_FW
0xfc3a3b27,ChangeImagerToRoadQueen_FW
0xfc3a3b0f,ChangeImagerToSpriteSunshine_FW
0xfc3a3acf,ChangeImagerToSuperWideDraft_FW
0xfc3a3b33,ChangeImagerToSuperWideNepal_FW
0xfc3a3ae3,ChangeImagerToUltraGhostQ_FW
0xfc3a3b1f,ChangeImagerToVeryFastMangoPudding_FW
0xfc3a3b1b,ChangeImagerToVeryFastWideDraft_FW
0xfc3a3ab3,ChangeImagerToWholeParallel_FW
0xfc3a3ab7,ChangeImagerToWholeParallelBP_FW
0xfc3a3ac3,ChangeImagerToWideDraft_FW
0xfc3a3abb,ChangeImagerToWideDraftFinancier_FW
0xfc5407ab,ChangeIrisSpeed_FW
0xfc541a19,ChangeParallelMode_FW
0xfc393e5f,ChangePermission_FW
0xfc0d67ad,ChangePowerState_FW
0x010e289f,ChangeSDPortVoltage_FW
0xfc56acb5,ChangeToISCloseControl_FW
0xfc54101f,ChangeZoomLensMagnificationToPoint_FW
0xfc541017,ChangeZoomLensPointToMagnification_FW
0xfc54c1cf,ChargeStrobe_FW
0xfc54c1f1,ChargeStrobeForFA_FW
0xbfe14d17,CheckAllEventFlag
0xbfe14ce1,CheckAnyEventFlag
0xfc4b9ca5,CheckAvs_FW
0xfc4a334b,CheckSumAll_FW
0xfc3ba791,clear_param_FW
0xfc02103f,ClearDefectTurnTable_FW
0xfc078a73,ClearDUIDFixFlag_FW
0xfc078a23,ClearDurianMode_FW
0xbfe14e7d,ClearEventFlag
0xfc078b2d,ClearFactoryMasterFlag_FW
0xfc078b39,ClearFactoryMasterROMProtection_FW
0xfc078a23,ClearFactoryMode_FW
0xfc120539,ClearImageDrive_FW
0xfc56af09,ClearISCalcZData_FW
0xfc541a6b,ClearISIComponent_FW
0xfc541a83,ClearISZData_FW
0xfc4a5e8b,ClearNFCSystemArea_FW
0xfc0c9339,ClearPMByFs_FW
0xfc0c932b,ClearPMByGpio_FW
0xfc4ba0f9,ClearSoundDevForRecEvent_FW
0xfc078529,ClearWLANFactoryMode_FW
0xfc53efff,ClearZoomCommonDriveParam_FW
0xfc53ea55,ClearZoomDriveParam_FW
0xfc317205,Close
0xfc38d6e7,close
0xfc317205,Close_FW
0xfc17a1dd,CloseConsole_FW
0xfc3f8381,closedir
0xfc540cc9,CloseMechaShutter_FW
0xfc540d05,CloseMechaShutterWithTiming_FW
0xfc54c2b3,CloseMShutter_FW
0xfc394229,ComDiscovery_FW
0xfc3b9371,connect_FW
0xfc3bb60b,ConnectPtpIPService_FW
0xfc53e589,ConvertAdjImgDrvModeToAdjImgDriveType_FW
0xfc53e55f,ConvertAEIntegDrvTypeToAdjImgDriveType_FW
0xfc5664ed,ConvertApexStdToApex_FW
0xfc5664d3,ConvertApexToApexStd_FW
0xfc566869,ConvertCxCyToWBGain_FW
0xfc54d8a3,ConvertToPositionWithDistance_FW
0xfc54d88f,ConvertToPositionWithDistanceAndZoomPoint_FW
0xfc54c011,ConvertTvToExposureTime_FW
0xfc565d09,CorrectMvFrMem2MemAfterDefMark_FW
0xfc17a069,CPrintf_FW
0xfc17a0a1,CPutChar_FW
0xfc07f087,CreateAdjustmentTableMirror_FW
0xbfe152ed,CreateBinarySemaphore
0xbfe1553f,CreateBinarySemaphoreStrictly
0xfc2d283f,CreateController_FW
0xbfe15339,CreateCountingSemaphore_FW
0xbfe15559,CreateCountingSemaphoreStrictly
0xfc07f08f,CreateDefectTableMirror_FW
0xbfe14c6d,CreateEventFlag
0xbfe15525,CreateEventFlagStrictly
0xfc3288a3,CreateFADBGSingalID_FW
0xfc54c405,CreateJumptable
0xbfe15035,CreateMessageQueue
0xbfe1550b,CreateMessageQueueStrictly
0xfc326409,CreateProxyOfEventProcedure_FW
0xbfe158a9,CreateRecursiveLock
0xbfe15573,CreateRecursiveLockStrictly
0xbfe11fc5,createsemaphore_low
0xbfe14a3d,CreateTask
0xbfe14a3d,CreateTask_FW
0xbfe10b89,CreateTask_low
0xbfe154e9,CreateTaskStrictly
0xfc07f92d,CreateUserSettingMirror_FW
0xfc02097f,CrossDefDetect_FW
0xfc2d29a7,CtrlMan_ChangeZOrder_FW
0xfc2a3385,CzDebugPrint_FW
0xfc2a3391,CzDebugPrintToFile_FW
0xfc5414e1,DcmTfMeasure_FW
0xfc54155d,DcmTfMeasureForSD_FW
0xfc5412a1,DcmWowFla_FW
0xfc54131f,DcmWowFlaForSD_FW
0x010e1001,DebugAssert
0x010e1017,DebugAssert2
0xfc08de05,default_assert_handler
0xfc08e11f,default_exception_handler
0xfc08e301,default_panic_handler
0xfc2d28b1,DeleteController_FW
0xfc32696d,DeleteDirectory_Fut
0xbfe14ca5,DeleteEventFlag
0xfc326923,DeleteFile_Fut
0xbfe15099,DeleteMessageQueue
0xfc326441,DeleteProxyOfEventProcedure_FW
0xbfe15371,DeleteSemaphore
0xbfe15371,DeleteSemaphore_FW
0xfc568903,DevelopStillPicture_FW
0xfc53cf05,DevelopTool.DevelopTest_FW
0xfc0c099f,DeviceUniqueIDCheckSum_FW
0xfc393719,dhcpAddressing_FW
0xfc298cb1,DisableDebugLogMode_FW
0xfc541e8f,DisableDISModeChange_FW
0xfc5400bd,DisableFocusLens_FW
0xfc54016d,DisableFocusLensGainLock_FW
0xfc54017f,DisableFocusLensSlopeGain_FW
0xfc540195,DisableFocusLensWaveLock_FW
0xfc540a7b,DisableFocusPiCircuit_FW
0xfc0d6833,DisableHDMIPower
0xfc565cff,DisableHeadDirectCapturePath_FW
0xfc540749,DisableIris_FW
0xfc0f6f45,DisableIrisActuator_FW
0xfc541b0f,DisableISAutoGyroOffset_FW
0xfc541afb,DisableISDriveError
0xfc541afb,DisableISDriveError_FW
0xfc5408c9,DisableLensError_FW
0xfc541ef7,DisableMacroIS_FW
0xfc540a67,DisableMechaCircuit_FW
0xfc540b11,DisableResetGpio_FW
0xfc2a560d,DisableZoomActuatorSpeedLog_FW
0xfc540aab,DisableZoomEncoderCircuit_FW
0xfc540ffb,DisableZoomLensElectricControl_FW
0xfc540dc7,DisableZoomLensEncoderPowerControl_FW
0xfc540fe3,DisableZoomLensSpeedControl_FW
0xfc540a93,DisableZoomPiCircuit_FW
0xfc3b941d,disconnect_FW
0xfc3bb611,DisconnectPtpIPService_FW
0xfc3258dd,DispCon_GetLcdGainAdjParameter_FW
0xfc325785,DispCon_GetNTSCAdjParameter_FW
0xfc3257f5,DispCon_GetPALAdjParameter_FW
0xfc325911,DispCon_SaveLcdGainAdjParameter_FW
0xfc32577b,DispCon_SaveNTSCAdjParameter_FW
0xfc3257eb,DispCon_SavePALAdjParameter_FW
0xfc325421,DispCon_SetDisplayType_FW
0xfc32589f,DispCon_SetLcdGainAdjParameter_FW
0xfc3256ad,DispCon_SetMaxBackLightBrightness_FW
0xfc3257b9,DispCon_SetNTSCAdjParameter_FW
0xfc32582b,DispCon_SetPALAdjParameter_FW
0xfc325925,DispCon_SetSSCGParameter_FW
0xfc32537d,DispCon_ShowBitmapColorBar_FW
0xfc32536d,DispCon_ShowBlackChart_FW
0xfc3251ef,DispCon_ShowColorBar_FW
0xfc325435,DispCon_ShowColorChart_FW
0xfc3253b7,DispCon_ShowCustomColorBar_FW
0xfc32524d,DispCon_ShowFiveStep_FW
0xfc32598b,DispCon_ShowHdChart_FW
0xfc325907,DispCon_ShowLcdGainAdjParameter_FW
0xfc32557b,DispCon_ShowNStepsChart_FW
0xfc3257ad,DispCon_ShowNTSCAdjParameter_FW
0xfc32581f,DispCon_ShowPALAdjParameter_FW
0xfc325333,DispCon_ShowWhiteChart_FW
0xfc325447,DispCon_ShowWhiteLine_FW
0xfc3256a3,DispCon_TurnOffBackLight_FW
0xfc3256e7,DispCon_TurnOffBackLightForCheckVoltage_FW
0xfc32568f,DispCon_TurnOffDisplay_FW
0xfc325699,DispCon_TurnOnBackLight_FW
0xfc3256b9,DispCon_TurnOnBackLightForCheckVoltage_FW
0xfc325685,DispCon_TurnOnDisplay_FW
0xfc4acc89,DispDev.Create_FW
0xfc4abbb5,DispDev_EnableEventProc
0xfc4abbb5,DispDev_EnableEventProc_FW
0xfc07824f,DisplayFactoryMode_FW
0xfc2c98cf,DispSwCon_TurnOffDisplayDevice_FW
0xfc2682e1,DoAELock
0xfc267f67,DoAFLock
0xfc565cef,DoMemToMemDarkSubtraction_FW
0xfc4abcc9,Driver.Create_FW
0xfc4abcc9,Driver_EnableEventProc_FW
0xbfe11435,dry_error_printf
0x01100a60,dry_memcpy
0xfc08b8f5,drysh_FW
0xfc07858d,DummyUSBConnection_FW
0xfc4ac13d,Dump32_FW
0xfc4ac133,Dump_FW
0xfc07eb69,DumpAdjMirror_FW
0xfc02127d,DumpTransparentMemoryItem_FW
0xfc1469f9,E2LatOn_FW
0xfc4a6515,Edet.Create_FW
0xfc4a6505,Edet.Delete_FW
0xfc53d3e1,EdidDump_FW
0xfc53d3df,EdidView_FW
0xfc3e4737,EF.AdjPreFlash_FW
0xfc3e4723,EF.FlashForColorTempEvaluation_FW
0xfc3e470b,EF.FlashWithoutSync_FW
0xfc35a0cd,EF.GetAdjustPreSvOffset_FW
0xfc3e4671,EF.GetEFModAddPixelGain_FW
0xfc35a0d1,EF.GetEFModExamDriveType_FW
0xfc3e4669,EF.GetEFY2_FW
0xfc3e45fb,EF.GetEFY_FW
0xfc0e7e8d,EF.IsChargeFull_FW
0xfc35a0dd,EF.IsIrisTypeKosaiShibori_FW
0xfc3e476d,EF.SetChargeMode_FW
0xfc3e45ed,EF.SetChargeOnTime_FW
0xfc3e45df,EF.SetEFChargeTimeOut_FW
0xfc3e4727,EF.SetMainFlashTime_FW
0xfc3e459d,EF.StartEFCharge_FW
0xfc3e46b5,EF.StartInternalMainFlash_FW
0xfc3e4687,EF.StartInternalPreFlash_FW
0xfc3e45d5,EF.StopEFCharge_FW
0xfc53a833,EFUSE_ReadData_FW
0xfc298ca7,EnableDebugLogMode_FW
0xfc541e99,EnableDISModeChange_FW
0xfc54008b,EnableFocusLens_FW
0xfc5400f3,EnableFocusLensGainLockWithVoltage_FW
0xfc540175,EnableFocusLensSlopeGain_FW
0xfc540187,EnableFocusLensWaveLock_FW
0xfc540a71,EnableFocusPiCircuit_FW
0xfc0d67fd,EnableHDMIPower
0xfc565cfd,EnableHeadDirectCapturePath_FW
0xfc54072f,EnableIris_FW
0xfc0f6f2b,EnableIrisActuator_FW
0xfc541b05,EnableISAutoGyroOffset_FW
0xfc541af1,EnableISDriveError_FW
0xfc5408bf,EnableLensError_FW
0xfc541eed,EnableMacroIS_FW
0xfc540a5d,EnableMechaCircuit_FW
0xfc540b01,EnableResetGpio_FW
0xfc2a5603,EnableZoomActuatorSpeedLog_FW
0xfc540aa1,EnableZoomEncoderCircuit_FW
0xfc540fef,EnableZoomLensElectricControl_FW
0xfc540dbd,EnableZoomLensEncoderPowerControl_FW
0xfc540fd7,EnableZoomLensSpeedControl_FW
0xfc540a89,EnableZoomPiCircuit_FW
0xfc4a658f,EngApp.Create_FW
0xfc4ad111,EngApp.CreatePub_FW
0xfc4a6551,EngApp.Delete_FW
0xfc0210e9,EngDrvBits_FW
0xfc0210dd,EngDrvIn_FW
0xfc0210cd,EngDrvOut_FW
0xfc328fad,EngDrvRead
0xfc0210e3,EngDrvRead_FW
0xfc0210fb,EngDrvReadDump_FW
0xfc4ad0d5,EngineDriver.Create_FW
0xfc30c645,EpilogFile_FW
0xfc30c68b,EpilogMenu_FW
0xfc30c519,EpilogShow_FW
0xfc07eb47,EraseAdjustmentArea_FW
0xfc0ac1b9,EraseLogSector_FW
0xfc0d6b4f,EraseRom_FW
0xfc4abcbd,EraseSignature_FW
0xfc393ebb,ErrorTest_Disconnect_FW
0xfc393e71,ErrorTest_Succession_FW
0xfc53f57f,EscapeFocusLens_FW
0xfc0559bb,exception_handler_DataAbort
0xfc055a19,exception_handler_FIQ
0xfc055b75,exception_handler_IRQ
0xfc0559a5,exception_handler_PrefetchAbort
0xfc0559d1,exception_handler_SupervisorCall
0xfc055981,exception_handler_UndefinedInstruction
0xfc542955,exec_FW
0xfc4b9c99,ExecuteAvs_FW
0xfc05cfb1,Executedccd_FW
0xfc020eeb,ExecuteDefectRec_FW
0xfc020f17,ExecuteDefectRecAndSaveImage_FW
0xfc020fa3,ExecuteDefectRecAndSaveImageWithGrade_FW
0xfc020f71,ExecuteDefectRecWithGrade_FW
0xfc05c8bd,ExecuteDigicon_FW
0xfc325ea9,ExecuteEventProcedure
0xfc325eed,ExecuteEventProcedure_FW
0xfc54c233,ExecuteInternalPreFlash_FW
0xfc1625f7,ExecuteResetFactory_FW
0xfc1625e5,ExecuteResetFactoryWithRomWrite_FW
0xfc1262e5,ExecuteShutDownPropertyService_FW
0xfc05d11b,ExecuteSubCameraTestRec_FW
0xfc05d10f,ExecuteTestRec_FW
0xfc05d11f,ExecuteTestRecCF_FW
0xfc05d1df,ExecuteTestRecDevelopProcess_FW
0xfc05d11f,ExecuteTestRecSD_FW
0xfc05d167,ExecuteTestRecSw1_FW
0xfc05d159,ExecuteTestRecWithInteg_FW
0xbfe14c1f,ExitTask
0xbfe14c1f,ExitTask_FW
0xfc08ec63,ExMem.AllocCacheable_FW
0xfc08eb63,ExMem.AllocUncacheable_FW
0xfc08ecb9,ExMem.FreeCacheable_FW
0xfc08ec1f,ExMem.FreeUncacheable_FW
0xfc08e6cd,ExMem.View_FW
0xfc08ec2b,exmem_alloc
0xfc08ec6b,exmem_free
0xfc084a67,ExMem_FW
0xfc08eb35,exmem_ualloc
0xfc08ebef,exmem_ufree
0xfc3a201f,ExpCtrlTool.SetExpMode_FW
0xfc3a2051,ExpCtrlTool.SoundDevTest_FW
0xfc326403,ExportToEventProcedure_FW
0xfc4acc6f,FA.Create_FW
0xfc4acc63,FA.Delete_FW
0xfc568595,FactoryPowerOffWithTimer_FW
0xfc328919,FADBGPrintf_FW
0xfc3288ab,FADBGSingal_FW
0xfc3289d3,FAPrintf_FW
0xfc3269cf,Fclose_Fut
0xfc3269cf,Fclose_Fut_FW
0xfc0592c3,fclose_low
0xfc326aad,Fgets_Fut
0xfc05943f,fgets_low
0xfc4aac9d,File.ClearExifInfo_FW
0xfc4aadb3,File.Create_FW
0xfc4aad6f,File.Delete_AllImg_FW
0xfc16e6ad,file_counter_var_init
0xfc566bfb,FixAEWithCompensation_FW
0xfc541a01,FixISStatus_FW
0xfc1840c7,FmtMenu_ExecuteQuickFormat_FW
0xfc566b87,FocusAEWithCompensation_FW
0xfc54030d,FocusLensStopQuickly_FW
0xfc3269a7,Fopen_Fut
0xfc3269a7,Fopen_Fut_FW
0xfc059229,fopen_low
0xfc394a65,fprintSNR_FW
0xfc394b39,fprintWPSEThroughput_FW
0xfc326a41,Fread_Fut
0xfc326a41,Fread_Fut_FW
0xfc059301,fread_low
0xfc328e4f,free
0xfc542921,FreeMemory_FW
0xfc12fe1d,FreeUncacheableMemory
0xfc326adf,Fseek_Fut
0xfc326adf,Fseek_Fut_FW
0xfc0594d3,fseek_low
0xfc326b81,fut_finish
0xfc05916b,fut_flush
0xfc326b69,fut_prepare
0xfc326a77,Fwrite_Fut
0xfc326a77,Fwrite_Fut_FW
0xfc0593ad,fwrite_low
0xfc077e1d,get_canon_mode_list
0xfc130b67,get_current_deltasv
0xfc3160f3,get_current_exp
0xfc110d61,get_dial_hw_position
0xfc3246d3,get_displaytype
0xfc316811,get_fstype
0xfc29dc83,get_playrec_mode
0xfc328f35,get_self_task_errno_pointer
0xbfe10f51,get_self_task_id
0xbfe11359,get_task_properties
0xfc122bcf,GetAdChValue
0xfc122bcf,GetAdChValue_FW
0xfc569585,GetAdjAFInteg_FW
0xfc07f8e9,GetAdjDataAreaAddress_FW
0xfc07f8ed,GetAdjDurianFlagSize_FW
0xfc07eba1,GetAdjTableMapVersion_FW
0xfc07ebab,GetAdjTableValueVersion_FW
0xfc07eb7f,GetAdjTableVersion_FW
0xfc07f8d3,GetAdjustmentOffset_FW
0xfc122bc9,GetAdVBattBottom_FW
0xfc3c3ebd,GetAEIntegralServiceMode_FW
0xfc3c3b81,GetAEIntegralValueWithFix_FW
0xfc3c3eb7,GetAEIntegValueBit_FW
0xfc3c3adf,GetAEIntegWinData_FW
0xfc3c3ae9,GetAEIntegWinDataWithMode_FW
0xfc3c3c29,GetAllAEIntegralAllValueWithFix_FW
0xfc0cf2a3,GetBatteryCoverClose_FW
0xfc396c05,GetBatteryTemperature
0xfc396c05,GetBatteryTemperature_FW
0xfc4ba3dd,GetBatteryVoltage_FW
0xfc4a3285,GetBuildDate_FW
0xfc4a3291,GetBuildTime_FW
0xfc4b9f25,GetCameraInformationData_FW
0xfc396ba9,GetCCDTemperature
0xfc396ba9,GetCCDTemperature_FW
0xfc54d66f,GetCdsGainValue_FW
0xfc54d703,GetCdsPreGainReg_FW
0xfc17a0b7,GetCh_FW
0xfc4a3423,GetChipVersion_FW
0xfc3942c1,getCigUrl_FW
0xfc567d13,GetContinuousMovieJpegVRAMData_FW
0xfc567759,GetContinuousVRAMData_FW
0xfc567c5f,GetContinuousVRAMDataWithRingBuffer_FW
0xfc3bb111,getCountry_FW
0xfc3c41cf,GetCrawDataAddr_FW
0xfc565c15,GetCrwImageInfo_FW
0xfc565ce7,GetCrwInfoData_FW
0xfc3936f1,getCurCH_FW
0xfc53e539,GetCurrentAdjImgDriveType_FW
0xfc53a7e3,GetCurrentAvCoefficient_FW
0xfc0d8029,GetCurrentAvValue
0xfc0d8029,GetCurrentAvValue_FW
0xfc2fb743,GetCurrentCaptureModeType_FW
0xfc4b9ee7,GetCurrentCcdTemp_FW
0xfc315857,GetCurrentDriveBaseSvValue
0xfc54d715,GetCurrentDriveBaseSvValue_FW
0xfc3a0d6f,GetCurrentExposureTime_FW
0xfc327f07,GetCurrentFocusLensPosition_FW
0xfc327f07,GetCurrentFocusPosition_FW
0xfc53e545,GetCurrentImgDrvMode_FW
0xfc0d8197,GetCurrentIrisPosition_FW
0xfc328ce9,GetCurrentMaximumLogSize_FW
0xfc4b9eff,GetCurrentOptTemp_FW
0xfc3a0ac3,GetCurrentShutterSpeed
0xfc3a0ac3,GetCurrentShutterSpeed_FW
0xfc327eb7,GetCurrentTargetDistance_FW
0xfc53e8bd,GetCurrentZoomLensDirection_FW
0xfc0d86d1,GetCurrentZoomLensPoint_FW
0xfc0d8665,GetCurrentZoomLensPosition_FW
0xfc0d86d1,GetCurrentZoomPoint_FW
0xfc0d8665,GetCurrentZoomPosition_FW
0xfc394313,getCWSStatus_FW
0xfc53f499,GetCZFramingAssistAutoHighSpeed_FW
0xfc53f49d,GetCZFramingAssistAutoLowSpeed_FW
0xfc53f495,GetCZFramingAssistStillSpeed_FW
0xfc53f48b,GetCZMovieDefaultSpeed_FW
0xfc53f47f,GetCZMovieHighSpeed_FW
0xfc53f483,GetCZMovieLowSpeed_FW
0xfc53f487,GetCZStillDefaultSpeed_FW
0xfc53f477,GetCZStillHighSpeed_FW
0xfc53f47b,GetCZStillLowSpeed_FW
0xfc3a25c9,GetDarkFixedFocusPosition_FW
0xfc4ac0b5,GetDateAndTime_FW
0xfc5681d3,GetDay_FW
0xfc05d06f,GetdccdFilterValue_FW
0xfc05d00d,GetdccdImage_FW
0xfc0c91d5,GetDcmSpeedLog_FW
0xfc07f527,GetDCPAdjOffset_FW
0xfc394bc5,GetDefaultNickName_FW
0xfc020bd9,GetDefectAllResultData_FW
0xfc020b87,GetDefectCrawInfo_FW
0xfc020c8f,GetDefectHistgramInfo_FW
0xfc020c09,GetDefectPartResultData_FW
0xfc020d1d,GetDefectRecParamForCorrelationTest_FW
0xfc021049,GetDefectTurnTableParam_FW
0xfc020cb3,GetDefectTvAdj_FW
0xfc0cf29b,GetDialEventId_FW
0xfc237f8d,GetDISModeParameter_FW
0xfc541e7b,GetDISModeParamType_FW
0xfc542107,GetDisSupportStatus_FW
0xfc542673,GetDramDensity_FW
0xfc54265b,GetDramManufactureId_FW
0xfc542663,GetDramRevision_FW
0xfc54266b,GetDramRfu_FW
0xfc54267b,GetDramTypeError_FW
0xfc316877,GetDrive_ClusterSize
0xfc316d7b,GetDrive_FreeClusters
0xfc163489,GetDriverInfoEvent_FW
0xfc3bb171,getEepromNum_FW
0xfc568549,GetEFUSEData_FW
0xfc4b9d0f,GetEFuseData_FW
0xbfe14ead,GetEventFlagValue
0xfc54c187,GetExStrobeID_FW
0xfc217ec7,GetFaceAuthBinAddr_FW
0xfc217ecb,GetFaceAuthBinSize_FW
0xfc4a329d,GetFirmwareVersion_FW
0xfc23809b,GetFixedPWMOutA_FW
0xfc2380a1,GetFixedPWMOutB_FW
0xfc32830d,GetFocusDefaultResetPosition_FW
0xfc328233,GetFocusLensAvCoefficient_FW
0xfc54035d,GetFocusLensCarrierFrequency_FW
0xfc4ba537,GetFocusLensCurrentPosition_FW
0xfc4ba53b,GetFocusLensCurrentPositionWithMotor_FW
0xfc4ba53f,GetFocusLensDriveVoltage_FW
0xfc2df9d1,GetFocusLensFinalStopSettingTime_FW
0xfc4ba5f5,GetFocusLensGainSlope_FW
0xfc4ba5c5,GetFocusLensHoldVoltage_FW
0xfc53f531,GetFocusLensIrisCoefficient_FW
0xfc5401e3,GetFocusLensLoadCamTable_FW
0xfc5401c7,GetFocusLensLoadSubjectDistance_FW
0xfc5402a9,GetFocusLensMoveMaxPosition_FW
0xfc5402b9,GetFocusLensMoveMinPosition_FW
0xfc5402cd,GetFocusLensMoveRangeOfTelePoint_FW
0xfc5401c3,GetFocusLensPositionRatio_FW
0xfc327b67,GetFocusLensPullInMaxSpeed_FW
0xfc2dfeb3,GetFocusLensResetDefaultPosition_FW
0xfc2dfea7,GetFocusLensResetPosition_FW
0xfc43adb9,GetFocusLensResetVoltage_FW
0xfc4ba595,GetFocusLensSettingWaitVoltage_FW
0xfc327eb7,GetFocusLensSubjectDistance
0xfc5401ad,GetFocusLensSubjectDistance_FW
0xfc5401bf,GetFocusLensSubjectDistanceNumber_FW
0xfc0f745d,GetFocusPiSensorLevel_FW
0xfc3282b3,GetFocusResetPosition_FW
0xfc0a6bad,GetFocusStartZoomPosition_FW
0xfc54c105,GetFrameRateWithApex_FW
0xfc237d47,GetGyro10BitDACPitch_FW
0xfc173e71,GetGyro10BitDACRoll_FW
0xfc237d4f,GetGyro10BitDACYaw_FW
0xfc237cef,GetGyroDataPitch_FW
0xfc173df7,GetGyroDataRoll_FW
0xfc237d07,GetGyroDataYaw_FW
0xfc54195b,GetGyroFilterCharge_FW
0xfc56ade1,GetGyroFilterChargeStatus_FW
0xfc237d57,GetGyroHPFINOffsetPitch_FW
0xfc173e91,GetGyroHPFINOffsetRoll_FW
0xfc237d5f,GetGyroHPFINOffsetYaw_FW
0xfc237d67,GetGyroHPFINPitch_FW
0xfc173e9f,GetGyroHPFINRoll_FW
0xfc237d6d,GetGyroHPFINYaw_FW
0xfc5681e9,GetHour_FW
0xfc3964ad,GetInputAverageLevel_FW
0xfc4a32e7,GetInternalFirmwareVersion_FW
0xfc0d8029,GetIrisAv_FW
0xfc0d8197,GetIrisCurrentPosition_FW
0xfc170a0d,GetIrisDriveVoltage_FW
0xfc170a15,GetIrisDriveVoltageLow_FW
0xfc170a37,GetIrisHoldVoltage_FW
0xfc53a7f9,GetIrisPRResetPosition_FW
0xfc170a27,GetIrisSettingWaitVoltage_FW
0xfc3c720f,GetIrisSpecClosePosition_FW
0xfc3c7203,GetIrisSpecOpenPosition_FW
0xfc54210b,GetISCenterDrivebyAxisType_FW
0xfc541ec9,GetISCenterShiftA_FW
0xfc541edb,GetISCenterShiftB_FW
0xfc541df9,GetISCrossTalkComp_FW
0xfc56ae05,GetISCrossTalkCompCoeff_FW
0xfc5417d1,GetISDriveAaxis_FW
0xfc5417e5,GetISDriveBaxis_FW
0xfc54196f,GetISFirmVersion_FW
0xfc56acff,GetISGyro10BitDACPitch_FW
0xfc56ad03,GetISGyro10BitDACYaw_FW
0xfc56acef,GetISGyroData_FW
0xfc56ace7,GetISGyroDataPitch_FW
0xfc56aceb,GetISGyroDataYaw_FW
0xfc5418a9,GetISGyroGainAaxis_FW
0xfc5418bd,GetISGyroGainBaxis_FW
0xfc5418d1,GetISGyroGainbyAxisType_FW
0xfc56ad0b,GetISGyroHPFINOffsetPitch_FW
0xfc56ad0f,GetISGyroHPFINOffsetYaw_FW
0xfc56acf3,GetISGyroHPFINPitch_FW
0xfc56acf7,GetISGyroHPFINYaw_FW
0xfc56ad07,GetISGyroOffset10BitDACData_FW
0xfc56ad13,GetISGyroOffsetHPFINData_FW
0xfc56aef7,GetISGyroPitchGain_FW
0xfc56aefd,GetISGyroYawGain_FW
0xfc541b27,GetISHallAmpFirstGain_FW
0xfc56aec7,GetISHallDevicePitchGain_FW
0xfc56ae6d,GetISHallDevicePitchOffset_FW
0xfc56aecd,GetISHallDeviceYawGain_FW
0xfc56ae73,GetISHallDeviceYawOffset_FW
0xfc541865,GetISHallGainAaxis_FW
0xfc541879,GetISHallGainBaxis_FW
0xfc54188d,GetISHallGainbyAxisType_FW
0xfc541821,GetISHallOffsetAaxis_FW
0xfc541835,GetISHallOffsetBaxis_FW
0xfc541849,GetISHallOffsetbyAxisType_FW
0xfc56af31,GetISHallOffsetDAConvertValue_FW
0xfc56ac4f,GetISHallOffsetDACValue_FW
0xfc541a8d,GetISHallOut1Amp_FW
0xfc541aa7,GetISHallOut2Amp_FW
0xfc56acfb,GetISHPFINGyroData_FW
0xfc56ac3f,GetISLens1stHallAmpValue_FW
0xfc56ac5f,GetISLensCorrectedEViAaxis_FW
0xfc56ac65,GetISLensCorrectedEViBaxis_FW
0xfc56ac6b,GetISLensDampAaxis_FW
0xfc56ac6f,GetISLensDampBaxis_FW
0xfc56aee5,GetISLensDriveValue_FW
0xfc56ac53,GetISLensEViAaxis_FW
0xfc56ac59,GetISLensEViBaxis_FW
0xfc56af03,GetISLensGyroGain_FW
0xfc56aed3,GetISLensHallGain_FW
0xfc56aec1,GetISLensHallOffset_FW
0xfc56aef3,GetISLensPositionValue_FW
0xfc5419a3,GetISParamVersion_FW
0xfc56aed9,GetISPitchPWM_FW
0xfc5417f9,GetISPositionAaxis_FW
0xfc54180d,GetISPositionBaxis_FW
0xfc23794b,GetISPWMFrequency_FW
0xfc23794f,GetISPWMPeriod_FW
0xfc56aeeb,GetISShiftLensPitchPosition_FW
0xfc56aeef,GetISShiftLensYawPosition_FW
0xfc56aedf,GetISYawPWM_FW
0xfc086c39,GetKbdState
0xfc5684fb,GetLastVBatADLevel_FW
0xfc0f2391,GetLatestHVPosition_FW
0xfc0cf29f,GetLcdPosition_FW
0xfc170ebb,GetLensErrorStatus_FW
0xfc328cb5,GetLogData_FW
0xfc328cb9,GetLogDataOnlyAddMemory_FW
0xfc2e3d5f,GetLogicalEventName_FW
0xfc0ac197,GetLogToFile_FW
0xfc56adc1,GetLoopGain_FW
0xfc541dd9,GetLoopGainAdjValue_FW
0xfc541b63,GetLoopGainCalcData_FW
0xfc56ad8d,GetLoopGainCalcData_FW
0xfc541a3b,GetLPFParallelBest_FW
0xfc565d15,GetLvMagWindowInfo_FW
0xfc3936bf,getMacAddress_FW
0xfc394bdb,getMacAddressBy1byte_FW
0xfc541f8d,GetMacroISAngleAndVelocityA_FW
0xfc541faf,GetMacroISAngleAndVelocityB_FW
0xfc56ae33,GetMacroISEstimateRadius_FW
0xfc56ae37,GetMacroISEstimateVelocity_FW
0xfc541f1f,GetMacroISEstimRadiusA_FW
0xfc541f31,GetMacroISEstimRadiusB_FW
0xfc56ae1d,GetMacroISGain_FW
0xfc541f4d,GetMacroISGainA_FW
0xfc541f5f,GetMacroISGainB_FW
0xfc24c883,GetMacroSupportZoomPoint_FW
0xfc0a6bb5,GetMechaCondition_FW
0xfc541989,GetMechaDSPVersion_FW
0xfc540d3f,GetMechaShutterCloseDacSetting_FW
0xfc171f95,GetMechaShutterMoveTime_FW
0xfc540d6b,GetMechaShutterOpenDacSetting_FW
0xfc171fb3,GetMechaShutterStatus_FW
0xfc565279,GetMemInfo
0xfc5681ff,GetMinute_FW
0xfc4ba28d,GetModeDialName_FW
0xfc4ba219,GetModeDialState_FW
0xfc5681bb,GetMonth_FW
0xfc5420f3,GetMoveEdgeWaitTime_FW
0xfc0d28d5,GetMovieJpegVRAMHPixelsSize_FW
0xfc0d28dd,GetMovieJpegVRAMVPixelsSize_FW
0xfc54c2fb,GetMShutterStatus_FW
0xfc4ba369,GetNFCSystemAreaData_FW
0xfc4ba3bd,GetNFCUserAreaData_FW
0xfc394353,getNickNameByAliasID_FW
0xbfe15285,GetNumberOfPostedMessages
0xfc54d6c3,GetObClampValue_FW
0xfc3c3ca9,GetOnlyAEIntegData_FW
0xfc396c5f,GetOpticalTemperature
0xfc396c5f,GetOpticalTemperature_FW
0xfc3bb1e9,getOTPUserData_FW
0xfc066f63,GetParameterData
0xfc567c01,GetPixelsOfViewangle_FW
0xfc0cf2ab,GetPopupOpen_FW
0xfc07f8d7,GetProductID_FW
0xfc30fae5,GetPropertyCase
0xfc4ac063,GetPropertyCase_FW
0xfc565c73,GetRawBufferAdd_FW
0xfc0d6bd7,GetRomID_FW
0xfc0cf285,GetSDDetect_FW
0xfc0cf28b,GetSDProtect_FW
0xfc568215,GetSecond_FW
0xfc2d29f7,GetSelfControllerHandle_FW
0xbfe15489,GetSemaphoreValue
0xfc54d711,GetSensorPreGain_FW
0xfc54c0c7,GetShutterSpeedRegularMaxLimit_FW
0xfc54c0d9,GetShutterSpeedRegularMinLimit_FW
0xfc5420d1,GetSlowWaitTime_FW
0xfc3ba03f,getSTAList_FW
0xfc17a0e7,GetStringWithPrompt_FW
0xfc5676b1,GetSumYOfVRAMCenterLine_FW
0xfc0cf22d,GetSwitchStatus_FW
0xfc542949,GetSystemTime
0xfc542949,GetSystemTime_FW
0xfc05d19f,GetTestRecCrawAddress_FW
0xfc4abcb1,GetTimeFromRTC_FW
0x010e124d,GetTimeOfSystem_FW
0xfc4b9f4b,GetTotalShootCount_FW
0xfc0212fb,GetTransparentMemory_FW
0xfc02131d,GetTransparentMemoryPosition_FW
0xfc0212ef,GetTransparentMemorySize_FW
0xfc0d742b,GetUsableAvRange
0xfc53a771,GetUsableMaxAv
0xfc53a771,GetUsableMaxAv_FW
0xfc53a75f,GetUsableMinAv
0xfc53a75f,GetUsableMinAv_FW
0xfc54c0bb,GetUserSetShutterSPeed_FW
0xfc0b2dd1,GetVBatVoltage_FW
0xfc567011,GetVideoOutType
0xfc567011,GetVideoOutType_FW
0xfc0d28c5,GetVRAMHPixelsSize
0xfc0d28c5,GetVRAMHPixelsSize_FW
0xfc0d28cd,GetVRAMVPixelsSize
0xfc0d28cd,GetVRAMVPixelsSize_FW
0xfc021093,GetWaitTemperatureDriveType_FW
0xfc5420af,GetWaitTime_FW
0xfc394329,getWebServiceNumByAliasID_FW
0xfc4b9ec5,GetWLANEepromNum_FW
0xfc4b9e45,GetWLANMACAddress_FW
0xfc56819f,GetYear_FW
0xfc2a564f,GetZoomActuatorCurrentPosition_FW
0xfc2a55f7,GetZoomActuatorSpeedPPS_FW
0xfc3f8d63,GetZoomAmpereLimitOffTime_FW
0xfc53ef7f,GetZoomDefaultCommonDriveParam_FW
0xfc53eecf,GetZoomDefaultDriveParam_FW
0xfc0d902f,GetZoomDrivingTime_FW
0xfc0d86d1,GetZoomLensCurrentPoint
0xfc0d86d1,GetZoomLensCurrentPoint_FW
0xfc0d8665,GetZoomLensCurrentPosition
0xfc0d8665,GetZoomLensCurrentPosition_FW
0xfc540fc1,GetZoomLensDriveAmpereDac_FW
0xfc0d902b,GetZoomLensMechaEdgePosition_FW
0xfc0d904f,GetZoomLensMinimumSpeedMoveLimitTime_FW
0xfc53e733,GetZoomLensResetPlus_FW
0xfc0d8aa7,GetZoomLensTelePoint_FW
0xfc53ef45,GetZoomNormalDriveParam_FW
0xfc1730c5,GetZoomPiChangePosition_FW
0xfc172f51,GetZoomPiDefaultPosition_FW
0xfc0f742d,GetZoomPiSensorLevel_FW
0xfc53ef0b,GetZoomResetDriveParam_FW
0xfc172f65,GetZoomResetSensorLevel_FW
0xfc0d8aa7,GetZoomTelePoint_FW
0xbfe15459,GiveSemaphore
0xbfe15459,GiveSemaphore_FW
0xbfe1208b,givesemaphore_low
0xfc1c709b,GraphicSystemCoreFinish
0xfc12ee13,GraphicSystemCoreFinish_helper
0xfc0d9bbd,GUISrv_StartGUISystem_FW
0xfc3b2c33,handle_PTP_OC_0x9038
0xfc3b2cbf,handle_PTP_OC_0x9039
0xfc3b2d4f,handle_PTP_OC_0x903a
0xfc3b2dbf,handle_PTP_OC_0x903b
0xfc3b2de7,handle_PTP_OC_0x904b
0xfc3b27af,handle_PTP_OC_0x904c
0xfc0eb331,handle_PTP_OC_0x9050
0xfc0eaccd,handle_PTP_OC_0x9051
0xfc0eb2a3,handle_PTP_OC_0x9052
0xfc0eb215,handle_PTP_OC_0x9053
0xfc0eb165,handle_PTP_OC_0x9057
0xfc0eafed,handle_PTP_OC_0x9058
0xfc0eaf3d,handle_PTP_OC_0x9059
0xfc0eae53,handle_PTP_OC_0x905a
0xfc0ead75,handle_PTP_OC_0x905b
0xfc0eb331,handle_PTP_OC_0x905c
0xfc0eaccd,handle_PTP_OC_0x905d
0xfc3b3581,handle_PTP_OC_0x9060
0xfc3b35dd,handle_PTP_OC_0x9062
0xfc1514d7,handle_PTP_OC_0x9801
0xfc151245,handle_PTP_OC_0x9802
0xfc1510e7,handle_PTP_OC_0x9803
0xfc151037,handle_PTP_OC_0x9804
0xfc150caf,handle_PTP_OC_0x9805
0xfc0ebd83,handle_PTP_OC_CANON_ChangeUSBProtocol
0xfc3b049f,handle_PTP_OC_CANON_CheckEvent
0xfc15550d,handle_PTP_OC_CANON_EOS_AfCancel
0xfc154159,handle_PTP_OC_CANON_EOS_CancelTransfer
0xfc153b35,handle_PTP_OC_CANON_EOS_DeleteObject
0xfc155435,handle_PTP_OC_CANON_EOS_DoAf
0xfc154277,handle_PTP_OC_CANON_EOS_EndGetPartialObjectEx
0xfc153b97,handle_PTP_OC_CANON_EOS_FormatStore
0xfc154333,handle_PTP_OC_CANON_EOS_GetCTGInfo
0xfc3af293,handle_PTP_OC_CANON_EOS_GetEvent
0xfc153aaf,handle_PTP_OC_CANON_EOS_GetObjectInfo
0xfc153dc3,handle_PTP_OC_CANON_EOS_GetObjectInfoEx
0xfc153cc3,handle_PTP_OC_CANON_EOS_GetPartialObject
0xfc154187,handle_PTP_OC_CANON_EOS_GetPartialObjectEx
0xfc1538d1,handle_PTP_OC_CANON_EOS_GetStorageIDs
0xfc15396b,handle_PTP_OC_CANON_EOS_GetStorageInfo
0xfc153fa7,handle_PTP_OC_CANON_EOS_GetThumbEx
0xfc155165,handle_PTP_OC_CANON_EOS_GetViewFinderData
0xfc3b02b9,handle_PTP_OC_CANON_EOS_KeepDeviceOn
0xfc154f6f,handle_PTP_OC_CANON_EOS_RemoteReleaseOff
0xfc154e83,handle_PTP_OC_CANON_EOS_RemoteReleaseOn
0xfc1521b3,handle_PTP_OC_CANON_EOS_RequestDevicePropValue
0xfc15472b,handle_PTP_OC_CANON_EOS_RequestInnerDevelopEnd
0xfc1545e3,handle_PTP_OC_CANON_EOS_RequestInnerDevelopStart
0xfc3b028b,handle_PTP_OC_CANON_EOS_ResetUILock
0xfc1520c5,handle_PTP_OC_CANON_EOS_SetDevicePropValueEx
0xfc3b01cf,handle_PTP_OC_CANON_EOS_SetEventMode
0xfc1540b9,handle_PTP_OC_CANON_EOS_SetObjectAttributes
0xfc15457d,handle_PTP_OC_CANON_EOS_SetRating
0xfc154de9,handle_PTP_OC_CANON_EOS_SetRemoteMode
0xfc3b02e7,handle_PTP_OC_CANON_EOS_SetRequestOLCInfoGroup
0xfc3b025b,handle_PTP_OC_CANON_EOS_SetUILock
0xfc155471,handle_PTP_OC_CANON_EOS_TouchAfPosition
0xfc154129,handle_PTP_OC_CANON_EOS_TransferComplete
0xfc3b24c7,handle_PTP_OC_CANON_GetObjectAttributes
0xfc3b29a1,handle_PTP_OC_CANON_GetObjectHandleByName
0xfc3b30bd,handle_PTP_OC_CANON_GetObjectInfoEx
0xfc3b2331,handle_PTP_OC_CANON_GetPartialObjectEx
0xfc3b21b7,handle_PTP_OC_CANON_GetPartialObjectInfo
0xfc3b328f,handle_PTP_OC_CANON_SendObjectByPath
0xfc3b257f,handle_PTP_OC_CANON_SendObjectInfoByPath
0xfc3b3429,handle_PTP_OC_CANON_SendPartialObject
0xfc3b2523,handle_PTP_OC_CANON_SetObjectArchive
0xfc3b2a59,handle_PTP_OC_CANON_SetObjectTime
0xfc120a73,handle_PTP_OC_CloseSession
0xfc3b2aa5,handle_PTP_OC_DeleteObject
0xfc3b2b9d,handle_PTP_OC_FormatStore
0xfc120b73,handle_PTP_OC_GetDeviceInfo
0xfc2c8209,handle_PTP_OC_GetDevicePropDesc
0xfc2c813f,handle_PTP_OC_GetDevicePropValue
0xfc3b2eaf,handle_PTP_OC_GetNumObjects
0xfc3b1e49,handle_PTP_OC_GetObject
0xfc3b2f69,handle_PTP_OC_GetObjectHandles
0xfc3b2131,handle_PTP_OC_GetObjectInfo
0xfc3b1fc3,handle_PTP_OC_GetPartialObject
0xfc3b17cb,handle_PTP_OC_GetStorageIDs
0xfc3b1865,handle_PTP_OC_GetStorageInfo
0xfc3b1f39,handle_PTP_OC_GetThumb
0xfc120ad9,handle_PTP_OC_OpenSession
0xfc2c7efb,handle_PTP_OC_ResetDevicePropValue
0xfc3b328f,handle_PTP_OC_SendObject
0xfc3b257f,handle_PTP_OC_SendObjectInfo
0xfc2c8051,handle_PTP_OC_SetDevicePropValue
0xfc3b20c9,handle_PTP_OC_SetObjectProtection
0xfc0b338b,HardwareDefect_FW
0xfc53d3db,HdmiAudioSampleFreq_FW
0xfc53d37d,HdmiChange5VShortState_FW
0xfc09fa97,HdmiRegDump_FW
0xfc0bdc45,HdmiViewParameter_FW
0xfc53d383,HecHdmiCecPhysicalCheckForScript_FW
0xfc56aab9,HitISLensAgainstBottomEdge_FW
0xfc56aac5,HitISLensAgainstLeftEdge_FW
0xfc56aad1,HitISLensAgainstRightEdge_FW
0xfc56aaad,HitISLensAgainstTopEdge_FW
0xfc56aadd,HitISLensToMechaEdge_FW
0xfc56aca7,HitISMechaEdgeInOpenControl_FW
0xfc120423,imager_active_callback
0xfc1204b7,ImagerActivate
0xfc393737,imlInitialize_FW
0xfc328ccb,InactivateAdjLog_FW
0xfc0917c5,init_error_handlers
0xfc055ff1,init_ex_drivers
0xfc0ec9d1,initComDiscovery_FW
0xfc4acc4d,InitializeAdjustmentFunction_FW
0xfc4acc0d,InitializeAdjustmentSystem_FW
0xfc280b89,InitializeAudio_FW
0xfc05c6b5,Initializedccd_FW
0xfc020fff,InitializeDefectRec_FW
0xfc05c6b5,InitializeDigicon_FW
0xfc021823,InitializeFAExtendFile_FW
0xfc02180d,InitializeFAGeneralTest_FW
0xfc54c341,InitializeMechaDevice_FW
0xfc4ab9c1,InitializeMechaUnitExeTest_FW
0xfc4ba2db,InitializeNFCAdjustment_FW
0xfc3bbe51,InitializePTPIPTransportResponder_FW
0xfc4ba0ab,InitializeSoundDevForRecEvent_FW
0xfc0215c1,InitializeSoundRec_FW
0xfc05bf99,InitializeTestRec_FW
0xfc078cf9,InitializeWLAN_FW
0xfc542095,ISActive_FW
0xfc54d789,IsAdjCdsMode_FW
0xfc5416f1,ISAutoCenter_FW
0xfc53f48f,IsAvailableCZSpeed_FW
0xfc396d2f,IsBatteryTemperature_FW
0xfc396d0b,IsCCDTemperature_FW
0xfc54171b,ISChangeOPENtoCLOSE_FW
0xfc2ffe2b,IsControlEventActive_FW
0xfc5419cb,ISControlStart_FW
0xfc5419d5,ISControlStop_FW
0xfc078bcd,IsDUIDFixFlag_FW
0xfc5670dd,IsEVFDrive_FW
0xfc567391,IsEvfDriveMode_FW
0xfc54c18f,IsExStrobeChargeComp_FW
0xfc078327,IsFAConnectUSB_FW
0xfc078b7b,IsFactoryMode_FW
0xfc078321,IsFAWLANRunning_FW
0xfc541ff5,ISFixedPWMOFF_FW
0xfc541fe9,ISFixedPWMON_FW
0xfc328295,IsFocusLensOutSidePosition_FW
0xfc0cf2a7,IsHvSensorExist_FW
0xfc237391,ISInitMotion_FW
0xfc0a6b93,IsLensOutside_FW
0xfc328ce3,IsLogOutType_FW
0xfc541ac1,ISMDStart_FW
0xfc541acb,ISMDStop_FW
0xfc542081,ISMemoryWrite_FW
0xfc078b65,IsMountLens_FW
0xfc54170d,ISMoveToMechaEdgeOPEN_FW
0xfc078bfd,IsNormalCameraMode_FW
0xfc217ed1,IsOKFaceAuthBinFile_FW
0xfc396ce7,IsOpticalTemperature_FW
0xfc5419df,ISPanModeStart_FW
0xfc5419e9,ISPanModeStop_FW
0xfc0ac1ad,IsRomLogAvailable_FW
0xfc4ba29b,IsSDDetect_FW
0xfc0e7e8d,IsStrobeChargeCompleted
0xfc174a1d,IsUnitFirmMode_FW
0xfc2a500d,IsZoomActuatorResetSensorPlusSide_FW
0xfc0d8dab,IsZoomLensOutSidePosition_FW
0xfc2c7d90,j__log10
0xfc2c7ad8,j__pow
0xfc3c382d,j_AbortAEIntegralValue_FW
0xfc2c7940,j_AcquireRecursiveLock
0xfc2c79a0,j_AcquireRecursiveLockStrictly
0xfc393715,j_autoIPAddressing_FW
0xfc4abc09,j_BeepDrive_FW
0xfc4abc0d,j_BeepDriveComp_FW
0xfc4abc11,j_BeepDriveStop_FW
0xfc2c7da0,j_bzero
0xfc53d3e3,j_CecRegDump_FW
0xfc2c7c50,j_CheckAllEventFlag
0xfc2c7c60,j_CheckAnyEventFlag
0xfc2c7dd0,j_ClearEventFlag
0xfc565ce3,j_ClearImageDrive_FW
0xfc4ba2e5,j_ClearNFCSystemArea_FW
0xfc31727d,j_Close_FW
0xfc3f848f,j_closedir
0xfc2c7cf0,j_CreateBinarySemaphore
0xfc2c7ce0,j_CreateBinarySemaphoreStrictly
0xfc2c7970,j_CreateCountingSemaphoreStrictly
0xfc2c7ac0,j_CreateEventFlag
0xfc2c7db0,j_CreateEventFlagStrictly
0xfc2c7810,j_CreateMessageQueue
0xfc2c7ca0,j_CreateMessageQueueStrictly
0xfc2c7990,j_CreateRecursiveLock
0xfc2c7ad0,j_CreateRecursiveLockStrictly
0xfc2c7c80,j_createsemaphore_low
0xfc2c79b0,j_CreateTask
0xfc2c7cc8,j_CreateTaskStrictly
0xfc07f0d7,j_CreateUserSettingMirror_FW
0xfc2c7de8,j_DebugAssert
0xfc2c77e8,j_DebugAssert2
0xfc2c7da8,j_DeleteEventFlag
0xfc2c7ae8,j_DeleteMessageQueue
0xfc2c7cf8,j_DeleteSemaphore
0xfc2c7c70,j_dry_error_printf
0xfc2c7d80,j_dry_memcpy
0xfc3a3b5f,j_E2LatOn_FW
0xfc3e4677,j_EF.GetAdjustPreSvOffset_FW
0xfc3e467b,j_EF.GetEFModExamDriveType_FW
0xfc3e4733,j_EF.IsChargeFull_FW
0xfc3e467f,j_EF.IsIrisTypeKosaiShibori_FW
0xfc4ac17d,j_exec_FW
0xfc05d223,j_Executedccd_FW
0xfc05d21f,j_ExecuteDigicon_FW
0xfc162609,j_ExecuteShutDownPropertyService_FW
0xfc084a5f,j_ExMem.AllocCacheable_FW
0xfc084a57,j_ExMem.AllocUncacheable_FW
0xfc084a63,j_ExMem.FreeCacheable_FW
0xfc084a5b,j_ExMem.FreeUncacheable_FW
0xfc084a53,j_ExMem.View_FW
0xfc329111,j_free
0xfc2c7d38,j_get_self_task_id
0xfc2c7d30,j_get_task_properties
0xfc4abc05,j_GetAdChValue_FW
0xfc07eb9f,j_GetAdjTableVersion_FW
0xfc4abc01,j_GetAdVBattBottom_FW
0xfc3c3ae7,j_GetAEIntegWinData_FW
0xfc4abca5,j_GetBatteryCoverClose_FW
0xfc396d69,j_GetBatteryTemperature_FW
0xfc4ba3f1,j_GetBatteryVoltage_FW
0xfc4b9f49,j_GetCameraInformationData_FW
0xfc396d67,j_GetCCDTemperature_FW
0xfc54d6cf,j_GetCdsGainValue_FW
0xfc54d707,j_GetCdsPreGainReg_FW
0xfc53a7f3,j_GetCurrentAvCoefficient_FW
0xfc53a5df,j_GetCurrentAvValue_FW
0xfc4b9efd,j_GetCurrentCcdTemp_FW
0xfc54d729,j_GetCurrentDriveBaseSvValue_FW
0xfc54c027,j_GetCurrentExposureTime_FW
0xfc54d903,j_GetCurrentFocusLensPosition_FW
0xfc54d903,j_GetCurrentFocusPosition_FW
0xfc53a787,j_GetCurrentIrisPosition_FW
0xfc4b9f23,j_GetCurrentOptTemp_FW
0xfc54c033,j_GetCurrentShutterSpeed_FW
0xfc54d8c9,j_GetCurrentTargetDistance_FW
0xfc53e8d1,j_GetCurrentZoomLensDirection_FW
0xfc53e8b9,j_GetCurrentZoomLensPoint_FW
0xfc53e8b1,j_GetCurrentZoomLensPosition_FW
0xfc53e8b9,j_GetCurrentZoomPoint_FW
0xfc53e8b1,j_GetCurrentZoomPosition_FW
0xfc05d227,j_GetdccdFilterValue_FW
0xfc05d225,j_GetdccdImage_FW
0xfc568539,j_GetDCPAdjOffset_FW
0xfc4abc9d,j_GetDialEventId_FW
0xfc56adef,j_GetDISModeParameter_FW
0xfc4abcad,j_GetDriverInfoEvent_FW
0xfc568555,j_GetEFUSEData_FW
0xfc2c7ba8,j_GetEventFlagValue
0xfc16a525,j_GetFaceAuthBinAddr_FW
0xfc16a529,j_GetFaceAuthBinSize_FW
0xfc54201d,j_GetFixedPWMOutA_FW
0xfc542021,j_GetFixedPWMOutB_FW
0xfc54d8b9,j_GetFocusDefaultResetPosition_FW
0xfc540485,j_GetFocusLensAvCoefficient_FW
0xfc54019d,j_GetFocusLensCurrentPosition_FW
0xfc5401a1,j_GetFocusLensCurrentPositionWithMotor_FW
0xfc540205,j_GetFocusLensDriveVoltage_FW
0xfc5404f5,j_GetFocusLensFinalStopSettingTime_FW
0xfc540281,j_GetFocusLensGainSlope_FW
0xfc540255,j_GetFocusLensHoldVoltage_FW
0xfc5402c9,j_GetFocusLensPullInMaxSpeed_FW
0xfc5401a9,j_GetFocusLensResetDefaultPosition_FW
0xfc5401a5,j_GetFocusLensResetPosition_FW
0xfc54027d,j_GetFocusLensResetVoltage_FW
0xfc54022d,j_GetFocusLensSettingWaitVoltage_FW
0xfc540a85,j_GetFocusPiSensorLevel_FW
0xfc54d8c1,j_GetFocusResetPosition_FW
0xfc5408bb,j_GetFocusStartZoomPosition_FW
0xfc541911,j_GetGyro10BitDACPitch_FW
0xfc541915,j_GetGyro10BitDACYaw_FW
0xfc5418ed,j_GetGyroDataPitch_FW
0xfc173e0d,j_GetGyroDataRoll_FW
0xfc5418f1,j_GetGyroDataYaw_FW
0xfc541935,j_GetGyroHPFINOffsetPitch_FW
0xfc541939,j_GetGyroHPFINOffsetYaw_FW
0xfc54193d,j_GetGyroHPFINPitch_FW
0xfc541941,j_GetGyroHPFINYaw_FW
0xfc5406bb,j_GetIrisAv_FW
0xfc5406bf,j_GetIrisCurrentPosition_FW
0xfc54076b,j_GetIrisDriveVoltage_FW
0xfc54077b,j_GetIrisDriveVoltageLow_FW
0xfc54079b,j_GetIrisHoldVoltage_FW
0xfc54078b,j_GetIrisSettingWaitVoltage_FW
0xfc540767,j_GetIrisSpecClosePosition_FW
0xfc540763,j_GetIrisSpecOpenPosition_FW
0xfc54203d,j_GetISPWMFrequency_FW
0xfc542041,j_GetISPWMPeriod_FW
0xfc0847e7,j_GetKbdState
0xfc568501,j_GetLastVBatADLevel_FW
0xfc4abca1,j_GetLcdPosition_FW
0xfc5408b7,j_GetLensErrorStatus_FW
0xfc3a25b5,j_GetMacroSupportZoomPoint_FW
0xfc54093d,j_GetMechaCondition_FW
0xfc540d97,j_GetMechaShutterMoveTime_FW
0xfc540d93,j_GetMechaShutterStatus_FW
0xfc567cbd,j_GetMovieJpegVRAMHPixelsSize_FW
0xfc567cc5,j_GetMovieJpegVRAMVPixelsSize_FW
0xfc54c2ff,j_GetMShutterStatus_FW
0xfc2c7948,j_GetNumberOfPostedMessages
0xfc396d65,j_GetOpticalTemperature_FW
0xfc4abcc5,j_GetPopupOpen_FW
0xfc4abc8b,j_GetSDDetect_FW
0xfc4abc8f,j_GetSDProtect_FW
0xfc2c7c40,j_GetSemaphoreValue
0xfc54c0d7,j_GetShutterSpeedRegularMaxLimit_FW
0xfc54c0e9,j_GetShutterSpeedRegularMinLimit_FW
0xfc4abc7d,j_GetSwitchStatus_FW
0xfc4b9fcd,j_GetTotalShootCount_FW
0xfc53a781,j_GetUsableMaxAv_FW
0xfc53a76f,j_GetUsableMinAv_FW
0xfc568503,j_GetVBatVoltage_FW
0xfc5670a3,j_GetVideoOutType_FW
0xfc5676f5,j_GetVRAMHPixelsSize_FW
0xfc5676fd,j_GetVRAMVPixelsSize_FW
0xfc2a55fd,j_GetZoomActuatorCurrentPosition_FW
0xfc541035,j_GetZoomAmpereLimitOffTime_FW
0xfc53e98d,j_GetZoomDrivingTime_FW
0xfc541007,j_GetZoomLensCurrentPoint_FW
0xfc54100b,j_GetZoomLensCurrentPosition_FW
0xfc541013,j_GetZoomLensMechaEdgePosition_FW
0xfc541045,j_GetZoomLensMinimumSpeedMoveLimitTime_FW
0xfc53f01f,j_GetZoomLensResetPlus_FW
0xfc54100f,j_GetZoomLensTelePoint_FW
0xfc53f33f,j_GetZoomPiChangePosition_FW
0xfc53f33b,j_GetZoomPiDefaultPosition_FW
0xfc540a9d,j_GetZoomPiSensorLevel_FW
0xfc53e959,j_GetZoomResetSensorLevel_FW
0xfc53e951,j_GetZoomTelePoint_FW
0xfc2c7309,j_GiveSemaphore
0xfc53d3e7,j_HdmiRegDump_FW
0xfc39370d,j_initComDiscovery_FW
0xfc4abc19,j_InitializeAudio_FW
0xfc05d217,j_Initializedccd_FW
0xfc05d217,j_InitializeDigicon_FW
0xfc02160b,j_InitializeSoundRec_FW
0xfc05d107,j_InitializeTestRec_FW
0xfc4b9d1d,j_InitializeWLAN_FW
0xfc396d6f,j_IsBatteryTemperature_FW
0xfc396d6d,j_IsCCDTemperature_FW
0xfc5670f5,j_IsEVFDrive_FW
0xfc54dc77,j_IsFocusLensOutSidePosition_FW
0xfc4abca9,j_IsHvSensorExist_FW
0xfc5408b3,j_IsLensOutside_FW
0xfc16a52d,j_IsOKFaceAuthBinFile_FW
0xfc396d6b,j_IsOpticalTemperature_FW
0xfc4ba2d5,j_IsSDDetect_FW
0xfc4ab9c9,j_IsUnitFirmMode_FW
0xfc2a5601,j_IsZoomActuatorResetSensorPlusSide_FW
0xfc53ecb5,j_IsZoomLensOutSidePosition_FW
0xfc4b9e2d,j_LeaveWLANNetwork_FW
0xfc53d323,j_LiveImageTool.GetDzoomPosition_FW
0xfc0c0bcf,j_LoadDUIDCheckSum_FW
0xfc568487,j_LoadFactoryNumber_FW
0xfc5684f9,j_LoadSerialNumber_FW
0xfc2c7c90,j_LocalTime
0xfc32910d,j_malloc
0xfc4ac127,j_MemoryChecker_FW
0x010f4383,j_mktime_ext
0xfc084a4f,j_NewTaskShell_FW
0xfc31727b,j_Open_FW
0xfc0873f1,j_OpLog.WriteToROM_FW
0xfc4ac16b,j_Peek16_FW
0xfc4ac167,j_Peek32_FW
0xfc4ac16f,j_Peek8_FW
0xfc2c7aa0,j_PostMessageQueue
0xfc2c7c30,j_PostMessageQueueStrictly
0xfc4ac11f,j_Printf_FW
0xfc30f063,j_PTM_AllReset_FW
0xfc30f533,j_PTM_BackupUIProperty_FW
0xfc30f499,j_PTM_GetWorkingCaptureMode_FW
0xfc30f513,j_PTM_IsEnableItem_FW
0xfc30f4fb,j_PTM_NextItem_FW
0xfc30f4ff,j_PTM_PrevItem_FW
0xfc30f49d,j_PTM_SetCurrentItem_FW
0xfc30f51b,j_PTM_SetProprietyEnable_FW
0xfc0849f9,j_PutsCameraLogEvent_FW
0xfc31731f,j_Read_FW
0xfc2d15a9,j_Rec2PB
0xfc2c7ca8,j_ReceiveMessageQueue
0xfc5669d1,j_RegistColorMatrix_FW
0xfc2c7c00,j_RegisterInterruptHandler
0xfc5685dd,j_RegistFirmVer_FW
0xfc2c7998,j_ReleaseRecursiveLock
0xfc4ba31b,j_ResetNFCSystemArea_FW
0xfc4ac12f,j_SDump_FW
0xfc2c7780,j_set_assert_handler
0xfc2ffbe5,j_set_control_event
0xfc2c7cd0,j_SetEventFlag
0xfc4abc15,j_SetStereoSeparation_FW
0xfc394bc1,j_SetTurnOffDisplay_FW
0xfc0849ed,j_ShowCameraLog_FW
0xfc0849f1,j_ShowCameraLogInfo_FW
0xfc2c7d78,j_SleepTask
0xfc27fcd3,j_SoundDevClearPath_FW
0xfc27fa01,j_SoundDevSetZoomNCProfile_FW
0xfc27fa05,j_SoundDevZoomNCEffective_FW
0xfc4acb85,j_SS.GetDigitalZoomPosition_FW
0xfc0849e9,j_StartCameraLog_FW
0xfc541709,j_StartISLocalAutoCenter_FW
0xfc541705,j_StartISLocalHallAdjust_FW
0xfc3c3f63,j_StopAEIntegralService_FW
0xfc0849f5,j_StopCameraLog_FW
0xfc393721,j_stopIPAddressing_FW
0xfc328e91,j_strcmp_FW
0xfc2c7d40,j_strftime
0xfc2c7d10,j_TakeSemaphore
0xfc2c7d50,j_takesemaphore_low
0xfc2c7ce8,j_TakeSemaphoreStrictly
0xfc393711,j_termComDiscovery_FW
0xfc05d21b,j_Terminatedccd_FW
0xfc05d21b,j_TerminateDigicon_FW
0xfc02160d,j_TerminateSoundRec_FW
0xfc05d10b,j_TerminateTestRec_FW
0xfc4b9d21,j_TerminateWLAN_FW
0xfc2c7b70,j_time
0xfc2c7cb0,j_TryPostMessageQueue
0xfc2c7c68,j_TryReceiveMessageQueue
0xfc2c7ac8,j_TryTakeSemaphore
0xfc0fb38d,j_UIFS_CancelStoreLensTimer_FW
0xfc0fb159,j_UIFS_Capture_FW
0xfc0fb15d,j_UIFS_CaptureNoneStop_FW
0xfc0fb391,j_UIFS_DisplayFirmUpdateView_FW
0xfc0fb183,j_UIFS_GetMovieRecoadableNumber_FW
0xfc0fb381,j_UIFS_GetNumberOfDisplayedImage_FW
0xfc0fb135,j_UIFS_GetNumOfOptZoomPos_FW
0xfc0fb187,j_UIFS_GetStillShotableNumber_FW
0xfc0fb357,j_UIFS_IsAvailableShots_FW
0xfc0fb12d,j_UIFS_MoveZoomTo_FW
0xfc0fb131,j_UIFS_MoveZoomToPositionWithTaskSwCtrlServ_FW
0xfc0fb385,j_UIFS_PlayTrimExecuteAllImageSize_FW
0xfc0fb37d,j_UIFS_StartMoviePlay_FW
0xfc0fb161,j_UIFS_StartMovieRecord_FW
0xfc0fb165,j_UIFS_StopMovieRecord_FW
0xfc0fb389,j_UIFS_WirelessExecuteSendForever_FW
0xfc5669db,j_UnregistColorMatrix_FW
0xfc32647d,j_UnRegisterEventProcTable
0xfc4abc1d,j_VbattGet_FW
0xfc4ac12b,j_VerifyByte_FW
0xfc2c7cd8,j_WaitForAllEventFlag
0xfc2c7a20,j_WaitForAllEventFlagStrictly
0xfc2c7dd8,j_WaitForAnyEventFlag
0xfc2c79e0,j_WaitForAnyEventFlagStrictly
0xfc317323,j_Write_FW
0xfc07f2a5,j_WRITEADJTABLETOFROM_FW
0xfc4ba2fb,j_WriteNFCUserArea_FW
0xfc39355b,join_network_FW
0xfc4b9d3d,JoinWLANNetwork_FW
0xfc0cf2ed,kbd_p1_f
0xfc0cf2f5,kbd_p1_f_cont
0xfc0ced65,kbd_p2_f
0xfc0cf2b7,kbd_read_keys
0xfc086b11,kbd_read_keys_r2
0xfc393f4f,LachesisTest_FW
0xfc162e05,LcdCon_GetLcdAdjParameter_FW
0xfc0f0509,LcdCon_GetLcdBackLightParameter_FW
0xfc162ed5,LcdCon_GetLcdParameter_FW
0xfc162e5d,LcdCon_SaveLcdAdjParameter_FW
0xfc0f0557,LcdCon_SaveLcdBackLightParameter_FW
0xfc162f2d,LcdCon_SaveLcdParameter_FW
0xfc162da1,LcdCon_SetLcdAdjParameter_FW
0xfc0f04a5,LcdCon_SetLcdBackLightBrightness_FW
0xfc0f04d3,LcdCon_SetLcdBackLightParameter_FW
0xfc162d73,LcdCon_SetLcdDriver_FW
0xfc162e71,LcdCon_SetLcdParameter_FW
0xfc162e37,LcdCon_ShowLcdAdjParameter_FW
0xfc0f0533,LcdCon_ShowLcdBackLightParameter_FW
0xfc162f07,LcdCon_ShowLcdParameter_FW
0xfc1630b3,LcdCon_StartLcdPeriodicalSetting_FW
0xfc1630cf,LcdCon_StopLcdPeriodicalSetting_FW
0xfc104c33,LCDMsg_ChangeColor_FW
0xfc104df5,LCDMsg_Create_FW
0xfc104d13,LCDMsg_Delete_FW
0xfc104b87,LCDMsg_Move_FW
0xfc104beb,LCDMsg_MoveRatio_FW
0xfc104abf,LCDMsg_SetNum_FW
0xfc104a01,LCDMsg_SetStr_FW
0xfc104b43,LCDMsg_SwDisp_FW
0xfc1051d7,LCDRect_ChangeColor_FW
0xfc1053a9,LCDRect_Create_FW
0xfc10545b,LCDRect_Delete_FW
0xfc104edd,LCDRect_Move_FW
0xfc104f3f,LCDRect_MoveRatio_FW
0xfc104ffb,LCDRect_Resize_FW
0xfc10505d,LCDRect_ResizeRatio_FW
0xfc105277,LCDRect_SwDisp_FW
0xfc3ba57b,leave_FW
0xfc078d8b,LeaveWLANNetwork_FW
0xfc4abc21,LEDDrive
0xfc4abc21,LEDDrive_FW
0xfc53d2ff,LiveImageTool.ChangeDzoom_FW
0xfc53d335,LiveImageTool.Dister_FW
0xfc53d2c9,LiveImageTool.DzoomTele_FW
0xfc53d2db,LiveImageTool.DzoomWide_FW
0xfc0d2551,LiveImageTool.GetDzoomPosition_FW
0xfc53d327,LiveImageTool.Jump_FW
0xfc53d2f7,LiveImageTool.Pause_FW
0xfc53d2fb,LiveImageTool.Resume_FW
0xfc53d23b,LiveImageTool.StartEVF_FW
0xfc53d241,LiveImageTool.StartEVFFocusJet_FW
0xfc53d247,LiveImageTool.StartEVFMF_FW
0xfc53d25b,LiveImageTool.StartEVFMovFULLHD30P_FW
0xfc53d269,LiveImageTool.StartEVFMovFULLHD60P_FW
0xfc53d24d,LiveImageTool.StartEVFMovFULLHD_FW
0xfc53d285,LiveImageTool.StartEVFMovHD60P_FW
0xfc53d277,LiveImageTool.StartEVFMovHD_FW
0xfc53d293,LiveImageTool.StartEVFMovQVGA_FW
0xfc53d29f,LiveImageTool.StartEVFMovQVGA_HS_FW
0xfc53d2a3,LiveImageTool.StartEVFMovVGA_FW
0xfc53d2b1,LiveImageTool.StartEVFMovVGA_HS_FW
0xfc53d2ed,LiveImageTool.StopDzoom_FW
0xfc53d2bf,LiveImageTool.StopEVF_FW
0xfc07ec11,LoadAdjustmentTable_FW
0xfc07eeeb,LoadAdjustmentValue_FW
0xfc4b9d19,LoadAvsAdjData_FW
0xfc0c0919,LoadDataFromAdjTableBin_FW
0xfc07ec19,LoadDefectAdjTable_FW
0xfc0c0bbf,LoadDUID_FW
0xfc0c0b9d,LoadDUIDCheckSum_FW
0xfc0c0be3,LoadFactoryAdjData_FW
0xfc0c0c11,LoadFactoryIDData_FW
0xfc568417,LoadFactoryNumber_FW
0xfc0c0bfd,LoadHistoryAdjData_FW
0xfc0c0881,LoadParamDataFromAdjTableBin_FW
0xfc0a78d3,LoadScript_FW
0xfc568489,LoadSerialNumber_FW
0x010e1581,LocalTime
0xfc53d3dd,LockHdmiState_FW
0xfc126fc1,LockMainPower
0xfc126fc1,LockMainPower_FW
0xfc2f2a0f,LogCameraEvent
0xfc317361,lseek
0xfc317361,Lseek_FW
0xfc3f5889,Ltkids.SetCapRtsThrough_FW
0xfc3f586d,Ltkids.SetCapThrough_FW
0xfc3f58a5,Ltkids.SetEventFlg_FW
0xfc3f58c5,Ltkids.SetIsoSpeed_FW
0xfc3f5897,Ltkids.SetLiveRtsThrough_FW
0xfc3f587b,Ltkids.SetLiveThrough_FW
0xfc542a19,MakeBootDisk_FW
0xfc02101b,MakeDefectTurnTable_FW
0xfc3174ef,MakeDirectory_Fut
0xfc542a25,MakeScriptDisk_FW
0xfc328e19,malloc
0xfc329115,malloc_strictly
0xfc020cad,MarkPointDefData_FW
0xfc4aba13,Mecha.Create_FW
0xfc542059,MechaCPUMemoryDump_FW
0xfc54206b,MechaCPUMemoryWrite_FW
0xfc4aba69,MechaReset_FW
0xfc4aba71,MechaTerminate_FW
0xfc4ab9cd,MechaUnRegisterEventProcedure_FW
0xfc32906d,memcmp
0xfc32906d,memcmp_FW
0xfc129fcd,memcpy
0xfc129fcd,memcpy_FW
0xfc54256f,MemoryChecker_FW
0xfc4ad375,memset
0x01100b4c,memset32
0xfc4ad375,memset_FW
0xfc539bb1,memShow_FW
0xfc020741,MergeAndConvertDefect_FW
0xfc020a3b,MixPixDetect_FW
0xfc397429,mktime_ext
0xfc4ac0a5,mod_FW
0xfc540b79,MonSelCamifFunction_FW
0xfc540be3,MonSelCdomainFunction_FW
0xfc540c49,MonSelClkgenFunction_FW
0xfc4ac123,MonSelEvent_FW
0xfc540b1d,MonSelToCamif_FW
0xfc540b87,MonSelToCdomain_FW
0xfc540bed,MonSelToClkgen_FW
0xfc53edc9,MoveComputerZoomToPoint_FW
0xfc53edef,MoveComputerZoomToPointWithSpeed_FW
0xfc2d294b,MoveControllerToTopOfZOrder_FW
0xfc2a3381,MoveCzPeakPositon_FW
0xfc53f3d1,MoveCZToPoint_FW
0xfc53f437,MoveCZToPointByOVF_FW
0xfc53f417,MoveCZToTele_FW
0xfc53f3f7,MoveCZToWide_FW
0xfc0c93a5,MoveDCMotorCCW_FW
0xfc0c9343,MoveDCMotorCW_FW
0xfc53fd6f,MoveFocusActuator_FW
0xfc54daf5,MoveFocusDistance_FW
0xfc540395,MoveFocusLensChangeCarrierFrequency_FW
0xfc54daf5,MoveFocusLensToDistance
0xfc54daf5,MoveFocusLensToDistance_FW
0xfc54da51,MoveFocusLensToPosition_FW
0xfc54d9b1,MoveFocusLensToPositionWithMaxSpeed_FW
0xfc54d9d9,MoveFocusLensToPositionWithSpeed_FW
0xfc53f5cf,MoveFocusLensToTerminate_FW
0xfc54d925,MoveFocusLensToTerminatePosition_FW
0xfc53f60b,MoveFocusLensToTerminateWithKeepExciting_FW
0xfc53fbd3,MoveFocusLensTowardPosition_FW
0xfc53f647,MoveFocusLensWithDistance_FW
0xfc53f865,MoveFocusLensWithFinalPosition_FW
0xfc53fa67,MoveFocusLensWithFinalPositionWithNonStepOutWithoutBacklash_FW
0xfc53fb1d,MoveFocusLensWithFinalPositionWithoutBacklash_FW
0xfc53f6f9,MoveFocusLensWithPosition_FW
0xfc53f933,MoveFocusLensWithPositionImmediateReturn_FW
0xfc53fc91,MoveFocusLensWithPositionWithCompBacklash_FW
0xfc53f7af,MoveFocusLensWithPositionWithNonStepOut_FW
0xfc53f9b1,MoveFocusLensWithPositionWithoutBacklash_FW
0xfc54da7d,MoveFocusPosition_FW
0xfc54d925,MoveFocusToTerminate_FW
0xfc53a683,MoveIrisFullClose_FW
0xfc53a661,MoveIrisFullOpen_FW
0xfc53a6e9,MoveIrisMechaPositionWithBacklash_FW
0xfc53a70f,MoveIrisMechaPositionWithoutBacklash_FW
0xfc53a5b1,MoveIrisToAv_FW
0xfc53a735,MoveIrisToAvWithoutBacklash_FW
0xfc54069d,MoveIrisToFullClose_FW
0xfc54067f,MoveIrisToFullOpen_FW
0xfc54063f,MoveIrisToPositionWithBacklash_FW
0xfc5406e5,MoveIrisToPositionWithoutBacklash_FW
0xfc5405d7,MoveIrisToStandbyPosition_FW
0xfc540661,MoveIrisToTerminatePosition_FW
0xfc5405f5,MoveIrisWithAv
0xfc5405f5,MoveIrisWithAv_FW
0xfc5407c5,MoveIrisWithAvAndAvSpeed_FW
0xfc5407ed,MoveIrisWithAvAndAvSpeedWithoutBacklash_FW
0xfc540617,MoveIrisWithAvAndSpeed_FW
0xfc540707,MoveIrisWithAvAndSpeedWithoutBacklash_FW
0xfc5406c3,MoveIrisWithAvWithoutBacklash_FW
0xfc53a6c7,MoveIrisWithTerminatePosition_FW
0xfc56ab01,MoveISLensToBottomLimitPosition_FW
0xfc56af27,MoveISLensToCentralPosition_FW
0xfc56aaf5,MoveISLensToLeftLimitPosition_FW
0xfc56ab19,MoveISLensToLimitPosition_FW
0xfc56aae9,MoveISLensToRightLimitPosition_FW
0xfc56ab0d,MoveISLensToTopLimitPosition_FW
0xfc540855,MoveLensToFirstPoint_FW
0xfc54088b,MoveLensToTerminatePoint_FW
0xfc267663,MoveOpticalZoomAt
0xfc2a55c1,MoveZoomActuator_FW
0xfc540f6b,MoveZoomLensToMechaEdge_FW
0xfc53f245,MoveZoomLensToMechaEnd_FW
0xfc53eda3,MoveZoomLensToPoint_FW
0xfc53ed7d,MoveZoomLensToPosition_FW
0xfc53f2a5,MoveZoomLensToPositionByManual_FW
0xfc540f3d,MoveZoomLensToTerminatePosition_FW
0xfc540ea9,MoveZoomLensWithPoint
0xfc540ea9,MoveZoomLensWithPoint_FW
0xfc540edb,MoveZoomLensWithPointImmediateReturn_FW
0xfc540f0b,MoveZoomLensWithPosition_FW
0xfc541065,MoveZoomLensWithPositionAndSpeedChange_FW
0xfc53eda3,MoveZoomPoint_FW
0xfc53ed7d,MoveZoomPosition_FW
0xfc137e1f,MovieAF.Resume_FW
0xfc137e15,MovieAF.Suspend_FW
0xfc2dcd55,mzrm_createmsg
0xfc2dce49,mzrm_sendmsg
0xfc3941b1,NellConnect_FW
0xfc39419b,NellConnectAdhoc_FW
0xfc0d96ef,NewTaskShell_FW
0xfc390d9b,NFCEvt.CheckSetData_FW
0xfc390cc9,NFCEvt.ClearUserArea_FW
0xfc390953,NFCEvt.Create_FW
0xfc390ca5,NFCEvt.DisableRFCom_FW
0xfc390c81,NFCEvt.EnableRFCom_FW
0xfc390e21,NFCEvt.FAGetSysArea_FW
0xfc390eb3,NFCEvt.FAGetUserArea_FW
0xfc390dbf,NFCEvt.FAInitialize_FW
0xfc390de7,NFCEvt.FAInitSysArea_FW
0xfc390eed,NFCEvt.FAResetNfcCard_FW
0xfc390e5b,NFCEvt.FASetSysArea_FW
0xfc390f27,NFCEvt.FAWriteDefUsrArea_FW
0xfc390f4b,NFCEvt.GetCameraConnectArray_FW
0xfc390d03,NFCEvt.GetNfcAppStr_FW
0xfc390fef,NFCEvt.GetSysArea_FW
0xfc3909e5,NFCEvt.Initialize_FW
0xfc390fb5,NFCEvt.InitSysArea_FW
0xfc390c5d,NFCEvt.ReadTag_FW
0xfc3911ad,NFCEvt.ResetNfcCard_FW
0xfc390d73,NFCEvt.SetDataForCMST_FW
0xfc390d4b,NFCEvt.SetDataForCW_FW
0xfc390d27,NFCEvt.SetNfcAppStr_FW
0xfc391029,NFCEvt.SetSysArea_FW
0xfc39113f,NFCEvt.SetSysAreaEx_FW
0xfc391105,NFCEvt.SetSysAreaTypeB_FW
0xfc3910cb,NFCEvt.SetSysAreaTypeF_FW
0xfc390a07,NFCEvt.Terminate_FW
0xfc390c39,NFCEvt.WriteNdefNG_FW
0xfc390f7b,NFCEvt.WriteNdefOK_FW
0xfc56ae63,NotifyISMacroDistance_FW
0xfc021afd,NR_SetDoubleNRType_FW
0xfc0adaa1,NRTBL.SetDarkSubType_FW
0xfc0adab3,NRTBL.SetDefectCorrectType_FW
0xfc0adac5,NRTBL.SetTassenType_FW
0xfc4abc73,OffPrintPhySw_FW
0xfc53a0b5,omar_init
0xfc5665f7,OneShotWhigeBalance_FW
0xfc5665f7,OneTypeWhiteBalance_FW
0xfc4abc69,OnPrintPhySw_FW
0xfc317181,Open
0xfc38d677,open
0xfc317181,Open_FW
0xfc17a123,OpenConsole_FW
0xfc3f83b9,OpenFastDir
0xfc317373,OpenForScrip_FW
0xfc540ce7,OpenMechaShutter_FW
0xfc54c2d9,OpenMShutter_FW
0xfc0849fd,OpLog.Create_FW
0xfc087b75,OpLog.Get_FW
0xfc087b8b,OpLog.GetUsrSet_FW
0xfc087c0b,OpLog.Play_FW
0xfc087413,OpLog.ReadFromROM_FW
0xfc087453,OpLog.ReadFromSD_FW
0xfc087cfd,OpLog.Start_FW
0xfc0873bb,OpLog.Stop_FW
0xfc087d8b,OpLog.Terminate_FW
0xfc0873d1,OpLog.WriteToROM_FW
0xfc0876ff,OpLog.WriteToSD_FW
0xfc3289ff,OutputLogToFile_FW
0xfc393dc7,PairingDataFull_FW
0xfc3937c1,PairingDataOutput_FW
0xfc2cfd3d,PB2Rec
0xfc54293d,Peek16_FW
0xfc542939,Peek32_FW
0xfc542943,Peek8_FW
0xfc394865,PingTest_FW
0xfc4b9e21,PingWLANNetwork_FW
0xfc02063b,PointDefDetect_FW
0xfc02090b,PointKizuCheck_FW
0xfc4ac153,Poke16_FW
0xfc4ac149,Poke32_FW
0xfc4ac15d,Poke8_FW
0xfc2e3e9d,PostEventShootSeqToUI_FW
0xfc2e3da5,PostLogicalEventForNotPowerType
0xfc2e3da5,PostLogicalEventForNotPowerType_FW
0xfc2e3dd1,PostLogicalEventToUI
0xfc2e3dd1,PostLogicalEventToUI_FW
0xbfe151d1,PostMessageQueue
0xbfe155c5,PostMessageQueueStrictly
0xfc566c9b,PreFixAE_FW
0xfc31761f,PrepareDirectory_0
0xfc31761b,PrepareDirectory_1
0xfc317571,PrepareDirectory_x
0xfc07f0db,PrintAdjKabotanInfo_FW
0xfc07ef01,PrintAdjTableMap_FW
0xfc3c30d7,PrintAllAEIntegData_FW
0xfc4a3289,PrintBuildDate_FW
0xfc4a3295,PrintBuildTime_FW
0xfc0a78c9,Printf_FW
0xfc328899,PrintFaexeVersioin_FW
0xfc328875,PrintFirmVersion_FW
0xfc4a32a1,PrintFirmwareVersion_FW
0xfc4a32eb,PrintInternalFirmwareVersion_FW
0xfc56a341,PrintMultiWinScanTable_FW
0xfc56a1ed,PrintScanTable_FW
0xfc2691f1,PT_MFOff
0xfc2691c1,PT_MFOn
0xfc267763,PT_MoveDigitalZoomToWide
0xfc4acb45,PT_MoveOpticalZoomAt
0xfc3061c1,PT_PlaySound
0xfc066443,PTM_AllReset_FW
0xfc30f057,PTM_AllResetToFactorySetting_FW
0xfc066eeb,PTM_BackupUIProperty_FW
0xfc30f4a9,PTM_GetCurrentItem
0xfc30f4a9,PTM_GetCurrentItem_FW
0xfc066661,PTM_GetWorkingCaptureMode_FW
0xfc066def,PTM_IsEnableItem_FW
0xfc0668f1,PTM_NextItem_FW
0xfc0668f5,PTM_PrevItem_FW
0xfc30f537,PTM_RestoreUIProperty_FW
0xfc30f343,PTM_SetCurrentCaptureMode_FW
0xfc06666d,PTM_SetCurrentItem_FW
0xfc066c07,PTM_SetProprietyEnable_FW
0xfc54dddd,PutInNdFilter
0xfc54dddd,PutInNdFilter_FW
0xfc54de03,PutOutNdFilter
0xfc54de03,PutOutNdFilter_FW
0xfc2f28d1,PutsCameraLogEvent_FW
0xfc3cb131,qsort
0xfc565cbf,QuietImageDrive_FW
0xfc3a3a31,QuietImager_FW
0xfc397833,rand
0xfc38d7ed,Read
0xfc38d7ed,Read_FW
0xfc3f8459,ReadFastDir
0xfc2cfd7f,Rec2PB
0xfc540acb,ReceiveMechaCircuitData_FW
0xfc540ae3,ReceiveMechaCircuitDataAll_FW
0xbfe150fb,ReceiveMessageQueue
0xfc4ba0c7,RecSoundForNCAdjEvent_FW
0xfc3bb165,RecvDeauthPacket_FW
0xfc07f08b,RefreshAdjustmentTableMirror_FW
0xfc07f0d3,RefreshDefectTableMirror_FW
0xfc11fb03,RegComEventProc_FW
0xfc5669af,RegistColorMatrix_FW
0xfc325dfd,RegisterEventProcedure
0xfc325e4f,RegisterEventProcedure_alt1
0xfc325f53,RegisterEventProcedure_alt2
0xfc325f57,RegisterEventProcTable
0xfc326479,RegisterEventProcTable_alt
0xbfe14f01,RegisterInterruptHandler
0xfc3bbdc7,RegisterNotifyConnectPTPIP_FW
0xfc3bbdc7,RegisterNotifyPTPIP_FW
0xfc3bbddf,RegisterResponseConnectPTPIP_FW
0xfc3bbddf,RegisterResponsePTPIP_FW
0xfc05d233,RegistFirmScanNoticeCBR_FW
0xfc5685a1,RegistFirmVer_FW
0xfc394253,RegPTPCmd_FW
0xfc394267,RegPTPIPCmd_FW
0xbfe159e7,ReleaseRecursiveLock
0xfc56a171,ReloadAFAdjustment_FW
0xfc54d6b5,ReloadCdsAdjustment_FW
0xfc566933,ReloadColorAdjustment_FW
0xfc56883d,ReloadDefectAdjustmentData_FW
0xfc54c1a3,ReloadEfAdjustment_FW
0xfc54d8ab,ReloadFocusLensAdjustment_FW
0xfc568847,ReloadFROMDefectAdjustmentData_FW
0xfc53a7d9,ReloadGetaAdjustment_FW
0xfc53a7cb,ReloadIrisAdjustment_FW
0xfc56af1d,ReloadISAdjustment_FW
0xfc54ddcb,ReloadNdFilterAdjustment_FW
0xfc568851,ReloadShadingAdjustmentData_FW
0xfc5666b9,ReloadWBAdjustment_FW
0xfc53e8d7,ReloadZoomAdjustment_FW
0xfc4ba0e3,ReloadZoomNCProfileEvent_FW
0xfc394ea3,RemCap_EpilogFile_FW
0xfc0212dd,RemoveTransparentMemory_FW
0xfc3bbd31,RequestConnectPTPIP_FW
0xfc3bbd5b,RequestConnectPTPIPDef_FW
0xfc3bbcab,RequestDisconnectPTPIP_FW
0xfc54db39,ResetFocus_FW
0xfc53f543,ResetFocusLens_FW
0xfc5405b9,ResetIris_FW
0xfc0f6f5f,ResetIrisActuator_FW
0xfc53a6a5,ResetIrisPosition_FW
0xfc4a5f93,ResetNFCSystemArea_FW
0xfc05d229,ResetRegistNoticeCBR_FW
0xfc53ed17,ResetZoom_FW
0xfc540e2d,ResetZoomLens_FW
0xfc540e4d,ResetZoomLensToFirst_FW
0xfc540e7b,ResetZoomLensToTerminate_FW
0xfc53ee1b,ResetZoomToAdjFirstPoint_FW
0xfc53ee49,ResetZoomToAdjTerminatePoint_FW
0xfc53ed39,ResetZoomToFirst_FW
0xfc53ed39,ResetZoomToFirstPoint_FW
0xfc53ed5b,ResetZoomToTerminate_FW
0xfc53ed5b,ResetZoomToTerminatePoint_FW
0xfc4a3429,RomCheckSum_FW
0xfc179ef5,RotateConsoleZOder_FW
0xfc07ee77,SaveAdjustmentTable_FW
0xfc07eecb,SaveAdjustmentValue_FW
0xfc567f9f,SaveBatSenseOffsetAdjustmentTable_FW
0xfc4acca5,SaveBmpVRAMData_FW
0xfc07eeb9,SaveDefectAdjTable_FW
0xfc0c0baf,SaveDUID_FW
0xfc0c0bc3,SaveDUIDCheckSum_FW
0xfc0c0bd1,SaveFactoryAdjData_FW
0xfc0c0c05,SaveFactoryIDData_FW
0xfc568507,SaveFactoryReserveData_FW
0xfc54dd17,SaveFocusResetPulse_FW
0xfc56825f,SaveFromImage_FW
0xfc0c0beb,SaveHistoryAdjData_FW
0xfc4ace3d,SavePaletteData_FW
0xfc39354d,scan_FW
0xfc169701,Scene.ForbidContiSceneDetect_FW
0xfc169767,Scene.TestBabySleep_FW
0xfc169743,Scene.TestBabySmile_FW
0xfc1697af,Scene.TestHumanSleep_FW
0xfc16978b,Scene.TestHumanSmile_FW
0xfc1697d3,Scene.TestKidMove_FW
0xfc169721,Scene.TestSunset_FW
0xfc30a249,ScreenLock
0xfc1849c1,screenlock_helper
0xfc30a287,ScreenUnlock
0x010e29f3,SDCardUHSActive_FW
0xfc5427ef,SDump_FW
0xfc56ab25,SearchBCentralPosition_FW
0xfc56ab25,SearchISLensCentralPosition_FW
0xfc56919d,SelectAdjBPFilter_FW
0xfc394289,SelectFunc_Create_FW
0xfc541a5d,SelectPositionSignal_FW
0xfc3b9ff5,sendDeauth_FW
0xfc540ab5,SendMechaCircuitData_FW
0xfc02095b,SensDefCrowdCheck_FW
0x010e1021,set_assert_handler
0xfc2ffbb5,set_control_event
0xfc08ddb1,set_exception_handler
0xfc08ddbb,set_panic_handler
0xfc566c39,SetAdj_AEMode_FW
0xfc3c4097,SetAdjAEIntegSmearLimitter_FW
0xfc5695d7,SetAdjAFIntegCrwAdd_FW
0xfc5691b7,SetAdjAFWinPos_FW
0xfc54d75d,SetAdjCdsMode_FW
0xfc566bd5,SetAE_CdsGainValue_FW
0xfc566b15,SetAE_ShutterSpeed
0xfc566b15,SetAE_ShutterSpeed_FW
0xfc3c407f,SetAEIntegAverageOBData_FW
0xfc3c38a3,SetAEIntegCorrectProperty_FW
0xfc3c390f,SetAEIntegralGetaTime_FW
0xfc3c38dd,SetAEIntegralValueProperty_FW
0xfc3c3841,SetAEIntegStrobeProperty_FW
0xfc3c3ea7,SetAEIntegValueBit_FW
0xfc3c3e6f,SetAEIntegWindowsMode_FW
0xfc127011,SetAutoShutdownTime
0xfc127011,SetAutoShutdownTime_FW
0xfc5691ef,SetBPFilterForBP_FW
0xfc54d6d1,SetCDSGain_FW
0xfc54d741,SetCDSGainStep_FW
0xfc54d6d1,SetCdsGainValue_FW
0xfc54d6ed,SetCdsPreGainReg_FW
0xfc3ba9e5,setCH_FW
0xfc2fa7e3,SetCurrentCaptureModeType
0xfc2fa7e3,SetCurrentCaptureModeType_FW
0xfc2a3385,SetCzDebugFocusMode_FW
0xfc2a3385,SetCzDebugSubjectDistance_FW
0xfc567fc9,SetDate
0xfc567fc9,SetDate_FW
0xfc5680bd,SetDay_FW
0xfc0c9407,SetDCMotorWaitTime_FW
0xfc3c40ab,SetDefaultAEIntegSmearLimitter_FW
0xfc061017,SetDefaultRecParameter_FW
0xfc020c5b,SetDefectDebugInfo_FW
0xfc020daf,SetDefectRecParam_FW
0xfc54d687,SetDeltaCDSGain_FW
0xfc541e6d,SetDISModeParam_FW
0xfc56add3,SetDISModeParameter_FW
0xfc078a97,SetDUIDFixFlag_FW
0xfc0789fb,SetDurianMode_FW
0xbfe14e4f,SetEventFlag
0xfc54c195,SetExStrobeMode_FW
0xfc078b33,SetFactoryMasterFlag_FW
0xfc078b4f,SetFactoryMasterROMProtection_FW
0xfc078a4b,SetFactoryMode_FW
0xfc568407,SetFactorySerialNumber_FW
0xfc53e621,SetFaexeEventTableActivation_FW
0xfc542001,SetFixedPWMOutA_FW
0xfc54200f,SetFixedPWMOutB_FW
0xfc53fe11,SetFocusActuatorHoldVoltage_FW
0xfc53fe1d,SetFocusActuatorSlopeHoldVoltage_FW
0xfc53feeb,SetFocusLensAccelerationTable_FW
0xfc540371,SetFocusLensCarrierFrequency_FW
0xfc53ffb5,SetFocusLensCondition_FW
0xfc53ffa9,SetFocusLensDefaultPullOutTable_FW
0xfc540209,SetFocusLensDriveVoltage_FW
0xfc540285,SetFocusLensGainSlope_FW
0xfc540259,SetFocusLensHoldVoltage_FW
0xfc540077,SetFocusLensMaxSpeedLimit_FW
0xfc540231,SetFocusLensSettingWaitVoltage_FW
0xfc53ff67,SetFocusLensSlowdownTable_FW
0xfc53fe2d,SetFocusLensSpeed_FW
0xfc53fe7d,SetFocusLensSpeedTable_FW
0xfc54dc9f,SetFocusResetState_FW
0xfc5418f5,SetGyro10BitDACPitch_FW
0xfc173e5d,SetGyro10BitDACRoll_FW
0xfc541903,SetGyro10BitDACYaw_FW
0xfc541953,SetGyroFilterChargeStart_FW
0xfc541957,SetGyroFilterChargeStop_FW
0xfc541919,SetGyroHPFINOffsetPitch_FW
0xfc173e7d,SetGyroHPFINOffsetRoll_FW
0xfc541927,SetGyroHPFINOffsetYaw_FW
0xfc5680f7,SetHour_FW
0xfc126ae5,SetHPTimerAfterNow
0xfc4abc93,SetIgnoreAVJACK_FW
0xfc567fa9,SetImageMode_FW
0xfc567f93,SetInputVoltage_FW
0xfc54076f,SetIrisDriveVoltage_FW
0xfc54077f,SetIrisDriveVoltageLow_FW
0xfc54079f,SetIrisHoldVoltage_FW
0xfc54078f,SetIrisSettingWaitVoltage_FW
0xfc541ea3,SetISAdjData_FW
0xfc541ead,SetISCenterShiftA_FW
0xfc541ebb,SetISCenterShiftB_FW
0xfc56ab4d,SetISControllMode_FW
0xfc5419f3,SetISControlType_FW
0xfc541e35,SetISCrossTalkCompA1_FW
0xfc541e43,SetISCrossTalkCompA2_FW
0xfc541e51,SetISCrossTalkCompB1_FW
0xfc541e5f,SetISCrossTalkCompB2_FW
0xfc56adf3,SetISCrossTalkCompCoeff_FW
0xfc56ac8f,SetISCutOffFreqIndex_FW
0xfc541725,SetISDriveAaxis_FW
0xfc541733,SetISDriveBaxis_FW
0xfc541f43,SetISFocusLensDistance_FW
0xfc56acd3,SetISGyro10BitDACPitch_FW
0xfc56acd9,SetISGyro10BitDACYaw_FW
0xfc56ad3d,SetISGyroCompensationMode_FW
0xfc56ad17,SetISGyroFilterCharge_FW
0xfc5417a1,SetISGyroGainAaxis_FW
0xfc5417af,SetISGyroGainBaxis_FW
0xfc5417bd,SetISGyroGainbyAxisType_FW
0xfc56acbf,SetISGyroHPFINOffsetPitch_FW
0xfc56acc5,SetISGyroHPFINOffsetYaw_FW
0xfc56acdf,SetISGyroOffset10BitDACData_FW
0xfc56accb,SetISGyroOffsetHPFINData_FW
0xfc56abdd,SetISGyroPitchGain_FW
0xfc56abd5,SetISGyroYawGain_FW
0xfc541b19,SetISHallAmpFirstGain_FW
0xfc56abf7,SetISHallDevicePitchGain_FW
0xfc56ac11,SetISHallDevicePitchOffset_FW
0xfc56abef,SetISHallDeviceYawGain_FW
0xfc56ac09,SetISHallDeviceYawOffset_FW
0xfc541771,SetISHallGainAaxis_FW
0xfc54177f,SetISHallGainBaxis_FW
0xfc54178d,SetISHallGainbyAxisType_FW
0xfc541741,SetISHallOffsetAaxis_FW
0xfc54174f,SetISHallOffsetBaxis_FW
0xfc54175d,SetISHallOffsetbyAxisType_FW
0xfc541a75,SetISHPFCutoff_FW
0xfc56ac8f,SetISHPFCutOffFreqIndex_FW
0xfc56abcb,SetISLensDriveValue_FW
0xfc56abe5,SetISLensGyroGain_FW
0xfc56abff,SetISLensHallGain_FW
0xfc56ac19,SetISLensHallOffset_FW
0xfc56adc7,SetISLensPWMMode_FW
0xfc541ad5,SetISLPFAaxis_FW
0xfc541ae3,SetISLPFBaxis_FW
0xfc56ac73,SetISLPFCutOffFreqAaxis_FW
0xfc56ac79,SetISLPFCutOffFreqBaxis_FW
0xfc56ae57,SetISMacroMode_FW
0xfc56abbb,SetISPitchPWM_FW
0xfc542025,SetISPWMFreqAndFixed_FW
0xfc542031,SetISPWMFrequency_FW
0xfc541a0f,SetISStillStatus_FW
0xfc541945,SetISTuningFlag_FW
0xfc56ad23,SetISTuningMode_FW
0xfc56ad31,SetISTuningOff_FW
0xfc56abc3,SetISYawPWM_FW
0xfc56822b,SetLangMenuType_FW
0xfc5408d3,SetLensOutsideFlag_FW
0xfc3c405f,SetLineDefMarkThroughMode_FW
0xfc3a25b9,SetLockPosNonCorrectFlag_FW
0xfc2ffe6f,SetLogicalEventActive
0xfc56adaf,SetLoopGain_FW
0xfc541b99,SetLoopGainAdjValue_FW
0xfc56ac7f,SetLPFForParallelFilter_FW
0xfc541a27,SetLPFParallelBest_FW
0xfc565d01,SetLtkidsCorrectThroughMode_FW
0xfc565d03,SetLtkidsRealtimeCorrectThroughMode_FW
0xfc565d11,SetLvMagCenterWindow_FW
0xfc565d0d,SetLvMagSkipNum_FW
0xfc56ae21,SetMacroISGain_FW
0xfc541f71,SetMacroISGainA_FW
0xfc541f7f,SetMacroISGainB_FW
0xfc540d2f,SetMechaShutterCloseDacSetting_FW
0xfc540d9b,SetMechaShutterMoveTime_FW
0xfc540d5b,SetMechaShutterOpenDacSetting_FW
0xfc540d87,SetMechaShutterWaitTimeSetting_FW
0xfc3ba9f3,setMicroAPCH_FW
0xfc56812f,SetMinute_FW
0xfc568089,SetMonth_FW
0xfc5420e5,SetMoveEdgeWaitTime_FW
0xfc4ba0b9,SetNCParamForAdjEvent_FW
0xfc4ba0db,SetNoiseAddParamForZoomNCEvent_FW
0xfc54d6cb,SetObClamp_FW
0xfc54d6cb,SetObClampValue_FW
0xfc566597,SetOneShotWBParam_FW
0xfc566597,SetOneTypeWBParam_FW
0xfc0c9321,SetPMByGpio_FW
0xfc541fdd,SetPoweredISOFF_FW
0xfc541fd1,SetPoweredISON_FW
0xfc30f9b3,SetPropertyCase
0xfc4ac055,SetPropertyCase_FW
0xfc4abc5f,SetRawSWCheckMode_FW
0xfc566653,SetReferenceWBGainForCalibration_FW
0xfc565d07,SetSafFPGABypassMode_FW
0xfc565cf5,SetSafImagePredictMode_FW
0xfc565cf3,SetSafImageReadOutType_FW
0xfc565cf9,SetSafImageWindowHArea_FW
0xfc565d05,SetSafPPPBypassMode_FW
0xfc568f83,SetScanLensIndex_FW
0xfc56901b,SetScanWindowMode_FW
0xfc2ffea7,SetScriptMode
0xfc2ffea7,SetScriptMode_FW
0xfc394b9d,SetSDConClockSpeed_FW
0xfc4abbed,SetSDPwrPort_FW
0xfc568167,SetSecond_FW
0xfc3bb107,SetSecurityInvalid_FW
0xfc54d709,SetSensorPreGain_FW
0xfc54c089,SetShutterSpeed_FW
0xfc54c051,SetShutterSpeedWithMecha_FW
0xfc5420c3,SetSlowWaitTime_FW
0xfc078553,SetSSIDForFAWLAN_FW
0xfc396873,SetStereoSeparation_FW
0xfc05d12d,SetTestRecMasterCxCy_FW
0xfc05d1b9,SetTestRecSkimmingYUV_FW
0xfc566671,SetToolCorrectCoefficient_FW
0xfc3b84cb,SetTurnOffDisplay_FW
0xfc5670a5,SetVideoOutType
0xfc5670d1,SetVideoOutType_FW
0xfc5420a1,SetWaitTime_FW
0xfc56885b,SetWBTemperature_FW
0xfc56662b,SetWBYlStandardWidth_FW
0xfc3c3e29,SetWhiteCoefficient_FW
0xfc56853d,SetWindowSystemDrawSetting_FW
0xfc078501,SetWLANFactoryMode_FW
0xfc394b7f,SetWPSEChannel_FW
0xfc568051,SetYear_FW
0xfc2a55e9,SetZoomActuatorSpeedPPS_FW
0xfc541027,SetZoomAmpereLimitOffTime_FW
0xfc53f331,SetZoomAmpereLimitOffTimeForAdjustZoom_FW
0xfc53ef9f,SetZoomCommonDriveParam_FW
0xfc53eee5,SetZoomDriveParam_FW
0xfc540fc7,SetZoomLensDriveAmpereDac_FW
0xfc53ee77,SetZoomLensEncoderPowerControl_FW
0xfc541039,SetZoomLensMoveTimeLimit_FW
0xfc541049,SetZoomLensSpeedChangeMaxTime_FW
0xfc541053,SetZoomLensSpeedChangeRate_FW
0xfc540fb5,SetZoomLensSpeedMode_FW
0xfc4ba0eb,SetZoomNCEffectiveEvent_FW
0xfc53ef59,SetZoomNormalDriveParam_FW
0xfc2a5637,SetZoomPermitTargetMaxSpeedPPS_FW
0xfc56ac23,SetZoomPointToIS_FW
0xfc5419bd,SetZoomPosition_FW
0xfc53ef1f,SetZoomResetDriveParam_FW
0xfc53ecc7,SetZoomResetState_FW
0xfc2a5629,SetZoomSpeedCheckStopTime_FW
0xfc53ee83,SetZoomSpeedMode_FW
0xfc4ac181,ShowAllTaskInfo_FW
0xfc2f2947,ShowCameraLog_FW
0xfc2f2901,ShowCameraLogInfo_FW
0xfc566ae7,ShowCurrentExp_FW
0xfc07ebb5,ShowDefaultAdjTableVersion_FW
0xfc540037,ShowFocusLensCurrentSpeedTable_FW
0xfc540489,ShowFocusLensIrisCoefficientCheckSum_FW
0xfc2e3ed5,ShowLogicalEventName_FW
0xfc5408df,ShowMechaCondition_FW
0xfc4aba79,ShowMechaMacro_FW
0xfc4abc55,ShowPhySwStatus_FW
0xfc4abc81,ShowSDStatus_FW
0xfc021269,ShowTransparentMemory_FW
0xfc2d208f,ShutdownPlayModeMenu_FW
0xfc2d2125,ShutdownPlayModeMenuWithoutPbRedraw_FW
0xfc2d1f33,ShutdownRecModeMenu_FW
0xfc3e058b,ShutterTool.CheckExpTime_FW
0xfc3e059f,ShutterTool.CheckExpTimeWithErrMode_FW
0xfc3e045b,ShutterTool.CheckTv_FW
0xfc3e0475,ShutterTool.CheckTvWithErrMode_FW
0xfc3e05c7,ShutterTool.GetCurExpTime_FW
0xfc3e05b3,ShutterTool.GetCurTv_FW
0xfc3e061f,ShutterTool.GetLimOfExpTime_FW
0xfc3e063d,ShutterTool.GetLimOfExpTimeRegular_FW
0xfc3e05db,ShutterTool.GetLimOfTv_FW
0xfc3e0689,ShutterTool.GetLimOfTvForFix_FW
0xfc3e069b,ShutterTool.GetLimOfTvForFixWithAv_FW
0xfc3e05fd,ShutterTool.GetLimOfTvRegular_FW
0xfc3e04e7,ShutterTool.SetExpTime_FW
0xfc3e0673,ShutterTool.SetExpTimeForFix_FW
0xfc3e04ed,ShutterTool.SetExpTimeWithErrMode_FW
0xfc3e03b3,ShutterTool.SetTv_FW
0xfc3e065b,ShutterTool.SetTvForFix_FW
0xfc3e03bb,ShutterTool.SetTvWithErrMode_FW
0xfc566df3,SleepAE_FW
0xbfe14969,SleepTask
0xbfe14969,SleepTask_FW
0xfc280039,SoundDevAprocSetPathInDramSub_FW
0xfc280111,SoundDevAprocSetPathMuteCout0_FW
0xfc28016d,SoundDevAprocSetPathMuteLout0_FW
0xfc28013f,SoundDevAprocSetPathMuteSout0_FW
0xfc2800b9,SoundDevAprocSetPerifHpMute_FW
0xfc2800e5,SoundDevAprocSetPerifLineMute_FW
0xfc28008d,SoundDevAprocSetPerifSpMute_FW
0xfc27fad1,SoundDevAprocSignalMute_FW
0xfc27ffbd,SoundDevAprocSigProc_SetBgmFadeSetting_FW
0xfc27facb,SoundDevBeepGenGain_FW
0xfc27ffcd,SoundDevBgmFadeOut_FW
0xfc27efc3,SoundDevClearPath_FW
0xfc27f559,SoundDevDumpChIn0_FW
0xfc27f079,SoundDevInitMusic_FW
0xfc27fce7,SoundDevLineOut_FW
0xfc27fffd,SoundDevMovPlayMuteForStoryHighlight_FW
0xfc1634b3,SoundDevParam_SetATTMode_FW
0xfc27fe85,SoundDevPlayMusic_FW
0xfc27f8e3,SoundDevPlayOpSound_FW
0xfc27f89f,SoundDevPlayOpSoundForStoryAlbum_FW
0xfc27f381,SoundDevRecChIn0_FW
0xfc27ff5b,SoundDevRecMusic_FW
0xfc27f515,SoundDevRecMusicOnDramTest_FW
0xfc27fab1,SoundDevSetBeepPWMMuteParam_FW
0xfc280059,SoundDevSetBgmData_FW
0xfc27ffdd,SoundDevSetBgmMixRate_FW
0xfc27f9eb,SoundDevSetMovieRecPath_FW
0xfc27faf7,SoundDevSetParamIn_FW
0xfc27fcd7,SoundDevSetRecPath_FW
0xfc27f9e1,SoundDevSetSpVol_FW
0xfc27f9bb,SoundDevSetSyncRate_FW
0xfc27faab,SoundDevSetZoomNCAdjDigiProcThroughPath_FW
0xfc27fa09,SoundDevSetZoomNCCheckPath_FW
0xfc163c71,SoundDevSetZoomNCProfile_FW
0xfc27fced,SoundDevStopPlayMusic_FW
0xfc27fd19,SoundDevStopRecMusic_FW
0xfc164029,SoundDevZoomNCEffective_FW
0xfc3290f7,sprintf_FW
0xfc39782d,srand
0xfc4acb89,SS.ChangeZoomSpeed_FW
0xfc4acbd1,SS.Create_FW
0xfc4acba9,SS.DoAELock_FW
0xfc4acb95,SS.DoAFLock_FW
0xfc2678db,SS.GetDigitalZoomPosition_FW
0xfc4acb77,SS.GetDigitalZoomTele_FW
0xfc4acbc7,SS.MFOff_FW
0xfc4acbbd,SS.MFOn_FW
0xfc4acb69,SS.MoveDigitalZoomAt_FW
0xfc4acb55,SS.MoveDigitalZoomToTele_FW
0xfc4acb5f,SS.MoveDigitalZoomToWide_FW
0xfc4acb45,SS.MoveOpticalZoomAt_FW
0xfc4acb2d,SS.MoveOpticalZoomToTele_FW
0xfc4acb39,SS.MoveOpticalZoomToWide_FW
0xfc4acbb3,SS.UnlockAE_FW
0xfc4acb9f,SS.UnlockAF_FW
0xfc3cae0d,sscanf_FW
0xfc070e49,SSFS_CompleteCaptModeChange_FW
0xfc070e49,SSFS_CompleteFileWrite_FW
0xfc070e49,SSFS_CompletePreCapt_FW
0xfc070e49,SSFS_CompleteShootPicture_FW
0xfc070e49,SSFS_CompleteStopDigZoom_FW
0xfc070e49,SSFS_CompleteStopZoom_FW
0xfc070e49,SSFS_CompleteSynchroWrite_FW
0xfc070e49,SSFS_ShootPicture_FW
0xfc5695c7,StartAdjAFInteg_FW
0xfc569371,StartAdjAFService_FW
0xfc3c4059,StartAEIntegralService_FW
0xfc56ab39,StartBDrive_FW
0xfc56ab5b,StartBPanDrive_FW
0xfc2f2973,StartCameraLog_FW
0xfc393725,startCameraServiceProvide_FW
0xfc565bdd,StartCaptureDrive_FW
0xfc569b09,StartCrwCustomScan_FW
0xfc569ac9,StartCustomScan_FW
0xfc2a337d,StartCzTuning_FW
0xfc0edd89,startDHCPServer_FW
0xfc567359,StartEVFDrive_FW
0xfc567331,StartEVFDriveWithMode_FW
0xfc078c0b,StartFactoryModeController_FW
0xfc4b9e31,StartFAWLANService_FW
0xfc542127,StartImStEventProc_FW
0xfc56ae09,StartISAdjustMacro_FW
0xfc56ab39,StartISAdjustmentDrive_FW
0xfc56ab39,StartISDrive_FW
0xfc5416fb,StartISLocalAdjust_FW
0xfc2379a7,StartISLocalAutoCenter_FW
0xfc2379d1,StartISLocalHallAdjust_FW
0xfc56ab5b,StartISPanDrive_FW
0xfc542045,StartISPWMFreqChangeTest_FW
0xfc328cd9,StartLogOut_FW
0xfc541b43,StartLoopGainCalc_FW
0xfc541f0b,StartMacroISAdjust_FW
0xfc541f01,StartMacroISContiMode_FW
0xfc39363d,startMicroAP_FW
0xfc2d1e71,StartPlayModeMenu_FW
0xfc2d1e83,StartRecModeMenu_FW
0xfc0570ad,StartRedirectUART_FW
0xfc021627,StartSoundPlay_FW
0xfc02160f,StartSoundRecord_FW
0xfc1fea7b,StartTestRecLog_FW
0xfc126d55,StartWDT_FW
0xfc317399,stat
0xfc5695bd,StopAdjAFInteg_FW
0xfc569419,StopAdjAFService_FW
0xfc3c3ec3,StopAEIntegralService_FW
0xfc56ab2f,StopBDrive_FW
0xfc56ab43,StopBPanDrive_FW
0xfc2f29d5,StopCameraLog_FW
0xfc393731,stopCameraServiceProvide_FW
0xfc565395,StopCaptureDrive_FW
0xfc567705,StopContinuousVRAMData_FW
0xfc569abf,StopCustomScan_FW
0xfc53f459,StopCZ_FW
0xfc0edf9b,stopDHCPServer_FW
0xfc56711b,StopEVFDrive_FW
0xfc4b9e37,StopFAWLANService_FW
0xfc0eca09,stopIPAddressing_FW
0xfc56ae13,StopISAdjustMacro_FW
0xfc56ab2f,StopISAdjustmentDrive_FW
0xfc56ab2f,StopISDrive_FW
0xfc56ab43,StopISPanDrive_FW
0xfc54204f,StopISPWMFreqChangeTest_FW
0xfc328a91,StopLogOut_FW
0xfc541def,StopLoopGainCalc_FW
0xfc541f15,StopMacroISAdjust_FW
0xfc3b9fb3,stopMicroAP_FW
0xfc07834f,StopPtpipServiceForFAWLAN_FW
0xfc05714d,StopRedirectUART_FW
0xfc54c21f,StopStrobeChargeForFA_FW
0xfc1fea87,StopTestRecLog_FW
0xfc126d91,StopWDT_FW
0xfc393e67,StopWireless_FW
0xfc53ecbf,StopZoomEmergency_FW
0xfc328d55,strcat
0xfc12a061,strchr
0xfc328ea5,strcmp
0xfc328ea5,strcmp_FW
0xfc328e81,strcpy
0xfc328e81,strcpy_FW
0x010e1689,strftime
0xfc328f59,strlen
0xfc328f59,strlen_FW
0xfc328d77,strncmp
0xfc32875d,strncpy
0xfc12a073,strrchr
0xfc129fbf,strtol
0xfc129e7d,strtolx
0xfc567061,SwitchOffDisplay_FW
0xfc567099,SwitchOnDisplay_FW
0xfc4ac769,System.Create_FW
0xfc4ac18b,System.Delete_FW
0xbfe153e1,TakeSemaphore
0xbfe153e1,TakeSemaphore_FW
0xbfe120b3,takesemaphore_low
0xbfe1558d,TakeSemaphoreStrictly
0xfc149de5,task__tgTask
0xfc1398b7,task_AfIntSrvTask
0xfc3fb329,task_AlbumReader
0xfc12bcd7,task_AprocBpGenTask
0xfc12bc6f,task_AprocBpPwmTask
0xfc12bbed,task_AprocMainTask
0xfc12bd3f,task_AprocVaif3Task
0xfc0aa8f1,task_AutoShutterMan
0xfc4a84d9,task_AutoTrimming
0xfc0b2a6f,task_BatteryTask
0xfc07832d,task_bomStopPTPIPTask
0xfc0e595d,task_BrtMsrTask
0xfc0cf5db,task_Bye
0xfc0646b3,task_CaptSeq
0xfc0646b3,task_CaptSeqTask
0xfc3c72eb,task_Cave2MainTask
0xfc29f94b,task_Cave2PbTask
0xfc3ffb01,task_Cave2RecTask
0xfc0cf475,task_ClockSave
0xfc0d4335,task_CommonDrivers
0xfc15c0cb,task_ComWireless
0xfc179b8d,task_ConsoleSvr
0xfc2e0647,task_CorctTask
0xfc08428d,task_CreateHeaderTask
0xfc35e561,task_CtgTotalTask
0xfc301659,task_CtrlSrv
0xfc062d99,task_dccdCalcTask
0xfc20f6ef,task_DecJpgRd
0xfc0bfe37,task_DefMarkRomCopyTask
0xfc0e65f5,task_DetectMoveTask
0xfc39f3bb,task_DetSeqSadT
0xfc39eda9,task_DetSeqT
0xfc08f00d,task_DevelopDist
0xfc08fbc5,task_DevelopJpeg
0xfc0b920b,task_DevelopModule
0xfc08ee0d,task_DevelopRawToYuv
0xfc08f76b,task_DevelopResize
0xfc08456f,task_DistTask
0xfc0f4921,task_DPOFTask
0xfc55ddf5,task_DvlpCs
0xfc07c14b,task_DvlpSeqTask
0xfc2ec113,task_EdetSBJTask
0xfc174605,task_EISMainTask
0xfc0a041d,task_EncRemoteEVFJpgTask
0xfc30c661,task_Epilog
0xfc0d9633,task_EvShel
0xfc286543,task_ExpDrv
0xfc1ce319,task_ExpDrvSubTask
0xfc286543,task_ExpDrvTask
0xfc1fc1a1,task_FA_GyroInfo
0xfc0b64e9,task_FaceFrame
0xfc4a9169,task_FaceScoreTask
0xfc568565,task_FAPowerOff
0xfc2061fb,task_FileManMarkAllTask
0xfc3c4a27,task_FileScheduleTask
0xfc3f7c99,task_FileWrite
0xfc3f7c99,task_FileWriteTask
0xfc20ee83,task_FilYuvMaker
0xfc1bfe3f,task_FmidTask
0xfc2dec57,task_FocusEvent
0xfc206e75,task_FORMAT_TASK_NAME
0xfc206c4d,task_FORMAT_TASK_PROGRESS
0xfc394945,task_fprintSNRTask
0xfc0a05f1,task_FsIoNotifyTask
0xfc3a26eb,task_GapMan
0xfc0d665b,task_HdmiCecTask
0xfc2183f9,task_ImagePlaySysConTask
0xfc21a599,task_ImageRetryConTask
0xfc16f291,task_ImageStoreTask
0xfc15dc61,task_ImageSyncController
0xfc437289,task_ImgPlyDC
0xfc437395,task_ImgPlyDCLow
0xfc39a02b,task_ImgPlyTask
0xfc39a1dd,task_ImgPlyTsk2
0xfc3b7c93,task_IMLApp
0xfc0d4309,task_InitFileModules
0xfc0c1885,task_IrisCycleEvent
0xfc0f65e1,task_IrisEvent
0xfc2369f7,task_IS_ActiveShadCompTask
0xfc237091,task_ISMainTask
0xfc516aa5,task_ITCMainTask
0xfc08332b,task_JpegEncTask
0xfc394f0f,task_LachesisTest
0xfc163021,task_LcdConTask
0xfc1232a9,task_LEDCon
0xfc3a4ecf,task_LiveImageTask
0xfc179f83,task_LowConsole
0xfc1126fd,task_MechaAlarm
0xfc170f85,task_MechaCPUTransfer
0xfc0c2779,task_MechaNCTask
0xfc4bad4d,task_MechaShutter
0xfc1707c5,task_MediaStatusMngr
0xfc279d6d,task_MetaCtg
0xfc2003dd,task_MetaCtgPrsTask
0xfc1ff65b,task_MetaInspiTask
0xfc0aad97,task_MotionVector
0xfc175c89,task_MovieEditor
0xfc396f81,task_MovieInit
0xfc26bd79,task_MoviePlay
0xfc0a3863,task_MovieRecord
0xfc17745d,task_MovieTranscoder
0xfc11626d,task_MrkSetTask
0xfc390757,task_NfcCon_EvtTask
0xfc3ae823,task_NfcConTask
0xfc3b1437,task_NormalThumbCache
0xfc0918a1,task_OBCtrlTask
0xfc167a25,task_OhyearKiLiveAlgor
0xfc1f338f,task_OhyIntegTask
0xfc0872d9,task_OpePlay
0xfc0cefc7,task_PhySw
0xfc10feb3,task_PingManager
0xfc156499,task_PTPSessionTASK
0xfc0eb9fd,task_PTPtoFAPI_EventProcTask_Block
0xfc0eb993,task_PTPtoFAPI_EventProcTask_Try
0xfc40ed83,task_Raw2Ss2YuvTask
0xfc07c99d,task_ReadFileTask
0xfc34bb05,task_ReadMultiConTask
0xfc0752b9,task_ReadScheduleTask
0xfc394877,task_RedirectUARTTask
0xfc080285,task_ResizeTask
0xfc3f9ffd,task_SAEffect
0xfc43cf5f,task_SAlbumPlay
0xfc20d193,task_ScenarioMaker
0xfc169273,task_SceneDetectTask
0x010e17b5,task_SD1stInit
0xfc15f521,task_SelectFuncController
0xfc20639d,task_SetGeoTagExecution
0xfc07b423,task_ShutterSoundTask
0xfc431987,task_SMAL_Enumeration
0xfc280a2f,task_SoundTsk
0xfc0e9a6f,task_SsgMainTask
0xfc0e9cc7,task_SsgPeriodTask
0xfc06ec87,task_SsStartupTask
0xfc070f15,task_SsTask
0xfc055dc9,task_Startup
0xfc2d2e11,task_StartupImage
0xfc43c05f,task_StoryAlbumMaker
0xfc14a70b,task_SynchTask
0xfc14a69b,task_SyncPeriod
0xfc396a55,task_Thermometer
0xfc150651,task_TimerUtility
0xfc0f911d,task_TmgGen
0xfc400a71,task_TricDecVTask
0xfc440db5,task_TricEncMsgTask
0xfc440455,task_TricEncVTask
0xfc4417a9,task_TricInitTask
0xfc3b3e81,task_TrnsCtrlTask
0xfc4ab733,task_TskCocoa0
0xfc4ab72d,task_TskCocoa1
0xfc4ab727,task_TskCocoa2
0xfc056f3d,task_UartLog
0xfc08cfed,task_WBCtrl
0xfc1335f1,task_WBIntegTask
0xfc3acba3,task_WBLPFace
0xfc080c11,task_WbSeqTask
0xfc126c67,task_WdtPrint
0xfc126cd9,task_WdtReset
0xfc15fd91,task_WebServiceApp
0xfc1607cd,task_WSSAPP
0xfc2a49b9,task_ZoomActuatorSpeedLog
0xfc2a4823,task_ZoomEvent
0xfc179fc3,taskcreate_LowConsole
0xfc0eca27,termComDiscovery_FW
0xfc4acc2d,TerminateAdjustmentSystem_FW
0xfc05c871,Terminatedccd_FW
0xfc021011,TerminateDefectRec_FW
0xfc05c871,TerminateDigicon_FW
0xfc02182b,TerminateFAExtendFile_FW
0xfc021817,TerminateFAGeneralTest_FW
0xfc54c363,TerminateMechaDevice_FW
0xfc4ab9c5,TerminateMechaUnitExeTest_FW
0xfc3bbdf7,TerminatePTPIPTransportResponder_FW
0xfc0215f1,TerminateSoundRec_FW
0xfc05bfdd,TerminateTestRec_FW
0xfc078d0f,TerminateWLAN_FW
0x010e11e3,time
0xfc309891,transfer_src_overlay
0xfc30a2bb,transfer_src_overlay_helper
0xbfe1524f,TryPostMessageQueue
0xbfe15187,TryReceiveMessageQueue
0xbfe153b1,TryTakeSemaphore
0xfc324f41,TurnOffBackLight
0xfc56855b,TurnOffCamera_FW
0xfc0f0ded,TurnOffDisplay
0xfc0cf575,TurnOffE1_FW
0xfc27f61d,TurnOffVideoOutMode_FW
0xfc324f01,TurnOnBackLight
0xfc0f0ddb,TurnOnDisplay
0xfc27f651,TurnOnVideoOutMode_FW
0xfc0fbe3b,UI.Create_FW
0xfc0fb395,UI.CreatePublic_FW
0xfc0fbe3b,UI_RegistDebugEventProc_FW
0xfc0fbe29,UI_ShowStateOfRecMode_FW
0xfc2ffe6f,UiEvnt_SetLogicalEventActive_FW
0xfc2fff3b,UiEvnt_StartDisguiseCradleStatus_FW
0xfc2fff43,UiEvnt_StopDisguiseCradleStatus_FW
0xfc2d1311,UIFS_CancelStoreLensTimer_FW
0xfc0f0361,UIFS_Capture_FW
0xfc0f03f3,UIFS_CaptureNoneStop_FW
0xfc0fb18b,UIFS_ChangeShootState_FW
0xfc0fb07b,UIFS_ClosePopupStrobe_FW
0xfc0fb0e5,UIFS_ConnectVideo_FW
0xfc0faec1,UIFS_CtrlManControllerAnytimeTop_FW
0xfc0fb109,UIFS_DisconnectVideo_FW
0xfc1849c1,UIFS_DisplayFirmUpdateView_FW
0xfc0fb173,UIFS_EndClockMode_FW
0xfc0fb259,UIFS_GetAvItem_FW
0xfc0fb1db,UIFS_GetAvItemCount_FW
0xfc0fb2a1,UIFS_GetCurrentAvString_FW
0xfc0fb2f9,UIFS_GetCurrentTvString_FW
0xfc0fb1b7,UIFS_GetLastPath_FW
0xfc2fe8c3,UIFS_GetMovieRecoadableNumber_FW
0xfc308c33,UIFS_GetNumberOfDisplayedImage_FW
0xfc2c19d5,UIFS_GetNumOfOptZoomPos_FW
0xfc2fe8bf,UIFS_GetStillShotableNumber_FW
0xfc0fb27d,UIFS_GetTvItem_FW
0xfc0fb219,UIFS_GetTvItemCount_FW
0xfc0faed7,UIFS_IsAutoPopupDownStrobe_FW
0xfc0faedb,UIFS_IsAvailableAvTvMode_FW
0xfc0faecb,UIFS_IsAvailableMovieRecDigZoom_FW
0xfc0faec7,UIFS_IsAvailableMovieRecOptZoom_FW
0xfc0faedf,UIFS_IsAvailablePowerZoom_FW
0xfc0faed3,UIFS_IsAvailableRecMenuAFMode_FW
0xfc0faecf,UIFS_IsAvailableServoAF_FW
0xfc2fe3a7,UIFS_IsAvailableShots_FW
0xfc0fb35b,UIFS_IsOperationEvent_FW
0xfc0fb09f,UIFS_MountExtFlash_FW
0xfc2c1627,UIFS_MoveZoomTo_FW
0xfc2c1aad,UIFS_MoveZoomToPositionWithTaskSwCtrlServ_FW
0xfc0fb059,UIFS_OpenPopupStrobe_FW
0xfc0cbf05,UIFS_PlayTrimExecuteAllImageSize_FW
0xfc0fb13d,UIFS_PostModeDial_FW
0xfc0fb13b,UIFS_RestartPostingUIEvent_FW
0xfc0fb17d,UIFS_SetCradleSetting_FW
0xfc0fb011,UIFS_SetDialMovieRec_FW
0xfc0fb03f,UIFS_SetDialPlay_FW
0xfc0faff7,UIFS_SetDialStillRec_FW
0xfc0fb1a1,UIFS_ShootSeqToUI_FW
0xfc0fb169,UIFS_StartClockMode_FW
0xfc1a117d,UIFS_StartMoviePlay_FW
0xfc2ffa27,UIFS_StartMovieRecord_FW
0xfc2ffa3d,UIFS_StopMovieRecord_FW
0xfc0fb139,UIFS_StopPostingUIEvent_FW
0xfc0fb0c1,UIFS_UnmountExtFlash_FW
0xfc29bc0b,UIFS_WirelessExecuteSendForever_FW
0xfc078255,UndisplayFactoryMode_FW
0xfc0a786b,UnLoadScript_FW
0xfc2682ff,UnlockAE
0xfc267f8f,UnlockAF
0xfc126f5d,UnlockMainPower
0xfc126f5d,UnlockMainPower_FW
0xfc5669d3,UnregistColorMatrix_FW
0xfc325e53,UnRegisterEventProcedure
0xfc325f6d,UnRegisterEventProcTable
0xfc32647d,UnRegisterEventProcTable_alt
0xfc0b2dd1,VbattGet
0xfc0b2dd1,VbattGet_FW
0xfc5425a1,VerifyByte_FW
0xfc0de91b,vsprintf
0xfc4ac173,Wait_FW
0xbfe14dcf,WaitForAllEventFlag
0xbfe155fd,WaitForAllEventFlagStrictly
0xbfe14d4d,WaitForAnyEventFlag
0xbfe155e1,WaitForAnyEventFlagStrictly
0xfc540eed,WaitMoveZoomLensComplete_FW
0xfc393ddf,WebServiceDataOutput_FW
0xfc394291,WebServiceSimError_FW
0xfc31723d,Write
0xfc31723d,Write_FW
0xfc07f289,WRITEADJTABLETOFROM_FW
0xfc07f2a7,WRITEADJUSTMENTDATATOFROM_FW
0xfc56ab6f,WriteGyroAdjustment_FW
0xfc56ab65,WriteHallDeviceAdjustment_FW
0xfc394c19,writeMacAddrToAdjTbl_FW
0xfc540a43,WriteMechaLogToFile_FW
0xfc540a39,WriteMechaLogToRom_FW
0xfc4ba2ed,WriteNFCSystemArea_FW
0xfc4a5fc5,WriteNFCUserArea_FW
0xfc4ba313,WriteNFCUserAreaWithInitNFCAdj_FW
0xfc56ab79,WritePWMAdjustment_FW
0xfc0d6b07,WriteToRom_FW
0xfc07f2c5,WRITEUSERSETTINGDATATOFROM_FW
0xfc4b9e5f,WriteWLANMACAddressToFROM_FW
0xfc3943fb,WSS_GetAuthCode_FW
0xfc394411,WSS_GetConfirmNum_FW
0xfc39443d,WSS_GetWebServiceData_FW
0xfc39437b,WSS_Initialize_FW
0xfc394427,WSS_RegDeviceInfo_FW
0xfc394855,WSS_SettingCancel_FW
0xfc39444d,WSS_SettingDummyCBR_FW
0xfc3943eb,WSS_SettingSeqenceCheck_FW
0xfc3943a7,WSS_SettingTest_FW
0xfc394391,WSS_Terninate_FW
0xfc359d09,zicokick_copy
0xfc359c8d,zicokick_start
