0x0017ae78,task_AdditionAgent
0x00685c1c,get_self_task_id
0x00686e10,get_task_properties
0x0068a848,RegisterInterruptHandler
0x0068a86c,UnregisterInterruptHandler
0x0068a884,GetSRAndDisableInterrupt
0x0068a888,SetSR
0x0068a8a8,EnableInterrupt
0x0068a8b0,CreateBinarySemaphore
0x0068a918,CreateCountingSemaphore
0x0068a918,CreateCountingSemaphore_FW
0x0068a970,DeleteSemaphore
0x0068a970,DeleteSemaphore_FW
0x0068a9c8,TryTakeSemaphore
0x0068aa1c,TakeSemaphore
0x0068aa1c,TakeSemaphore_FW
0x0068aaec,GiveSemaphore
0x0068aaec,GiveSemaphore_FW
0x0068ab24,GetSemaphoreValue
0x0068ab8c,CreateTask
0x0068ab8c,CreateTask_FW
0x0068ae1c,ExitTask
0x0068ae1c,ExitTask_FW
0x0068af04,CreateTaskStrictly
0x0068af38,CreateMessageQueueStrictly
0x0068af5c,CreateEventFlagStrictly
0x0068af80,CreateBinarySemaphoreStrictly
0x0068afa4,CreateCountingSemaphoreStrictly
0x0068afc8,CreateRecursiveLockStrictly
0x0068afec,TakeSemaphoreStrictly
0x0068b018,ReceiveMessageQueueStrictly
0x0068b044,PostMessageQueueStrictly
0x0068b070,WaitForAnyEventFlagStrictly
0x0068b09c,WaitForAllEventFlagStrictly
0x0068b0c8,AcquireRecursiveLockStrictly
0x0068b104,DebugAssert
0x0068b878,CreateEventFlag
0x0068b8d0,DeleteEventFlag
0x0068b920,CheckAnyEventFlag
0x0068b968,CheckAllEventFlag
0x0068b9b0,WaitForAnyEventFlag
0x0068ba94,WaitForAllEventFlag
0x0068bb54,SetEventFlag
0x0068bb88,ClearEventFlag
0x0068bbc0,GetEventFlagValue
0x0068bcd0,CreateMessageQueue
0x0068bd54,DeleteMessageQueue
0x0068bde4,ReceiveMessageQueue
0x0068beac,TryReceiveMessageQueue
0x0068bf30,PostMessageQueue
0x0068bfe8,TryPostMessageQueue
0x0068c028,GetNumberOfPostedMessages
0x0068c094,CreateRecursiveLock
0x0068c0e4,DeleteRecursiveLock
0x0068c134,AcquireRecursiveLock
0x0068c254,ReleaseRecursiveLock
0x0068c4e8,SleepTask
0x0068c4e8,SleepTask_FW
0x006937ec,LocalTime
0x00693c94,time
0x00693d44,GetTimeOfSystem_FW
0x006a93f8,_divmod_signed_int
0x006aaa14,_divmod_unsigned_int
0x006ab808,_log
0x006abd48,_log10
0x006abec0,_pow
0x006ace70,_safe_sqrt
0x006ad034,_dadd
0x006ad30c,_ddiv
0x006ad7d8,_dfix
0x006ad888,_dfixu
0x006ad910,_dflt
0x006ad9bc,_dfltu
0x006ad9c8,_dcmp
0x006ada50,_dmul
0x006adc20,_dcmp_reverse
0x006adcc0,_drsb
0x006adcd8,_sqrt
0x006ade4c,_dsub
0x006ae1d0,_f2d
0x006ae354,_fdiv
0x006ae538,_ffix
0x006ae5ac,_ffixu
0x006ae60c,_fflt
0x006ae640,_ffltu
0x006ae6c0,_fmul
0x006aebc0,_scalbn
0xff000d88,memShow_FW
0xff002ce8,strncpy
0xff002d24,strncmp
0xff002d70,strchr
0xff002d94,strrchr
0xff002dbc,strlen
0xff002dbc,strlen_FW
0xff002ea4,malloc
0xff002efc,free
0xff004284,drysh_FW
0xff00432c,err_init_task
0xff0044a8,task_ClockSave
0xff005260,get_self_task_errno_pointer
0xff0052c4,GetMemInfo
0xff005b2c,open
0xff005bdc,close
0xff005d80,Read
0xff005d80,Read_FW
0xff00a354,task_ConsoleSvr
0xff00a960,RotateConsoleZOder_FW
0xff00a9f0,task_LowConsole
0xff00ab70,CPrintf_FW
0xff00abc8,CPutChar_FW
0xff00abf0,GetCh_FW
0xff00ac40,GetStringWithPrompt_FW
0xff00ace0,OpenConsole_FW
0xff00ae0c,CloseConsole_FW
0xff00b1e4,task_Startup
0xff00b334,_uartr_req
0xff00b3c4,task_UartLog
0xff00b568,StartRedirectUART_FW
0xff00b67c,StopRedirectUART_FW
0xff00b7dc,sprintf_FW
0xff00b820,vsprintf
0xff00b970,strcpy
0xff00b970,strcpy_FW
0xff00b988,memcmp
0xff00b988,memcmp_FW
0xff00ba84,j_strcmp_FW
0xff00ba84,strcmp
0xff00baac,strcmp_FW
0xff02f3b0,RegComEventProc_FW
0xff02f7cc,task_StartupImage
0xff0308e8,task_BatteryTask
0xff030f94,GetVBatVoltage_FW
0xff030f94,VbattGet
0xff030f94,VbattGet_FW
0xff031b18,kbd_p2_f
0xff031e7c,task_PhySw
0xff03226c,GetSwitchStatus_FW
0xff0322d8,GetSDDetect_FW
0xff0322e0,GetSDProtect
0xff0322e0,GetSDProtect_FW
0xff032304,GetDialEventId_FW
0xff032308,GetLcdPosition_FW
0xff032310,GetBatteryCoverClose_FW
0xff032318,IsHvSensorExist_FW
0xff032320,kbd_read_keys
0xff032370,kbd_p1_f
0xff03237c,kbd_p1_f_cont
0xff03322c,EngDrvOut
0xff033244,EngDrvIn
0xff03324c,EngDrvRead
0xff033260,EngDrvBits
0xff03351c,DisplayFactoryMode_FW
0xff033528,UndisplayFactoryMode_FW
0xff03367c,task_bomStopPTPIPTask
0xff0336ac,StopPtpipServiceForFAWLAN_FW
0xff0339d0,SetWLANFactoryMode_FW
0xff033a10,ClearWLANFactoryMode_FW
0xff033a50,SetSSIDForFAWLAN_FW
0xff033e94,SetDurianMode_FW
0xff033ed4,ClearDurianMode_FW
0xff033ed4,ClearFactoryMode_FW
0xff033f14,SetFactoryMode_FW
0xff033f54,ClearDUIDFixFlag_FW
0xff033f8c,SetDUIDFixFlag_FW
0xff034080,ClearFactoryMasterFlag_FW
0xff03408c,SetFactoryMasterFlag_FW
0xff034098,ClearFactoryMasterROMProtection_FW
0xff0340bc,SetFactoryMasterROMProtection_FW
0xff0340e0,IsFactoryMode_FW
0xff034148,IsDUIDFixFlag_FW
0xff034190,IsNormalCameraMode_FW
0xff0341a8,StartFactoryModeController_FW
0xff034a3c,RenameFile_Fut
0xff034b44,DeleteDirectory_Fut
0xff034b9c,Fopen_Fut
0xff034b9c,Fopen_Fut_FW
0xff034bdc,Fclose_Fut
0xff034bdc,Fclose_Fut_FW
0xff034c88,Fread_Fut
0xff034c88,Fread_Fut_FW
0xff034cdc,Fwrite_Fut
0xff034cdc,Fwrite_Fut_FW
0xff034d30,Fgets_Fut
0xff034d7c,Fseek_Fut
0xff034d7c,Fseek_Fut_FW
0xff034dc8,Feof_Fut
0xff034e04,Fflush_Fut
0xff03507c,Open
0xff03507c,Open_FW
0xff035144,Close
0xff035144,Close_FW
0xff035198,Write
0xff035198,Write_FW
0xff0351ec,j_Open_FW
0xff0351f0,j_Close_FW
0xff035268,Remove
0xff0352f0,j_Read_FW
0xff0352f4,j_Write_FW
0xff035360,Lseek
0xff035360,lseek
0xff035360,Lseek_FW
0xff035380,OpenForScrip_FW
0xff0353a8,stat
0xff0354d0,SetFileTimeStamp
0xff035548,SetFileAttributes
0xff0355e0,mkdir
0xff0357e8,j_StartCameraLog_FW
0xff0357ec,j_ShowCameraLog_FW
0xff0357f0,j_ShowCameraLogInfo_FW
0xff0357f4,j_StopCameraLog_FW
0xff0357f8,j_PutsCameraLogEvent_FW
0xff0357fc,OpLog.Create_FW
0xff035878,j_NewTaskShell_FW
0xff03587c,j_ExMem.View_FW
0xff035880,j_ExMem.AllocUncacheable_FW
0xff035884,j_ExMem.FreeUncacheable_FW
0xff035888,j_ExMem.AllocCacheable_FW
0xff03588c,j_ExMem.FreeCacheable_FW
0xff035890,ExMem_FW
0xff0364b8,MoveOpticalZoomAt
0xff03672c,SS.GetDigitalZoomPosition_FW
0xff0369f4,DoAFLock
0xff036a24,UnlockAF
0xff036c3c,EnterToCompensationEVF
0xff036c80,ExitFromCompensationEVF
0xff036cd4,DoAELock
0xff036cf8,UnlockAE
0xff037418,MenuIn
0xff037444,MenuOut
0xff039424,TurnOffE1_FW
0xff0394d0,task_Bye
0xff039680,Restart
0xff039b00,HardwareDefectWithRestart_FW
0xff039b54,HardwareDefect_FW
0xff039c58,malloc_strictly
0xff039f04,_GetSystemTime
0xff03a03c,SetTimerAfter
0xff03a0bc,SetTimerWhen
0xff03a120,CancelTimer
0xff03a1b8,AllocateUncacheableMemory
0xff03a1f8,FreeUncacheableMemory
0xff03aa34,strtolx
0xff03ac30,strtol
0xff03ac44,memcpy
0xff03ac44,memcpy_FW
0xff06b5dc,ExpCtrlTool_StartContiAE
0xff06b744,ExpCtrlTool_StopContiAE
0xff06dccc,task_WBCtrl
0xff07067c,task_AFTask
0xff0712b8,GetMacroSupportZoomPoint_FW
0xff072ab8,ImagerActivate
0xff073d2c,task__imageSensorTask
0xff077bb8,LiveImageTool.GetDzoomPosition_FW
0xff078350,GetVRAMHPixelsSize
0xff078350,GetVRAMHPixelsSize_FW
0xff07835c,GetVRAMVPixelsSize
0xff07835c,GetVRAMVPixelsSize_FW
0xff078368,GetMovieJpegVRAMHPixelsSize_FW
0xff078374,GetMovieJpegVRAMVPixelsSize_FW
0xff07919c,handle_PTP_OC_CloseSession
0xff079250,handle_PTP_OC_OpenSession
0xff07eb4c,InitializeWLAN_FW
0xff07eb5c,TerminateWLAN_FW
0xff07ec60,LeaveWLANNetwork_FW
0xff07fb10,task_LachesisTest
0xff08016c,task_startRedirectUARTTask
0xff080370,task_fprintSNRTask
0xff082a88,UIFS_CancelStoreLensTimer_FW
0xff082c98,PB2Rec
0xff082cd8,Rec2PB
0xff08360c,task_InitFileModules
0xff083644,task_CommonDrivers
0xff086bd8,UIFS_StartMovieRecord_FW
0xff086bfc,UIFS_StopMovieRecord_FW
0xff08a2b4,UIFS_IsAvailableShots_FW
0xff08a84c,UIFS_GetStillShotableNumber_FW
0xff08a850,UIFS_GetMovieRecoadableNumber_FW
0xff08dd40,DispCon_ShowColorBar_FW
0xff08ddcc,DispCon_ShowFiveStep_FW
0xff08df1c,DispCon_ShowWhiteChart_FW
0xff08df70,DispCon_ShowBlackChart_FW
0xff08df8c,DispCon_ShowBitmapColorBar
0xff08df8c,DispCon_ShowBitmapColorBar_FW
0xff08dffc,DispCon_ShowCustomColorBar_FW
0xff08e068,DispCon_SetDisplayType_FW
0xff08e088,DispCon_ShowColorChart_FW
0xff08e0ac,DispCon_ShowWhiteLine_FW
0xff08e280,DispCon_ShowNStepsChart_FW
0xff08e3fc,DispCon_TurnOnDisplay_FW
0xff08e3fc,TurnOnDisplay
0xff08e40c,DispCon_TurnOffDisplay_FW
0xff08e40c,TurnOffDisplay
0xff08e41c,DispCon_TurnOnBackLight_FW
0xff08e42c,DispCon_TurnOffBackLight_FW
0xff08e43c,DispCon_SetMaxBackLightBrightness_FW
0xff08e4c8,DispCon_SetVideoAdjParameter_FW
0xff08e558,DispCon_GetVideoAdjParameter_FW
0xff08e5c0,DispCon_ShowVideoAdjParameter_FW
0xff08e5f8,DispCon_SaveVideoAdjParameter_FW
0xff08e6f0,DispCon_SetLcdGainAdjParameter_FW
0xff08e740,DispCon_GetLcdGainAdjParameter_FW
0xff08e77c,DispCon_ShowLcdGainAdjParameter_FW
0xff08e78c,DispCon_SaveLcdGainAdjParameter_FW
0xff08e7a8,DispCon_ShowHdChart_FW
0xff08f730,GetAdVBattBottom_FW
0xff08f738,GetAdChValue
0xff08f738,GetAdChValue_FW
0xff08f774,_avsShowAdjData_FW
0xff08f968,_avsInit_FW
0xff08fa40,_avsExec_FW
0xff08fc2c,CheckAvs_FW
0xff08fd04,_avsLoadParamData_FW
0xff08fd40,_avsSaveAdjData_FW
0xff08fd80,_avsChk_FW
0xff0913d8,task_BeepTask
0xff091758,BeepDrive_FW
0xff091778,BeepDriveComp_FW
0xff0918dc,Dcdc_Bl_Pwr_Ctrl_FW
0xff091f3c,Dcdc_Set_Avs_Voltage_Step_FW
0xff091fd8,Dcdc_Down_Avs_Voltage_Step_FW
0xff09200c,Dcdc_Get_Avs_Voltage_Step_FW
0xff09227c,task_HdmiCecTask
0xff0925d8,ChangePowerState_FW
0xff092640,EnableHDMIPower
0xff092694,DisableHDMIPower
0xff092f90,i2c_read_proc_FW
0xff093010,i2c_write_proc_FW
0xff09315c,task_LEDCon
0xff093b8c,kbd_read_keys_r2
0xff094194,GetKbdState
0xff095b5c,TurnOnVideoOutMode_FW
0xff095b94,TurnOffVideoOutMode_FW
0xff096418,GetInputAverageLevel_FW
0xff096430,SetStereoSeparation_FW
0xff097484,task_Thermometer
0xff09767c,GetCCDTemperature
0xff09767c,GetCCDTemperature_FW
0xff0976f0,GetBatteryTemperature
0xff0976f0,GetBatteryTemperature_FW
0xff097764,GetOpticalTemperature
0xff097764,GetOpticalTemperature_FW
0xff097814,IsOpticalTemperature_FW
0xff097848,IsCCDTemperature_FW
0xff09787c,IsBatteryTemperature_FW
0xff0978cc,j_GetOpticalTemperature_FW
0xff0978d0,j_GetCCDTemperature_FW
0xff0978d4,j_GetBatteryTemperature_FW
0xff0978d8,j_IsOpticalTemperature_FW
0xff0978dc,j_IsCCDTemperature_FW
0xff0978e0,j_IsBatteryTemperature_FW
0xff099568,task_FrameTask
0xff09d698,EraseAdjustmentArea_FW
0xff09d6c4,DumpAdjMirror_FW
0xff09d6ec,GetAdjTableVersion_FW
0xff09d720,j_GetAdjTableVersion_FW
0xff09d724,GetAdjTableMapVersion_FW
0xff09d734,GetAdjTableValueVersion_FW
0xff09d748,ShowDefaultAdjTableVersion_FW
0xff09d7e8,LoadAdjustmentTable_FW
0xff09d7f8,LoadDefectAdjTable_FW
0xff09db78,SaveAdjustmentTable_FW
0xff09dbe4,SaveDefectAdjTable_FW
0xff09dc08,SaveAdjustmentValue_FW
0xff09dc40,LoadAdjustmentValue_FW
0xff09dc64,PrintAdjTableMap_FW
0xff09df64,CreateAdjustmentTableMirror_FW
0xff09df6c,RefreshAdjustmentTableMirror_FW
0xff09df74,CreateDefectTableMirror_FW
0xff09df7c,RefreshDefectTableMirror_FW
0xff09df84,j_CreateUserSettingMirror_FW
0xff09df88,PrintAdjKabotanInfo_FW
0xff09e018,WRITEADJTABLETOFROM_FW
0xff09e04c,j_WRITEADJTABLETOFROM_FW
0xff09e050,WRITEADJUSTMENTDATATOFROM_FW
0xff09e084,WRITEUSERSETTINGDATATOFROM_FW
0xff09e468,GetDCPAdjOffset_FW
0xff09e8dc,GetAdjustmentOffset_FW
0xff09e8e4,GetProductID_FW
0xff09e900,GetAdjDataAreaAddress_FW
0xff09e91c,CreateUserSettingMirror_FW
0xff0a2bcc,InitializeTestRec_FW
0xff0a2c38,TerminateTestRec_FW
0xff0a35e4,Initializedccd_FW
0xff0a35e4,InitializeDigicon_FW
0xff0a36f0,Terminatedccd_FW
0xff0a36f0,TerminateDigicon_FW
0xff0a375c,ExecuteDigicon_FW
0xff0a3e30,Executedccd_FW
0xff0a3ec0,GetdccdImage_FW
0xff0a40b0,GetdccdFilterValue_FW
0xff0a419c,j_InitializeTestRec_FW
0xff0a41a0,j_TerminateTestRec_FW
0xff0a41a4,ExecuteTestRec_FW
0xff0a41b8,ExecuteTestRecCF_FW
0xff0a41b8,ExecuteTestRecSD_FW
0xff0a41d0,SetTestRecMasterCxCy_FW
0xff0a4214,ExecuteTestRecWithInteg_FW
0xff0a422c,ExecuteTestRecSw1_FW
0xff0a4278,GetTestRecCrawAddress_FW
0xff0a4284,CalculateTestRecYUVData_FW
0xff0a42a4,SetTestRecSkimmingYUV_FW
0xff0a42ec,ExecuteTestRecDevelopProcess_FW
0xff0a43c8,j_Initializedccd_FW
0xff0a43c8,j_InitializeDigicon_FW
0xff0a43cc,j_Terminatedccd_FW
0xff0a43cc,j_TerminateDigicon_FW
0xff0a43d0,j_ExecuteDigicon_FW
0xff0a43d4,j_Executedccd_FW
0xff0a43d8,j_GetdccdImage_FW
0xff0a43dc,j_GetdccdFilterValue_FW
0xff0a43e0,ResetRegistNoticeCBR_FW
0xff0a43f0,RegistFirmScanNoticeCBR_FW
0xff0a7b8c,task_FsIoNotifyTask
0xff0aa99c,get_fstype
0xff0aaa20,GetDrive_ClusterSize
0xff0ab1d8,GetDrive_TotalClusters
0xff0ab200,GetDrive_FreeClusters
0xff0ab684,MakeSDCardBootable
0xff0ab7ec,task_SD1stInit
0xff0af540,task_RedEyeCapt
0xff0b0134,task_LensController
0xff0b0e28,task_LensController
0xff0b1998,IsLensOutside_FW
0xff0b19bc,GetFocusStartZoomPosition_FW
0xff0b1c70,task_MechaAlarm
0xff0b221c,task_ISMainTask
0xff0b253c,ISInitMotion_FW
0xff0b2c48,GetISPWMFrequency_FW
0xff0b2cec,StartISLocalAutoCenter_FW
0xff0b2d2c,StartISLocalHallAdjust_FW
0xff0b3048,GetGyroDataPitch_FW
0xff0b3064,GetGyroDataYaw_FW
0xff0b3098,GetGyro10BitDACPitch_FW
0xff0b30a4,GetGyro10BitDACYaw_FW
0xff0b30d0,GetGyroHPFINOffsetPitch_FW
0xff0b30ec,GetGyroHPFINOffsetYaw_FW
0xff0b3108,GetGyroHPFINPitch_FW
0xff0b3110,GetGyroHPFINYaw_FW
0xff0b34d8,GetDISModeParameter_FW
0xff0b364c,GetFixedPWMOutA_FW
0xff0b3658,GetFixedPWMOutB_FW
0xff0b55f8,task_SsStartupTask
0xff0b6984,task_CaptSeq
0xff0b6984,task_CaptSeqTask
0xff0c03f8,SSFS_CompleteCaptModeChange_FW
0xff0c03f8,SSFS_CompleteFileWrite_FW
0xff0c03f8,SSFS_CompletePreCapt_FW
0xff0c03f8,SSFS_CompleteShootPicture_FW
0xff0c03f8,SSFS_CompleteStopDigZoom_FW
0xff0c03f8,SSFS_CompleteStopZoom_FW
0xff0c03f8,SSFS_CompleteSynchroWrite_FW
0xff0c03f8,SSFS_ShootPicture_FW
0xff0c0474,task_SsTask
0xff0c22fc,EpilogShow_FW
0xff0c25f4,EpilogFile_FW
0xff0c2620,task_Epilog
0xff0c265c,EpilogMenu_FW
0xff0c3158,GetCurrentMachineTime
0xff0c4170,ExecuteShutDownPropertyService_FW
0xff0c4368,get_resource_pointer
0xff0c44b4,WriteToRom_FW
0xff0c4510,EraseRom_FW
0xff0c45c8,GetRomID_FW
0xff0c47bc,UnLoadScript_FW
0xff0c48a8,Printf_FW
0xff0c48b4,LoadScript_FW
0xff0c4f30,ExMem.View_FW
0xff0c53b0,exmem_ualloc
0xff0c540c,ExMem.AllocUncacheable_FW
0xff0c54fc,exmem_ufree
0xff0c5548,ExMem.FreeUncacheable_FW
0xff0c555c,exmem_alloc
0xff0c55c4,ExMem.AllocCacheable_FW
0xff0c55d4,exmem_free
0xff0c564c,ExMem.FreeCacheable_FW
0xff0c6174,SetHPTimerAfterNow
0xff0c61f4,SetHPTimerAfterTimeout
0xff0c627c,CancelHPTimer
0xff0c6a6c,RegisterEventProcedure
0xff0c6b94,ExecuteEventProcedure
0xff0c6c0c,ExecuteEventProcedure_FW
0xff0c74d4,ExportToEventProcedure_FW
0xff0c74e0,CreateProxyOfEventProcedure_FW
0xff0c7538,DeleteProxyOfEventProcedure_FW
0xff0c7758,PutsCameraLogEvent_FW
0xff0c779c,ShowCameraLogInfo_FW
0xff0c7808,ShowCameraLog_FW
0xff0c7858,StartCameraLog_FW
0xff0c7a20,StopCameraLog_FW
0xff0c7a80,LogCameraEvent
0xff0c7f28,task_OpePlay
0xff0c807c,OpLog.Stop_FW
0xff0c80a8,OpLog.WriteToROM_FW
0xff0c80d8,j_OpLog.WriteToROM_FW
0xff0c810c,OpLog.ReadFromROM_FW
0xff0c8174,OpLog.ReadFromSD_FW
0xff0c85b4,OpLog.WriteToSD_FW
0xff0c8b14,OpLog.Get_FW
0xff0c8b34,OpLog.GetUsrSet_FW
0xff0c8c58,OpLog.Play_FW
0xff0c8dfc,OpLog.Start_FW
0xff0c8f08,OpLog.Terminate_FW
0xff0c95bc,task_WdtPrint
0xff0c966c,task_WdtReset
0xff0c972c,StartWDT_FW
0xff0c978c,StopWDT_FW
0xff0c988c,GetBuildDate_FW
0xff0c9894,GetBuildTime_FW
0xff0c989c,GetFirmwareVersion_FW
0xff0c990c,GetInternalFirmwareVersion_FW
0xff0c99a4,CheckSumAll_FW
0xff0c9b8c,RomCheckSum_FW
0xff0ca438,task_EvShel
0xff0ca4ec,NewTaskShell
0xff0ca54c,NewTaskShell_FW
0xff0cadb8,SetPropertyCase
0xff0caf4c,GetPropertyCase
0xff0cba1c,task_CtrlSrv
0xff0cc29c,CreateController_FW
0xff0cc37c,DeleteController_FW
0xff0cc478,MoveControllerToTopOfZOrder_FW
0xff0cc520,CtrlMan_ChangeZOrder_FW
0xff0cc5b8,GetSelfControllerHandle_FW
0xff0ccac0,PostLogicalEventForNotPowerType
0xff0ccac0,PostLogicalEventForNotPowerType_FW
0xff0ccb0c,PostLogicalEventToUI
0xff0ccb0c,PostLogicalEventToUI_FW
0xff0ccccc,PostEventShootSeqToUI_FW
0xff0ccd28,ShowLogicalEventName_FW
0xff0cce08,set_control_event
0xff0cd0d8,IsControlEventActive_FW
0xff0cd148,SetLogicalEventActive
0xff0cd148,UiEvnt_SetLogicalEventActive_FW
0xff0cd198,SetScriptMode
0xff0cd198,SetScriptMode_FW
0xff0cd200,UiEvnt_StartDisguiseCradleStatus_FW
0xff0cd210,UiEvnt_StopDisguiseCradleStatus_FW
0xff0cd324,UnlockMainPower
0xff0cd324,UnlockMainPower_FW
0xff0cd3d0,LockMainPower
0xff0cd3d0,LockMainPower_FW
0xff0cd444,SetAutoShutdownTime
0xff0cd444,SetAutoShutdownTime_FW
0xff0cd9c4,PTM_AllResetToFactorySetting_FW
0xff0cd9d4,j_PTM_AllReset_FW
0xff0cdc90,PTM_SetCurrentCaptureMode_FW
0xff0cddf8,j_PTM_GetWorkingCaptureMode_FW
0xff0cddfc,j_PTM_SetCurrentItem_FW
0xff0cde08,PTM_GetCurrentItem
0xff0cde08,PTM_GetCurrentItem_FW
0xff0cde74,j_PTM_NextItem_FW
0xff0cde78,j_PTM_PrevItem_FW
0xff0cde8c,j_PTM_IsEnableItem_FW
0xff0cde90,j_PTM_SetProprietyEnable_FW
0xff0cdea8,j_PTM_BackupUIProperty_FW
0xff0cdeac,PTM_RestoreUIProperty_FW
0xff0d166c,GUISrv_StartGUISystem
0xff0d166c,GUISrv_StartGUISystem_FW
0xff0d265c,ScreenLock
0xff0d26b0,ScreenUnlock
0xff0d2c10,StartPlayModeMenu_FW
0xff0d2c2c,StartRecModeMenu
0xff0d2c2c,StartRecModeMenu_FW
0xff0d2cfc,ShutdownRecModeMenu_FW
0xff0d2ec4,ShutdownPlayModeMenu_FW
0xff0d2fdc,ShutdownPlayModeMenuWithoutPbRedraw_FW
0xff0da4d0,SetCurrentCaptureModeType
0xff0da4d0,SetCurrentCaptureModeType_FW
0xff0db9d8,GetCurrentCaptureModeType_FW
0xff0dc194,task_FaceFrame
0xff0ded1c,TurnOnBackLight
0xff0ded34,TurnOffBackLight
0xff0df468,PT_PlaySound
0xff0e1be8,DisplayBusyOnScreen
0xff0e1d64,UndisplayBusyOnScreen
0xff0e23ec,mktime_ext
0xff0e2438,strftime
0xff0e2d6c,sscanf_FW
0xff0e2e30,atol_FW
0xff0e2e3c,srand
0xff0e2e48,rand
0xff0e2e78,strcat
0xff0e2f44,memset
0xff0e2f44,memset_FW
0xff112c6c,GetCurrentShutterSpeed
0xff112c6c,GetCurrentShutterSpeed_FW
0xff112f68,GetCurrentExposureTime_FW
0xff117ad8,task_WBIntegTask
0xff11d4fc,DoMovieFrameCapture
0xff1202c8,task_BrtMsrTask
0xff124164,ExpCtrlTool.SetExpMode_FW
0xff12941c,task_ExpDrv
0xff12941c,task_ExpDrvTask
0xff12afbc,get_current_exp
0xff13df28,task_WBLPFace
0xff141420,task_OBCtrlTask
0xff142758,task_DetectMoveTask
0xff146770,task_DevelopModule
0xff14c86c,task_EFChargeT
0xff14cbb4,EF.IsChargeFull_FW
0xff14cbb4,IsStrobeChargeCompleted
0xff14edf4,MovieAF.Suspend_FW
0xff14ee08,MovieAF.Resume_FW
0xff150894,task_AfIntSrvTask
0xff169b90,task_GapMan
0xff16b998,j_GetBaseSv
0xff16be48,E2LatOn_FW
0xff16bf84,ActivateImager_FW
0xff16c01c,ActivateImagerXOne_FW
0xff16c104,QuietImager_FW
0xff16c1f0,CancelImager_FW
0xff16c214,ChangeImagerToWholeParallel_FW
0xff16c21c,ChangeImagerToWholeParallelBP_FW
0xff16c224,ChangeImagerToWholeParallelBPOne_FW
0xff16c22c,ChangeImagerToCombiParallel_FW
0xff16c234,ChangeImagerToWideDraft_FW
0xff16c23c,ChangeImagerToFocusJet_FW
0xff16c244,ChangeImagerToMangoPudding_FW
0xff16c24c,ChangeImagerToSuperWideDraft_FW
0xff16c254,ChangeImagerToHoneyFlash_FW
0xff16c25c,ChangeImagerToMillefeAdjust_FW
0xff16c264,ChangeImagerToDigiconMode_FW
0xff16c264,ChangeImagerToOITA_XAVIER_FW
0xff16c26c,ChangeImagerToAlternateDraft_FW
0xff16c274,ChangeImagerToUltraGhostQ_FW
0xff16c27c,ChangeImagerToMontblancWhole_FW
0xff16c284,ChangeImagerToMontblancMillefe_FW
0xff16c28c,ChangeImagerToMontblancMovie_FW
0xff16c294,ChangeImagerToHarleyDavidson_FW
0xff16c29c,ChangeImagerToMachDashV_FW
0xff16c2a4,ChangeImagerToFantaJungle_FW
0xff16c2ac,ChangeImagerToHoneyFlashDark_FW
0xff16c2b4,ChangeImagerToRoadKing_FW
0xff16c2c4,ChangeImagerToFalconJump_FW
0xff16c2cc,ChangeImagerToSpriteSunshine_FW
0xff16c2d4,ChangeImagerToHealthyVegetable_FW
0xff16c2dc,ChangeImagerToElectraGlide_FW
0xff16c308,j_E2LatOn_FW
0xff16d2a8,j_j_GetBaseSv
0xff16de0c,task_SsgMainTask
0xff16dfcc,task_SsgPeriodTask
0xff1733c8,task__tgTask
0xff1745d0,task_LiveImageTask
0xff17cd70,task_SyncPeriod
0xff17ce04,task_SynchTask
0xff17eaf8,get_ptp_buf_size
0xff17eb6c,task_TimerUtility
0xff17f614,handle_PTP_OC_0x9805
0xff17fb40,handle_PTP_OC_0x9804
0xff17fc64,handle_PTP_OC_0x9803
0xff17fed8,handle_PTP_OC_0x9802
0xff1802f0,handle_PTP_OC_0x9801
0xff180ca4,handle_PTP_OC_0x9051
0xff180ca4,handle_PTP_OC_0x905d
0xff180da8,handle_PTP_OC_0x905b
0xff180f28,handle_PTP_OC_0x905a
0xff1810a0,handle_PTP_OC_0x9059
0xff1811d4,handle_PTP_OC_0x9058
0xff181430,handle_PTP_OC_0x9057
0xff181564,handle_PTP_OC_0x9053
0xff181658,handle_PTP_OC_0x9052
0xff181728,handle_PTP_OC_0x9050
0xff181728,handle_PTP_OC_0x905c
0xff182100,task_PTPtoFAPI_EventProcTask_Try
0xff1821a4,task_PTPtoFAPI_EventProcTask_Block
0xff1830d0,handle_PTP_OC_0x9067
0xff183648,handle_PTP_OC_0x9066
0xff183d48,handle_PTP_OC_0x9065
0xff183ee0,handle_PTP_OC_0x9064
0xff183fa8,handle_PTP_OC_0x9063
0xff184b10,add_ptp_handler
0xff1851e4,handle_PTP_OC_ResetDevicePropValue
0xff185438,handle_PTP_OC_SetDevicePropValue
0xff1855b8,handle_PTP_OC_GetDevicePropValue
0xff1856d8,handle_PTP_OC_GetDevicePropDesc
0xff186098,handle_PTP_OC_CANON_CheckEvent
0xff186b5c,task_PTPSessionTASK
0xff187510,handle_PTP_OC_CANON_ChangeUSBProtocol
0xff189098,task_NormalThumbCache
0xff189654,handle_PTP_OC_GetStorageIDs
0xff18974c,handle_PTP_OC_GetStorageInfo
0xff18a040,handle_PTP_OC_GetObject
0xff18a1c8,handle_PTP_OC_GetThumb
0xff18a298,handle_PTP_OC_GetPartialObject
0xff18a444,handle_PTP_OC_SetObjectProtection
0xff18a4e8,handle_PTP_OC_GetObjectInfo
0xff18a5c8,handle_PTP_OC_CANON_GetPartialObjectInfo
0xff18a830,handle_PTP_OC_CANON_GetPartialObjectEx
0xff18aae0,handle_PTP_OC_CANON_GetObjectAttributes
0xff18ab7c,handle_PTP_OC_CANON_SetObjectArchive
0xff18ac10,handle_PTP_OC_CANON_SendObjectInfoByPath
0xff18ac10,handle_PTP_OC_SendObjectInfo
0xff18af64,handle_PTP_OC_0x904c
0xff18b25c,handle_PTP_OC_CANON_GetObjectHandleByName
0xff18b398,handle_PTP_OC_CANON_SetObjectTime
0xff18b410,handle_PTP_OC_DeleteObject
0xff18b584,handle_PTP_OC_FormatStore
0xff18b670,handle_PTP_OC_0x9038
0xff18b75c,handle_PTP_OC_0x9039
0xff18b850,handle_PTP_OC_0x903a
0xff18b90c,handle_PTP_OC_0x903b
0xff18b94c,handle_PTP_OC_0x904b
0xff18badc,handle_PTP_OC_GetNumObjects
0xff18bbcc,handle_PTP_OC_GetObjectHandles
0xff18bdd8,handle_PTP_OC_CANON_GetObjectInfoEx
0xff18c0b8,handle_PTP_OC_CANON_SendObjectByPath
0xff18c0b8,handle_PTP_OC_SendObject
0xff18c2f4,handle_PTP_OC_CANON_SendPartialObject
0xff18c4d8,handle_PTP_OC_0x9060
0xff18c57c,handle_PTP_OC_0x9062
0xff18d420,task_TrnsCtrlTask
0xff18e168,handle_PTP_OC_CANON_GetMACAddress
0xff18e1d0,handle_PTP_OC_CANON_SetRootCertificateData
0xff18e268,handle_PTP_OC_0x906e
0xff18e39c,handle_PTP_OC_CANON_GetRootCertificateData
0xff18e508,handle_PTP_OC_CANON_GetRootCertificateSpec
0xff18e5bc,handle_PTP_OC_CANON_DeleteWebServiceData
0xff18e65c,handle_PTP_OC_CANON_SetWebServiceData
0xff18e790,handle_PTP_OC_CANON_GetWebServiceData
0xff18e8c0,handle_PTP_OC_CANON_GetWebServiceSpec
0xff198748,task_ComWireless
0xff19dd9c,task_IMLApp
0xff1a490c,ConnectPtpIPService_FW
0xff1a4918,DisconnectPtpIPService_FW
0xff1a521c,RequestDisconnectPTPIP_FW
0xff1a5300,RequestConnectPTPIP_FW
0xff1a5348,RequestConnectPTPIPDef_FW
0xff1a53f8,RegisterNotifyConnectPTPIP_FW
0xff1a53f8,RegisterNotifyPTPIP_FW
0xff1a5420,RegisterResponseConnectPTPIP_FW
0xff1a5420,RegisterResponsePTPIP_FW
0xff1a5448,TerminatePTPIPTransportResponder_FW
0xff1a54d0,InitializePTPIPTransportResponder_FW
0xff1a5b2c,task_SelectFuncController
0xff1a65fc,task_WebServiceApp
0xff1a7c78,ExecuteResetFactoryWithRomWrite_FW
0xff1a7c90,ExecuteResetFactory_FW
0xff1a7ca8,j_ExecuteShutDownPropertyService_FW
0xff1aaa88,UIFS_GetNumOfOptZoomPos_FW
0xff1aabac,UIFS_MoveZoomTo_FW
0xff1b0158,UIFS_Capture_FW
0xff1b022c,UIFS_CaptureNoneStop_FW
0xff1b59ec,LcdCon_SetLcdBackLightBrightness_FW
0xff1b5a20,LcdCon_SetLcdBackLightParameter_FW
0xff1b5a84,LcdCon_GetLcdBackLightParameter_FW
0xff1b5ad0,LcdCon_ShowLcdBackLightParameter_FW
0xff1b5b10,LcdCon_SaveLcdBackLightParameter_FW
0xff1b5d00,LcdCon_SetLcdDriver_FW
0xff1b5d74,LcdCon_SetLcdAdjParameter_FW
0xff1b5e38,LcdCon_GetLcdAdjParameter_FW
0xff1b5e88,LcdCon_ShowLcdAdjParameter_FW
0xff1b5ec8,LcdCon_SaveLcdAdjParameter_FW
0xff1b5ee4,LcdCon_SetLcdParameter_FW
0xff1b6070,LcdCon_GetLcdParameter_FW
0xff1b60c0,LcdCon_ShowLcdParameter_FW
0xff1b6100,LcdCon_SaveLcdParameter_FW
0xff1b6148,task_LcdConTask
0xff1b6238,LcdCon_StartLcdPeriodicalSetting_FW
0xff1b626c,LcdCon_StopLcdPeriodicalSetting_FW
0xff1b8fbc,_srRegDump_FW
0xff1b94a0,GetDriverInfoEvent_FW
0xff1ba52c,HdmiViewParameter_FW
0xff1bcf8c,CecViewParameter_FW
0xff1bdde4,CecRxViewParameter_FW
0xff1c2f4c,GetLatestHVPosition_FW
0xff1c33f0,task_ASIF
0xff1c3d60,Edet.Delete_FW
0xff1c3d78,Edet.Create_FW
0xff1c420c,task_ChaseFrame
0xff1c6bb4,task_DispFace
0xff1c8048,EngApp.Delete_FW
0xff1c809c,EngApp.Create_FW
0xff1cf850,task_OhyearKiLiveAlgor
0xff1d225c,task_SceneDetectTask
0xff1d2ab4,task_ChaseTask
0xff1d2e9c,Scene.ForbidContiSceneDetect_FW
0xff1d2ec8,Scene.TestSunset_FW
0xff1d2ef4,Scene.TestBabySmile_FW
0xff1d2f24,Scene.TestBabySleep_FW
0xff1d2f54,Scene.TestHumanSmile_FW
0xff1d2f84,Scene.TestHumanSleep_FW
0xff1d2fb4,Scene.TestKidMove_FW
0xff1d47b4,task_AutoShutterMan
0xff1d9304,GetFaceAuthBinAddr_FW
0xff1d930c,GetFaceAuthBinSize_FW
0xff1d9314,IsOKFaceAuthBinFile_FW
0xff1da844,task_FaceScoreTask
0xff1dabe4,task_MotionVector
0xff1e0384,task_CorctTask
0xff1e6528,task_Fencing
0xff1f5e10,PrintAllAEIntegData_FW
0xff1f68ac,AbortAEIntegralValue_FW
0xff1f68e0,j_AbortAEIntegralValue_FW
0xff1f6900,SetAEIntegStrobeProperty_FW
0xff1f699c,SetAEIntegCorrectProperty_FW
0xff1f6a04,SetAEIntegralValueProperty_FW
0xff1f6a48,SetAEIntegralGetaTime_FW
0xff1f6ea8,GetAEIntegWinData_FW
0xff1f6eb8,j_GetAEIntegWinData_FW
0xff1f6ebc,GetAEIntegWinDataWithMode_FW
0xff1f6fa8,GetAEIntegralValueWithFix_FW
0xff1f70cc,GetAllAEIntegralAllValueWithFix_FW
0xff1f719c,GetOnlyAEIntegData_FW
0xff1f720c,SetWhiteCoefficient_FW
0xff1f7290,SetAEIntegWindowsMode_FW
0xff1f72f0,SetAEIntegValueBit_FW
0xff1f7310,GetAEIntegValueBit_FW
0xff1f731c,GetAEIntegralServiceMode_FW
0xff1f7328,StopAEIntegralService_FW
0xff1f74bc,j_StopAEIntegralService_FW
0xff1f7698,StartAEIntegralService_FW
0xff1f76a4,SetLineDefMarkThroughMode_FW
0xff1f7748,SetAEIntegAverageOBData_FW
0xff1f7774,SetAdjAEIntegSmearLimitter_FW
0xff1f7798,SetDefaultAEIntegSmearLimitter_FW
0xff1f77ac,AttachIntegCrawData_FW
0xff1f7ea8,MoveIrisToAv_FW
0xff1f7ef8,ReloadIrisAdjustment_FW
0xff1f7f0c,ReloadGetaAdjustment_FW
0xff1f7f20,j_GetCurrentAvValue_FW
0xff1f7f24,GetCurrentAvCoefficient_FW
0xff1f7f3c,j_GetCurrentAvCoefficient_FW
0xff1f7ffc,MoveIrisFullOpen_FW
0xff1f8034,MoveIrisFullClose_FW
0xff1f80ac,LoadParamDataFromAdjTableBin_FW
0xff1f81ac,LoadDataFromAdjTableBin_FW
0xff1f8298,DeviceUniqueIDCheckSum_FW
0xff1f83e8,SaveFactoryIDData_FW
0xff1f8408,LoadFactoryIDData_FW
0xff1f85b8,PrintFirmVersion_FW
0xff1f85ec,PrintFaexeVersioin_FW
0xff1f85fc,CreateFADBGSingalID_FW
0xff1f860c,FADBGSingal_FW
0xff1f86bc,FADBGPrintf_FW
0xff1f883c,FAPrintf_FW
0xff1f888c,OutputLogToFile_FW
0xff1f8998,StopLogOut_FW
0xff1f8cb8,GetLogData_FW
0xff1f8cc0,GetLogDataOnlyAddMemory_FW
0xff1f8cc8,ActivateAdjLog_FW
0xff1f8cdc,InactivateAdjLog_FW
0xff1f8cf0,StartLogOut_FW
0xff1f8d08,IsLogOutType_FW
0xff1f8d14,GetCurrentMaximumLogSize_FW
0xff1fad00,SetDefaultRecParameter_FW
0xff1fb1a8,EnableDebugLogMode_FW
0xff1fb1bc,DisableDebugLogMode_FW
0xff1fd15c,task_dccdCalcTask
0xff1ff210,GetImageFolder
0xff203508,getImageDirName
0xff204460,task_MetaCtg
0xff20c244,task_DPOFTask
0xff20e188,File.ClearExifInfo_FW
0xff20e330,File.Delete_AllImg_FW
0xff20e4ac,File.Create_FW
0xff212c10,task_FileScheduleTask
0xff2153c4,task_MediaStatusMngr
0xff2172b4,WriteSDCard
0xff21c03c,task_ImgPlayDrv
0xff224ab0,StartCzTuning_FW
0xff224ab8,MoveCzPeakPositon_FW
0xff224ac0,CzDebugPrint_FW
0xff224ac0,SetCzDebugFocusMode_FW
0xff224ac0,SetCzDebugSubjectDistance_FW
0xff224ad4,CzDebugPrintToFile_FW
0xff225d5c,GetFocusLensPullInMaxSpeed_FW
0xff2261c0,GetCurrentTargetDistance_FW
0xff2261c0,GetFocusLensSubjectDistance
0xff226228,GetCurrentFocusLensPosition_FW
0xff226228,GetCurrentFocusPosition_FW
0xff226554,GetFocusLensSubjectDistanceFromLens
0xff226614,IsFocusLensOutSidePosition_FW
0xff226638,GetFocusResetPosition_FW
0xff2266a4,GetFocusDefaultResetPosition_FW
0xff226f4c,GetCurrentAvValue
0xff226f4c,GetCurrentAvValue_FW
0xff226f4c,GetIrisAv_FW
0xff226fec,GetUsableAvRange
0xff2271b0,GetLensErrorStatus_FW
0xff227274,task_MechaAlarm
0xff227740,task_MechaCom
0xff2287e0,GetZoomPiSensorLevel_FW
0xff228828,GetFocusPiSensorLevel_FW
0xff2296e0,task_MechaCPUTransfer
0xff229a8c,GetMechaShutterMoveTime_FW
0xff229ab4,GetMechaShutterStatus_FW
0xff22a0c0,GetCurrentZoomLensPosition_FW
0xff22a0c0,GetCurrentZoomPosition_FW
0xff22a0c0,GetZoomLensCurrentPosition_FW
0xff22a170,GetCurrentZoomLensPoint_FW
0xff22a170,GetCurrentZoomPoint_FW
0xff22a170,GetZoomLensCurrentPoint
0xff22a170,GetZoomLensCurrentPoint_FW
0xff22a63c,GetZoomLensTelePoint_FW
0xff22a63c,GetZoomTelePoint_FW
0xff22a9cc,IsZoomLensOutSidePosition_FW
0xff22ad20,GetZoomLensMechaEdgePosition_FW
0xff22ad24,GetZoomDrivingTime_FW
0xff22bd24,GetZoomResetSensorLevel_FW
0xff22e5d4,task_TmgGen
0xff230bfc,task_MovieRecord
0xff231da8,MechaUnRegisterEventProcedure_FW
0xff231e04,Mecha.Create_FW
0xff231e78,MechaReset_FW
0xff231e84,MechaTerminate_FW
0xff231e90,ShowMechaMacro_FW
0xff231f94,DispDev_EnableEventProc_FW
0xff231fd8,SetSDPwrPort_FW
0xff231ff8,j_GetAdVBattBottom_FW
0xff231ffc,j_GetAdChValue_FW
0xff232000,j_BeepDrive_FW
0xff232004,j_BeepDriveComp_FW
0xff232008,j_SetStereoSeparation_FW
0xff232010,j_VbattGet_FW
0xff232014,LEDDrive
0xff232014,LEDDrive_FW
0xff232068,ShowPhySwStatus_FW
0xff232078,SetRawSWCheckMode_FW
0xff232088,OnPrintPhySw_FW
0xff232098,OffPrintPhySw_FW
0xff2320a8,j_GetSwitchStatus_FW
0xff2320ac,ShowSDStatus_FW
0xff2320bc,j_GetSDDetect_FW
0xff2320c0,j_GetSDProtect_FW
0xff2320c4,SetIgnoreAVJACK_FW
0xff2320d4,j_GetDialEventId_FW
0xff2320d8,j_GetLcdPosition_FW
0xff2320dc,j_GetBatteryCoverClose_FW
0xff2320e0,j_IsHvSensorExist_FW
0xff2320e4,j_GetDriverInfoEvent_FW
0xff2320e8,GetTimeFromRTC_FW
0xff2320fc,Driver.Create_FW
0xff2320fc,Driver_EnableEventProc_FW
0xff23249c,SetPropertyCase_FW
0xff2324b4,GetPropertyCase_FW
0xff232520,mod_FW
0xff23253c,GetDateAndTime_FW
0xff2325e0,j_Printf_FW
0xff2325e4,j_MonSelEvent_FW
0xff2325e8,j_MemoryChecker_FW
0xff2325ec,j_VerifyByte_FW
0xff2325f0,EraseSignature_FW
0xff232600,j_SDump_FW
0xff232604,Dump_FW
0xff232614,Dump32_FW
0xff232628,Poke32_FW
0xff232638,Poke16_FW
0xff232648,Poke8_FW
0xff232658,j_Peek32_FW
0xff23265c,j_Peek16_FW
0xff232660,j_Peek8_FW
0xff232664,Wait_FW
0xff232674,j_exec_FW
0xff232678,ShowAllTaskInfo_FW
0xff232688,System.Delete_FW
0xff232d7c,System.Create_FW
0xff2330cc,SS.MoveOpticalZoomToTele_FW
0xff2330e0,SS.MoveOpticalZoomToWide_FW
0xff2330f4,PT_MoveOpticalZoomAt
0xff2330f4,SS.MoveOpticalZoomAt_FW
0xff233114,SS.MoveDigitalZoomToTele_FW
0xff233124,PT_MoveDigitalZoomToWide
0xff233124,SS.MoveDigitalZoomToWide_FW
0xff233134,SS.MoveDigitalZoomAt_FW
0xff23314c,SS.GetDigitalZoomTele_FW
0xff233160,j_SS.GetDigitalZoomPosition_FW
0xff233164,SS.ChangeZoomSpeed_FW
0xff233178,SS.DoAFLock_FW
0xff233188,SS.UnlockAF_FW
0xff233198,SS.DoAELock_FW
0xff2331a8,SS.UnlockAE_FW
0xff2331b8,SS.MFOn_FW
0xff2331b8,SS_MFOn
0xff2331c8,SS.MFOff_FW
0xff2331c8,SS_MFOff
0xff2331d8,SS.Create_FW
0xff23322c,InitializeAdjustmentSystem_FW
0xff233264,TerminateAdjustmentSystem_FW
0xff23329c,InitializeAdjustmentFunction_FW
0xff2332c4,FA.Delete_FW
0xff2332d8,FA.Create_FW
0xff2332fc,DispDev.Create_FW
0xff233468,SaveBmpVRAMData_FW
0xff2337f8,SavePaletteData
0xff2337f8,SavePaletteData_FW
0xff233a5c,Capture.Create_FW
0xff233aa0,EngineDriver.Create_FW
0xff233ae8,EngApp.CreatePub_FW
0xff233cd8,NR_SetLotasPonyType_FW
0xff233ce0,NR_SetDoubleNRType_FW
0xff23659c,task_DvlpSeqTask
0xff236a30,task_CreateHeaderTask
0xff238e00,GetLogToFile_FW
0xff238e28,IsRomLogAvailable_FW
0xff238e3c,EraseLogSector_FW
0xff23942c,HwOcReadICAPCounter
0xff23e784,AdditionAgentRAM_FW
0xff23e934,EFUSE_ReadData_FW
0xff23ed64,EFUSE_GetVdlData_FW
0xff243e18,PTM_AllReset_FW
0xff244170,PTM_GetWorkingCaptureMode_FW
0xff244188,PTM_SetCurrentItem
0xff244188,PTM_SetCurrentItem_FW
0xff2444a0,PTM_NextItem
0xff2444a0,PTM_NextItem_FW
0xff2444a8,PTM_PrevItem
0xff2444a8,PTM_PrevItem_FW
0xff2447bc,PTM_SetPropertyEnable
0xff2447bc,PTM_SetProprietyEnable_FW
0xff244a04,PTM_IsEnableItem_FW
0xff244ad0,PTM_BackupUIProperty_FW
0xff244ad0,SetParameterData
0xff244b64,GetParameterData
0xff244df8,UIFS_IsAvailableMovieRecOptZoom_FW
0xff244e00,UIFS_IsAvailableMovieRecDigZoom_FW
0xff244e08,UIFS_IsAvailableServoAF_FW
0xff244e10,UIFS_IsAvailableRecMenuAFMode_FW
0xff244e18,UIFS_IsAutoPopupDownStrobe_FW
0xff244e20,UIFS_IsAvailableAvTvMode_FW
0xff244f74,UIFS_SetDialStillRec_FW
0xff244f94,UIFS_SetDialMovieRec_FW
0xff244fcc,UIFS_SetDialPlay_FW
0xff244fec,UIFS_OpenPopupStrobe_FW
0xff24501c,UIFS_ClosePopupStrobe_FW
0xff24504c,UIFS_MountExtFlash_FW
0xff24507c,UIFS_UnmountExtFlash_FW
0xff2450ac,UIFS_ConnectVideo_FW
0xff2450dc,UIFS_DisconnectVideo_FW
0xff24510c,j_UIFS_MoveZoomTo_FW
0xff245110,j_UIFS_GetNumOfOptZoomPos_FW
0xff245114,UIFS_StopPostingUIEvent_FW
0xff245118,UIFS_RestartPostingUIEvent_FW
0xff24511c,UIFS_PostModeDial_FW
0xff245144,j_UIFS_Capture_FW
0xff245148,j_UIFS_CaptureNoneStop_FW
0xff24514c,j_UIFS_StartMovieRecord_FW
0xff245150,j_UIFS_StopMovieRecord_FW
0xff245154,UIFS_StartClockMode_FW
0xff245164,UIFS_EndClockMode_FW
0xff245174,UIFS_SetCradleSetting_FW
0xff245178,j_UIFS_WriteFirmInfoToFile_FW
0xff24517c,j_UIFS_GetMovieRecoadableNumber_FW
0xff245180,j_UIFS_GetStillShotableNumber_FW
0xff245184,UIFS_ChangeShootState_FW
0xff2451a8,UIFS_ShootSeqToUI_FW
0xff2451cc,UIFS_GetLastPath_FW
0xff245204,UIFS_GetAvItemCount_FW
0xff245274,UIFS_GetTvItemCount_FW
0xff2453c0,UIFS_GetAvItem_FW
0xff2453f8,UIFS_GetTvItem_FW
0xff245430,UIFS_GetCurrentAvString_FW
0xff2454b0,UIFS_GetCurrentTvString_FW
0xff245534,j_UIFS_IsAvailableShots_FW
0xff245538,j_UIFS_GetNumberOfDisplayedImage_FW
0xff24553c,j_UIFS_PlayTrimExecuteAllImageSize_FW
0xff245540,j_UIFS_WirelessExecuteSendForever_FW
0xff245544,j_UIFS_CancelStoreLensTimer_FW
0xff245548,j_UIFS_DisplayFirmUpdateView_FW
0xff24554c,UI.CreatePublic_FW
0xff246098,UI_ShowStateOfRecMode_FW
0xff2460ac,UI.Create_FW
0xff2460ac,UI_RegistDebugEventProc_FW
0xff247520,CreateDialogBox
0xff247c10,DisplayDialogBox
0xff24b898,add_ui_to_dialog
0xff24bff4,get_string_by_id
0xff260fa0,UIFS_WriteFirmInfoToFile
0xff260fa0,UIFS_WriteFirmInfoToFile_FW
0xff2641c0,FmtMenu_ExecuteQuickFormat_FW
0xff264f68,UIFS_DisplayFirmUpdateView_FW
0xff28c240,UIFS_GetNumberOfDisplayedImage_FW
0xff29b694,UIFS_WirelessExecuteSendForever_FW
0xff2c9434,task_DSITask
0xff2d1654,qsort
0xff2d16b4,realloc
0xff2ec614,apex2us
0xff2f2ff8,NR_SetDarkSubType
0xff2f2ff8,NRTBL.SetDarkSubType_FW
0xff2f3094,NRTBL.SetDefectCorrectType_FW
0xff2f30c0,NR_GetDarkSubType
0xff2f30c0,NRTBL.GetDarkSubType_FW
0xff2f3118,NRTBL.SetTassenType_FW
0xff2f3138,NRTBL.GetDefectCorrectType_FW
0xff300b34,task_ExpDrvSubTask
0xff30dd7c,PointDefDetect_FW
0xff30df04,MergeAndConvertDefect_FW
0xff30e1dc,PointKizuCheck_FW
0xff30e250,SensDefCrowdCheck_FW
0xff30e280,ChangeGradeTable_FW
0xff30e288,CrossDefDetect_FW
0xff30e3fc,ChangeCrossThresholdTable_FW
0xff30e410,MixPixDetect_FW
0xff30e618,GetDefectCrawInfo_FW
0xff30e680,GetDefectAllResultData_FW
0xff30e6cc,GetDefectPartResultData_FW
0xff30e754,SetDefectDebugInfo_FW
0xff30e7b0,GetDefectHistgramInfo_FW
0xff30e7e8,GetDefectTvAdj_FW
0xff30e928,SetDefectRecParam_FW
0xff30ea9c,ChangeDefectRecParam_FW
0xff30eab8,ExecuteDefectRec_FW
0xff30eaf0,ExecuteDefectRecAndSaveImage_FW
0xff30eb64,ExecuteDefectRecWithGrade_FW
0xff30ebac,ExecuteDefectRecAndSaveImageWithGrade_FW
0xff30ec2c,InitializeDefectRec_FW
0xff30ec48,TerminateDefectRec_FW
0xff30ed84,DevelopTool.DevelopTest_FW
0xff316e00,task__cntFlashTask
0xff318c84,EF.StartEFCharge_FW
0xff318cd0,EF.StopEFCharge_FW
0xff318ce0,EF.SetEFChargeTimeOut_FW
0xff318cfc,EF.SetChargeOnTime_FW
0xff318d04,EF.StartInternalPreFlash_FW
0xff318d3c,EF.StartInternalMainFlash_FW
0xff318dc0,EF.FlashWithoutSync_FW
0xff318df0,EF.SetMainFlashTime_FW
0xff318e04,j_EF.IsChargeFull_FW
0xff318e08,EF.AdjPreFlash_FW
0xff318e44,EF.SetChargeMode_FW
0xff318e58,EF.SetFlashTime_FW
0xff320a1c,AFTool.GetEVal_FW
0xff320c34,j_GetMacroSupportZoomPoint_FW
0xff334324,task_GapBS
0xff3396d4,GetBaseSv
0xff33c278,LiveImageTool.StartEVF_FW
0xff33c284,LiveImageTool.StartEVFFocusJet_FW
0xff33c290,LiveImageTool.StartEVFMF_FW
0xff33c37c,LiveImageTool.StartEVFMovVGA_FW
0xff33c390,LiveImageTool.StartEVFMovQVGA_FW
0xff33c3a4,LiveImageTool.StartEVFMovVGA_HS_FW
0xff33c3b8,LiveImageTool.StartEVFMovQVGA_HS_FW
0xff33c3cc,LiveImageTool.StartEVFMovHD_FW
0xff33c3e0,LiveImageTool.StartEVFMovFULLHD_FW
0xff33c3f4,LiveImageTool.StartEVFMovFULLHD60P_FW
0xff33c408,LiveImageTool.StopEVF_FW
0xff33c418,LiveImageTool.DzoomTele_FW
0xff33c468,LiveImageTool.DzoomWide_FW
0xff33c488,LiveImageTool.StopDzoom_FW
0xff33c498,LiveImageTool.Pause_FW
0xff33c4a8,LiveImageTool.Resume_FW
0xff33c4b8,LiveImageTool.ChangeDzoom_FW
0xff33c528,j_LiveImageTool.GetDzoomPosition_FW
0xff33c52c,LiveImageTool.Jump_FW
0xff33c548,LiveImageTool.Dister_FW
0xff33f5d8,get_ptp_file_buf
0xff346874,task_PingManager
0xff353780,HecHdmiCecPhysicalCheckForScript_FW
0xff353824,HdmiAudioSampleFreq_FW
0xff353828,LockHdmiState_FW
0xff35382c,EdidView_FW
0xff353830,EdidDump_FW
0xff353834,CecRegDump_FW
0xff353838,HdmiRegDump_FW
0xff368490,EngDrvOut_FW
0xff3684ac,EngDrvIn_FW
0xff3684b4,EngDrvRead_FW
0xff3684bc,EngDrvBits_FW
0xff3684e0,EngDrvReadDump_FW
0xff36b4fc,Ltkids.SetCapThrough_FW
0xff36b514,Ltkids.SetLiveThrough_FW
0xff36b52c,Ltkids.SetCapRtsThrough_FW
0xff36b544,Ltkids.SetLiveRtsThrough_FW
0xff37a22c,task_Raw2Ss2YuvTask
0xff3974d4,GetCurrentAdjImgDriveType_FW
0xff3974ec,GetCurrentImgDrvMode_FW
0xff39750c,ConvertAEIntegDrvTypeToAdjImgDriveType_FW
0xff397558,ConvertAdjImgDrvModeToAdjImgDriveType_FW
0xff3975c0,ChangeAdjImgDrvMode_FW
0xff3975ec,ChangeAEIntegDrvTypeToAdjImgDriveType_FW
0xff397638,ExecuteAvs_FW
0xff39765c,j_ExecuteAvs_FW
0xff397664,j_CheckAvs_FW
0xff397758,GetEFuseData_FW
0xff397770,LoadAvsAdjData_FW
0xff397778,j_InitializeWLAN_FW
0xff39777c,j_TerminateWLAN_FW
0xff397794,JoinWLANNetwork_FW
0xff39785c,PingWLANNetwork_FW
0xff397874,j_LeaveWLANNetwork_FW
0xff397894,GetWLANMACAddress_FW
0xff3978bc,GetCurrentCcdTemp_FW
0xff3978d8,j_GetCurrentCcdTemp_FW
0xff3978dc,GetCurrentOptTemp_FW
0xff397908,j_GetCurrentOptTemp_FW
0xff39790c,GetCameraInformationData_FW
0xff397948,j_GetCameraInformationData_FW
0xff397ac8,InitializeSoundDevForRecEvent_FW
0xff397ad8,SetNCParamForAdjEvent_FW
0xff397ae8,RecSoundForNCAdjEvent_FW
0xff397af8,SetNoiseAddParamForZoomNCEvent_FW
0xff397b08,ReloadZoomNCProfileEvent_FW
0xff397b18,SetZoomNCEffectiveEvent_FW
0xff397b24,ReloadNdFilterAdjustment_FW
0xff397b48,PutInNdFilter_FW
0xff397b84,PutOutNdFilter_FW
0xff397ce4,GetZoomLensResetPlus_FW
0xff397f98,j_GetCurrentZoomLensPosition_FW
0xff397f98,j_GetCurrentZoomPosition_FW
0xff397fa0,j_GetCurrentZoomLensPoint_FW
0xff397fa0,j_GetCurrentZoomPoint_FW
0xff397fa4,GetCurrentZoomLensDirection_FW
0xff397fc0,j_GetCurrentZoomLensDirection_FW
0xff397fc8,ReloadZoomAdjustment_FW
0xff39808c,j_GetZoomTelePoint_FW
0xff398094,j_GetZoomResetSensorLevel_FW
0xff3980d4,j_GetZoomDrivingTime_FW
0xff3981ac,ClearZoomDriveParam_FW
0xff3983b4,j_IsZoomLensOutSidePosition_FW
0xff3983c0,StopZoomEmergency_FW
0xff3983cc,SetZoomResetState_FW
0xff398418,ResetZoom_FW
0xff398450,ResetZoomToFirst_FW
0xff398450,ResetZoomToFirstPoint_FW
0xff398488,ResetZoomToTerminate_FW
0xff398488,ResetZoomToTerminatePoint_FW
0xff3984c0,MoveZoomLensToPosition_FW
0xff3984c0,MoveZoomPosition_FW
0xff398500,MoveZoomLensToPoint_FW
0xff398500,MoveZoomPoint_FW
0xff398540,MoveComputerZoomToPoint_FW
0xff398580,ResetZoomToAdjFirstPoint_FW
0xff398640,ResetZoomToAdjTerminatePoint_FW
0xff398688,SetZoomLensEncoderPowerControl_FW
0xff39869c,SetZoomSpeedMode_FW
0xff398704,GetZoomDefaultDriveParam_FW
0xff398728,SetZoomDriveParam_FW
0xff398764,GetZoomResetDriveParam_FW
0xff398788,SetZoomResetDriveParam_FW
0xff3987c4,GetZoomNormalDriveParam_FW
0xff3987e8,SetZoomNormalDriveParam_FW
0xff398904,GetZoomDefaultCommonDriveParam_FW
0xff398930,SetZoomCommonDriveParam_FW
0xff3989c0,ClearZoomCommonDriveParam_FW
0xff3989f0,j_GetZoomLensResetPlus_FW
0xff398a8c,MoveZoomLensToMechaEnd_FW
0xff398b98,MoveZoomLensToPositionByManual_FW
0xff398c9c,SetFaexeEventTableActivation_FW
0xff398d74,ShowTransparentMemory_FW
0xff398d94,DumpTransparentMemoryItem_FW
0xff398dd4,AddTransparentMemory_FW
0xff398e0c,AttachToTransparentMemory_FW
0xff398e44,RemoveTransparentMemory_FW
0xff398e64,GetTransparentMemorySize_FW
0xff398e74,GetTransparentMemory_FW
0xff398eb8,GetTransparentMemoryPosition_FW
0xff399414,InitializeSoundRec_FW
0xff399464,TerminateSoundRec_FW
0xff399490,j_InitializeSoundRec_FW
0xff399494,j_TerminateSoundRec_FW
0xff399498,StartSoundRecord_FW
0xff3994d0,StartSoundPlay_FW
0xff3995cc,InitializeFAGeneralTest_FW
0xff3995e0,TerminateFAGeneralTest_FW
0xff3995f4,InitializeFAExtendFile_FW
0xff399604,TerminateFAExtendFile_FW
0xff399798,StartTestRecLog_FW
0xff3997b0,StopTestRecLog_FW
0xff39cf94,task_MetaInspiTask
0xff3a3554,task_MetaCtgPrsTask
0xff3abab8,task_FileManMarkAllTask
0xff3abd3c,task_SetGeoTagExecution
0xff3acac8,task_FORMAT_TASK_PROGRESS
0xff3acca8,task_FORMAT_TASK_NAME
0xff3b6654,task_FileWrite
0xff3b6654,task_FileWriteTask
0xff3b7514,task_ReadScheduleTask
0xff3ba350,closedir
0xff3ba3a0,OpenFastDir
0xff3ba4f4,ReadFastDir
0xff3bc4b0,task_FilYuvMaker
0xff3bd280,task_DecJpgRd
0xff3c0530,task_ImgPlyTask
0xff3c06dc,task_ImgPlyLowTask
0xff3c82e4,task_FocusEvent
0xff3ca7b0,GetFocusLensResetPosition_FW
0xff3ca7c0,GetFocusLensResetDefaultPosition_FW
0xff3cb194,GetFocusLensCurrentPosition_FW
0xff3cb198,GetFocusLensCurrentPositionWithMotor_FW
0xff3cb19c,GetFocusLensDriveVoltage_FW
0xff3cb228,GetFocusLensSettingWaitVoltage_FW
0xff3cb274,GetFocusLensHoldVoltage_FW
0xff3cb2c0,GetFocusLensGainSlope_FW
0xff3cc21c,task_MechaShutter
0xff3ccde8,task_Nd
0xff3cd54c,get_current_nd_value
0xff3cd5ac,get_nd_value
0xff3cd7f0,GetNdMoveTime_FW
0xff3cd8b0,task_ZoomActuatorSpeedCheck
0xff3cda50,task_ZoomEvent
0xff3ce424,IsZoomActuatorResetSensorPlusSide_FW
0xff3cebc4,MoveZoomActuator_FW
0xff3cec0c,SetZoomActuatorSpeedPPS_FW
0xff3cec28,GetZoomActuatorSpeedPPS_FW
0xff3cec34,j_GetZoomActuatorCurrentPosition_FW
0xff3cec38,j_IsZoomActuatorResetSensorPlusSide_FW
0xff3cec54,GetZoomActuatorCurrentPosition_FW
0xff3cfa48,GetZoomLensCurrentPosition
0xff3d0b14,task_MechaNCTask
0xff3d37f4,task_MovPlay
0xff3d87cc,task_MovWrite
0xff3deb94,task_MovEdit
0xff3df348,MoveCZToPoint_FW
0xff3df388,MoveCZToWide_FW
0xff3df3b8,MoveCZToTele_FW
0xff3df3e8,MoveCZToPointByOVF_FW
0xff3df420,StopCZ_FW
0xff3df44c,GetCZStillHighSpeed_FW
0xff3df454,GetCZStillLowSpeed_FW
0xff3df45c,GetCZMovieHighSpeed_FW
0xff3df464,GetCZMovieLowSpeed_FW
0xff3df46c,GetCZStillDefaultSpeed_FW
0xff3df474,GetCZMovieDefaultSpeed_FW
0xff3df554,ResetFocusLens
0xff3df554,ResetFocusLens_FW
0xff3df5b0,EscapeFocusLens_FW
0xff3df628,MoveFocusLensToTerminate_FW
0xff3df684,MoveFocusLensWithDistance_FW
0xff3df7b0,MoveFocusLensWithPosition_FW
0xff3df8f4,MoveFocusLensWithPositionImmediateReturn_FW
0xff3df9dc,MoveFocusLensWithPositionWithoutBacklash_FW
0xff3dfb14,MoveFocusLensWithPositionWithCompBacklash_FW
0xff3dfc70,MoveFocusActuator_FW
0xff3dfd80,SetFocusActuatorHoldVoltage_FW
0xff3dfd94,SetFocusActuatorSlopeHoldVoltage_FW
0xff3dfdb0,SetFocusLensSpeed_FW
0xff3dfe30,SetFocusLensSpeedTable_FW
0xff3dfee4,SetFocusLensAccelerationTable_FW
0xff3dfff0,SetFocusLensSlowdownTable_FW
0xff3e006c,SetFocusLensDefaultPullOutTable_FW
0xff3e0080,SetFocusLensCondition_FW
0xff3e0170,ShowFocusLensCurrentSpeedTable_FW
0xff3e01d4,SetFocusLensMaxSpeedLimit_FW
0xff3e01e4,CancelFocusLensMaxSpeedLimit_FW
0xff3e01f4,EnableFocusLens_FW
0xff3e0240,DisableFocusLens_FW
0xff3e0290,EnableFocusLensGainLockWithVoltage_FW
0xff3e02bc,DisableFocusLensGainLock_FW
0xff3e02cc,EnableFocusLensSlopeGain_FW
0xff3e02e0,DisableFocusLensSlopeGain_FW
0xff3e02f0,EnableFocusLensWaveLock_FW
0xff3e030c,DisableFocusLensWaveLock_FW
0xff3e031c,j_GetFocusLensCurrentPosition_FW
0xff3e0320,j_GetFocusLensCurrentPositionWithMotor_FW
0xff3e0324,j_GetFocusLensResetPosition_FW
0xff3e0328,j_GetFocusLensResetDefaultPosition_FW
0xff3e032c,GetFocusLensSubjectDistance_FW
0xff3e0348,GetFocusLensSubjectDistanceNumber_FW
0xff3e03a8,GetFocusLensPositionRatio_FW
0xff3e03b0,GetFocusLensLoadSubjectDistance_FW
0xff3e03d0,ChangeFocusDistanceToPosition_FW
0xff3e03d8,GetFocusLensLoadCamTable_FW
0xff3e0408,j_GetFocusLensDriveVoltage_FW
0xff3e040c,SetFocusLensDriveVoltage_FW
0xff3e0444,j_GetFocusLensSettingWaitVoltage_FW
0xff3e0448,SetFocusLensSettingWaitVoltage_FW
0xff3e0480,j_GetFocusLensHoldVoltage_FW
0xff3e0484,SetFocusLensHoldVoltage_FW
0xff3e04bc,j_GetFocusLensResetVoltage_FW
0xff3e04c0,j_GetFocusLensGainSlope_FW
0xff3e04c4,SetFocusLensGainSlope_FW
0xff3e04fc,GetFocusLensMoveMaxPosition_FW
0xff3e0514,GetFocusLensMoveMinPosition_FW
0xff3e052c,j_GetFocusLensPullInMaxSpeed_FW
0xff3e0530,GetFocusLensMoveRangeOfTelePoint_FW
0xff3e0598,FocusLensStopQuickly_FW
0xff3e0610,GetFocusLensCarrierFrequency_FW
0xff3e0620,SetFocusLensCarrierFrequency_FW
0xff3e0658,MoveFocusLensChangeCarrierFrequency_FW
0xff3e0824,ResetIris_FW
0xff3e0848,MoveIrisToTerminatePosition_FW
0xff3e0850,MoveIrisWithAv
0xff3e0850,MoveIrisWithAv_FW
0xff3e0878,MoveIrisWithAvWithoutBacklash_FW
0xff3e08a0,j_GetIrisAv_FW
0xff3e08a4,ChangeIrisSpeed_FW
0xff3e0920,MoveLensToFirstPoint_FW
0xff3e0970,MoveLensToTerminatePoint_FW
0xff3e09a8,j_IsLensOutside_FW
0xff3e09ac,j_GetLensErrorStatus_FW
0xff3e09b0,j_GetFocusStartZoomPosition_FW
0xff3e09b4,EnableLensError_FW
0xff3e09c4,DisableLensError_FW
0xff3e09d4,SetLensOutsideFlag_FW
0xff3e0a08,WriteMechaLogToRom_FW
0xff3e0a18,WriteMechaLogToFile_FW
0xff3e0a3c,EnableMechaCircuit_FW
0xff3e0a4c,DisableMechaCircuit_FW
0xff3e0a5c,EnableFocusPiCircuit_FW
0xff3e0a6c,DisableFocusPiCircuit_FW
0xff3e0a7c,j_GetFocusPiSensorLevel_FW
0xff3e0a80,EnableZoomPiCircuit_FW
0xff3e0a90,DisableZoomPiCircuit_FW
0xff3e0aa0,j_GetZoomPiSensorLevel_FW
0xff3e0aa4,EnableZoomEncoderCircuit_FW
0xff3e0ab4,DisableZoomEncoderCircuit_FW
0xff3e0ac4,SendMechaCircuitData_FW
0xff3e0ae8,ReceiveMechaCircuitDataAll_FW
0xff3e0b98,CloseMechaShutter_FW
0xff3e0bbc,OpenMechaShutter_FW
0xff3e0be0,CloseMechaShutterWithTiming_FW
0xff3e0c18,SetMechaShutterCloseDacSetting_FW
0xff3e0c34,GetMechaShutterCloseDacSetting_FW
0xff3e0c68,SetMechaShutterOpenDacSetting_FW
0xff3e0c84,GetMechaShutterOpenDacSetting_FW
0xff3e0cb8,SetMechaShutterWaitTimeSetting_FW
0xff3e0ccc,j_GetMechaShutterStatus_FW
0xff3e0cd0,j_GetMechaShutterMoveTime_FW
0xff3e0cd4,SetMechaShutterMoveTime_FW
0xff3e0d64,PutInNdFilter
0xff3e0d64,TurnOnNdFilter_FW
0xff3e0d88,PutOutNdFilter
0xff3e0d88,TurnOffNdFilter_FW
0xff3e0dac,TurnOnNdFilterWithTiming_FW
0xff3e0de4,TurnOffNdFilterWithTiming_FW
0xff3e0e1c,j_GetNdMoveTime_FW
0xff3e0e20,SetNdMoveTime_FW
0xff3e0e34,SetNdDriveVoltageSetting_FW
0xff3e0e5c,EnableZoomLensEncoderPowerControl_FW
0xff3e0e6c,DisableZoomLensEncoderPowerControl_FW
0xff3e0ee0,ResetZoomLens
0xff3e0ee0,ResetZoomLens_FW
0xff3e0f0c,ResetZoomLensToFirst_FW
0xff3e0f4c,ResetZoomLensToTermiante_FW
0xff3e0f8c,MoveZoomLensWithPoint
0xff3e0f8c,MoveZoomLensWithPoint_FW
0xff3e0fd8,MoveZoomLensWithPointImmediateReturn_FW
0xff3e0ffc,WaitMoveZoomLensComplete_FW
0xff3e1028,MoveZoomLensWithPosition_FW
0xff3e1074,MoveZoomLensToTerminatePosition_FW
0xff3e10b4,MoveZoomLensToMechaEdge_FW
0xff3e1150,SetZoomLensSpeedMode_FW
0xff3e1164,GetZoomLensDriveAmpereDac_FW
0xff3e116c,SetZoomLensDriveAmpereDac_FW
0xff3e118c,EnableZoomLensSpeedControl_FW
0xff3e11a0,DisableZoomLensSpeedControl_FW
0xff3e11b4,EnableZoomLensElectricControl_FW
0xff3e11c8,DisableZoomLensElectricControl_FW
0xff3e11dc,j_GetZoomLensCurrentPoint_FW
0xff3e11e0,j_GetZoomLensCurrentPosition_FW
0xff3e11e4,j_GetZoomLensTelePoint_FW
0xff3e11e8,j_GetZoomLensMechaEdgePosition_FW
0xff3e11ec,ChangeZoomLensPointToMagnification_FW
0xff3e11fc,ChangeZoomLensMagnificationToPoint_FW
0xff3e120c,ISAutoCenter_FW
0xff3e121c,StartISLocalAdjust_FW
0xff3e122c,j_StartISLocalHallAdjust_FW
0xff3e1230,j_StartISLocalAutoCenter_FW
0xff3e1234,ISMoveToMechaEdgeOPEN_FW
0xff3e1250,ISChangeOPENtoCLOSE_FW
0xff3e1260,SetISDriveAaxis_FW
0xff3e127c,SetISDriveBaxis_FW
0xff3e1298,SetISHallOffsetAaxis_FW
0xff3e12b4,SetISHallOffsetBaxis_FW
0xff3e12d0,SetISHallOffsetbyAxisType_FW
0xff3e12fc,SetISHallGainAaxis_FW
0xff3e1318,SetISHallGainBaxis_FW
0xff3e1334,SetISHallGainbyAxisType_FW
0xff3e1360,SetISGyroGainAaxis_FW
0xff3e137c,SetISGyroGainBaxis_FW
0xff3e1398,SetISGyroGainbyAxisType_FW
0xff3e13c4,GetISDriveAaxis_FW
0xff3e13e4,GetISDriveBaxis_FW
0xff3e1404,GetISPositionAaxis_FW
0xff3e1424,GetISPositionBaxis_FW
0xff3e1444,GetISHallOffsetAaxis_FW
0xff3e1464,GetISHallOffsetBaxis_FW
0xff3e1484,GetISHallOffsetbyAxisType_FW
0xff3e14b8,GetISHallGainAaxis_FW
0xff3e14d8,GetISHallGainBaxis_FW
0xff3e14f8,GetISHallGainbyAxisType_FW
0xff3e152c,GetISGyroGainAaxis_FW
0xff3e1654,GetISGyroGainBaxis_FW
0xff3e1674,GetISGyroGainbyAxisType_FW
0xff3e16a8,j_GetGyroDataPitch_FW
0xff3e16ac,j_GetGyroDataYaw_FW
0xff3e16b0,SetGyro10BitDACPitch_FW
0xff3e16cc,SetGyro10BitDACYaw_FW
0xff3e16e8,j_GetGyro10BitDACPitch_FW
0xff3e16ec,j_GetGyro10BitDACYaw_FW
0xff3e16f0,SetGyroHPFINOffsetPitch_FW
0xff3e170c,SetGyroHPFINOffsetYaw_FW
0xff3e1728,j_GetGyroHPFINOffsetPitch_FW
0xff3e172c,j_GetGyroHPFINOffsetYaw_FW
0xff3e1730,j_GetGyroHPFINPitch_FW
0xff3e1734,j_GetGyroHPFINYaw_FW
0xff3e1738,SetISTuningFlag_FW
0xff3e1750,SetGyroFilterChargeStart_FW
0xff3e1768,SetGyroFilterChargeStop_FW
0xff3e1780,GetGyroFilterCharge_FW
0xff3e17a0,GetISFirmVersion_FW
0xff3e17c8,GetMechaDSPVersion_FW
0xff3e17f0,GetISParamVersion_FW
0xff3e1818,SetZoomPosition_FW
0xff3e1830,ISControlStart_FW
0xff3e18e0,ISControlStop_FW
0xff3e18f0,ISPanModeStart_FW
0xff3e1900,ISPanModeStop_FW
0xff3e1910,SetISControlType_FW
0xff3e1928,SetISStillStatus_FW
0xff3e1938,SetISMovieStatus_FW
0xff3e1948,ChangeParallelMode_FW
0xff3e1960,SetLPFParallelBest_FW
0xff3e1984,GetLPFParallelBest_FW
0xff3e19b4,SelectPositionSignal_FW
0xff3e19cc,ClearISIComponent_FW
0xff3e19dc,SetISHPFCutoff_FW
0xff3e19f4,ClearISZData_FW
0xff3e1a04,GetISHallOut1Amp_FW
0xff3e1a28,ISMDStart_FW
0xff3e1a38,ISMDStop_FW
0xff3e1a48,SetISLPFAaxis_FW
0xff3e1a60,SetISLPFBaxis_FW
0xff3e1a78,EnableISDriveError_FW
0xff3e1a88,DisableISDriveError
0xff3e1a88,DisableISDriveError_FW
0xff3e1a98,EnableISAutoGyroOffset_FW
0xff3e1aa8,DisableISAutoGyroOffset_FW
0xff3e1ab8,SetISHallAmpFirstGain_FW
0xff3e1ad0,GetISHallAmpFirstGain_FW
0xff3e1afc,StartLoopGainCalc_FW
0xff3e1b30,GetLoopGainCalcData_FW
0xff3e1c0c,SetLoopGainAdjValue_FW
0xff3e1c30,GetLoopGainAdjValue_FW
0xff3e1c54,StopLoopGainCalc_FW
0xff3e1c64,GetISCrossTalkComp_FW
0xff3e1cb8,SetISCrossTalkCompA1_FW
0xff3e1cd4,SetISCrossTalkCompA2_FW
0xff3e1cf0,SetISCrossTalkCompB1_FW
0xff3e1d0c,SetISCrossTalkCompB2_FW
0xff3e1d28,SetDISModeParam_FW
0xff3e1d40,GetDISModeParamType_FW
0xff3e1d60,DisableDISModeChange_FW
0xff3e1d70,EnableDISModeChange_FW
0xff3e1d80,SetISAdjData_FW
0xff3e1d90,SetISCenterShiftA_FW
0xff3e1dac,SetISCenterShiftB_FW
0xff3e1dc8,GetISCenterShiftA_FW
0xff3e1de4,GetISCenterShiftB_FW
0xff3e1e00,StartGyroNoiseChk_FW
0xff3e1e10,GetGyroNoiseData_FW
0xff3e1fa8,EnableMacroIS_FW
0xff3e1fb8,DisableMacroIS_FW
0xff3e1fc8,StartMacroISContiMode_FW
0xff3e1fd8,StartMacroISAdjust_FW
0xff3e1fe8,StopMacroISAdjust_FW
0xff3e1ff8,GetMacroISEstimRadiusA_FW
0xff3e2014,GetMacroISEstimRadiusB_FW
0xff3e2030,SetISFocusLensDistance_FW
0xff3e2040,GetMacroISGainA_FW
0xff3e205c,GetMacroISGainB_FW
0xff3e2078,SetMacroISGainA_FW
0xff3e2094,SetMacroISGainB_FW
0xff3e20b0,GetMacroISAngleAndVelocityA_FW
0xff3e20e0,GetMacroISAngleAndVelocityB_FW
0xff3e2110,JumpToProgFirst_FW
0xff3e2120,DelaySet_FW
0xff3e2138,SetFirmSRDYWait_FW
0xff3e2154,SetFirmEndAddress_FW
0xff3e2168,SetDspDataEndAddress_FW
0xff3e217c,SetDspProgEndAddress_FW
0xff3e2190,FirmTranster_FW
0xff3e21a0,DspDataTranster_FW
0xff3e21b0,DspProgTranster_FW
0xff3e21c0,GetCheckSum_FW
0xff3e22c4,SetPoweredISON_FW
0xff3e22d8,SetPoweredISOFF_FW
0xff3e22ec,ISFixedPWMON_FW
0xff3e2300,ISFixedPWMOFF_FW
0xff3e2314,SetFixedPWMOutA_FW
0xff3e2330,SetFixedPWMOutB_FW
0xff3e234c,j_GetFixedPWMOutA_FW
0xff3e2350,j_GetFixedPWMOutB_FW
0xff3e2354,SetISPWMFreqAndFixed_FW
0xff3e2368,SetISPWMFrequency_FW
0xff3e237c,j_GetISPWMFrequency_FW
0xff3e2380,StartISPWMFreqChangeTest_FW
0xff3e2390,StopISPWMFreqChangeTest_FW
0xff3e23a0,ActivateISMD_FW
0xff3e23b8,CommunicateMechaCPU_FW
0xff3e23f4,MechaCPUMemoryDump_FW
0xff3e2418,MechaCPUMemoryWrite_FW
0xff3e2448,StartImStEventProc_FW
0xff3e45e8,reboot_fw_update
0xff3e4aec,MemoryChecker_FW
0xff3e4b20,VerifyByte_FW
0xff3e4cf8,SDump_FW
0xff3e4f18,FreeMemory
0xff3e4f18,FreeMemory_FW
0xff3e4f20,AllocateMemory
0xff3e4f20,AllocateMemory_FW
0xff3e4f40,Peek32_FW
0xff3e4f48,Peek16_FW
0xff3e4f50,Peek8_FW
0xff3e4f78,GetSystemTime
0xff3e4f78,GetSystemTime_FW
0xff3e4f8c,exec_FW
0xff3e4ffc,MonSelEvent_FW
0xff3e50c0,MakeBootDisk_FW
0xff3e50d4,MakeScriptDisk_FW
0xff43bc34,task_ReadMultiConTask
0xff4428a4,UIFS_PlayTrimExecuteAllImageSize_FW
0xff44a770,LCDMsg_Move_FW
0xff44a7c0,LCDMsg_Delete_FW
0xff44aa18,LCDMsg_Create_FW
0xff44aac8,LCDMsg_SwDisp_FW
0xff44ab60,LCDMsg_SetNum_FW
0xff44ab78,LCDMsg_SetStr_FW
0xff44ac4c,LCDMsg_ChangeColor_FW
0xff47c534,Bat_Calc_FW
0xff47c534,CalculateBatSenseOffset_FW
0xff495a3c,GetCdsGainValue_FW
0xff495a64,SetDeltaCDSGain_FW
0xff495aac,ReloadCdsAdjustment_FW
0xff495ac4,GetObClampValue_FW
0xff495ad4,SetObClamp_FW
0xff495ad4,SetObClampValue_FW
0xff495adc,j_GetCdsGainValue_FW
0xff495ae0,SetCDSGain_FW
0xff495ae0,SetCdsGainValue_FW
0xff495b2c,SetCdsPreGainReg_FW
0xff495b74,GetCdsPreGainReg_FW
0xff495b7c,SetSensorPreGain_FW
0xff495b8c,GetSensorPreGain_FW
0xff495b94,GetCurrentDriveBaseSvValue_FW
0xff495bb4,j_GetCurrentDriveBaseSvValue_FW
0xff495bd8,SetCDSGainStep_FW
0xff495cc0,SetAdjCdsMode_FW
0xff495cec,CancelAdjCdsMode_FW
0xff495d08,IsAdjCdsMode_FW
0xff495d54,StopCaptureDrive_FW
0xff4966ac,CancelImageDrive_FW
0xff4966c4,StartCaptureDrive_FW
0xff4966cc,CaptureWithParam_FW
0xff496714,ChangeImageDrive_FW
0xff496728,GetCrwImageInfo_FW
0xff4967cc,ConvertTvToExposureTime_FW
0xff4967f0,j_GetCurrentExposureTime_FW
0xff4967fc,j_GetCurrentShutterSpeed_FW
0xff496828,SetShutterSpeedWithMecha_FW
0xff496884,SetShutterSpeed_FW
0xff4968dc,GetUserSetShutterSPeed_FW
0xff4968ec,GetShutterSpeedRegularMaxLimit_FW
0xff496904,j_GetShutterSpeedRegularMaxLimit_FW
0xff496908,GetShutterSpeedRegularMinLimit_FW
0xff496920,j_GetShutterSpeedRegularMinLimit_FW
0xff496944,GetFrameRateWithApex_FW
0xff4969d0,CloseMShutter_FW
0xff496a0c,OpenMShutter_FW
0xff49732c,CalculatePeakFromLeastSquareResult_FW
0xff497364,CalculateLog2ToApex_FW
0xff497378,CalculatePow2FromApex_FW
0xff497388,CalcLog10
0xff4973c4,CalcLog10_FW
0xff4973ec,ConvertApexToApexStd_FW
0xff49741c,ConvertApexStdToApex_FW
0xff4974b4,CalcSqrt_FW
0xff4974e0,SetOneShotWBParam_FW
0xff4974e0,SetOneTypeWBParam_FW
0xff49756c,OneShotWhigeBalance_FW
0xff49756c,OneTypeWhiteBalance_FW
0xff4975c0,SetWBYlStandardWidth_FW
0xff497600,SetReferenceWBGainForCalibration_FW
0xff497638,SetToolCorrectCoefficient_FW
0xff4976c0,ReloadWBAdjustment_FW
0xff4979f0,ConvertCxCyToWBGain_FW
0xff497abc,ConvertToPositionWithDistanceAndZoomPoint_FW
0xff497ae0,ConvertToPositionWithDistance_FW
0xff497aec,ReloadFocusLensAdjustment_FW
0xff497b00,j_GetFocusDefaultResetPosition_FW
0xff497b08,j_GetFocusResetPosition_FW
0xff497b10,j_GetCurrentTargetDistance_FW
0xff497b6c,j_GetCurrentFocusLensPosition_FW
0xff497b6c,j_GetCurrentFocusPosition_FW
0xff497b9c,MoveFocusLensToTerminatePosition_FW
0xff497b9c,MoveFocusToTerminate_FW
0xff497c84,MoveFocusLensToPositionWithMaxSpeed_FW
0xff497ccc,MoveFocusLensToPositionWithSpeed_FW
0xff497da4,MoveFocusLensToPosition_FW
0xff497df4,MoveFocusPosition_FW
0xff497ec0,MoveFocusDistance_FW
0xff497ec0,MoveFocusLensToDistance
0xff497ec0,MoveFocusLensToDistance_FW
0xff497f2c,ResetFocus_FW
0xff498104,j_IsFocusLensOutSidePosition_FW
0xff498140,SetFocusResetState_FW
0xff498208,SaveFocusResetPulse_FW
0xff498ba8,SetScanLensIndex_FW
0xff498cb8,SetScanWindowMode_FW
0xff498f10,SelectAdjBPFilter_FW
0xff498f3c,SetAdjAFWinPos_FW
0xff498fb8,SetBPFilterForBP_FW
0xff498ff0,CancelBPFilterForBP_FW
0xff499200,StartAdjAFService_FW
0xff49934c,StopAdjAFService_FW
0xff4994dc,GetAdjAFInteg_FW
0xff499580,StopAdjAFInteg_FW
0xff499590,StartAdjAFInteg_FW
0xff4995ac,SetAdjAFIntegCrwAdd_FW
0xff499cd0,StopCustomScan_FW
0xff499ce0,StartCustomScan_FW
0xff499d50,StartCrwCustomScan_FW
0xff49a600,CalculatePeakPosByLS_FW
0xff49a660,CalculateInterpolationByLS_FW
0xff49a6b8,ReloadAFAdjustment_FW
0xff49a794,PrintScanTable_FW
0xff49a9e0,PrintMultiWinScanTable_FW
0xff49ad88,GetExStrobeID_FW
0xff49ad98,IsExStrobeChargeComp_FW
0xff49ada4,SetExStrobeMode_FW
0xff49adb0,CancelExStrobeMode_FW
0xff49adbc,ReloadEfAdjustment_FW
0xff49ae00,ChargeStrobe_FW
0xff49ae38,ChargeStrobeForFA_FW
0xff49ae84,StopStrobeChargeForFA_FW
0xff49aea4,ExecuteInternalPreFlash_FW
0xff49af44,ReloadColorAdjustment_FW
0xff49b008,RegistColorMatrix_FW
0xff49b040,j_RegistColorMatrix_FW
0xff49b050,UnregistColorMatrix_FW
0xff49b1d4,ShowCurrentExp_FW
0xff49b224,SetAE_ShutterSpeed
0xff49b224,SetAE_ShutterSpeed_FW
0xff49b2e8,FocusAEWithCompensation_FW
0xff49b364,SetAE_CdsGainValue_FW
0xff49b370,j_SetAE_CdsGainValue_FW
0xff49b430,FixAEWithCompensation_FW
0xff49b494,SetAdj_AEMode_FW
0xff49b4e8,CancelAdj_AEMode_FW
0xff49b524,PreFixAE_FW
0xff49b6b0,AfAEWithAperturePriority_FW
0xff49b708,AdjAEWithAperturePriority_FW
0xff49b760,SleepAE_FW
0xff49b8b8,AfAEWithCompensation_FW
0xff49b9bc,GetVideoOutType_FW
0xff49ba4c,SwitchOffDisplay_FW
0xff49ba98,SwitchOnDisplay_FW
0xff49baa8,j_GetVideoOutType_FW
0xff49bb08,SetVideoOutType_FW
0xff49bb1c,IsEVFDrive_FW
0xff49bb44,j_IsEVFDrive_FW
0xff49bb7c,StopEVFDrive_FW
0xff49bfbc,StartEVFDriveWithMode_FW
0xff49c000,StartEVFDrive_FW
0xff49c05c,IsEvfDriveMode_FW
0xff49c2d4,GetSumYOfVRAMCenterLine_FW
0xff49c340,j_GetVRAMHPixelsSize_FW
0xff49c348,j_GetVRAMVPixelsSize_FW
0xff49c350,StopContinuousVRAMData_FW
0xff49c3d8,GetContinuousVRAMData_FW
0xff49cab8,GetPixelsOfViewangle_FW
0xff49cb5c,GetContinuousVRAMDataWithRingBuffer_FW
0xff49cbf4,j_GetMovieJpegVRAMHPixelsSize_FW
0xff49cbfc,j_GetMovieJpegVRAMVPixelsSize_FW
0xff49cd28,GetContinuousMovieJpegVRAMData_FW
0xff49cda0,ChangeDistortionSetForLiveImage_FW
0xff49cf30,SetImageMode
0xff49cfe0,Bat_VIN_FW
0xff49cfe0,SetInputVoltage_FW
0xff49cff4,Bat_Save_FW
0xff49cff4,SaveBatSenseOffsetAdjustmentTable_FW
0xff49d004,SetImageMode_FW
0xff49d00c,SetDate_FW
0xff49d154,SetYear_FW
0xff49d1b4,SetMonth_FW
0xff49d210,SetDay_FW
0xff49d278,SetHour_FW
0xff49d2dc,SetMinute_FW
0xff49d340,SetSecond_FW
0xff49d3a4,GetYear_FW
0xff49d3d4,GetMonth_FW
0xff49d400,GetDay_FW
0xff49d428,GetHour_FW
0xff49d450,GetMinute_FW
0xff49d478,GetSecond_FW
0xff49d4a0,SetLangMenuType_FW
0xff49d4f4,SaveFromImage_FW
0xff49d6b8,SetFactorySerialNumber_FW
0xff49d730,LoadFactoryNumber_FW
0xff49d810,j_LoadFactoryNumber_FW
0xff49d814,LoadSerialNumber_FW
0xff49d8f8,j_LoadSerialNumber_FW
0xff49d904,GetLastVBatADLevel_FW
0xff49d90c,j_GetVBatVoltage_FW
0xff49d910,SaveFactoryReserveData_FW
0xff49da1c,SetProductVolume_FW
0xff49da84,j_GetDCPAdjOffset_FW
0xff49dc20,ReloadDefectAdjustmentData_FW
0xff49dc30,ReloadFROMDefectAdjustmentData_FW
0xff49dc44,ReloadShadingAdjustmentData_FW
0xff49dc58,SetWBTemperature_FW
0xff49dd70,DevelopStillPicture_FW
0xff49de5c,InitializeMechaDevice_FW
0xff49de98,TerminateMechaDevice_FW
0xff49df10,CreateJumptable
0xff49fc70,HitISLensAgainstTopEdge_FW
0xff49fc88,HitISLensAgainstBottomEdge_FW
0xff49fca0,HitISLensAgainstLeftEdge_FW
0xff49fcb8,HitISLensAgainstRightEdge_FW
0xff49fcd0,HitISLensToMechaEdge_FW
0xff49fce8,MoveISLensToRightLimitPosition_FW
0xff49fd00,MoveISLensToLeftLimitPosition_FW
0xff49fd18,MoveISLensToBottomLimitPosition_FW
0xff49fd30,MoveISLensToTopLimitPosition_FW
0xff49fd48,MoveISLensToLimitPosition_FW
0xff49fd60,SearchBCentralPosition_FW
0xff49fd60,SearchISLensCentralPosition_FW
0xff49fd70,StopBDrive_FW
0xff49fd70,StopISAdjustmentDrive_FW
0xff49fd70,StopISDrive_FW
0xff49fd80,StartBDrive_FW
0xff49fd80,StartISAdjustmentDrive_FW
0xff49fd80,StartISDrive_FW
0xff49fd90,StopBPanDrive_FW
0xff49fd90,StopISPanDrive_FW
0xff49fda0,SetISControllMode_FW
0xff49fdb8,StartBPanDrive_FW
0xff49fdb8,StartISPanDrive_FW
0xff49fdc8,WriteHallDeviceAdjustment_FW
0xff49fdd8,WriteGyroAdjustment_FW
0xff49fe50,WritePWMAdjustment_FW
0xff49feb8,SetISPitchPWM_FW
0xff49fecc,SetISYawPWM_FW
0xff49fee0,SetISLensDriveValue_FW
0xff49fef8,SetISGyroYawGain_FW
0xff49ff0c,SetISGyroPitchGain_FW
0xff49ff20,SetISLensGyroGain_FW
0xff49ff38,SetISHallDeviceYawGain_FW
0xff49ff4c,SetISHallDevicePitchGain_FW
0xff49ff60,SetISLensHallGain_FW
0xff49ff78,SetISHallDeviceYawOffset_FW
0xff49ff8c,SetISHallDevicePitchOffset_FW
0xff49ffa0,SetISLensHallOffset_FW
0xff49ffb8,SetZoomPointToIS_FW
0xff4a000c,GetISHallOffsetDACValue_FW
0xff4a0014,GetISLensEViAaxis_FW
0xff4a0020,GetISLensEViBaxis_FW
0xff4a002c,GetISLensCorrectedEViAaxis_FW
0xff4a0038,GetISLensCorrectedEViBaxis_FW
0xff4a0044,GetISLensDampAaxis_FW
0xff4a004c,GetISLensDampBaxis_FW
0xff4a0054,SetISLPFCutOffFreqAaxis_FW
0xff4a0060,SetISLPFCutOffFreqBaxis_FW
0xff4a006c,SetLPFForParallelFilter_FW
0xff4a0088,SetISCutOffFreqIndex_FW
0xff4a0088,SetISHPFCutOffFreqIndex_FW
0xff4a009c,ChangeFilterMode_FW
0xff4a00b0,HitISMechaEdgeInOpenControl_FW
0xff4a00cc,ChangeToISCloseControl_FW
0xff4a00dc,SetISGyroHPFINOffsetPitch_FW
0xff4a00e8,SetISGyroHPFINOffsetYaw_FW
0xff4a00f4,SetISGyroOffsetHPFINData_FW
0xff4a0104,SetISGyro10BitDACPitch_FW
0xff4a0110,SetISGyro10BitDACYaw_FW
0xff4a011c,SetISGyroOffset10BitDACData_FW
0xff4a012c,GetISGyroDataPitch_FW
0xff4a0134,GetISGyroDataYaw_FW
0xff4a013c,GetISGyroData_FW
0xff4a0144,GetISGyroHPFINPitch_FW
0xff4a014c,GetISGyroHPFINYaw_FW
0xff4a0154,GetISHPFINGyroData_FW
0xff4a015c,GetISGyro10BitDACPitch_FW
0xff4a0164,GetISGyro10BitDACYaw_FW
0xff4a016c,GetISGyroOffset10BitDACData_FW
0xff4a0174,GetISGyroHPFINOffsetPitch_FW
0xff4a017c,GetISGyroHPFINOffsetYaw_FW
0xff4a0184,GetISGyroOffsetHPFINData_FW
0xff4a018c,SetISGyroFilterCharge_FW
0xff4a01a0,SetISTuningMode_FW
0xff4a01b8,SetISTuningOff_FW
0xff4a01cc,SetISGyroCompensationMode_FW
0xff4a01e8,CalcLoopGain_FW
0xff4a0258,GetLoopGainCalcData_FW
0xff4a0290,SetLoopGain_FW
0xff4a02b4,GetLoopGain_FW
0xff4a02bc,SetISLensPWMMode_FW
0xff4a02d0,SetDISModeParameter_FW
0xff4a02f0,GetGyroFilterChargeStatus_FW
0xff4a0304,j_GetDISModeParameter_FW
0xff4a0308,SetISCrossTalkCompCoeff_FW
0xff4a032c,GetISCrossTalkCompCoeff_FW
0xff4a0334,StartISAdjustMacro_FW
0xff4a0344,StopISAdjustMacro_FW
0xff4a0354,GetMacroISGain_FW
0xff4a035c,SetMacroISGain_FW
0xff4a0380,GetMacroISEstimateRadius_FW
0xff4a0388,GetMacroISEstimateVelocity_FW
0xff4a03c0,SetISMacroMode_FW
0xff4a03d4,NotifyISMacroDistance_FW
0xff4a03e4,GetISHallDevicePitchOffset_FW
0xff4a03ec,GetISHallDeviceYawOffset_FW
0xff4a03f4,GetISLensHallOffset_FW
0xff4a03fc,GetISHallDevicePitchGain_FW
0xff4a0404,GetISHallDeviceYawGain_FW
0xff4a040c,GetISLensHallGain_FW
0xff4a0414,GetISPitchPWM_FW
0xff4a041c,GetISYawPWM_FW
0xff4a0424,GetISLensDriveValue_FW
0xff4a042c,GetISShiftLensPitchPosition_FW
0xff4a0434,GetISShiftLensYawPosition_FW
0xff4a043c,GetISLensPositionValue_FW
0xff4a0444,GetISGyroPitchGain_FW
0xff4a0498,GetISGyroYawGain_FW
0xff4a04a0,GetISLensGyroGain_FW
0xff4a04a8,ClearISCalcZData_FW
0xff4a04b8,CancelLoopGainCalc_FW
0xff4a04c8,ReloadISAdjustment_FW
0xff4a04d8,MoveISLensToCentralPosition_FW
0xff4a30d4,task_CtgTotalTask
0xff4b46ec,task_ReadFileTask
0xff4be3fc,SetPMByGpio_FW
0xff4be414,ClearPMByGpio_FW
0xff4be42c,ClearPMByFs_FW
0xff4be43c,MoveDCMotorCW_FW
0xff4be4cc,MoveDCMotorCCW_FW
0xff4be55c,SetDCMotorWaitTime_FW
0xff4bef88,GetFocusLensResetVoltage_FW
0xff4c267c,task_MovRead
0xff4c5dbc,task_ImagePlaySysConTask
0xff4c60c4,task_ImageRetryConTask
