0x01102bc8,_log
0x011030e8,_log10
0x01103250,_pow
0x011052d0,_sqrt
0xfc180395,AbortAEIntegralValue_FW
0xbfe1598d,AcquireRecursiveLock
0xbfe15639,AcquireRecursiveLockStrictly
0xfc37aed9,ActivateAdjLog_FW
0xfc5a457b,ActivateImageDrive_FW
0xfc159b93,ActivateImager_FW
0xfc159bef,ActivateImagerXOne_FW
0xfc16b9d7,add_ptp_handler
0xfc18e0b7,AdditionAgentRAM_FW
0xfc021199,AddTransparentMemory_FW
0xfc5a528f,AdjAEWithAperturePriority_FW
0xfc1bf1b7,AdjustAutoTouchPanel_FW
0xfc1c0157,AdjustEvfFunctionCmd_FW
0xfc1bf1bb,AdjustTouchPanelWithStep_FW
0xfc5a5261,AfAEWithAperturePriority_FW
0xfc5a5441,AfAEWithCompensation_FW
0xfc503101,AFTool.GetEVal_FW
0xfc503233,AFTool.SetAFLogType_FW
0xfc503237,AFTool.SetDebugAFSequence_FW
0xfc503217,AFTool.StoreAFixPosition_FW
0xfc4509df,AllocateMemory_FW
0xfc1536a5,AllocateUncacheableMemory
0xfc24b863,AprocSigProc_ALC_FW
0xfc24b879,AprocSigProc_ALCReset_FW
0xfc24b819,AprocSigProc_DCCut_FW
0xfc24b813,AprocSigProc_DRange_FW
0xfc24b83b,AprocSigProc_EQ_FW
0xfc24b843,AprocSigProc_FIL1_FW
0xfc24b84b,AprocSigProc_FIL2_FW
0xfc24b853,AprocSigProc_FIL3_FW
0xfc24b85b,AprocSigProc_FIL4_FW
0xfc24b81f,AprocSigProc_GainAdj_FW
0xfc24b7df,AprocSigProc_InitialSet_FW
0xfc24b871,AprocSigProc_LevelMeter_FW
0xfc24b869,AprocSigProc_Limiter_FW
0xfc24bcf9,AprocSigProc_LoadProfileAdj_FW
0xfc24b889,AprocSigProc_NCReset_FW
0xfc24b827,AprocSigProc_NoiseCut_FW
0xfc24c90b,AprocSigProc_NoiseCutEffect_FW
0xfc24b771,AprocSigProc_SetSigProcByMode_FW
0xfc24b82f,AprocSigProc_Stereo_FW
0xfc24b899,AprocSigProc_TestGen1kHz_FW
0xfc24b80b,AprocSigProc_TestGen_FW
0xfc24b835,AprocSigProc_WindCut_FW
0xfc24b881,AprocSigProc_WindCutReset_FW
0xfc250569,AquireTouchPositionData_FW
0xfc0bfcc5,atol_FW
0xfc180ca1,AttachIntegCrawData_FW
0xfc0211b7,AttachToTransparentMemory_FW
0xfc0c04b7,autoIPAddressing_FW
0xfc5a35f1,Bat_Calc_FW
0xfc5a646f,Bat_Save_FW
0xfc5a6463,Bat_VIN_FW
0xfc2a1bbf,BeepDrive_FW
0xfc2a1bd3,BeepDriveComp_FW
0xfc2a1be7,BeepDriveStop_FW
0x01100410,bzero
0xfc1f43ab,CalcAccelerometerAtanAngle_FW
0xfc5a8f49,CalcEngLineInteg_FW
0xfc5a4cfb,CalcLog10
0xfc5a4d27,CalcLog10_FW
0xfc5a9a4d,CalcLoopGain_FW
0xfc5a647d,CalcLowBatteryOffsetValue_FW
0xfc5a4d9f,CalcSqrt
0xfc5a4dc7,CalcSqrt_FW
0xfc5a35f1,CalculateBatSenseOffset_FW
0xfc5a4ce7,CalculateLog2ToApex_FW
0xfc5a4ccd,CalculatePeakFromLeastSquareResult_FW
0xfc5a4cf3,CalculatePow2FromApex_FW
0xfc1bee49,CalculateProtractorATanData_FW
0xfc08f98d,CalculateTestRecYUVData_FW
0xfc5a5143,CancelAdj_AEMode_FW
0xfc4ca613,CancelExStrobeMode_FW
0xfc44bf57,CancelFocusLensMaxSpeedLimit_FW
0xfc5a3eb9,CancelImageDrive_FW
0xfc159ce9,CancelImager_FW
0xfc5a9c11,CancelLoopGainCalc_FW
0xfc238df7,CanceltDfeCorrectMode_FW
0xfc1bf1c9,CancelTouchPanelAdjustment_FW
0xfc18a419,Capture.Create_FW
0xfc3f3fb1,Capture.Mem2MemDefMarkWholeSerial_FW
0xfc3f3fd9,Capture.PubHeadDirectMode_FW
0xfc3f3fb7,Capture.SaveCrwWholeSerial_FW
0xfc3f3e95,Capture.SetGainAdjustApexByDriveType_FW
0xfc3f3e8b,Capture.SetGainAdjustmentMode_FW
0xfc3f3edd,Capture.SetGainNormalApexRegularDrive_FW
0xfc3f3eab,Capture.SetGainNormalApexWholeSerial_FW
0xfc3f3ea1,Capture.SetGainNormalMode_FW
0xfc3f3fa9,Capture.WholeParallel_FW
0xfc3f3f19,Capture.WholeSerial_FW
0xfc5a40f1,CaptureWithParam_FW
0xfc24b48f,CecRegDump_FW
0xfc248d33,CecRxViewParameter_FW
0xfc248299,CecViewParameter_FW
0xfc435605,ChangeAdjImgDrvMode_FW
0xfc435625,ChangeAEIntegDrvTypeToAdjImgDriveType_FW
0xfc159db3,ChangeAutoSlowShutterEnable_FW
0xfc020daf,ChangeDefectRecParam_FW
0xfc5a622d,ChangeDistortionSetForLiveImage_FW
0xfc5a6245,ChangeElectronicRollISSetting_FW
0xfc5a9999,ChangeFilterMode_FW
0xfc44c075,ChangeFocusDistanceToPosition_FW
0xfc5a44e9,ChangeImageDrive_FW
0xfc159d2f,ChangeImagerToAlternateDraft_FW
0xfc159d0f,ChangeImagerToCombiParallel_FW
0xfc159d2b,ChangeImagerToDigiconMode_FW
0xfc159d67,ChangeImagerToElectraGlide_FW
0xfc159d8f,ChangeImagerToElectraGlideNepal_FW
0xfc159d8b,ChangeImagerToEsperRocketH_FW
0xfc159d5b,ChangeImagerToFalconJump_FW
0xfc159d4b,ChangeImagerToFantaJungle_FW
0xfc159d17,ChangeImagerToFocusJet_FW
0xfc159d43,ChangeImagerToHarleyDavidson_FW
0xfc159d7b,ChangeImagerToHarleyDavidsonNepal_FW
0xfc159d73,ChangeImagerToHarleySunshine_FW
0xfc159d93,ChangeImagerToHarleySunshineNepal_FW
0xfc159d63,ChangeImagerToHealthyVegetable_FW
0xfc159d23,ChangeImagerToHoneyFlash_FW
0xfc159d4f,ChangeImagerToHoneyFlashDark_FW
0xfc159d87,ChangeImagerToLasVegasMagic_FW
0xfc159d57,ChangeImagerToLCWideDraft_FW
0xfc159d47,ChangeImagerToMachDashV_FW
0xfc159d1b,ChangeImagerToMangoPudding_FW
0xfc159d27,ChangeImagerToMillefeAdjust_FW
0xfc159d3b,ChangeImagerToMontblancMillefe_FW
0xfc159d3f,ChangeImagerToMontblancMovie_FW
0xfc159d37,ChangeImagerToMontblancWhole_FW
0xfc159d2b,ChangeImagerToOITA_XAVIER_FW
0xfc159cff,ChangeImagerToRegularDrive_FW
0xfc159d53,ChangeImagerToRoadKing_FW
0xfc159d7f,ChangeImagerToRoadKingNepal_FW
0xfc159d77,ChangeImagerToRoadQueen_FW
0xfc159d5f,ChangeImagerToSpriteSunshine_FW
0xfc159d1f,ChangeImagerToSuperWideDraft_FW
0xfc159d83,ChangeImagerToSuperWideNepal_FW
0xfc159d33,ChangeImagerToUltraGhostQ_FW
0xfc159d6f,ChangeImagerToVeryFastMangoPudding_FW
0xfc159d6b,ChangeImagerToVeryFastWideDraft_FW
0xfc159d03,ChangeImagerToWholeParallel_FW
0xfc159d07,ChangeImagerToWholeParallelBP_FW
0xfc159d13,ChangeImagerToWideDraft_FW
0xfc159d0b,ChangeImagerToWideDraftFinancier_FW
0xfc44c6c1,ChangeIrisSpeed_FW
0xfc44d965,ChangeParallelMode_FW
0xfc0bbc23,ChangePermission_FW
0xfc13b385,ChangePowerState_FW
0x010e2859,ChangeSDPortVoltage_FW
0xfc5a99b3,ChangeToISCloseControl_FW
0xfc44d1bf,ChangeZoomLensMagnificationToPoint_FW
0xfc44d1b7,ChangeZoomLensPointToMagnification_FW
0xfc44cbd7,ChargeMechaShutter_FW
0xfc4ca647,ChargeStrobe_FW
0xfc4ca669,ChargeStrobeForFA_FW
0xbfe14d0b,CheckAllEventFlag
0xbfe14cd5,CheckAnyEventFlag
0xfc1bf505,CheckAvs_FW
0xfc3f3e6f,CheckFpgaLastVer_FW
0xfc3f3e61,CheckSafShadingData_FW
0xfc1fcd3f,CheckSumAll_FW
0xfc1bf1c3,CheckTouchPanelAdjustStatus_FW
0xfc1bf159,CheckTouchPanelCheckStatus_FW
0xfc1bf1bf,CheckTouchPanelWithStep_FW
0xfc1bf4f1,CheckTPRawLevel_FW
0xfc085ffd,clear_param_FW
0xfc020f5b,ClearDefectTurnTable_FW
0xfc077eb3,ClearDUIDFixFlag_FW
0xfc077e63,ClearDurianMode_FW
0xbfe14e71,ClearEventFlag
0xfc077f6d,ClearFactoryMasterFlag_FW
0xfc077f79,ClearFactoryMasterROMProtection_FW
0xfc077e63,ClearFactoryMode_FW
0xfc5a88bf,ClearFALensInfoData_FW
0xfc131b41,ClearImageDrive_FW
0xfc5a9c07,ClearISCalcZData_FW
0xfc44d9b7,ClearISIComponent_FW
0xfc44d9cf,ClearISZData_FW
0xfc102187,ClearNFCSystemArea_FW
0xfc1bfa93,ClearSoundDevForRecEvent_FW
0xfc077951,ClearWLANFactoryMode_FW
0xfc37a501,Close
0xfc1ee3af,close
0xfc37a501,Close_FW
0xfc0dca79,CloseConsole_FW
0xfc11c565,closedir
0xfc44cb31,CloseMechaShutter_FW
0xfc44cb6d,CloseMechaShutterWithTiming_FW
0xfc5a7b0d,CloseMShutter_FW
0xfc0204a5,Color.TestSceneBlueSky_FW
0xfc0204b9,Color.TestSceneGreen_FW
0xfc0204af,Color.TestSceneSunset_FW
0xfc0bbfed,ComDiscovery_FW
0xfc084b89,connect_FW
0xfc0d864f,ConnectPtpIPService_FW
0xfc4355c9,ConvertAdjImgDrvModeToAdjImgDriveType_FW
0xfc43559f,ConvertAEIntegDrvTypeToAdjImgDriveType_FW
0xfc5a4d5d,ConvertApexStdToApex_FW
0xfc5a4d43,ConvertApexToApexStd_FW
0xfc5ddcc7,ConvertCxCyToWBGain_FW
0xfc547b01,ConvertTvToExposureTime_FW
0xfc5a7005,CopyCMOSNoImgRomToMainRom_FW
0xfc5a4633,CorrectMvFrMem2MemAfterDefMark_FW
0xfc0dc905,CPrintf_FW
0xfc0dc93d,CPutChar_FW
0xfc1f8b0b,CreateAdjustmentTableMirror_FW
0xfc1f8a71,CreateAfBpTableMirror_FW
0xbfe1530d,CreateBinarySemaphore
0xbfe1555f,CreateBinarySemaphoreStrictly
0xfc36d7e5,CreateController_FW
0xbfe15359,CreateCountingSemaphore_FW
0xbfe15579,CreateCountingSemaphoreStrictly
0xfc1f8b17,CreateDefectTableMirror_FW
0xbfe14c61,CreateEventFlag
0xbfe15545,CreateEventFlagStrictly
0xfc37aabf,CreateFADBGSingalID_FW
0xfc1f8aa5,CreateHIVSHDAllAdjTableMirror_FW
0xfc1f87c3,CreateHIVSHDColorEFMTableMirror_FW
0xfc1f8793,CreateHIVSHDColorEFTableMirror_FW
0xfc1f8733,CreateHIVSHDHGainTableMirror_FW
0xfc1f8703,CreateHIVSHDHOffsetTableMirror_FW
0xfc1f8763,CreateHIVSHDVOffsetTableMirror_FW
0xfc547ca5,CreateJumptable
0xbfe15055,CreateMessageQueue
0xbfe1552b,CreateMessageQueueStrictly
0xfc328225,CreateProxyOfEventProcedure_FW
0xbfe1591d,CreateRecursiveLock
0xbfe15593,CreateRecursiveLockStrictly
0xfc1f8adb,CreateSAFAllAdjTableMirror_FW
0xfc1f87f3,CreateSAFDefectTableMirror_FW
0xfc1f8a3d,CreateSAFImgTableMirror_FW
0xfc1f8a09,CreateSAFKGTableMirror_FW
0xfc1f89a1,CreateSAFOffsetFTableMirror_FW
0xfc1f896d,CreateSAFOffsetPTableMirror_FW
0xfc1f89d5,CreateSAFShdTableMirror_FW
0xbfe11fc5,createsemaphore_low
0xbfe14a31,CreateTask
0xbfe14a31,CreateTask_FW
0xbfe15509,CreateTaskStrictly
0xfc1f92e5,CreateUserSettingMirror_FW
0xfc020995,CrossDefDetect_FW
0xfc020999,CrossPickUpDetect_FW
0xfc36d95f,CtrlMan_ChangeZOrder_FW
0x010e1001,DebugAssert
0x010e1017,DebugAssert2
0xfc2a014d,debugOvserverNotify_FW
0xfc2a011b,debugPrintOvserver_FW
0xfc2a00d7,debugStartOvserver_FW
0xfc29fc59,debugStopOvserver_FW
0xfc36d86b,DeleteController_FW
0xbfe14c99,DeleteEventFlag
0xbfe150b9,DeleteMessageQueue
0xfc32825d,DeleteProxyOfEventProcedure_FW
0xbfe15391,DeleteSemaphore
0xbfe15391,DeleteSemaphore_FW
0xfc5a7ab1,DevelopStillPicture_FW
0xfc502025,DevelopTool.DevelopTest_FW
0xfc181473,DeviceUniqueIDCheckSum_FW
0xfc0bb4dd,dhcpAddressing_FW
0xfc1f43e7,DisableAcceleLogRead_FW
0xfc1f43c5,DisableAcceleLogWrite_FW
0xfc2dd979,DisableDebugLogMode_FW
0xfc44ddd1,DisableDISModeChange_FW
0xfc44d337,DisableDlDriveAmpereCheck_FW
0xfc44d323,DisableDlDriverIC_FW
0xfc44bfb9,DisableFocusLens_FW
0xfc44c005,DisableFocusLensGainLock_FW
0xfc44c017,DisableFocusLensSlopeGain_FW
0xfc44c02d,DisableFocusLensWaveLock_FW
0xfc13b405,DisableHDMIPower
0xfc5a4615,DisableHeadDirectCapturePath_FW
0xfc1f4475,DisableHvUpdate_FW
0xfc44c65b,DisableIris_FW
0xfc1bfc15,DisableIRRemoteController_FW
0xfc44da41,DisableISAutoGyroOffset_FW
0xfc44da2d,DisableISDriveError
0xfc44da2d,DisableISDriveError_FW
0xfc44c809,DisableLensError_FW
0xfc44ddf9,DisableMacroIS_FW
0xfc44c8eb,DisableMechaCircuit_FW
0xfc44cd3f,DisableMechaShutterCorrect_FW
0xfc44c913,DisableShutterChargePiCircuit_FW
0xfc44c8ff,DisableShutterPiCircuit_FW
0xfc44d19b,DisableZoomLensElectricControl_FW
0xfc44cf67,DisableZoomLensEncoderPowerControl_FW
0xfc44d183,DisableZoomLensSpeedControl_FW
0xfc084c53,disconnect_FW
0xfc0d8655,DisconnectPtpIPService_FW
0xfc35f1a9,DispCon_GetLcdGainAdjParameter_FW
0xfc35f051,DispCon_GetNTSCAdjParameter_FW
0xfc35f0c1,DispCon_GetPALAdjParameter_FW
0xfc35f291,DispCon_SaveLcdGainAdjParameter_FW
0xfc35f047,DispCon_SaveNTSCAdjParameter_FW
0xfc35f0b7,DispCon_SavePALAdjParameter_FW
0xfc35ed41,DispCon_SetDisplayType_FW
0xfc35f2a3,DispCon_SetExtEvfGainAdjParameter_FW
0xfc35f16b,DispCon_SetLcdGainAdjParameter_FW
0xfc35ef8d,DispCon_SetMaxBackLightBrightness_FW
0xfc35f085,DispCon_SetNTSCAdjParameter_FW
0xfc35f0f7,DispCon_SetPALAdjParameter_FW
0xfc35f2e3,DispCon_SetSSCGParameter_FW
0xfc35ec95,DispCon_ShowBitmapColorBar_FW
0xfc35ebd7,DispCon_ShowBlackChart_FW
0xfc35ec5b,DispCon_ShowBlueChart_FW
0xfc35ea6f,DispCon_ShowColorBar_FW
0xfc35ed55,DispCon_ShowColorChart_FW
0xfc35eccf,DispCon_ShowCustomColorBar_FW
0xfc35ead3,DispCon_ShowFiveStep_FW
0xfc35ec21,DispCon_ShowGreenChart_FW
0xfc35f349,DispCon_ShowHdChart_FW
0xfc35f1d3,DispCon_ShowLcdGainAdjParameter_FW
0xfc35eeb5,DispCon_ShowNStepsChart_FW
0xfc35f079,DispCon_ShowNTSCAdjParameter_FW
0xfc35f0eb,DispCon_ShowPALAdjParameter_FW
0xfc35ebe7,DispCon_ShowRedChart_FW
0xfc35eb9d,DispCon_ShowWhiteChart_FW
0xfc35ed67,DispCon_ShowWhiteLine_FW
0xfc35ef83,DispCon_TurnOffBackLight_FW
0xfc35efc7,DispCon_TurnOffBackLightForCheckVoltage_FW
0xfc35ef6f,DispCon_TurnOffDisplay_FW
0xfc35ef79,DispCon_TurnOnBackLight_FW
0xfc35ef99,DispCon_TurnOnBackLightForCheckVoltage_FW
0xfc35ef65,DispCon_TurnOnDisplay_FW
0xfc18a005,DispDev.Create_FW
0xfc188ee5,DispDev_EnableEventProc
0xfc188ee5,DispDev_EnableEventProc_FW
0xfc077677,DisplayFactoryMode_FW
0xfc1bf20b,DisplayTouchedArea_FW
0xfc3590a7,DispSwCon_TurnOffDisplayDevice_FW
0xfc44d2e5,DlDrive_FW
0xfc0aa83f,DoAELock
0xfc0aa4a1,DoAFLock
0xfc5a45dd,DoMemToMemDarkSubtraction_FW
0xfc18900f,Driver.Create_FW
0xfc18900f,Driver_EnableEventProc_FW
0x01100328,dry_memcpy
0xfc07426d,drysh_FW
0xfc0779b5,DummyUSBConnection_FW
0xfc1894b9,Dump32_FW
0xfc1894af,Dump_FW
0xfc5035ab,dump_FW
0xfc1f818b,DumpAdjMirror_FW
0xfc17b501,DumpEEPRom_FW
0xfc021175,DumpTransparentMemoryItem_FW
0xfc159ab5,E2LatOn_FW
0xfc17bef9,Edet.Create_FW
0xfc17bee9,Edet.Delete_FW
0xfc43187d,EdidDump_FW
0xfc43187b,EdidView_FW
0xfc503039,EF.AdjPreFlash_FW
0xfc503097,EF.ExIsExStrobe_FW
0xfc5030a5,EF.ExtFlashTest_FW
0xfc26e24d,EF.ExtGetIntegValue_FW
0xfc503025,EF.FlashForColorTempEvaluation_FW
0xfc50300d,EF.FlashWithoutSync_FW
0xfc53d8dd,EF.GetEFModExamDriveType_FW
0xfc502f73,EF.GetEFModGain_FW
0xfc502f6b,EF.GetEFY2_FW
0xfc502efd,EF.GetEFY_FW
0xfc4f3041,EF.IsChargeFull_FW
0xfc53d8e9,EF.IsIrisTypeKosaiShibori_FW
0xfc50306f,EF.SetChargeMode_FW
0xfc502ee1,EF.SetChargeOnTime_FW
0xfc502ed3,EF.SetEFChargeTimeOut_FW
0xfc503029,EF.SetMainFlashTime_FW
0xfc502e91,EF.StartEFCharge_FW
0xfc50307d,EF.StartExternalStrobeMode_FW
0xfc502fb7,EF.StartInternalMainFlash_FW
0xfc502f89,EF.StartInternalPreFlash_FW
0xfc502ec9,EF.StopEFCharge_FW
0xfc50308d,EF.StopExternalStrobeMode_FW
0xfc43fbaf,EFLensCom.AFMFSwState_FW
0xfc43fbdb,EFLensCom.ChangeEF2Sync_FW
0xfc440021,EFLensCom.ChangeSync2EF_FW
0xfc43d951,EFLensCom.Connect_FW
0xfc2efa41,EFLensCom.DebugPrint_FW
0xfc2f2aa3,EFLensCom.Disconnect_FW
0xfc43df5f,EFLensCom.DistanceInfo_FW
0xfc43dfd9,EFLensCom.FocusSearchFar_FW
0xfc43dfff,EFLensCom.FocusSearchNear_FW
0xfc43f9e7,EFLensCom.GetAberrationData_FW
0xfc44065f,EFLensCom.GetEFComState_FW
0xfc43ddf1,EFLensCom.GetFNo_FW
0xfc43de27,EFLensCom.GetFNoRange_FW
0xfc43df1d,EFLensCom.GetFocalLength_FW
0xfc43decb,EFLensCom.GetFocusPitch_FW
0xfc43fb21,EFLensCom.GetiBpDesign_FW
0xfc43e439,EFLensCom.GetID_FW
0xfc43dda7,EFLensCom.GetIrisSpeedInfo_FW
0xfc43f969,EFLensCom.GetLatestGyroData_FW
0xfc43fb91,EFLensCom.GetLensType_FW
0xfc43e0c3,EFLensCom.GetNewPO_FW
0xfc43e029,EFLensCom.GetPO_FW
0xfc43fb75,EFLensCom.IsSafeModeLens_FW
0xfc4444fd,EFLensCom.LensFirmUpdate_FW
0xfc43e455,EFLensCom.LoadAEData_FW
0xfc43fa27,EFLensCom.LoadiBpManufacture_FW
0xfc43f9c3,EFLensCom.MoveFocus_FW
0xfc4400e5,EFLensCom.MoveFocusBySync_FW
0xfc43dd75,EFLensCom.MoveIris_FNo_FW
0xfc43d9fb,EFLensCom.MoveIris_FW
0xfc44003b,EFLensCom.MoveIrisBySync_FW
0xfc43fbc7,EFLensCom.OneShotEFStatus_FW
0xfc43d995,EFLensCom.PrintCameraInfo_FW
0xfc4425f1,EFLensCom.PrintDCL1st_FW
0xfc4443b7,EFLensCom.PrintDCL2nd_FW
0xfc44069b,EFLensCom.PrintDCLInit_FW
0xfc443119,EFLensCom.PrintDLC1st_FW
0xfc4444ad,EFLensCom.PrintDLC2nd_FW
0xfc441255,EFLensCom.PrintDLCInit_FW
0xfc43d99f,EFLensCom.PrintLib_FW
0xfc43e46d,EFLensCom.PrintStatus_FW
0xfc43f4bd,EFLensCom.PrintUnitSpec_FW
0xfc43d96b,EFLensCom.Reset_FW
0xfc2f30b3,EFLensCom.ResetFocusPulse_FW
0xfc43d9b3,EFLensCom.ResumeStatus_FW
0xfc43d8c9,EFLensCom.SendCommand_FW
0xfc2ef9e1,EFLensCom.SetError_FW
0xfc4400c9,EFLensCom.SetFocusPowerBySync_FW
0xfc43f9a9,EFLensCom.SetFocusSpdPtn_FW
0xfc43d9c3,EFLensCom.SetFPSetting_FW
0xfc43d9df,EFLensCom.SetPFSetting_FW
0xfc2ef9f9,EFLensCom.StartOCKick_FW
0xfc2efa29,EFLensCom.StopOCKick_FW
0xfc43d9a3,EFLensCom.SuspendStatus_FW
0xfc440165,EFLensCom.SyncComFocusInfo_FW
0xfc4401d9,EFLensCom.SyncComFocusStatus_FW
0xfc2f3b25,EFLensCom.UpdateStatus_FW
0xfc43d86d,EFLensTool.Cmd.Clear_FW
0xfc43d803,EFLensTool.Cmd.GetRcvData_FW
0xfc43d76f,EFLensTool.Cmd.Send_FW
0xfc43d7d3,EFLensTool.Cmd.SetSendData_FW
0xfc43d7a7,EFLensTool.Cmd.SetSize_FW
0xfc43d835,EFLensTool.Cmd.Show_FW
0xfc4449ad,EFLensTool.Create_FW
0xfc43d6f5,EFLensTool.Initialize_FW
0xfc43d721,EFLensTool.SendWithVal_FW
0xfc43d89b,EFLensTool.Terminate_FW
0xfc18e1f3,EFUSE_ReadData_FW
0xfc1f43dd,EnableAcceleLogRead_FW
0xfc1f43bb,EnableAcceleLogWrite_FW
0xfc2dd96f,EnableDebugLogMode_FW
0xfc44dddb,EnableDISModeChange_FW
0xfc44d32d,EnableDlDriveAmpereCheck_FW
0xfc44d319,EnableDlDriverIC_FW
0xfc44bf87,EnableFocusLens_FW
0xfc44bfef,EnableFocusLensGainLockWithVoltage_FW
0xfc44c00d,EnableFocusLensSlopeGain_FW
0xfc44c01f,EnableFocusLensWaveLock_FW
0xfc13b3d5,EnableHDMIPower
0xfc5a460f,EnableHeadDirectCapturePath_FW
0xfc1f446b,EnableHvUpdate_FW
0xfc44c641,EnableIris_FW
0xfc1bfc0b,EnableIRRemoteController_FW
0xfc44da37,EnableISAutoGyroOffset_FW
0xfc44da23,EnableISDriveError_FW
0xfc44c7ff,EnableLensError_FW
0xfc44ddef,EnableMacroIS_FW
0xfc44c8e1,EnableMechaCircuit_FW
0xfc44cd35,EnableMechaShutterCorrect_FW
0xfc44c909,EnableShutterChargePiCircuit_FW
0xfc44c8f5,EnableShutterPiCircuit_FW
0xfc44d18f,EnableZoomLensElectricControl_FW
0xfc44cf5d,EnableZoomLensEncoderPowerControl_FW
0xfc44d177,EnableZoomLensSpeedControl_FW
0xfc17c013,EngApp.Create_FW
0xfc18a48d,EngApp.CreatePub_FW
0xfc17bfd5,EngApp.Delete_FW
0xfc020fe1,EngDrvBits_FW
0xfc020fd5,EngDrvIn_FW
0xfc020fc5,EngDrvOut_FW
0xfc37ff31,EngDrvRead
0xfc020fdb,EngDrvRead_FW
0xfc020ff3,EngDrvReadDump_FW
0xfc18a451,EngineDriver.Create_FW
0xfc37b629,EpilogFile_FW
0xfc37b66f,EpilogMenu_FW
0xfc37b4fd,EpilogShow_FW
0xfc1f816f,EraseAdjustmentArea_FW
0xfc17b561,EraseEEPRom_FW
0xfc5a6a9f,EraseEEPRomAllData_FW
0xfc18ce8d,EraseLogSector_FW
0xfc0f83cb,EraseRom_FW
0xfc188ff5,EraseSignature_FW
0xfc0bbc7f,ErrorTest_Disconnect_FW
0xfc0bbc35,ErrorTest_Succession_FW
0xfc44b745,EscapeFocusLens_FW
0xfc10af59,EvfFunctionCmd_FW
0xfc450a0d,exec_FW
0xfc1bf4f9,ExecuteAvs_FW
0xfc08f477,Executedccd_FW
0xfc020dbf,ExecuteDefectRec_FW
0xfc020dfb,ExecuteDefectRecAndSaveImage_FW
0xfc020ea3,ExecuteDefectRecAndSaveImageWithGrade_FW
0xfc020e5b,ExecuteDefectRecWithGrade_FW
0xfc08ef5d,ExecuteDigicon_FW
0xfc327cc5,ExecuteEventProcedure
0xfc327d09,ExecuteEventProcedure_FW
0xfc4ca6ab,ExecuteInternalPreFlash_FW
0xfc244ffb,ExecuteResetFactory_FW
0xfc244fe9,ExecuteResetFactoryWithRomWrite_FW
0xfc144a71,ExecuteShutDownPropertyService_FW
0xfc08f5e1,ExecuteSubCameraTestRec_FW
0xfc08f5d3,ExecuteTestRec_FW
0xfc08f5e5,ExecuteTestRecCF_FW
0xfc08f9c7,ExecuteTestRecDevelopProcess_FW
0xfc08f5e5,ExecuteTestRecSD_FW
0xfc08f94b,ExecuteTestRecSw1_FW
0xfc08f93b,ExecuteTestRecWithInteg_FW
0xfc10ad75,ExEVFDriverControl_FW
0xfc10aea5,ExEVFDrvReadData_FW
0xfc1bfe05,ExEVFDrvReadRomData_FW
0xfc10aded,ExEVFDrvSetBLLevel_FW
0xfc10b029,ExEVFDrvStartPoling_FW
0xfc10b021,ExEVFDrvStopPoling_FW
0xfc10af05,ExEVFDrvWriteData_FW
0xfc1c0041,ExEVFDrvWriteRomData_FW
0xfc1c012b,ExEVFDrvWriteRomDataWithPolling_FW
0xbfe14c13,ExitTask
0xbfe14c13,ExitTask_FW
0xfc078d9b,ExMem.AllocCacheable_FW
0xfc078c9b,ExMem.AllocUncacheable_FW
0xfc078df1,ExMem.FreeCacheable_FW
0xfc078d57,ExMem.FreeUncacheable_FW
0xfc078805,ExMem.View_FW
0xfc078d63,exmem_alloc
0xfc078da3,exmem_free
0xfc06e3a7,ExMem_FW
0xfc20f82f,ExpCtrlTool.SetExpMode_FW
0xfc20f861,ExpCtrlTool.SoundDevTest_FW
0xfc32821f,ExportToEventProcedure_FW
0xfc189feb,FA.Create_FW
0xfc189fdf,FA.Delete_FW
0xfc5a7709,FactoryPowerOffWithTimer_FW
0xfc37ab35,FADBGPrintf_FW
0xfc37aac7,FADBGSingal_FW
0xfc37abef,FAPrintf_FW
0xfc373f77,Fclose_Fut
0xfc373f77,Fclose_Fut_FW
0xfc374055,Fgets_Fut
0xfc182f25,File.ClearExifInfo_FW
0xfc183039,File.Create_FW
0xfc182ff5,File.Delete_AllImg_FW
0xfc5a50c9,FixAEWithCompensation_FW
0xfc44d94d,FixISStatus_FW
0xfc38d6e7,FmtMenu_ExecuteQuickFormat_FW
0xfc5a5053,FocusAEWithCompensation_FW
0xfc44c1a5,FocusLensStopQuickly_FW
0xfc373f4f,Fopen_Fut
0xfc373f4f,Fopen_Fut_FW
0xfc214519,FPGA.Bypass_FW
0xfc403cab,FPGA.Info_FW
0xfc403bdf,FPGA.LastVer_FW
0xfc214ad1,FPGA.Log_FW
0xfc214451,FPGA.SafLineChk_FW
0xfc21445f,FPGA.SafTimingChk_FW
0xfc403b3b,FPGA.Update_FW
0xfc403bd3,FPGA.Ver_FW
0xfc403c57,FPGA.VerPrint_FW
0xfc0bc829,fprintSNR_FW
0xfc0bc8fd,fprintWPSEThroughput_FW
0xfc373fe9,Fread_Fut
0xfc373fe9,Fread_Fut_FW
0xfc37fe8b,free
0xfc4509d9,FreeMemory_FW
0xfc1536d1,FreeUncacheableMemory
0xfc374087,Fseek_Fut
0xfc374087,Fseek_Fut_FW
0xfc37401f,Fwrite_Fut
0xfc37401f,Fwrite_Fut_FW
0xfc0e15b1,get_canon_mode_list
0xfc3606df,get_current_exp
0xfc379a79,get_fstype
0xfc325ca3,get_playrec_mode
0xfc245fc3,GetAcceleHvPosition_FW
0xfc246063,GetAcceleOrientation_FW
0xfc1f4389,GetAccelerometerDataWithCorrect_FW
0xfc1bee61,GetAccelerometerTemperature_FW
0xfc44ded3,GetAccelX_atMechaCpu_FW
0xfc44dee5,GetAccelY_atMechaCpu_FW
0xfc44def7,GetAccelZ_atMechaCpu_FW
0xfc1f3577,GetAdChValue
0xfc1f3577,GetAdChValue_FW
0xfc1bee0d,GetAdjAcceleration_FW
0xfc1bee65,GetAdjAccelerationDataWithCorrect_FW
0xfc1f9241,GetAdjDataAreaAddress_FW
0xfc1bee45,GetAdjProtractorAngle_FW
0xfc1f81c3,GetAdjTableMapVersion_FW
0xfc1f81cd,GetAdjTableValueVersion_FW
0xfc1f81a1,GetAdjTableVersion_FW
0xfc1f922d,GetAdjustmentOffset_FW
0xfc1f3571,GetAdVBattBottom_FW
0xfc1809f5,GetAEIntegralServiceMode_FW
0xfc1807f3,GetAEIntegralValueWithFix_FW
0xfc1809ef,GetAEIntegValueBit_FW
0xfc180649,GetAEIntegWinData_FW
0xfc180655,GetAEIntegWinDataWithMode_FW
0xfc18089b,GetAllAEIntegralAllValueWithFix_FW
0xfc1f425b,GetAoriAccelerationData_FW
0xfc24601d,GetAoriAngle_FW
0xfc083e5d,GetBatteryCoverClose_FW
0xfc1f60fd,GetBatteryTemperature
0xfc1f60fd,GetBatteryTemperature_FW
0xfc1c028f,GetBatteryVoltage_FW
0xfc1fcc79,GetBuildDate_FW
0xfc1fcc85,GetBuildTime_FW
0xfc18132f,GetCafBpTableDataSize_FW
0xfc1bf783,GetCameraInformationData_FW
0xfc1f60a1,GetCCDTemperature
0xfc1f60a1,GetCCDTemperature_FW
0xfc549445,GetCdsGaindBValue_FW
0xfc549429,GetCdsGainValue_FW
0xfc0dc953,GetCh_FW
0xfc1fce33,GetChipVersion_FW
0xfc0bc085,getCigUrl_FW
0xfc549591,GetCMOSEvenGaindBValue_FW
0xfc549559,GetCMOSEvenGainValue_FW
0xfc549499,GetCMOSGaindBValue_FW
0xfc54947d,GetCMOSGainValue_FW
0xfc549579,GetCMOSOddGaindBValue_FW
0xfc549541,GetCMOSOddGainValue_FW
0xfc5a61e3,GetContinuousMovieJpegVRAMData_FW
0xfc5a5c29,GetContinuousVRAMData_FW
0xfc5a612f,GetContinuousVRAMDataWithRingBuffer_FW
0xfc0869cb,getCountry_FW
0xfc180dbb,GetCrawDataAddr_FW
0xfc5a44f5,GetCrwImageInfo_FW
0xfc5a45d5,GetCrwInfoData_FW
0xfc0bb4b5,getCurCH_FW
0xfc08697d,getCurCHWidth_FW
0xfc435579,GetCurrentAdjImgDriveType_FW
0xfc318e87,GetCurrentAvValue
0xfc318e87,GetCurrentAvValue_FW
0xfc36caf9,GetCurrentCaptureModeType_FW
0xfc1bf745,GetCurrentCcdTemp_FW
0xfc549413,GetCurrentDeltaGainValue_FW
0xfc360393,GetCurrentExposureTime_FW
0xfc435585,GetCurrentImgDrvMode_FW
0xfc37af05,GetCurrentMaximumLogSize_FW
0xfc1bf75d,GetCurrentOptTemp_FW
0xfc360133,GetCurrentShutterSpeed
0xfc360133,GetCurrentShutterSpeed_FW
0xfc0bc0d7,getCWSStatus_FW
0xfc44b657,GetCZFramingAssistAutoHighSpeed_FW
0xfc44b65d,GetCZFramingAssistAutoLowSpeed_FW
0xfc44b651,GetCZFramingAssistStillSpeed_FW
0xfc44b647,GetCZMovieDefaultSpeed_FW
0xfc44b63b,GetCZMovieHighSpeed_FW
0xfc44b63f,GetCZMovieLowSpeed_FW
0xfc44b643,GetCZStillDefaultSpeed_FW
0xfc44b633,GetCZStillHighSpeed_FW
0xfc44b637,GetCZStillLowSpeed_FW
0xfc503201,GetDarkFixedFocusPosition_FW
0xfc189431,GetDateAndTime_FW
0xfc5a66a3,GetDay_FW
0xfc08f537,GetdccdFilterValue_FW
0xfc08f4d3,GetdccdImage_FW
0xfc1f8e81,GetDCPAdjOffset_FW
0xfc020b3b,GetDefectAllResultData_FW
0xfc020ae9,GetDefectCrawInfo_FW
0xfc020bf1,GetDefectHistgramInfo_FW
0xfc020b6b,GetDefectPartResultData_FW
0xfc020f65,GetDefectTurnTableParam_FW
0xfc020c15,GetDefectTvAdj_FW
0xfc5494b5,GetDegeenGaindBValue_FW
0xfc549509,GetDfeGaindBValue_FW
0xfc5494ed,GetDfeGainValue_FW
0xfc083e55,GetDialEventId_FW
0xfc317b59,GetDISModeParameter_FW
0xfc44ddbd,GetDISModeParamType_FW
0xfc44d3dd,GetDlCycleCount_FW
0xfc44d3f5,GetDlCycleIntervalTime_FW
0xfc44d399,GetDlDeltaFrequency_FW
0xfc445dd9,GetDlDriveMaxAdValue_FW
0xfc445dd5,GetDlDriveMinAdValue_FW
0xfc44d379,GetDlEndFrequency_FW
0xfc44d341,GetDlNumOfPattern_FW
0xfc550c33,GetDlSettingPwmDuty_FW
0xfc550c47,GetDlSettingPwmDutyDelta_FW
0xfc550c5b,GetDlSettingPwmDutyStepTime_FW
0xfc44d477,GetDlSettingSequenceDlCnt_FW
0xfc44d48f,GetDlSettingSequenceT1_FW
0xfc550bbb,GetDlSettingUserSeqT1_FW
0xfc550bcf,GetDlSettingUserSeqT2_FW
0xfc550bf7,GetDlSettingUserSeqT3_FW
0xfc550c0b,GetDlSettingUserSeqT4_FW
0xfc550c1f,GetDlSettingUserSeqT4DlCnt_FW
0xfc550be3,GetDlSettingUserSeqTsh_FW
0xfc44d359,GetDlStartFrequency_FW
0xfc44d3bb,GetDlSweepTime_FW
0xfc45078d,GetDramDensity_FW
0xfc450775,GetDramManufactureId_FW
0xfc45077d,GetDramRevision_FW
0xfc450785,GetDramRfu_FW
0xfc450795,GetDramTypeError_FW
0xfc379adf,GetDrive_ClusterSize
0xfc379fe3,GetDrive_FreeClusters
0xfc179295,GetDriverInfoEvent_FW
0xfc086a27,getEepromNum_FW
0xfc5a85c7,GetEFLensFocusPositionWithLensCom_FW
0xfc2f18bd,GetEFLensFocusPositionWithoutLensCom_FW
0xfc5a76bd,GetEFUSEData_FW
0xfc1bf56f,GetEFuseData_FW
0xbfe14ea1,GetEventFlagValue
0xfc10ae95,GetEvfFirmVersion_FW
0xfc1bfcfd,GetExpCorrectDialId_FW
0xfc4ca5ff,GetExStrobeID_FW
0xfc5a8915,GetFAAfScanInfoData_FW
0xfc020fb5,GetFaceAuthBinAddr_FW
0xfc020fb9,GetFaceAuthBinSize_FW
0xfc445dd9,GetFADLDriveMaxADValue_FW
0xfc445dd5,GetFADLDriveMinADValue_FW
0xfc5a9247,GetFADLDriveSettingCycleCount_FW
0xfc5a9257,GetFADLDriveSettingCycleIntervalTime_FW
0xfc5a9217,GetFADLDriveSettingDeltaFrequency_FW
0xfc5a9201,GetFADLDriveSettingEndFrequency_FW
0xfc5a91db,GetFADLDriveSettingNumPattern_FW
0xfc5a91e9,GetFADLDriveSettingStartFrequency_FW
0xfc5a922f,GetFADLDriveSettingSweepTime_FW
0xfc5a88a3,GetFALensInfoData_FW
0xfc5a7be7,GetFaMechaShutterPiTime_FW
0xfc1fcc91,GetFirmwareVersion_FW
0xfc317c19,GetFixedPWMOutA_FW
0xfc317c1f,GetFixedPWMOutB_FW
0xfc44c1f5,GetFocusLensCarrierFrequency_FW
0xfc35fb5f,GetFocusLensCurrentPosition_FW
0xfc55461f,GetFocusLensCurrentPositionWithMotor_FW
0xfc554623,GetFocusLensDriveVoltage_FW
0xfc55462f,GetFocusLensGainSlope_FW
0xfc554633,GetFocusLensHoldVoltage_FW
0xfc44b6f5,GetFocusLensIrisCoefficient_FW
0xfc44c07b,GetFocusLensLoadCamTable_FW
0xfc44c05f,GetFocusLensLoadSubjectDistance_FW
0xfc44c141,GetFocusLensMoveMaxPosition_FW
0xfc44c151,GetFocusLensMoveMinPosition_FW
0xfc44c165,GetFocusLensMoveRangeOfTelePoint_FW
0xfc44c05b,GetFocusLensPositionRatio_FW
0xfc35f9cd,GetFocusLensPullInMaxSpeed_FW
0xfc554627,GetFocusLensResetDefaultPosition_FW
0xfc55462b,GetFocusLensResetPosition_FW
0xfc554637,GetFocusLensResetVoltage_FW
0xfc55463b,GetFocusLensSettingWaitVoltage_FW
0xfc35fb2b,GetFocusLensSubjectDistance
0xfc44c045,GetFocusLensSubjectDistance_FW
0xfc44c057,GetFocusLensSubjectDistanceNumber_FW
0xfc0f8a43,GetFocusStartZoomPosition_FW
0xfc5a767b,GetFPGABinSize_FW
0xfc5a764f,GetFPGACheckSum_FW
0xfc5a7665,GetFPGAGangSum_FW
0xfc5a73b9,GetFPGAOrgVersion_FW
0xfc5a7383,GetFPGAVersion_FW
0xfc547bf5,GetFrameRateWithApex_FW
0xfc3179ef,GetGyro10BitDACPitch_FW
0xfc186951,GetGyro10BitDACRoll_FW
0xfc3179f5,GetGyro10BitDACYaw_FW
0xfc3179bf,GetGyroDataPitch_FW
0xfc186923,GetGyroDataRoll_FW
0xfc3179d7,GetGyroDataYaw_FW
0xfc44d8a7,GetGyroFilterCharge_FW
0xfc5a9adf,GetGyroFilterChargeStatus_FW
0xfc317a07,GetGyroHPFINOffsetPitch_FW
0xfc186971,GetGyroHPFINOffsetRoll_FW
0xfc317a0f,GetGyroHPFINOffsetYaw_FW
0xfc317a17,GetGyroHPFINPitch_FW
0xfc18697f,GetGyroHPFINRoll_FW
0xfc317a1d,GetGyroHPFINYaw_FW
0xfc5a7a79,GetHivshdCaptureOffsetCoeff_FW
0xfc5a7a73,GetHIVSHDHGainThrough_FW
0xfc5a7a6d,GetHIVSHDOffsetFixFlag_FW
0xfc5a66b9,GetHour_FW
0xfc1f5ac1,GetInputAverageLevel_FW
0xfc1fccdb,GetInternalFirmwareVersion_FW
0xfc318edf,GetIrisAbsoluteAv_FW
0xfc318e2f,GetIrisAv_FW
0xfc44c743,GetIrisCloseLimitAv_FW
0xfc318f23,GetIrisCurrentAbsoluteAv_FW
0xfc318e5b,GetIrisCurrentAv_FW
0xfc318eb3,GetIrisCurrentEffectiveAv_FW
0xfc319189,GetIrisCurrentPosition_FW
0xfc554657,GetIrisDriveVoltage_FW
0xfc55465b,GetIrisDriveVoltageLow_FW
0xfc318e87,GetIrisEffectiveAv_FW
0xfc55465f,GetIrisHoldVoltage_FW
0xfc44c733,GetIrisOpenLimitAv_FW
0xfc554663,GetIrisSettingWaitVoltage_FW
0xfc554667,GetIrisSpecClosePosition_FW
0xfc55466b,GetIrisSpecOpenPosition_FW
0xfc1bfc33,GetIRRemoteControllerTestStatus_FW
0xfc44dd3b,GetISCrossTalkComp_FW
0xfc5a9b03,GetISCrossTalkCompCoeff_FW
0xfc44d71d,GetISDriveAaxis_FW
0xfc44d731,GetISDriveBaxis_FW
0xfc44d8bb,GetISFirmVersion_FW
0xfc5a99fd,GetISGyro10BitDACPitch_FW
0xfc5a9a01,GetISGyro10BitDACYaw_FW
0xfc5a99ed,GetISGyroData_FW
0xfc5a99e5,GetISGyroDataPitch_FW
0xfc5a99e9,GetISGyroDataYaw_FW
0xfc44d7f5,GetISGyroGainAaxis_FW
0xfc44d809,GetISGyroGainBaxis_FW
0xfc44d81d,GetISGyroGainbyAxisType_FW
0xfc5a9a09,GetISGyroHPFINOffsetPitch_FW
0xfc5a9a0d,GetISGyroHPFINOffsetYaw_FW
0xfc5a99f1,GetISGyroHPFINPitch_FW
0xfc5a99f5,GetISGyroHPFINYaw_FW
0xfc5a9a05,GetISGyroOffset10BitDACData_FW
0xfc5a9a11,GetISGyroOffsetHPFINData_FW
0xfc5a9bf5,GetISGyroPitchGain_FW
0xfc5a9bfb,GetISGyroYawGain_FW
0xfc44da59,GetISHallAmpFirstGain_FW
0xfc5a9bc5,GetISHallDevicePitchGain_FW
0xfc5a9b6b,GetISHallDevicePitchOffset_FW
0xfc5a9bcb,GetISHallDeviceYawGain_FW
0xfc5a9b71,GetISHallDeviceYawOffset_FW
0xfc44d7b1,GetISHallGainAaxis_FW
0xfc44d7c5,GetISHallGainBaxis_FW
0xfc44d7d9,GetISHallGainbyAxisType_FW
0xfc44d76d,GetISHallOffsetAaxis_FW
0xfc44d781,GetISHallOffsetBaxis_FW
0xfc44d795,GetISHallOffsetbyAxisType_FW
0xfc5a9c2f,GetISHallOffsetDAConvertValue_FW
0xfc5a994d,GetISHallOffsetDACValue_FW
0xfc44d9d9,GetISHallOut1Amp_FW
0xfc5a99f9,GetISHPFINGyroData_FW
0xfc5a993d,GetISLens1stHallAmpValue_FW
0xfc5a995d,GetISLensCorrectedEViAaxis_FW
0xfc5a9963,GetISLensCorrectedEViBaxis_FW
0xfc5a9969,GetISLensDampAaxis_FW
0xfc5a996d,GetISLensDampBaxis_FW
0xfc5a9be3,GetISLensDriveValue_FW
0xfc5a9951,GetISLensEViAaxis_FW
0xfc5a9957,GetISLensEViBaxis_FW
0xfc5a9c01,GetISLensGyroGain_FW
0xfc5a9bd1,GetISLensHallGain_FW
0xfc5a9b77,GetISLensHallOffset_FW
0xfc5a9bf1,GetISLensPositionValue_FW
0xfc44d8ef,GetISParamVersion_FW
0xfc5a9bd7,GetISPitchPWM_FW
0xfc44d745,GetISPositionAaxis_FW
0xfc44d759,GetISPositionBaxis_FW
0xfc317703,GetISPWMFrequency_FW
0xfc317707,GetISPWMPeriod_FW
0xfc5a9be9,GetISShiftLensPitchPosition_FW
0xfc5a9bed,GetISShiftLensYawPosition_FW
0xfc5a9bdd,GetISYawPWM_FW
0xfc075053,GetKbdState
0xfc5a69cf,GetLastVBatADLevel_FW
0xfc17b2b5,GetLatestHVPosition_FW
0xfc083e59,GetLcdPosition_FW
0xfc25d62f,GetLensErrorStatus_FW
0xfc5a8427,GetLensExtenderSerialNumberValue_FW
0xfc25d0d5,GetLensExtenderTypeValue_FW
0xfc25d165,GetLensIDValue_FW
0xfc5a83c7,GetLensSerialNumberValue_FW
0xfc25d11f,GetLensTypeValue_FW
0xfc37aed1,GetLogData_FW
0xfc37aed5,GetLogDataOnlyAddMemory_FW
0xfc37e7bb,GetLogicalEventName_FW
0xfc18ce6b,GetLogToFile_FW
0xfc5a9abf,GetLoopGain_FW
0xfc44dadd,GetLoopGainAdjValue_FW
0xfc44da95,GetLoopGainCalcData_FW
0xfc5a9a8b,GetLoopGainCalcData_FW
0xfc44d987,GetLPFParallelBest_FW
0xfc5a4653,GetLvMagWindowInfo_FW
0xfc0bb483,getMacAddress_FW
0xfc0bc985,getMacAddressBy1byte_FW
0xfc44de8f,GetMacroISAngleAndVelocityA_FW
0xfc44deb1,GetMacroISAngleAndVelocityB_FW
0xfc5a9b31,GetMacroISEstimateRadius_FW
0xfc5a9b35,GetMacroISEstimateVelocity_FW
0xfc44de21,GetMacroISEstimRadiusA_FW
0xfc44de33,GetMacroISEstimRadiusB_FW
0xfc5a9b1b,GetMacroISGain_FW
0xfc44de4f,GetMacroISGainA_FW
0xfc44de61,GetMacroISGainB_FW
0xfc0f5491,GetMacroSupportZoomPoint_FW
0xfc44d8d5,GetMechaDSPVersion_FW
0xfc44cd59,GetMechaShutterCloseDacSetting_FW
0xfc185e05,GetMechaShutterMoveTime_FW
0xfc44cd85,GetMechaShutterOpenDacSetting_FW
0xfc44cc91,GetMechaShutterPiTime_FW
0xfc18602d,GetMechaShutterStatus_FW
0xfc5a136d,GetMemInfo
0xfc1c0587,GetMicSoundLevelForFATest_FW
0xfc5a66cf,GetMinute_FW
0xfc1bfc73,GetModeDialId_FW
0xfc1bfb1b,GetModeDialName_FW
0xfc1bfaa7,GetModeDialState_FW
0xfc5a668b,GetMonth_FW
0xfc133dad,GetMovieJpegVRAMHPixelsSize_FW
0xfc133db5,GetMovieJpegVRAMVPixelsSize_FW
0xfc5a7adf,GetMShutterStatus_FW
0xfc55467b,GetNdMoveTime_FW
0xfc1c01f1,GetNFCSystemAreaData_FW
0xfc1c0245,GetNFCUserAreaData_FW
0xfc0bc117,getNickNameByAliasID_FW
0xbfe152a5,GetNumberOfPostedMessages
0xfc18091b,GetOnlyAEIntegData_FW
0xfc1f6157,GetOpticalTemperature
0xfc1f6157,GetOpticalTemperature_FW
0xfc278531,GetParameterData
0xfc5a60d1,GetPixelsOfViewangle_FW
0xfc083e67,GetPopupOpen_FW
0xfc5a7691,GetPPPVersion_FW
0xfc1f9231,GetProductID_FW
0xfc373499,GetPropertyCase
0xfc1893df,GetPropertyCase_FW
0xfc5a4561,GetRawBufferAdd_FW
0xfc0f846d,GetRomID_FW
0xfc18132b,GetSafBpTableDataSize_FW
0xfc181327,GetSafCrossTalkTableDataSize_FW
0xfc181317,GetSafDefectTableDataSize_FW
0xfc181321,GetSafGHOSTTableDataSize_FW
0xfc18131b,GetSafKGTableDataSize_FW
0xfc18130f,GetSafOffsetFTableDataSize_FW
0xfc18130b,GetSafOffsetPTableDataSize_FW
0xfc181313,GetSafSHDTableDataSize_FW
0xfc1f4381,GetScalar_Acceleration_FW
0xfc083e3f,GetSDDetect_FW
0xfc083e45,GetSDProtect_FW
0xfc5a66e5,GetSecond_FW
0xfc36d9af,GetSelfControllerHandle_FW
0xbfe154a9,GetSemaphoreValue
0xfc547bb7,GetShutterSpeedRegularMaxLimit_FW
0xfc547bc9,GetShutterSpeedRegularMinLimit_FW
0xfc245fc9,GetSlantAngle_FW
0xfc1f422f,GetSlantData_FW
0xfc0858b1,getSTAList_FW
0xfc0dc983,GetStringWithPrompt_FW
0xfc5a736d,GetSubCPUCheckSum_FW
0xfc5a7357,GetSubCPUVersion_FW
0xfc5a5b81,GetSumYOfVRAMCenterLine_FW
0xfc083de7,GetSwitchStatus_FW
0xfc083dcf,GetSwStatusOfSET_FW
0xfc450a01,GetSystemTime
0xfc450a01,GetSystemTime_FW
0xfc08f985,GetTestRecCrawAddress_FW
0xfc188fe9,GetTimeFromRTC_FW
0x010e124d,GetTimeOfSystem_FW
0xfc1bf7a9,GetTotalShootCount_FW
0xfc5a76a7,GetTPDriverVersion_FW
0xfc0211f3,GetTransparentMemory_FW
0xfc021215,GetTransparentMemoryPosition_FW
0xfc0211e7,GetTransparentMemorySize_FW
0xfc25e95f,GetTRIPODModeFlagbyIS_FW
0xfc319021,GetUsableAvRange
0xfc181251,GetUsableMaxAv
0xfc181251,GetUsableMaxAv_FW
0xfc18123f,GetUsableMinAv
0xfc18123f,GetUsableMinAv_FW
0xfc547bab,GetUserSetShutterSPeed_FW
0xfc130beb,GetVBatVoltage_FW
0xfc549461,GetVgaGainValue_FW
0xfc5a54e1,GetVideoOutType_FW
0xfc133d9d,GetVRAMHPixelsSize
0xfc133d9d,GetVRAMHPixelsSize_FW
0xfc133da5,GetVRAMVPixelsSize
0xfc133da5,GetVRAMVPixelsSize_FW
0xfc0bc0ed,getWebServiceNumByAliasID_FW
0xfc1bf723,GetWLANEepromNum_FW
0xfc1bf6a3,GetWLANMACAddress_FW
0xfc245e1b,GetX_AxisAcceleration_FW
0xfc245e0f,GetY_AxisAcceleration_FW
0xfc5a666f,GetYear_FW
0xfc245e03,GetZ_AxisAcceleration_FW
0xfc554691,GetZoomAmpereLimitOffTime_FW
0xfc1861cf,GetZoomLensCurrentPoint
0xfc1861cf,GetZoomLensCurrentPoint_FW
0xfc186183,GetZoomLensCurrentPosition
0xfc186183,GetZoomLensCurrentPosition_FW
0xfc44d161,GetZoomLensDriveAmpereDac_FW
0xfc186223,GetZoomLensMechaEdgePosition_FW
0xfc18619f,GetZoomLensTelePoint_FW
0xbfe15479,GiveSemaphore
0xbfe15479,GiveSemaphore_FW
0xbfe1208b,givesemaphore_low
0xfc3f11e3,GraphicSystemCoreFinish
0xfc20b393,GraphicSystemCoreFinish_helper
0xfc1454c9,GUISrv_StartGUISystem_FW
0xfc1ee71b,HardwareDefect_FW
0xfc1ee6eb,HardwareDefectWithRestart_FW
0xfc431877,HdmiAudioSampleFreq_FW
0xfc431819,HdmiChange5VShortState_FW
0xfc24b41b,HdmiRegDump_FW
0xfc17a589,HdmiViewParameter_FW
0xfc43181f,HecHdmiCecPhysicalCheckForScript_FW
0xfc5a97bf,HitISLensAgainstBottomEdge_FW
0xfc5a97cb,HitISLensAgainstLeftEdge_FW
0xfc5a97d7,HitISLensAgainstRightEdge_FW
0xfc5a97b3,HitISLensAgainstTopEdge_FW
0xfc5a97e3,HitISLensToMechaEdge_FW
0xfc5a99a5,HitISMechaEdgeInOpenControl_FW
0xfc131a2b,imager_active_callback
0xfc131abf,ImagerActivate
0xfc0bb4fb,imlInitialize_FW
0xfc37aee7,InactivateAdjLog_FW
0xfc0bfde9,initComDiscovery_FW
0xfc189fc9,InitializeAdjustmentFunction_FW
0xfc189f89,InitializeAdjustmentSystem_FW
0xfc2a00a7,InitializeAudio_FW
0xfc08ee8b,Initializedccd_FW
0xfc020f11,InitializeDefectRec_FW
0xfc08ee8b,InitializeDigicon_FW
0xfc1c0053,InitializeExEVF_FW
0xfc10ac71,InitializeExEVFDriver_FW
0xfc02171b,InitializeFAExtendFile_FW
0xfc021705,InitializeFAGeneralTest_FW
0xfc1c0163,InitializeNFCAdjustment_FW
0xfc170271,InitializePTPIPTransportResponder_FW
0xfc1bfa63,InitializeSoundDevForRecEvent_FW
0xfc0214b9,InitializeSoundRec_FW
0xfc08e6b7,InitializeTestRec_FW
0xfc084049,InitializeWLAN_FW
0xfc44dfc1,ISActive_FW
0xfc44d63d,ISAutoCenter_FW
0xfc44b64b,IsAvailableCZSpeed_FW
0xfc1f6227,IsBatteryTemperature_FW
0xfc1f6203,IsCCDTemperature_FW
0xfc44d667,ISChangeOPENtoCLOSE_FW
0xfc36342d,IsControlEventActive_FW
0xfc44d917,ISControlStart_FW
0xfc44d921,ISControlStop_FW
0xfc07800f,IsDUIDFixFlag_FW
0xfc2f461f,IsEFLensMFSwOn_FW
0xfc5a55ad,IsEVFDrive_FW
0xfc5a5861,IsEvfDriveMode_FW
0xfc4ca607,IsExStrobeChargeComp_FW
0xfc1bfc37,IsExtStrobeDetect_FW
0xfc07774f,IsFAConnectUSB_FW
0xfc077fbd,IsFactoryMode_FW
0xfc077749,IsFAWLANRunning_FW
0xfc44df2d,ISFixedPWMOFF_FW
0xfc44df21,ISFixedPWMON_FW
0xfc083e63,IsHvSensorExist_FW
0xfc317559,ISInitMotion_FW
0xfc3191a9,IsIrisSlowCtrlAvailable_FW
0xfc3191af,IsIrisStableState_FW
0xfc0f8a29,IsLensOutside_FW
0xfc37aeff,IsLogOutType_FW
0xfc44d9f3,ISMDStart_FW
0xfc44d9fd,ISMDStop_FW
0xfc44dfad,ISMemoryWrite_FW
0xfc077fa5,IsMountLens_FW
0xfc44d659,ISMoveToMechaEdgeOPEN_FW
0xfc07803f,IsNormalCameraMode_FW
0xfc020fbd,IsOKFaceAuthBinFile_FW
0xfc1f61df,IsOpticalTemperature_FW
0xfc44d92b,ISPanModeStart_FW
0xfc44d935,ISPanModeStop_FW
0xfc18ce81,IsRomLogAvailable_FW
0xfc1bfb29,IsSDDetect_FW
0xfc4f3041,IsStrobeChargeCompleted
0xfc1bfb65,IsStrobePopup_FW
0xfc302380,j__log10
0xfc3021e0,j__pow
0xfc1803b9,j_AbortAEIntegralValue_FW
0xfc302010,j_AcquireRecursiveLock
0xfc3020b8,j_AcquireRecursiveLockStrictly
0xfc0bb4d9,j_autoIPAddressing_FW
0xfc188f41,j_BeepDrive_FW
0xfc188f45,j_BeepDriveComp_FW
0xfc188f49,j_BeepDriveStop_FW
0xfc302418,j_bzero
0xfc549535,j_CanceltDfeCorrectMode_FW
0xfc43187f,j_CecRegDump_FW
0xfc302118,j_CheckAllEventFlag
0xfc302180,j_CheckAnyEventFlag
0xfc1bf1c7,j_CheckTouchPanelCheckStatus_FW
0xfc3023b0,j_ClearEventFlag
0xfc5a45d1,j_ClearImageDrive_FW
0xfc1c016d,j_ClearNFCSystemArea_FW
0xfc37a579,j_Close_FW
0xfc11c673,j_closedir
0xfc5a7355,j_CopyCMOSNoImgRomToMainRom_FW
0xfc1f8b31,j_CreateAfBpTableMirror_FW
0xfc3022a0,j_CreateBinarySemaphore
0xfc302308,j_CreateBinarySemaphoreStrictly
0xfc301f28,j_CreateCountingSemaphoreStrictly
0xfc3021a0,j_CreateEventFlag
0xfc3023f8,j_CreateEventFlagStrictly
0xfc1f8b33,j_CreateHIVSHDAllAdjTableMirror_FW
0xfc1f8b23,j_CreateHIVSHDColorEFMTableMirror_FW
0xfc1f8b21,j_CreateHIVSHDColorEFTableMirror_FW
0xfc1f8b1d,j_CreateHIVSHDHGainTableMirror_FW
0xfc1f8b1b,j_CreateHIVSHDHOffsetTableMirror_FW
0xfc1f8b1f,j_CreateHIVSHDVOffsetTableMirror_FW
0xfc302190,j_CreateMessageQueue
0xfc3022b8,j_CreateMessageQueueStrictly
0xfc302100,j_CreateRecursiveLock
0xfc3020b0,j_CreateRecursiveLockStrictly
0xfc1f8b35,j_CreateSAFAllAdjTableMirror_FW
0xfc1f8b25,j_CreateSAFDefectTableMirror_FW
0xfc1f8b2f,j_CreateSAFImgTableMirror_FW
0xfc1f8b2d,j_CreateSAFKGTableMirror_FW
0xfc1f8b29,j_CreateSAFOffsetFTableMirror_FW
0xfc1f8b27,j_CreateSAFOffsetPTableMirror_FW
0xfc1f8b2b,j_CreateSAFShdTableMirror_FW
0xfc302378,j_createsemaphore_low
0xfc3021b0,j_CreateTask
0xfc3022c0,j_CreateTaskStrictly
0xfc1f8b3f,j_CreateUserSettingMirror_FW
0xfc302410,j_DebugAssert
0xfc301df0,j_DebugAssert2
0xfc3023a8,j_DeleteEventFlag
0xfc302290,j_DeleteMessageQueue
0xfc3022f0,j_DeleteSemaphore
0xfc3023f0,j_dry_memcpy
0xfc159daf,j_E2LatOn_FW
0xfc5030bb,j_EF.ExtGetIntegValue_FW
0xfc502f7d,j_EF.GetEFModExamDriveType_FW
0xfc503035,j_EF.IsChargeFull_FW
0xfc502f81,j_EF.IsIrisTypeKosaiShibori_FW
0xfc43d991,j_EFLensCom.Disconnect_FW
0xfc43e025,j_EFLensCom.ResetFocusPulse_FW
0xfc43e451,j_EFLensCom.UpdateStatus_FW
0xfc5a7063,j_EraseEEPRomAllData_FW
0xfc1894f9,j_exec_FW
0xfc08fa0d,j_Executedccd_FW
0xfc08fa09,j_ExecuteDigicon_FW
0xfc24500d,j_ExecuteShutDownPropertyService_FW
0xfc06e39f,j_ExMem.AllocCacheable_FW
0xfc06e397,j_ExMem.AllocUncacheable_FW
0xfc06e3a3,j_ExMem.FreeCacheable_FW
0xfc06e39b,j_ExMem.FreeUncacheable_FW
0xfc06e393,j_ExMem.View_FW
0xfc37a3f1,j_free
0xfc1f4483,j_GetAcceleHvPosition_FW
0xfc1f4487,j_GetAcceleOrientation_FW
0xfc188f3d,j_GetAdChValue_FW
0xfc1f81c1,j_GetAdjTableVersion_FW
0xfc188f39,j_GetAdVBattBottom_FW
0xfc180653,j_GetAEIntegWinData_FW
0xfc1bee69,j_GetAoriAccelerationData_FW
0xfc1f448b,j_GetAoriAngle_FW
0xfc188fdd,j_GetBatteryCoverClose_FW
0xfc1f6261,j_GetBatteryTemperature_FW
0xfc1c02a3,j_GetBatteryVoltage_FW
0xfc1bf7a7,j_GetCameraInformationData_FW
0xfc1f625f,j_GetCCDTemperature_FW
0xfc1810d7,j_GetCurrentAvValue_FW
0xfc1bf75b,j_GetCurrentCcdTemp_FW
0xfc547b17,j_GetCurrentExposureTime_FW
0xfc1bf781,j_GetCurrentOptTemp_FW
0xfc547b23,j_GetCurrentShutterSpeed_FW
0xfc08fa11,j_GetdccdFilterValue_FW
0xfc08fa0f,j_GetdccdImage_FW
0xfc5a6a0d,j_GetDCPAdjOffset_FW
0xfc188fd5,j_GetDialEventId_FW
0xfc5a9aed,j_GetDISModeParameter_FW
0xfc44d549,j_GetDlDriveMaxAdValue_FW
0xfc44d54d,j_GetDlDriveMinAdValue_FW
0xfc44d513,j_GetDlSettingPwmDuty_FW
0xfc44d525,j_GetDlSettingPwmDutyDelta_FW
0xfc44d537,j_GetDlSettingPwmDutyStepTime_FW
0xfc44d4a7,j_GetDlSettingUserSeqT1_FW
0xfc44d4b9,j_GetDlSettingUserSeqT2_FW
0xfc44d4dd,j_GetDlSettingUserSeqT3_FW
0xfc44d4ef,j_GetDlSettingUserSeqT4_FW
0xfc44d501,j_GetDlSettingUserSeqT4DlCnt_FW
0xfc44d4cb,j_GetDlSettingUserSeqTsh_FW
0xfc188fe5,j_GetDriverInfoEvent_FW
0xfc5a892b,j_GetEFLensFocusPositionWithLensCom_FW
0xfc5a8927,j_GetEFLensFocusPositionWithoutLensCom_FW
0xfc5a76c9,j_GetEFUSEData_FW
0xfc3021f0,j_GetEventFlagValue
0xfc1bfd8f,j_GetExpCorrectDialId_FW
0xfc5a91d3,j_GetFADLDriveMaxADValue_FW
0xfc5a91d7,j_GetFADLDriveMinADValue_FW
0xfc44df55,j_GetFixedPWMOutA_FW
0xfc44df59,j_GetFixedPWMOutB_FW
0xfc44c035,j_GetFocusLensCurrentPosition_FW
0xfc44c039,j_GetFocusLensCurrentPositionWithMotor_FW
0xfc44c09d,j_GetFocusLensDriveVoltage_FW
0xfc44c119,j_GetFocusLensGainSlope_FW
0xfc44c0ed,j_GetFocusLensHoldVoltage_FW
0xfc44c161,j_GetFocusLensPullInMaxSpeed_FW
0xfc44c041,j_GetFocusLensResetDefaultPosition_FW
0xfc44c03d,j_GetFocusLensResetPosition_FW
0xfc44c115,j_GetFocusLensResetVoltage_FW
0xfc44c0c5,j_GetFocusLensSettingWaitVoltage_FW
0xfc44c7fb,j_GetFocusStartZoomPosition_FW
0xfc5a768f,j_GetFPGABinSize_FW
0xfc5a7663,j_GetFPGACheckSum_FW
0xfc5a7679,j_GetFPGAGangSum_FW
0xfc5a764d,j_GetFPGAOrgVersion_FW
0xfc5a73b7,j_GetFPGAVersion_FW
0xfc44d85d,j_GetGyro10BitDACPitch_FW
0xfc44d861,j_GetGyro10BitDACYaw_FW
0xfc44d839,j_GetGyroDataPitch_FW
0xfc186939,j_GetGyroDataRoll_FW
0xfc44d83d,j_GetGyroDataYaw_FW
0xfc44d881,j_GetGyroHPFINOffsetPitch_FW
0xfc44d885,j_GetGyroHPFINOffsetYaw_FW
0xfc44d889,j_GetGyroHPFINPitch_FW
0xfc44d88d,j_GetGyroHPFINYaw_FW
0xfc44c5a3,j_GetIrisAbsoluteAv_FW
0xfc44c593,j_GetIrisAv_FW
0xfc44c5a7,j_GetIrisCurrentAbsoluteAv_FW
0xfc44c597,j_GetIrisCurrentAv_FW
0xfc44c59f,j_GetIrisCurrentEffectiveAv_FW
0xfc44c5ab,j_GetIrisCurrentPosition_FW
0xfc44c681,j_GetIrisDriveVoltage_FW
0xfc44c691,j_GetIrisDriveVoltageLow_FW
0xfc44c59b,j_GetIrisEffectiveAv_FW
0xfc44c6b1,j_GetIrisHoldVoltage_FW
0xfc44c6a1,j_GetIrisSettingWaitVoltage_FW
0xfc44c67d,j_GetIrisSpecClosePosition_FW
0xfc44c679,j_GetIrisSpecOpenPosition_FW
0xfc44df75,j_GetISPWMFrequency_FW
0xfc44df79,j_GetISPWMPeriod_FW
0xfc07425b,j_GetKbdState
0xfc5a69d5,j_GetLastVBatADLevel_FW
0xfc188fd9,j_GetLcdPosition_FW
0xfc44c7f7,j_GetLensErrorStatus_FW
0xfc5a8911,j_GetLensExtenderSerialNumberValue_FW
0xfc5a890b,j_GetLensExtenderTypeValue_FW
0xfc5a8903,j_GetLensIDValue_FW
0xfc5a890f,j_GetLensSerialNumberValue_FW
0xfc5a8907,j_GetLensTypeValue_FW
0xfc5031ed,j_GetMacroSupportZoomPoint_FW
0xfc44cdb1,j_GetMechaShutterMoveTime_FW
0xfc44cdad,j_GetMechaShutterStatus_FW
0xfc1bfd8d,j_GetModeDialId_FW
0xfc5a618d,j_GetMovieJpegVRAMHPixelsSize_FW
0xfc5a6195,j_GetMovieJpegVRAMVPixelsSize_FW
0xfc5a7b79,j_GetMShutterStatus_FW
0xfc44cf31,j_GetNdMoveTime_FW
0xfc3022a8,j_GetNumberOfPostedMessages
0xfc1f625d,j_GetOpticalTemperature_FW
0xfc18900b,j_GetPopupOpen_FW
0xfc5a76a5,j_GetPPPVersion_FW
0xfc188fc3,j_GetSDDetect_FW
0xfc188fc7,j_GetSDProtect_FW
0xfc302130,j_GetSemaphoreValue
0xfc547bc7,j_GetShutterSpeedRegularMaxLimit_FW
0xfc547bd9,j_GetShutterSpeedRegularMinLimit_FW
0xfc1f447f,j_GetSlantAngle_FW
0xfc1f43b9,j_GetSlantData_FW
0xfc5a7381,j_GetSubCPUCheckSum_FW
0xfc5a736b,j_GetSubCPUVersion_FW
0xfc188fb5,j_GetSwitchStatus_FW
0xfc189007,j_GetSwStatusOfSET_FW
0xfc1bf82d,j_GetTotalShootCount_FW
0xfc5a76bb,j_GetTPDriverVersion_FW
0xfc186985,j_GetTRIPODModeFlagbyIS_FW
0xfc181261,j_GetUsableMaxAv_FW
0xfc18124f,j_GetUsableMinAv_FW
0xfc5a69d7,j_GetVBatVoltage_FW
0xfc5a5573,j_GetVideoOutType_FW
0xfc5a5bc5,j_GetVRAMHPixelsSize_FW
0xfc5a5bcd,j_GetVRAMVPixelsSize_FW
0xfc1f4375,j_GetX_AxisAcceleration_FW
0xfc1f4379,j_GetY_AxisAcceleration_FW
0xfc1f437d,j_GetZ_AxisAcceleration_FW
0xfc44d1d5,j_GetZoomAmpereLimitOffTime_FW
0xfc44d1a7,j_GetZoomLensCurrentPoint_FW
0xfc44d1ab,j_GetZoomLensCurrentPosition_FW
0xfc44d1b3,j_GetZoomLensMechaEdgePosition_FW
0xfc44d1af,j_GetZoomLensTelePoint_FW
0xfc3018eb,j_GiveSemaphore
0xfc431883,j_HdmiRegDump_FW
0xfc0bb4d1,j_initComDiscovery_FW
0xfc188f51,j_InitializeAudio_FW
0xfc08fa01,j_Initializedccd_FW
0xfc08fa01,j_InitializeDigicon_FW
0xfc1c0141,j_InitializeExEVF_FW
0xfc021503,j_InitializeSoundRec_FW
0xfc08f5cb,j_InitializeTestRec_FW
0xfc1bf57d,j_InitializeWLAN_FW
0xfc1f6267,j_IsBatteryTemperature_FW
0xfc1f6265,j_IsCCDTemperature_FW
0xfc5a85ef,j_IsEFLensMFSwOn_FW
0xfc5a55c5,j_IsEVFDrive_FW
0xfc1bfc71,j_IsExtStrobeDetect_FW
0xfc188fe1,j_IsHvSensorExist_FW
0xfc44c72b,j_IsIrisSlowCtrlAvailable_FW
0xfc44c72f,j_IsIrisStableState_FW
0xfc44c7f3,j_IsLensOutside_FW
0xfc1f6263,j_IsOpticalTemperature_FW
0xfc1bfb63,j_IsSDDetect_FW
0xfc1bfb9f,j_IsStrobePopup_FW
0xfc1bf68b,j_LeaveWLANNetwork_FW
0xfc503963,j_LiveImageTool.GetDzoomPosition_FW
0xfc1816a3,j_LoadDUIDCheckSum_FW
0xfc5a695b,j_LoadFactoryNumber_FW
0xfc5a85eb,j_LoadFBAdjValue_FW
0xfc5a69cd,j_LoadSerialNumber_FW
0xfc3021e8,j_LocalTime
0xfc37a3ed,j_malloc
0xfc1894a3,j_MemoryChecker_FW
0x010f3c59,j_mktime_ext
0xfc06e38f,j_NewTaskShell_FW
0xfc37a577,j_Open_FW
0xfc075a8b,j_OpLog.WriteToROM_FW
0xfc1894e7,j_Peek16_FW
0xfc1894e3,j_Peek32_FW
0xfc1894eb,j_Peek8_FW
0xfc302260,j_PostMessageQueue
0xfc302110,j_PostMessageQueueStrictly
0xfc44c675,j_PowerOffIris_FW
0xfc18949b,j_Printf_FW
0xfc36de27,j_PTM_AllReset_FW
0xfc36e5f9,j_PTM_BackupUIProperty_FW
0xfc36dfc1,j_PTM_GetWorkingCaptureMode_FW
0xfc36e5e1,j_PTM_IsEnableItem_FW
0xfc36e5c9,j_PTM_NextItem_FW
0xfc36e5cd,j_PTM_PrevItem_FW
0xfc36e55b,j_PTM_SetCurrentItem_FW
0xfc36e5e5,j_PTM_SetProprietyEnable_FW
0xfc06e339,j_PutsCameraLogEvent_FW
0xfc37a61b,j_Read_FW
0xfc5a70b9,j_ReadDLResonanceFreqEEPRom_FW
0xfc5a718d,j_ReadFactoryFlagEEPRom_FW
0xfc5a7065,j_ReadImgEEPRomAllData_FW
0xfc17b4fd,j_ReadStatusRegEEPRom_FW
0xfc32c9b3,j_Rec2PB
0xfc3022b0,j_ReceiveMessageQueue
0xfc1f8b37,j_RefreshHIVSHDTableMirror_FW
0xfc1f8b39,j_RefreshSAFTableMirror_FW
0xfc5a4e9d,j_RegistColorMatrix_FW
0xfc302218,j_RegisterInterruptHandler
0xfc5a7751,j_RegistFirmVer_FW
0xfc5a8913,j_RegistLensName_FW
0xfc3020e0,j_ReleaseRecursiveLock
0xfc547c49,j_ReloadEShutterFirstCurtainAdjustment_FW
0xfc1c01a3,j_ResetNFCSystemArea_FW
0xfc1894ab,j_SDump_FW
0xfc363215,j_set_control_event
0xfc5a50a5,j_SetAE_CdsGainValue_FW
0xfc302300,j_SetEventFlag
0xfc188f4d,j_SetStereoSeparation_FW
0xfc06e32d,j_ShowCameraLog_FW
0xfc06e331,j_ShowCameraLogInfo_FW
0xfc3022e0,j_SleepTask
0xfc2a04af,j_SoundDevClearPath_FW
0xfc29f9b5,j_SoundDevSetZoomNCProfile_FW
0xfc29f9b9,j_SoundDevZoomNCEffective_FW
0xfc189f01,j_SS.GetDigitalZoomPosition_FW
0xfc06e329,j_StartCameraLog_FW
0xfc1c0307,j_StartDisplayHDMIForFAMode_FW
0xfc431daf,j_StartHeartBeat_FW
0xfc44d655,j_StartISLocalAutoCenter_FW
0xfc44d651,j_StartISLocalHallAdjust_FW
0xfc431d29,j_StartSwitchCheck_FW
0xfc1bfda3,j_StartupExEVF_FW
0xfc180a97,j_StopAEIntegralService_FW
0xfc06e335,j_StopCameraLog_FW
0xfc1c0309,j_StopDisplayHDMIForFAMode_FW
0xfc5a91cf,j_StopFADLDrive_FW
0xfc431dab,j_StopHeartBeat_FW
0xfc0bb4e5,j_stopIPAddressing_FW
0xfc431d2d,j_StopSwitchCheck_FW
0xfc37fff1,j_strcmp_FW
0xfc431d31,j_SubCPURomCheckSum_FW
0xfc302318,j_TakeSemaphore
0xfc3023c8,j_takesemaphore_low
0xfc302298,j_TakeSemaphoreStrictly
0xfc0bb4d5,j_termComDiscovery_FW
0xfc08fa05,j_Terminatedccd_FW
0xfc08fa05,j_TerminateDigicon_FW
0xfc021505,j_TerminateSoundRec_FW
0xfc08f5cf,j_TerminateTestRec_FW
0xfc1bf581,j_TerminateWLAN_FW
0xfc302048,j_time
0xfc2504fb,j_TouchPanelAdjustmentNextStep_FW
0xfc17be8f,j_TouchPanelStartPolling_FW
0xfc17be93,j_TouchPanelStopPolling_FW
0xfc3021d0,j_TryPostMessageQueue
0xfc302128,j_TryReceiveMessageQueue
0xfc3020e8,j_TryTakeSemaphore
0xfc24f789,j_TurnOffDispForTouchPanelAdj_FW
0xfc2662c3,j_UIFS_CancelStoreLensTimer_FW
0xfc26604d,j_UIFS_Capture_FW
0xfc266051,j_UIFS_CaptureNoneStop_FW
0xfc2662c7,j_UIFS_DisplayFirmUpdateView_FW
0xfc26606b,j_UIFS_GetMovieRecoadableNumber_FW
0xfc2662b7,j_UIFS_GetNumberOfDisplayedImage_FW
0xfc26606f,j_UIFS_GetStillShotableNumber_FW
0xfc26623f,j_UIFS_IsAvailableShots_FW
0xfc2662bb,j_UIFS_PlayTrimExecuteAllImageSize_FW
0xfc266265,j_UIFS_StartMoviePlay_FW
0xfc266055,j_UIFS_StartMovieRecord_FW
0xfc266059,j_UIFS_StopMovieRecord_FW
0xfc2662bf,j_UIFS_WirelessExecuteSendForever_FW
0xfc266067,j_UIFS_WriteFirmInfoToFile_FW
0xfc5a4ea7,j_UnregistColorMatrix_FW
0xfc328299,j_UnRegisterEventProcTable
0xfc188f55,j_VbattGet_FW
0xfc1894a7,j_VerifyByte_FW
0xfc302280,j_WaitForAllEventFlag
0xfc302188,j_WaitForAllEventFlagStrictly
0xfc302400,j_WaitForAnyEventFlag
0xfc37a61f,j_Write_FW
0xfc1f8bc3,j_WRITEADJTABLETOFROM_FW
0xfc5a7067,j_WriteImgEEPRomAllData_FW
0xfc1c0183,j_WriteNFCUserArea_FW
0xfc0bb31f,join_network_FW
0xfc1bf59d,JoinWLANNetwork_FW
0xfc083ead,kbd_p1_f
0xfc083eb5,kbd_p1_f_cont
0xfc083915,kbd_p2_f
0xfc083e77,kbd_read_keys
0xfc074eb7,kbd_read_keys_r2
0xfc0bbd13,LachesisTest_FW
0xfc2df11d,LcdCon_GetLcdAdjParameter_FW
0xfc1773a5,LcdCon_GetLcdBackLightParameter_FW
0xfc2df243,LcdCon_GetLcdParameter_FW
0xfc2df175,LcdCon_SaveLcdAdjParameter_FW
0xfc1773f3,LcdCon_SaveLcdBackLightParameter_FW
0xfc2df29b,LcdCon_SaveLcdParameter_FW
0xfc2df0b1,LcdCon_SetLcdAdjParameter_FW
0xfc177347,LcdCon_SetLcdBackLightBrightness_FW
0xfc17736f,LcdCon_SetLcdBackLightParameter_FW
0xfc2df083,LcdCon_SetLcdDriver_FW
0xfc2df189,LcdCon_SetLcdParameter_FW
0xfc2df14f,LcdCon_ShowLcdAdjParameter_FW
0xfc1773cf,LcdCon_ShowLcdBackLightParameter_FW
0xfc2df275,LcdCon_ShowLcdParameter_FW
0xfc17759b,LcdCon_StartLcdPeriodicalSetting_FW
0xfc1775b7,LcdCon_StopLcdPeriodicalSetting_FW
0xfc51f625,LCDMsg_ChangeColor_FW
0xfc51f7cb,LCDMsg_Create_FW
0xfc51f6a1,LCDMsg_Delete_FW
0xfc51f597,LCDMsg_Move_FW
0xfc51f5eb,LCDMsg_MoveRatio_FW
0xfc51f4f7,LCDMsg_SetNum_FW
0xfc51f43f,LCDMsg_SetStr_FW
0xfc51f561,LCDMsg_SwDisp_FW
0xfc51fa8d,LCDRect_ChangeColor_FW
0xfc51fcfd,LCDRect_Create_FW
0xfc51fd97,LCDRect_Delete_FW
0xfc51f895,LCDRect_Move_FW
0xfc51f8e7,LCDRect_MoveRatio_FW
0xfc51f997,LCDRect_Resize_FW
0xfc51f9e9,LCDRect_ResizeRatio_FW
0xfc51fb25,LCDRect_SwDisp_FW
0xfc085de7,leave_FW
0xfc0840db,LeaveWLANNetwork_FW
0xfc188f59,LEDDrive
0xfc188f59,LEDDrive_FW
0xfc50393f,LiveImageTool.ChangeDzoom_FW
0xfc503975,LiveImageTool.Dister_FW
0xfc503909,LiveImageTool.DzoomTele_FW
0xfc50391b,LiveImageTool.DzoomWide_FW
0xfc133a5d,LiveImageTool.GetDzoomPosition_FW
0xfc503967,LiveImageTool.Jump_FW
0xfc503937,LiveImageTool.Pause_FW
0xfc50393b,LiveImageTool.Resume_FW
0xfc50387b,LiveImageTool.StartEVF_FW
0xfc503881,LiveImageTool.StartEVFFocusJet_FW
0xfc503887,LiveImageTool.StartEVFMF_FW
0xfc50389b,LiveImageTool.StartEVFMovFULLHD30P_FW
0xfc5038a9,LiveImageTool.StartEVFMovFULLHD60P_FW
0xfc50388d,LiveImageTool.StartEVFMovFULLHD_FW
0xfc5038c5,LiveImageTool.StartEVFMovHD60P_FW
0xfc5038b7,LiveImageTool.StartEVFMovHD_FW
0xfc5038d3,LiveImageTool.StartEVFMovQVGA_FW
0xfc5038df,LiveImageTool.StartEVFMovQVGA_HS_FW
0xfc5038e3,LiveImageTool.StartEVFMovVGA_FW
0xfc5038f1,LiveImageTool.StartEVFMovVGA_HS_FW
0xfc50392d,LiveImageTool.StopDzoom_FW
0xfc5038ff,LiveImageTool.StopEVF_FW
0xfc1f440b,LoadAcceleParamFromFile_FW
0xfc1f8233,LoadAdjustmentTable_FW
0xfc1f8501,LoadAdjustmentValue_FW
0xfc1bf579,LoadAvsAdjData_FW
0xfc5a7045,LoadBatteryID_FW
0xfc5a705b,LoadBatteryKey_FW
0xfc1813ed,LoadDataFromAdjTableBin_FW
0xfc1f823b,LoadDefectAdjTable_FW
0xfc181693,LoadDUID_FW
0xfc181671,LoadDUIDCheckSum_FW
0xfc1816b7,LoadFactoryAdjData_FW
0xfc1816e5,LoadFactoryIDData_FW
0xfc5a68eb,LoadFactoryNumber_FW
0xfc5a7d03,LoadFBAdjValue_FW
0xfc1816d1,LoadHistoryAdjData_FW
0xfc181355,LoadParamDataFromAdjTableBin_FW
0xfc0bf14b,LoadScript_FW
0xfc5a695d,LoadSerialNumber_FW
0x010e1515,LocalTime
0xfc431879,LockHdmiState_FW
0xfc1fd09f,LockMainPower
0xfc1fd09f,LockMainPower_FW
0xfc361a33,LogCameraEvent
0xfc37a65d,lseek
0xfc37a65d,Lseek_FW
0xfc434bbb,Ltkids.SetCapRtsThrough_FW
0xfc434b9f,Ltkids.SetCapThrough_FW
0xfc434bd7,Ltkids.SetEventFlg_FW
0xfc434bf7,Ltkids.SetIsoSpeed_FW
0xfc434bc9,Ltkids.SetLiveRtsThrough_FW
0xfc434bad,Ltkids.SetLiveThrough_FW
0xfc450ad1,MakeBootDisk_FW
0xfc020f2d,MakeDefectTurnTable_FW
0xfc37a7eb,MakeDirectory_Fut
0xfc450add,MakeScriptDisk_FW
0xfc37fe55,malloc
0xfc37a3f5,malloc_strictly
0xfc020c0f,MarkPointDefData_FW
0xfc1c057f,MeasuerMicSoundLevelForFATest_FW
0xfc188d8b,Mecha.Create_FW
0xfc44df85,MechaCPUMemoryDump_FW
0xfc44df97,MechaCPUMemoryWrite_FW
0xfc188de9,MechaReset_FW
0xfc188df1,MechaTerminate_FW
0xfc188d3d,MechaUnRegisterEventProcedure_FW
0xfc3800d9,memcmp
0xfc3800d9,memcmp_FW
0xfc200331,memcpy
0xfc200331,memcpy_FW
0xfc450713,MemoryChecker_FW
0xfc1159e5,memset
0x01100414,memset32
0xfc1159e5,memset_FW
0xfc1ede2d,memShow_FW
0xfc020759,MergeAndConvertDefect_FW
0xfc431cd1,MessageToSubCPU_FW
0xfc44cbb9,MgOffMechaShutter_FW
0xfc02099d,MixPixDetect_FW
0xfc1fff41,mktime_ext
0xfc189421,mod_FW
0xfc44c9c3,MonSelCamifFunction_FW
0xfc44ca2d,MonSelCdomainFunction_FW
0xfc44ca93,MonSelClkgenFunction_FW
0xfc18949f,MonSelEvent_FW
0xfc44c967,MonSelToCamif_FW
0xfc44c9d1,MonSelToCdomain_FW
0xfc44ca37,MonSelToClkgen_FW
0xfc43ce41,MountCtrl.CheckDTEF_FW
0xfc43ce77,MountCtrl.CheckMIF_FW
0xfc36d903,MoveControllerToTopOfZOrder_FW
0xfc44b58d,MoveCZToPoint_FW
0xfc44b5f3,MoveCZToPointByOVF_FW
0xfc44b5d3,MoveCZToTele_FW
0xfc44b5b3,MoveCZToWide_FW
0xfc44bc1f,MoveFocusActuator_FW
0xfc5a7ced,MoveFocusDistance_FW
0xfc44c223,MoveFocusLensChangeCarrierFrequency_FW
0xfc44b795,MoveFocusLensToTerminate_FW
0xfc44b7d1,MoveFocusLensToTerminateWithKeepExciting_FW
0xfc44b80d,MoveFocusLensWithDistance_FW
0xfc44b8bf,MoveFocusLensWithPosition_FW
0xfc44b97d,MoveFocusLensWithPositionImmediateReturn_FW
0xfc44bac9,MoveFocusLensWithPositionWithCompBacklash_FW
0xfc44b9fb,MoveFocusLensWithPositionWithoutBacklash_FW
0xfc44bb99,MoveFocusLensWithSpeed_FW
0xfc44bbf7,MoveFocusLensWithSpeedImmediateReturn_FW
0xfc181163,MoveIrisFullClose_FW
0xfc181159,MoveIrisFullOpen_FW
0xfc1811c9,MoveIrisMechaPositionWithBacklash_FW
0xfc1811ef,MoveIrisMechaPositionWithoutBacklash_FW
0xfc1810a9,MoveIrisToAv_FW
0xfc181215,MoveIrisToAvWithoutBacklash_FW
0xfc44c575,MoveIrisToFullClose_FW
0xfc44c539,MoveIrisToFullOpen_FW
0xfc44c557,MoveIrisToFullOpenForPostCapture_FW
0xfc44c4f9,MoveIrisToPositionWithBacklash_FW
0xfc44c5d1,MoveIrisToPositionWithoutBacklash_FW
0xfc44c46f,MoveIrisToStandbyPosition_FW
0xfc44c51b,MoveIrisToTerminatePosition_FW
0xfc44c48d,MoveIrisWithAv
0xfc44c48d,MoveIrisWithAv_FW
0xfc44c6db,MoveIrisWithAvAndAvSpeed_FW
0xfc44c703,MoveIrisWithAvAndAvSpeedWithoutBacklash_FW
0xfc44c61b,MoveIrisWithAvAndDriveTime_FW
0xfc44c4d1,MoveIrisWithAvAndSpeed_FW
0xfc44c5f3,MoveIrisWithAvAndSpeedWithoutBacklash_FW
0xfc44c4af,MoveIrisWithAvNotSupportAbsFNo_FW
0xfc44c5af,MoveIrisWithAvWithoutBacklash_FW
0xfc1811a7,MoveIrisWithTerminatePosition_FW
0xfc5a9807,MoveISLensToBottomLimitPosition_FW
0xfc5a9c25,MoveISLensToCentralPosition_FW
0xfc5a97fb,MoveISLensToLeftLimitPosition_FW
0xfc5a981f,MoveISLensToLimitPosition_FW
0xfc5a97ef,MoveISLensToRightLimitPosition_FW
0xfc5a9813,MoveISLensToTopLimitPosition_FW
0xfc44c795,MoveLensToFirstPoint_FW
0xfc44c7cb,MoveLensToTerminatePoint_FW
0xfc44d10b,MoveZoomLensToMechaEdge_FW
0xfc44d0dd,MoveZoomLensToTerminatePosition_FW
0xfc44d049,MoveZoomLensWithPoint_FW
0xfc44d07b,MoveZoomLensWithPointImmediateReturn_FW
0xfc44d0ab,MoveZoomLensWithPosition_FW
0xfc2fd721,mzrm_createmsg
0xfc2fd815,mzrm_sendmsg
0xfc0bbf75,NellConnect_FW
0xfc0bbf5f,NellConnectAdhoc_FW
0xfc0bfb57,NewTaskShell_FW
0xfc0bae5f,NFCEvt.CheckSetData_FW
0xfc0bada3,NFCEvt.ClearUserArea_FW
0xfc0babe3,NFCEvt.Create_FW
0xfc0bad7f,NFCEvt.DisableRFCom_FW
0xfc0bad5b,NFCEvt.EnableRFCom_FW
0xfc0baee5,NFCEvt.FAGetSysArea_FW
0xfc0baf7b,NFCEvt.FAGetUserArea_FW
0xfc0bae83,NFCEvt.FAInitialize_FW
0xfc0baeab,NFCEvt.FAInitSysArea_FW
0xfc0bb0a1,NFCEvt.FAResetNfcCard_FW
0xfc0baf1f,NFCEvt.FASetSysArea_FW
0xfc0bb0db,NFCEvt.FAWriteDefUsrArea_FW
0xfc0badc7,NFCEvt.GetNfcAppStr_FW
0xfc0bb15d,NFCEvt.GetSysArea_FW
0xfc0bac91,NFCEvt.Initialize_FW
0xfc0bb123,NFCEvt.InitSysArea_FW
0xfc0b9e65,NFCEvt.IsNfcStart_FW
0xfc0bacfd,NFCEvt.ReadTag_FW
0xfc0bb2af,NFCEvt.ResetNfcCard_FW
0xfc0bae37,NFCEvt.SetDataForCMST_FW
0xfc0bae0f,NFCEvt.SetDataForCW_FW
0xfc0badeb,NFCEvt.SetNfcAppStr_FW
0xfc0bb197,NFCEvt.SetSysArea_FW
0xfc0bb243,NFCEvt.SetSysAreaEx_FW
0xfc0bb20b,NFCEvt.SetSysAreaTypeB_FW
0xfc0bb1d1,NFCEvt.SetSysAreaTypeF_FW
0xfc0bad21,NFCEvt.SetUserArea_FW
0xfc0bacb5,NFCEvt.Terminate_FW
0xfc0bacd9,NFCEvt.WriteNdefNG_FW
0xfc0bb0ff,NFCEvt.WriteNdefOK_FW
0xfc5a9b61,NotifyISMacroDistance_FW
0xfc0255d9,NR_SetDoubleNRType_FW
0xfc3f53df,NRTBL.SetDarkSubType_FW
0xfc3f53f1,NRTBL.SetDefectCorrectType_FW
0xfc3f5403,NRTBL.SetTassenType_FW
0xfc188fab,OffPrintPhySw_FW
0xfc5dda55,OneShotWhigeBalance_FW
0xfc5dda55,OneTypeWhiteBalance_FW
0xfc188fa1,OnPrintPhySw_FW
0xfc37a47d,Open
0xfc1ee33f,open
0xfc37a47d,Open_FW
0xfc0dc9bf,OpenConsole_FW
0xfc11c59d,OpenFastDir
0xfc37a66f,OpenForScrip_FW
0xfc44cb4f,OpenMechaShutter_FW
0xfc44cbf9,OpenMechaShutterWithoutCharge_FW
0xfc5a7b57,OpenMShutter_FW
0xfc06e33d,OpLog.Create_FW
0xfc0761bf,OpLog.Get_FW
0xfc0761d5,OpLog.GetUsrSet_FW
0xfc076257,OpLog.Play_FW
0xfc075aad,OpLog.ReadFromROM_FW
0xfc075aed,OpLog.ReadFromSD_FW
0xfc076349,OpLog.Start_FW
0xfc075a55,OpLog.Stop_FW
0xfc0763d7,OpLog.Terminate_FW
0xfc075a6b,OpLog.WriteToROM_FW
0xfc075d09,OpLog.WriteToSD_FW
0xfc37ac1b,OutputLogToFile_FW
0xfc17b463,PageWriteEEPRom_FW
0xfc0bbb8b,PairingDataFull_FW
0xfc0bb585,PairingDataOutput_FW
0xfc32a941,PB2Rec
0xfc4509f5,Peek16_FW
0xfc4509f1,Peek32_FW
0xfc4509fb,Peek8_FW
0xfc0bc629,PingTest_FW
0xfc1bf67f,PingWLANNetwork_FW
0xfc020657,PointDefDetect_FW
0xfc020923,PointKizuCheck_FW
0xfc1894cf,Poke16_FW
0xfc1894c5,Poke32_FW
0xfc1894d9,Poke8_FW
0xfc37e933,PostEventShootSeqToUI_FW
0xfc37e801,PostLogicalEventForNotPowerType
0xfc37e801,PostLogicalEventForNotPowerType_FW
0xfc37e835,PostLogicalEventToUI
0xfc37e835,PostLogicalEventToUI_FW
0xbfe151f1,PostMessageQueue
0xbfe155e5,PostMessageQueueStrictly
0xfc318c39,PowerOffIris_FW
0xfc23e7a1,PPP.Bypass_FW
0xfc503555,PPP.DumpTbl_FW
0xfc50347f,PPP.GetVer_FW
0xfc503499,PPP.LastVer_FW
0xfc503585,PPP.Ver_FW
0xfc5a5169,PreFixAE_FW
0xfc37a91b,PrepareDirectory_0
0xfc37a917,PrepareDirectory_1
0xfc37a86d,PrepareDirectory_x
0xfc1f8b43,PrintAdjKabotanInfo_FW
0xfc1f8517,PrintAdjTableMap_FW
0xfc17fd0f,PrintAllAEIntegData_FW
0xfc1fcc7d,PrintBuildDate_FW
0xfc1fcc89,PrintBuildTime_FW
0xfc0bf141,Printf_FW
0xfc37aab5,PrintFaexeVersioin_FW
0xfc5a88af,PrintFALensInfoData_FW
0xfc37aa91,PrintFirmVersion_FW
0xfc1fcc95,PrintFirmwareVersion_FW
0xfc1fccdf,PrintInternalFirmwareVersion_FW
0xfc0ab651,PT_MFOff
0xfc0ab61d,PT_MFOn
0xfc0a9e45,PT_MoveDigitalZoomToWide
0xfc37763b,PT_PlaySound
0xfc27780b,PTM_AllReset_FW
0xfc36de1b,PTM_AllResetToFactorySetting_FW
0xfc278439,PTM_BackupUIProperty_FW
0xfc36e567,PTM_GetCurrentItem
0xfc36e567,PTM_GetCurrentItem_FW
0xfc277bc1,PTM_GetWorkingCaptureMode_FW
0xfc2783a9,PTM_IsEnableItem_FW
0xfc277e91,PTM_NextItem_FW
0xfc277e95,PTM_PrevItem_FW
0xfc36de37,PTM_RestoreUIProperty_FW
0xfc36e405,PTM_SetCurrentCaptureMode_FW
0xfc277bd1,PTM_SetCurrentItem_FW
0xfc2781b7,PTM_SetProprietyEnable_FW
0xfc3618f5,PutsCameraLogEvent_FW
0xfc3c86ad,qsort
0xfc5a45ad,QuietImageDrive_FW
0xfc159c81,QuietImager_FW
0xfc0fc1ab,rand
0xfc1ee4b5,Read
0xfc1ee4b5,Read_FW
0xfc5a708f,ReadCMOSNoEEPRom_FW
0xfc5a719b,ReadCMOSNoWriterInfoEEPRom_FW
0xfc5a71bf,ReadCMOSNoWriterLineNoEEPRom_FW
0xfc5a71e7,ReadCMOSNoWriterToolNoEEPRom_FW
0xfc5a721b,ReadDLCheckerInfoEEPRom_FW
0xfc5a723f,ReadDLCheckerLineNoEEPRom_FW
0xfc5a7267,ReadDLCheckerToolNoEEPRom_FW
0xfc5a6b8f,ReadDLResonanceFreqEEPRom_FW
0xfc17b4b9,ReadEEPRom_FW
0xfc5a70e3,ReadFactoryAllTimeEEPRom_FW
0xfc5a6eb1,ReadFactoryFlagEEPRom_FW
0xfc5a7111,ReadFactoryTimeEEPRom_FW
0xfc11c63d,ReadFastDir
0xfc5a731b,ReadImgCheckCountEEPRom_FW
0xfc5a729b,ReadImgCheckerInfoEEPRom_FW
0xfc5a72c7,ReadImgCheckerLineNoEEPRom_FW
0xfc5a72ef,ReadImgCheckerToolNoEEPRom_FW
0xfc5a733b,ReadImgCorrectDefectModeEEPRom_FW
0xfc5a6aa7,ReadImgEEPRomAllData_FW
0xfc5a7069,ReadImgEEPRomData_FW
0xfc17b61d,ReadStatusRegEEPRom_FW
0xfc32a987,Rec2PB
0xfc44c931,ReceiveMechaCircuitData_FW
0xfc44c949,ReceiveMechaCircuitDataAll_FW
0xbfe1511b,ReceiveMessageQueue
0xfc1bfa73,RecSoundForNCAdjEvent_FW
0xfc086a1b,RecvDeauthPacket_FW
0xfc1f8b11,RefreshAdjustmentTableMirror_FW
0xfc1f8b3b,RefreshDefectTableMirror_FW
0xfc1f85eb,RefreshHIVSHDTableMirror_FW
0xfc1f8643,RefreshSAFTableMirror_FW
0xfc0d264b,RegComEventProc_FW
0xfc5a4e7b,RegistColorMatrix_FW
0xfc1f444f,RegisterElecLevelInfoNotifyCBR_FW
0xfc327c19,RegisterEventProcedure
0xfc327c6b,RegisterEventProcedure_alt1
0xfc327d6f,RegisterEventProcedure_alt2
0xfc327d73,RegisterEventProcTable
0xfc328295,RegisterEventProcTable_alt
0xbfe14ef5,RegisterInterruptHandler
0xfc1701e7,RegisterNotifyConnectPTPIP_FW
0xfc1701e7,RegisterNotifyPTPIP_FW
0xfc1701ff,RegisterResponseConnectPTPIP_FW
0xfc1701ff,RegisterResponsePTPIP_FW
0xfc08fa1d,RegistFirmScanNoticeCBR_FW
0xfc5a7715,RegistFirmVer_FW
0xfc5a847f,RegistLensName_FW
0xfc0bc017,RegPTPCmd_FW
0xfc0bc02b,RegPTPIPCmd_FW
0xbfe15a5b,ReleaseRecursiveLock
0xfc5a4dff,ReloadColorAdjustment_FW
0xfc5a78d9,ReloadDefectAdjustmentData_FW
0xfc4ca61b,ReloadEfAdjustment_FW
0xfc23f837,ReloadEShutterFirstCurtainAdjustment_FW
0xfc5a78e3,ReloadFROMDefectAdjustmentData_FW
0xfc54941b,ReloadGainAdjustment_FW
0xfc5a9c1b,ReloadISAdjustment_FW
0xfc1bee57,ReloadProtractorAdjustment_FW
0xfc181333,ReloadSAFAdjusment_FW
0xfc5a78ed,ReloadShadingAdjustmentData_FW
0xfc5ddb17,ReloadWBAdjustment_FW
0xfc1bfa83,ReloadZoomNCProfileEvent_FW
0xfc0bcc35,RemCap_EpilogFile_FW
0xfc0211d5,RemoveTransparentMemory_FW
0xfc170151,RequestConnectPTPIP_FW
0xfc17017b,RequestConnectPTPIPDef_FW
0xfc1700cb,RequestDisconnectPTPIP_FW
0xfc44b709,ResetFocusLens_FW
0xfc44c451,ResetIris_FW
0xfc181185,ResetIrisPosition_FW
0xfc44cb13,ResetMechaShutter_FW
0xfc10228f,ResetNFCSystemArea_FW
0xfc08fa13,ResetRegistNoticeCBR_FW
0xfc44cfcd,ResetZoomLens_FW
0xfc44cfed,ResetZoomLensToFirst_FW
0xfc44d01b,ResetZoomLensToTerminate_FW
0xfc1fce39,RomCheckSum_FW
0xfc0dc791,RotateConsoleZOder_FW
0xfc544c6f,saf_cdi_FW
0xfc5421db,saf_dumpfixdata_FW
0xfc582ac1,saf_dumpsafcrosstalk_FW
0xfc5827bd,saf_dumpsafraw_FW
0xfc54228b,saf_dumptunedata_FW
0xfc543067,saf_loadsram_FW
0xfc544cbf,saf_outresult_FW
0xfc544d19,saf_outresultave_FW
0xfc544ccd,saf_outresultcont_FW
0xfc544d37,saf_outresultstop_FW
0xfc544c59,saf_rdi_FW
0xfc543557,saf_safaribpf_FW
0xfc543171,saf_safarifilter_FW
0xfc543a29,saf_safrawpath_FW
0xfc544c91,saf_sequence_FW
0xfc542063,saf_setcontrolmode_FW
0xfc542103,saf_setdebugmode_FW
0xfc54211d,saf_setpredictmode_FW
0xfc542155,saf_setsafwinpos_FW
0xfc544073,saf_shoot_FW
0xfc582849,saf_startgero_FW
0xfc54208d,saf_startmonitor_FW
0xfc54209f,saf_test_FW
0xfc544cfb,saf_unable_FW
0xfc1f848d,SaveAdjustmentTable_FW
0xfc1f84e1,SaveAdjustmentValue_FW
0xfc5a646f,SaveBatSenseOffsetAdjustmentTable_FW
0xfc5a7035,SaveBatteryID_FW
0xfc5a7049,SaveBatteryKey_FW
0xfc18a021,SaveBmpVRAMData_FW
0xfc1f84cf,SaveDefectAdjTable_FW
0xfc181683,SaveDUID_FW
0xfc181697,SaveDUIDCheckSum_FW
0xfc1816a5,SaveFactoryAdjData_FW
0xfc1816d9,SaveFactoryIDData_FW
0xfc5a69db,SaveFactoryReserveData_FW
0xfc5a85df,SaveFBAdjValue_FW
0xfc5a672f,SaveFromImage_FW
0xfc1816bf,SaveHistoryAdjData_FW
0xfc18a1b9,SavePaletteData_FW
0xfc0bb311,scan_FW
0xfc252483,Scene.ForbidContiSceneDetect_FW
0xfc2524e9,Scene.TestBabySleep_FW
0xfc2524c5,Scene.TestBabySmile_FW
0xfc252531,Scene.TestHumanSleep_FW
0xfc25250d,Scene.TestHumanSmile_FW
0xfc252555,Scene.TestKidMove_FW
0xfc2524a3,Scene.TestSunset_FW
0xfc37f5db,ScreenLock
0xfc4508a7,SDump_FW
0xfc5a982b,SearchBCentralPosition_FW
0xfc5a982b,SearchISLensCentralPosition_FW
0xfc0bc04d,SelectFunc_Create_FW
0xfc44d9a9,SelectPositionSignal_FW
0xfc085867,sendDeauth_FW
0xfc44c91d,SendMechaCircuitData_FW
0xfc020971,SensDefCrowdCheck_FW
0xfc3631e5,set_control_event
0xfc5a5107,SetAdj_AEMode_FW
0xfc180c85,SetAdjAEIntegSmearLimitter_FW
0xfc5a509d,SetAE_CdsGainValue_FW
0xfc5a4fe1,SetAE_ShutterSpeed
0xfc5a4fe1,SetAE_ShutterSpeed_FW
0xfc180c6f,SetAEIntegAverageOBData_FW
0xfc18042f,SetAEIntegCorrectProperty_FW
0xfc180489,SetAEIntegralGetaTime_FW
0xfc180469,SetAEIntegralValueProperty_FW
0xfc1803cd,SetAEIntegStrobeProperty_FW
0xfc1809df,SetAEIntegValueBit_FW
0xfc1809a7,SetAEIntegWindowsMode_FW
0xfc1fd0eb,SetAutoShutdownTime
0xfc1fd0eb,SetAutoShutdownTime_FW
0xfc549441,SetCdsGaindBValue_FW
0xfc549425,SetCdsGainValue_FW
0xfc086251,setCH_FW
0xfc549495,SetCMOSGaindBValue_FW
0xfc549479,SetCMOSGainValue_FW
0xfc549571,SetCMOSOddEventGaindBValue_FW
0xfc549539,SetCMOSOddEventGainValue_FW
0xfc36cac9,SetCurrentCaptureModeType
0xfc36cac9,SetCurrentCaptureModeType_FW
0xfc5a6499,SetDate_FW
0xfc5a658d,SetDay_FW
0xfc180c97,SetDefaultAEIntegSmearLimitter_FW
0xfc09ad29,SetDefaultRecParameter_FW
0xfc020bbd,SetDefectDebugInfo_FW
0xfc020c77,SetDefectRecParam_FW
0xfc5494b1,SetDegeenGaindBValue_FW
0xfc549523,SetDfeCorrectMode_FW
0xfc5494dd,SetDfeGaindBValue_FW
0xfc5494cd,SetDfeGainValue_FW
0xfc44ddaf,SetDISModeParam_FW
0xfc5a9ad1,SetDISModeParameter_FW
0xfc44d40d,SetDlAll_FW
0xfc44d3e3,SetDlCycleCount_FW
0xfc44d3fb,SetDlCycleIntervalTime_FW
0xfc44d3a5,SetDlDeltaFrequency_FW
0xfc44d385,SetDlEndFrequency_FW
0xfc44d551,SetDlError.Ampere_FW
0xfc44d55b,SetDlError.DlIc_FW
0xfc44d347,SetDlNumOfPattern_FW
0xfc44d517,SetDlSettingPwmDuty_FW
0xfc44d529,SetDlSettingPwmDutyDelta_FW
0xfc44d53b,SetDlSettingPwmDutyStepTime_FW
0xfc44d47d,SetDlSettingSequenceDlCnt_FW
0xfc44d495,SetDlSettingSequenceT1_FW
0xfc44d4ab,SetDlSettingUserSeqT1_FW
0xfc44d4bd,SetDlSettingUserSeqT2_FW
0xfc44d4e1,SetDlSettingUserSeqT3_FW
0xfc44d4f3,SetDlSettingUserSeqT4_FW
0xfc44d505,SetDlSettingUserSeqT4DlCnt_FW
0xfc44d4cf,SetDlSettingUserSeqTsh_FW
0xfc44d365,SetDlStartFrequency_FW
0xfc44d3c7,SetDlSweepTime_FW
0xfc077ed7,SetDUIDFixFlag_FW
0xfc077e3b,SetDurianMode_FW
0xfc5a8891,SetEfLensSynchroComMode_FW
0xfc547c21,SetElecShutterFirstCurtainParameter_FW
0xfc1f9245,SetErasingSensorCleaningArea_FW
0xbfe14e43,SetEventFlag
0xfc4ca60d,SetExStrobeMode_FW
0xfc077f73,SetFactoryMasterFlag_FW
0xfc077f8f,SetFactoryMasterROMProtection_FW
0xfc077e8b,SetFactoryMode_FW
0xfc5a68db,SetFactorySerialNumber_FW
0xfc5a924d,SetFADLDriveSettingCycleCount_FW
0xfc5a925b,SetFADLDriveSettingCycleIntervalTime_FW
0xfc5a9221,SetFADLDriveSettingDeltaFrequency_FW
0xfc5a920b,SetFADLDriveSettingEndFrequency_FW
0xfc5a91df,SetFADLDriveSettingNumPattern_FW
0xfc5a91f3,SetFADLDriveSettingStartFrequency_FW
0xfc5a9239,SetFADLDriveSettingSweepTime_FW
0xfc435661,SetFaexeEventTableActivation_FW
0xfc5a88d5,SetFALensAv_FW
0xfc5a88c9,SetFALensID_FW
0xfc5a8897,SetFALensInfoData_FW
0xfc5a88ef,SetFALensNewPo_FW
0xfc5a88e3,SetFALensPo_FW
0xfc5a7c15,SetFAReleaseMechaShutter_FW
0xfc44df39,SetFixedPWMOutA_FW
0xfc44df47,SetFixedPWMOutB_FW
0xfc44bcc1,SetFocusActuatorHoldVoltage_FW
0xfc44bccd,SetFocusActuatorSlopeHoldVoltage_FW
0xfc44bd99,SetFocusLensAccelerationTable_FW
0xfc44c1ff,SetFocusLensCarrierFrequency_FW
0xfc44be63,SetFocusLensCondition_FW
0xfc44be57,SetFocusLensDefaultPullOutTable_FW
0xfc44c0a1,SetFocusLensDriveVoltage_FW
0xfc44c11d,SetFocusLensGainSlope_FW
0xfc44c0f1,SetFocusLensHoldVoltage_FW
0xfc44bf4d,SetFocusLensMaxSpeedLimit_FW
0xfc44c0c9,SetFocusLensSettingWaitVoltage_FW
0xfc44be15,SetFocusLensSlowdownTable_FW
0xfc44bcdd,SetFocusLensSpeed_FW
0xfc44bf61,SetFocusLensSpeedPattern_FW
0xfc44bd2b,SetFocusLensSpeedTable_FW
0xfc549403,SetGainStep_FW
0xfc549409,SetGainStepWithDrv_FW
0xfc44d841,SetGyro10BitDACPitch_FW
0xfc186941,SetGyro10BitDACRoll_FW
0xfc44d84f,SetGyro10BitDACYaw_FW
0xfc44d89f,SetGyroFilterChargeStart_FW
0xfc44d8a3,SetGyroFilterChargeStop_FW
0xfc44d865,SetGyroHPFINOffsetPitch_FW
0xfc18695d,SetGyroHPFINOffsetRoll_FW
0xfc44d873,SetGyroHPFINOffsetYaw_FW
0xfc5a65c7,SetHour_FW
0xfc188fcb,SetIgnoreAVJACK_FW
0xfc5a6479,SetImageMode_FW
0xfc5a6463,SetInputVoltage_FW
0xfc44c685,SetIrisDriveVoltage_FW
0xfc44c695,SetIrisDriveVoltageLow_FW
0xfc44c6b5,SetIrisHoldVoltage_FW
0xfc44c6a5,SetIrisSettingWaitVoltage_FW
0xfc44dde5,SetISAdjData_FW
0xfc5a9853,SetISControllMode_FW
0xfc44d93f,SetISControlType_FW
0xfc44dd77,SetISCrossTalkCompA1_FW
0xfc44dd85,SetISCrossTalkCompA2_FW
0xfc44dd93,SetISCrossTalkCompB1_FW
0xfc44dda1,SetISCrossTalkCompB2_FW
0xfc5a9af1,SetISCrossTalkCompCoeff_FW
0xfc5a998d,SetISCutOffFreqIndex_FW
0xfc44d671,SetISDriveAaxis_FW
0xfc44d67f,SetISDriveBaxis_FW
0xfc44de45,SetISFocusLensDistance_FW
0xfc5a99d1,SetISGyro10BitDACPitch_FW
0xfc5a99d7,SetISGyro10BitDACYaw_FW
0xfc5a9a3b,SetISGyroCompensationMode_FW
0xfc5a9a15,SetISGyroFilterCharge_FW
0xfc44d6ed,SetISGyroGainAaxis_FW
0xfc44d6fb,SetISGyroGainBaxis_FW
0xfc44d709,SetISGyroGainbyAxisType_FW
0xfc5a99bd,SetISGyroHPFINOffsetPitch_FW
0xfc5a99c3,SetISGyroHPFINOffsetYaw_FW
0xfc5a99dd,SetISGyroOffset10BitDACData_FW
0xfc5a99c9,SetISGyroOffsetHPFINData_FW
0xfc5a98e3,SetISGyroPitchGain_FW
0xfc5a98db,SetISGyroYawGain_FW
0xfc44da4b,SetISHallAmpFirstGain_FW
0xfc5a98fd,SetISHallDevicePitchGain_FW
0xfc5a9917,SetISHallDevicePitchOffset_FW
0xfc5a98f5,SetISHallDeviceYawGain_FW
0xfc5a990f,SetISHallDeviceYawOffset_FW
0xfc44d6bd,SetISHallGainAaxis_FW
0xfc44d6cb,SetISHallGainBaxis_FW
0xfc44d6d9,SetISHallGainbyAxisType_FW
0xfc44d68d,SetISHallOffsetAaxis_FW
0xfc44d69b,SetISHallOffsetBaxis_FW
0xfc44d6a9,SetISHallOffsetbyAxisType_FW
0xfc44d9c1,SetISHPFCutoff_FW
0xfc5a998d,SetISHPFCutOffFreqIndex_FW
0xfc5a98d1,SetISLensDriveValue_FW
0xfc5a98eb,SetISLensGyroGain_FW
0xfc5a9905,SetISLensHallGain_FW
0xfc5a991f,SetISLensHallOffset_FW
0xfc5a9ac5,SetISLensPWMMode_FW
0xfc44da07,SetISLPFAaxis_FW
0xfc44da15,SetISLPFBaxis_FW
0xfc5a9971,SetISLPFCutOffFreqAaxis_FW
0xfc5a9977,SetISLPFCutOffFreqBaxis_FW
0xfc5a9b55,SetISMacroMode_FW
0xfc5a98c1,SetISPitchPWM_FW
0xfc44df5d,SetISPWMFreqAndFixed_FW
0xfc44df69,SetISPWMFrequency_FW
0xfc44d95b,SetISStillStatus_FW
0xfc44d891,SetISTuningFlag_FW
0xfc5a9a21,SetISTuningMode_FW
0xfc5a9a2f,SetISTuningOff_FW
0xfc5a98c9,SetISYawPWM_FW
0xfc5a66fb,SetLangMenuType_FW
0xfc44c813,SetLensOutsideFlag_FW
0xfc180b8d,SetLineDefMarkThroughMode_FW
0xfc5031f1,SetLockPosNonCorrectFlag_FW
0xfc363471,SetLogicalEventActive
0xfc5a9aad,SetLoopGain_FW
0xfc44dacb,SetLoopGainAdjValue_FW
0xfc5a997d,SetLPFForParallelFilter_FW
0xfc44d973,SetLPFParallelBest_FW
0xfc5a461b,SetLtkidsCorrectThroughMode_FW
0xfc5a4623,SetLtkidsRealtimeCorrectThroughMode_FW
0xfc5a4649,SetLvMagCenterWindow_FW
0xfc5a4639,SetLvMagSkipNum_FW
0xfc5a9b1f,SetMacroISGain_FW
0xfc44de73,SetMacroISGainA_FW
0xfc44de81,SetMacroISGainB_FW
0xfc44cd49,SetMechaShutterCloseDacSetting_FW
0xfc5a7c3b,SetMechaShutterCorrectMode_FW
0xfc44cdb5,SetMechaShutterMoveTime_FW
0xfc44cd75,SetMechaShutterOpenDacSetting_FW
0xfc44cda1,SetMechaShutterWaitTimeSetting_FW
0xfc08625f,setMicroAPCH_FW
0xfc5a65ff,SetMinute_FW
0xfc5a6559,SetMonth_FW
0xfc44cc7f,SetMotorDriveVoltageMechaShutter_FW
0xfc1bfa6b,SetNCParamForAdjEvent_FW
0xfc44cf41,SetNdDacSetting_FW
0xfc44cf35,SetNdMoveTime_FW
0xfc1bfa7b,SetNoiseAddParamForZoomNCEvent_FW
0xfc5dd9ff,SetOneShotWBParam_FW
0xfc5dd9ff,SetOneTypeWBParam_FW
0xfc44df15,SetPoweredISOFF_FW
0xfc44df09,SetPoweredISON_FW
0xfc373347,SetPropertyCase
0xfc1893d1,SetPropertyCase_FW
0xfc188f97,SetRawSWCheckMode_FW
0xfc5ddab1,SetReferenceWBGainForCalibration_FW
0xfc44cc1b,SetReleaseAndChargeMechaShutter_FW
0xfc44cb97,SetReleaseMechaShutter_FW
0xfc5a462f,SetSafFPGABypassMode_FW
0xfc5a4607,SetSafImagePredictMode_FW
0xfc5a45fd,SetSafImageReadOutType_FW
0xfc5a460b,SetSafImageWindowHArea_FW
0xfc5a462b,SetSafPPPBypassMode_FW
0xfc3634a9,SetScriptMode
0xfc3634a9,SetScriptMode_FW
0xfc0bc961,SetSDConClockSpeed_FW
0xfc188f1d,SetSDPwrPort_FW
0xfc5a6637,SetSecond_FW
0xfc086973,SetSecurityInvalid_FW
0xfc547b79,SetShutterSpeed_FW
0xfc547b41,SetShutterSpeedWithMecha_FW
0xfc07797b,SetSSIDForFAWLAN_FW
0xfc1f5b33,SetStereoSeparation_FW
0xfc08f911,SetTestRecMasterCxCy_FW
0xfc08f99f,SetTestRecSkimmingYUV_FW
0xfc5ddacf,SetToolCorrectCoefficient_FW
0xfc1bf1d3,SetTouchPanelDispSize_FW
0xfc1bf1e1,SetTouchPanelValidSize_FW
0xfc54945d,SetVgaGainValue_FW
0xfc5a55a1,SetVideoOutType_FW
0xfc5a78f1,SetWBTemperature_FW
0xfc5dda89,SetWBYlStandardWidth_FW
0xfc18095f,SetWhiteCoefficient_FW
0xfc5a6a11,SetWindowSystemDrawSetting_FW
0xfc077929,SetWLANFactoryMode_FW
0xfc0bc943,SetWPSEChannel_FW
0xfc5a6521,SetYear_FW
0xfc44d1c7,SetZoomAmpereLimitOffTime_FW
0xfc44d167,SetZoomLensDriveAmpereDac_FW
0xfc44d155,SetZoomLensSpeedMode_FW
0xfc1bfa8b,SetZoomNCEffectiveEvent_FW
0xfc5a9929,SetZoomPointToIS_FW
0xfc44d909,SetZoomPosition_FW
0xfc1894fd,ShowAllTaskInfo_FW
0xfc36196b,ShowCameraLog_FW
0xfc361925,ShowCameraLogInfo_FW
0xfc5a4fb3,ShowCurrentExp_FW
0xfc1f81d7,ShowDefaultAdjTableVersion_FW
0xfc43e631,ShowEFLensInfo_FW
0xfc44bf0d,ShowFocusLensCurrentSpeedTable_FW
0xfc44c377,ShowFocusLensIrisCoefficientCheckSum_FW
0xfc37e96b,ShowLogicalEventName_FW
0xfc44c81f,ShowMechaCondition_FW
0xfc188df9,ShowMechaMacro_FW
0xfc188f8d,ShowPhySwStatus_FW
0xfc188fb9,ShowSDStatus_FW
0xfc1bf1ef,ShowTouchPanelAdjustDisplay_FW
0xfc1bf1fd,ShowTouchPanelCheckDisplay_FW
0xfc021161,ShowTransparentMemory_FW
0xfc32dfbd,ShutdownPlayModeMenu_FW
0xfc32e03b,ShutdownPlayModeMenuWithoutPbRedraw_FW
0xfc32de43,ShutdownRecModeMenu_FW
0xfc3f454b,ShutterTool.CheckExpTime_FW
0xfc3f455f,ShutterTool.CheckExpTimeWithErrMode_FW
0xfc3f441b,ShutterTool.CheckTv_FW
0xfc3f4435,ShutterTool.CheckTvWithErrMode_FW
0xfc3f4587,ShutterTool.GetCurExpTime_FW
0xfc3f4573,ShutterTool.GetCurTv_FW
0xfc3f45df,ShutterTool.GetLimOfExpTime_FW
0xfc3f45fd,ShutterTool.GetLimOfExpTimeRegular_FW
0xfc3f459b,ShutterTool.GetLimOfTv_FW
0xfc3f4649,ShutterTool.GetLimOfTvForFix_FW
0xfc3f465b,ShutterTool.GetLimOfTvForFixWithAv_FW
0xfc3f45bd,ShutterTool.GetLimOfTvRegular_FW
0xfc3f44a7,ShutterTool.SetExpTime_FW
0xfc3f4633,ShutterTool.SetExpTimeForFix_FW
0xfc3f44ad,ShutterTool.SetExpTimeWithErrMode_FW
0xfc3f4373,ShutterTool.SetTv_FW
0xfc3f461b,ShutterTool.SetTvForFix_FW
0xfc3f437b,ShutterTool.SetTvWithErrMode_FW
0xfc5a52c1,SleepAE_FW
0xbfe14999,SleepTask
0xbfe14999,SleepTask_FW
0xfc29f9e9,SoundDevBeepGenGain_FW
0xfc29f007,SoundDevClearPath_FW
0xfc29f663,SoundDevDumpChIn0_FW
0xfc2a0489,SoundDevExtMicStatusChanged_FW
0xfc29f0e7,SoundDevInitMusic_FW
0xfc2a04c3,SoundDevLineOut_FW
0xfc24b5c7,SoundDevParam_SetATTMode_FW
0xfc2a0653,SoundDevPlayMusic_FW
0xfc29f8a5,SoundDevPlayOpSound_FW
0xfc29f3f7,SoundDevRecChIn0_FW
0xfc2a06ad,SoundDevRecMusic_FW
0xfc29f58b,SoundDevRecMusicOnDramTest_FW
0xfc2a0361,SoundDevSetAllParamIn_FW
0xfc2a015f,SoundDevSetAudioICParam_FW
0xfc29f9cf,SoundDevSetBeepPWMMuteParam_FW
0xfc29f9a9,SoundDevSetMovieRecPath_FW
0xfc2a018d,SoundDevSetParamIn_FW
0xfc2a04b3,SoundDevSetRecPath_FW
0xfc29f99f,SoundDevSetSpVol_FW
0xfc29f979,SoundDevSetSyncRate_FW
0xfc29f9c9,SoundDevSetZoomNCAdjDigiProcThroughPath_FW
0xfc29f9bd,SoundDevSetZoomNCCheckPath_FW
0xfc24bcf9,SoundDevSetZoomNCProfile_FW
0xfc29fea1,SoundDevStartObserver_FW
0xfc29feef,SoundDevStartObserverForAjst_FW
0xfc29ff8d,SoundDevStartObserverForInsp_FW
0xfc2a0181,SoundDevStartObserverNotifyDbg_FW
0xfc29fc31,SoundDevStopObserver_FW
0xfc29fc0b,SoundDevStopObserverNotify_FW
0xfc2a04cb,SoundDevStopPlayMusic_FW
0xfc2a04f7,SoundDevStopRecMusic_FW
0xfc24c90b,SoundDevZoomNCEffective_FW
0xfc380163,sprintf_FW
0xfc0fc1a5,srand
0xfc189f05,SS.ChangeZoomSpeed_FW
0xfc189f4d,SS.Create_FW
0xfc189f25,SS.DoAELock_FW
0xfc189f11,SS.DoAFLock_FW
0xfc0a9ed5,SS.GetDigitalZoomPosition_FW
0xfc189ef3,SS.GetDigitalZoomTele_FW
0xfc189f43,SS.MFOff_FW
0xfc189f39,SS.MFOn_FW
0xfc189ee5,SS.MoveDigitalZoomAt_FW
0xfc189ed1,SS.MoveDigitalZoomToTele_FW
0xfc189edb,SS.MoveDigitalZoomToWide_FW
0xfc189ec1,SS.MoveOpticalZoomAt_FW
0xfc189ea9,SS.MoveOpticalZoomToTele_FW
0xfc189eb5,SS.MoveOpticalZoomToWide_FW
0xfc0ab89f,SS.SetAvailShot_FW
0xfc189f2f,SS.UnlockAE_FW
0xfc189f1b,SS.UnlockAF_FW
0xfc14c0c9,sscanf_FW
0xfc0becf5,SSFS_CompleteCaptModeChange_FW
0xfc0becf5,SSFS_CompleteFileWrite_FW
0xfc0becf5,SSFS_CompletePreCapt_FW
0xfc0becf5,SSFS_CompleteShootPicture_FW
0xfc0becf5,SSFS_CompleteStopDigZoom_FW
0xfc0becf5,SSFS_CompleteStopZoom_FW
0xfc0becf5,SSFS_CompleteSynchroWrite_FW
0xfc0becf5,SSFS_ShootPicture_FW
0xfc1f4403,StartAcceleSlantMotionDetect_FW
0xfc180b87,StartAEIntegralService_FW
0xfc5a983f,StartBDrive_FW
0xfc5a9861,StartBPanDrive_FW
0xfc361997,StartCameraLog_FW
0xfc0bb4e9,startCameraServiceProvide_FW
0xfc5a40ed,StartCaptureDrive_FW
0xfc0c1473,startDHCPServer_FW
0xfc1c02a5,StartDisplayHDMIForFAMode_FW
0xfc5a5829,StartEVFDrive_FW
0xfc5a5801,StartEVFDriveWithMode_FW
0xfc07804d,StartFactoryModeController_FW
0xfc5a9197,StartFADLDrive_FW
0xfc1bf68f,StartFAWLANService_FW
0xfc084451,StartHeartBeat_FW
0xfc44dfcd,StartImStEventProc_FW
0xfc1bfc1f,StartIRRemoteControllerTest_FW
0xfc5a9b07,StartISAdjustMacro_FW
0xfc5a983f,StartISAdjustmentDrive_FW
0xfc5a983f,StartISDrive_FW
0xfc44d647,StartISLocalAdjust_FW
0xfc31772d,StartISLocalAutoCenter_FW
0xfc317753,StartISLocalHallAdjust_FW
0xfc5a9861,StartISPanDrive_FW
0xfc44df7d,StartISPWMFreqChangeTest_FW
0xfc37aef5,StartLogOut_FW
0xfc44da75,StartLoopGainCalc_FW
0xfc44de0d,StartMacroISAdjust_FW
0xfc44de03,StartMacroISContiMode_FW
0xfc0bb401,startMicroAP_FW
0xfc1c030b,StartOutTestSignalSound_FW
0xfc32dd85,StartPlayModeMenu_FW
0xfc32dd97,StartRecModeMenu_FW
0xfc0647b9,StartRedirectUART_FW
0xfc02151f,StartSoundPlay_FW
0xfc021507,StartSoundRecord_FW
0xfc0843eb,StartSwitchCheck_FW
0xfc4357a3,StartTestRecLog_FW
0xfc1bfd93,StartupExEVF_FW
0xfc144f09,StartWDT_FW
0xfc37a695,stat
0xfc1f4407,StopAcceleSlantMotionDetect_FW
0xfc1809fb,StopAEIntegralService_FW
0xfc5a9835,StopBDrive_FW
0xfc5a9849,StopBPanDrive_FW
0xfc3619f9,StopCameraLog_FW
0xfc0bb4f5,stopCameraServiceProvide_FW
0xfc5a368d,StopCaptureDrive_FW
0xfc5a5bd5,StopContinuousVRAMData_FW
0xfc44b615,StopCZ_FW
0xfc0c1533,stopDHCPServer_FW
0xfc1c02e5,StopDisplayHDMIForFAMode_FW
0xfc5a55eb,StopEVFDrive_FW
0xfc44607d,StopFADLDrive_FW
0xfc1bf695,StopFAWLANService_FW
0xfc084445,StopHeartBeat_FW
0xfc0bfe2b,stopIPAddressing_FW
0xfc1bfc29,StopIRRemoteControllerTest_FW
0xfc5a9b11,StopISAdjustMacro_FW
0xfc5a9835,StopISAdjustmentDrive_FW
0xfc5a9835,StopISDrive_FW
0xfc5a9849,StopISPanDrive_FW
0xfc44df81,StopISPWMFreqChangeTest_FW
0xfc37acad,StopLogOut_FW
0xfc44dd31,StopLoopGainCalc_FW
0xfc44de17,StopMacroISAdjust_FW
0xfc085825,stopMicroAP_FW
0xfc1c0315,StopOutTestSignalSound_FW
0xfc077777,StopPtpipServiceForFAWLAN_FW
0xfc064859,StopRedirectUART_FW
0xfc4ca697,StopStrobeChargeForFA_FW
0xfc08442d,StopSwitchCheck_FW
0xfc4357af,StopTestRecLog_FW
0xfc144f45,StopWDT_FW
0xfc0bbc2b,StopWireless_FW
0xfc37febd,strcat
0xfc200419,strchr
0xfc380005,strcmp
0xfc380005,strcmp_FW
0xfc37fedf,strcpy
0xfc37fedf,strcpy_FW
0xfc1fff71,strftime
0xfc380063,strlen
0xfc380063,strlen_FW
0xfc2003ef,strncmp
0xfc37befd,strncpy
0xfc14c22d,strrchr
0xfc14c21f,strtol
0xfc431d35,SubCPUMemoryDump_FW
0xfc431d75,SubCPURebootRequest_FW
0xfc0f81e7,SubCPURomCheckSum_FW
0xfc431d15,SubCPUVersion_FW
0xfc5a5531,SwitchOffDisplay_FW
0xfc5a5569,SwitchOnDisplay_FW
0xfc189ae5,System.Create_FW
0xfc189507,System.Delete_FW
0xbfe15401,TakeSemaphore
0xbfe15401,TakeSemaphore_FW
0xbfe120b3,takesemaphore_low
0xbfe155ad,TakeSemaphoreStrictly
0xfc213b73,task__furikakeLeoCalcTask
0xfc1f102d,task__imageSensorTask
0xfc23f0f5,task__tgTask
0xfc1f156f,task__vBLKTask
0xfc1f3a97,task_Accelerometer
0xfc221bf1,task_AfIntSrvTask
0xfc0f47e9,task_AFTask
0xfc201a2b,task_AprocBpGenTask
0xfc2019cb,task_AprocBpPwmTask
0xfc20193f,task_AprocMainTask
0xfc130877,task_BatteryTask
0xfc077755,task_bomStopPTPIPTask
0xfc156b23,task_BrtMsrTask
0xfc131085,task_Bye
0xfc0bd907,task_CaptSeq
0xfc0bd907,task_CaptSeqTask
0xfc18895b,task_Cave2MainTask
0xfc2f4b07,task_Cave2PbTask
0xfc446d3b,task_Cave2RecTask
0xfc130ee5,task_ClockSave
0xfc157e25,task_ColorSBJTask
0xfc0f79cd,task_CommonDrivers
0xfc093593,task_ComWireless
0xfc0dc429,task_ConsoleSvr
0xfc361e89,task_CorctTask
0xfc44e1d9,task_CreateHeaderTask
0xfc5aa291,task_CtgTotalTask
0xfc374c61,task_CtrlSrv
0xfc15f7a7,task_DarkSubBulb
0xfc09ca4b,task_dccdCalcTask
0xfc4396bf,task_DecJpgRd
0xfc10c4fd,task_DefMarkRomCopyTask
0xfc211fcb,task_DetectMoveTask
0xfc207875,task_DetSeqSadT
0xfc207369,task_DetSeqT
0xfc4068eb,task_DevelopCR2
0xfc406f29,task_DevelopJpeg
0xfc21538b,task_DevelopModule
0xfc406927,task_DevelopRawToYuv
0xfc44e4b3,task_DistTask
0xfc10f5d7,task_DlController
0xfc445ecd,task_DlDriver
0xfc10daf9,task_DPOFTask
0xfc110a77,task_DvlpSeqTask
0xfc13df91,task_EdetSBJTask
0xfc2f0d73,task_EFLensComTask
0xfc186f4b,task_EISMainTask
0xfc0d9471,task_EncRemoteEVFJpgTask
0xfc37b645,task_Epilog
0xfc0bfa9b,task_EvShel
0xfc10ac0b,task_ExEVFDriver
0xfc2bc92d,task_ExpDrv
0xfc3fb711,task_ExpDrvSubTask
0xfc2bc92d,task_ExpDrvTask
0xfc0fb621,task_FaceFrame
0xfc5a76d9,task_FAPowerOff
0xfc435e2f,task_FileManMarkAllTask
0xfc066e9b,task_FileScheduleTask
0xfc068b89,task_FileWrite
0xfc068b89,task_FileWriteTask
0xfc438e53,task_FilYuvMaker
0xfc3e7b3d,task_FmidTask
0xfc35f689,task_FocusMainTask
0xfc1c127d,task_FORMAT_TASK_NAME
0xfc1c103d,task_FORMAT_TASK_PROGRESS
0xfc0bc709,task_fprintSNRTask
0xfc10ea31,task_FsIoNotifyTask
0xfc2362e7,task_Gap3rd
0xfc13b20b,task_HdmiCecTask
0xfc17e9f1,task_HivShdCalcCapTask
0xfc17e903,task_HivShdCalcTask
0xfc450cfd,task_ImagePlaySysConTask
0xfc452851,task_ImageRetryConTask
0xfc183cb1,task_ImageStoreTask
0xfc0c237d,task_ImageSyncController
0xfc511f7d,task_ImgPlyLowTask
0xfc4f50a7,task_ImgPlyTask
0xfc511e71,task_ImgPlyTask
0xfc4f5259,task_ImgPlyTsk2
0xfc0af741,task_IMLApp
0xfc0f79a1,task_InitFileModules
0xfc431b09,task_IrRemCon
0xfc317163,task_ISMainTask
0xfc44f5d7,task_JpegEncTask
0xfc0bcca1,task_LachesisTest
0xfc177509,task_LcdConTask
0xfc13b51d,task_LEDCon
0xfc25cd85,task_LensInfo
0xfc15ba1b,task_LiveImageTask
0xfc0dc81f,task_LowConsole
0xfc1c1a71,task_MechaAlarm
0xfc184835,task_MechaCPUTransfer
0xfc111163,task_MechaSeqTask
0xfc444e7d,task_MechaShutter
0xfc18467d,task_MediaStatusMngr
0xfc28b8f3,task_MetaCtg
0xfc50bb7b,task_MetaCtgPrsTask
0xfc0d9607,task_MotionVector
0xfc2619d5,task_MovieEditor
0xfc13f7a9,task_MovieInit
0xfc32fa27,task_MoviePlay
0xfc142ad5,task_MovieRecord
0xfc1882f9,task_MovieTranscoder
0xfc0ba583,task_NfcCon_EvtTask
0xfc10192f,task_NfcConTask
0xfc16e52f,task_NormalThumbCache
0xfc157775,task_OBCtrlTask
0xfc07591b,task_OpePlay
0xfc083bc5,task_PhySw
0xfc089673,task_PingManager
0xfc16ce1d,task_PTPSessionTASK
0xfc167745,task_PTPtoFAPI_EventProcTask_Block
0xfc1676db,task_PTPtoFAPI_EventProcTask_Try
0xfc523b1f,task_Raw2Ss2YuvTask
0xfc07274d,task_ReadFileTask
0xfc48bcad,task_ReadMultiConTask
0xfc06c871,task_ReadScheduleTask
0xfc0bc63b,task_RedirectUARTTask
0xfc084305,task_RemCPUSwChk
0xfc44e97d,task_ResizeTask
0xfc251fc1,task_SceneDetectTask
0xfc2447f9,task_SelectFuncController
0xfc435fd5,task_SetGeoTagExecution
0xfc18ad8f,task_ShutterSoundTask
0xfc2a0f39,task_SoundTsk
0xfc23a7bb,task_SsgMainTask
0xfc23aa19,task_SsgPeriodTask
0xfc0abb0b,task_SsStartupTask
0xfc0bedc1,task_SsTask
0xfc06347d,task_Startup
0xfc3627c3,task_StartupImage
0xfc15f7ef,task_SynchTask
0xfc15f6cd,task_SyncPeriod
0xfc1f5f4d,task_Thermometer
0xfc0d75f1,task_TimerUtility
0xfc250087,task_TouchAquire
0xfc24fe29,task_TouchCalib
0xfc24fe29,task_TouchCalibFA
0xfc24ff4d,task_TouchFACheck
0xfc13c10d,task_TouchPanel
0xfc24ffe1,task_TouchSvcCheck
0xfc447cf1,task_TricDecVTask
0xfc5536bb,task_TricEncMsgTask
0xfc552d8d,task_TricEncVTask
0xfc5540ad,task_TricInitTask
0xfc107d55,task_TrnsCtrlTask
0xfc2624ed,task_TskCocoa0
0xfc2624e7,task_TskCocoa1
0xfc2624e1,task_TskCocoa2
0xfc064649,task_UartLog
0xfc0f5fa1,task_WBCtrl
0xfc2b69cd,task_WBIntegTask
0xfc16267b,task_WBLPFace
0xfc18b049,task_WbSeqTask
0xfc144e17,task_WdtPrint
0xfc144e8d,task_WdtReset
0xfc0d8c09,task_WebServiceApp
0xfc108951,task_WSSAPP
0xfc0dc85f,taskcreate_LowConsole
0xfc0bfe49,termComDiscovery_FW
0xfc189fa9,TerminateAdjustmentSystem_FW
0xfc08ef11,Terminatedccd_FW
0xfc020f23,TerminateDefectRec_FW
0xfc08ef11,TerminateDigicon_FW
0xfc1bfdbb,TerminateExEVF_FW
0xfc10ad49,TerminateExEVFDriver_FW
0xfc021723,TerminateFAExtendFile_FW
0xfc02170f,TerminateFAGeneralTest_FW
0xfc170217,TerminatePTPIPTransportResponder_FW
0xfc0214e9,TerminateSoundRec_FW
0xfc08e6fb,TerminateTestRec_FW
0xfc08405f,TerminateWLAN_FW
0xfc44ccd9,TestMechaShutter_FW
0x010e11e3,time
0xfc2504b1,TouchPanelAdjustmentCheck_FW
0xfc250437,TouchPanelAdjustmentNextStep_FW
0xfc25046f,TouchPanelAdjustmentStart_FW
0xfc2505a5,TouchPanelClearCalibrationData_FW
0xfc13c537,TouchPanelExecBaselinesTest_FW
0xfc13c535,TouchPanelExecIDACTest_FW
0xfc13c5f5,TouchPanelExecPinShortTest_FW
0xfc13c4e9,TouchPanelExecRawDiffTest_FW
0xfc13c56f,TouchPanelExecTest_FW
0xfc13c5fb,TouchPanelSetActiveDistance_FW
0xfc13c5fd,TouchPanelSetFilter_FW
0xfc13c5f9,TouchPanelSetLowPowerMode_FW
0xfc13c5ff,TouchPanelSetPolMode_FW
0xfc13c61b,TouchPanelSetReverseMode_FW
0xfc13c601,TouchPanelSetSensitive_FW
0xfc2503f5,TouchPanelStartCalibration_FW
0xfc2504ff,TouchPanelStartFreeCheck_FW
0xfc13c33d,TouchPanelStartPolling_FW
0xfc13c62f,TouchPanelStartPrintPosition_FW
0xfc250543,TouchPanelStopFreeCheck_FW
0xfc13c3a9,TouchPanelStopPolling_FW
0xfc13c63f,TouchPanelStopPrintPosition_FW
0xfc2507f5,TP_DumpCalibrationData_FW
0xfc13bcb7,TP_FirmwareChecksum_FW
0xfc13bc57,TP_FirmwareUpdate_FW
0xfc13bc89,TP_GetFirmwareVersion_FW
0xfc37eca3,transfer_src_overlay
0xfc37f631,transfer_src_overlay_helper
0xbfe1526f,TryPostMessageQueue
0xbfe151a7,TryReceiveMessageQueue
0xbfe153d1,TryTakeSemaphore
0xfc35e73f,TurnOffBackLight
0xfc5a76cf,TurnOffCamera_FW
0xfc177cdf,TurnOffDispForTouchPanelAdj_FW
0xfc177cdf,TurnOffDisplay
0xfc130fe5,TurnOffE1_FW
0xfc44cecb,TurnOffNdFilter_FW
0xfc44cf0b,TurnOffNdFilterWithTiming_FW
0xfc13c339,TurnOffTouchPanel_FW
0xfc2a1ae7,TurnOffVideoOutMode_FW
0xfc35e6eb,TurnOnBackLight
0xfc24f75d,TurnOnDispForTouchPanelAdj_FW
0xfc24f773,TurnOnDispForTouchPanelAdjCheck_FW
0xfc177ccd,TurnOnDisplay
0xfc44ceb1,TurnOnNdFilter_FW
0xfc44cee5,TurnOnNdFilterWithTiming_FW
0xfc13c335,TurnOnTouchPanel_FW
0xfc2a1ab7,TurnOnVideoOutMode_FW
0xfc266d83,UI.Create_FW
0xfc26631b,UI.CreatePublic_FW
0xfc266d83,UI_RegistDebugEventProc_FW
0xfc266d75,UI_ShowStateOfRecMode_FW
0xfc363471,UiEvnt_SetLogicalEventActive_FW
0xfc36353d,UiEvnt_StartDisguiseCradleStatus_FW
0xfc363545,UiEvnt_StopDisguiseCradleStatus_FW
0xfc32c4c5,UIFS_CancelStoreLensTimer_FW
0xfc2459a5,UIFS_Capture_FW
0xfc245a37,UIFS_CaptureNoneStop_FW
0xfc266073,UIFS_ChangeShootState_FW
0xfc265f67,UIFS_ClosePopupStrobe_FW
0xfc265fd1,UIFS_ConnectVideo_FW
0xfc265dad,UIFS_CtrlManControllerAnytimeTop_FW
0xfc265ff5,UIFS_DisconnectVideo_FW
0xfc38df71,UIFS_DisplayFirmUpdateView_FW
0xfc266061,UIFS_EndClockMode_FW
0xfc266141,UIFS_GetAvItem_FW
0xfc2660c3,UIFS_GetAvItemCount_FW
0xfc266189,UIFS_GetCurrentAvString_FW
0xfc2661e1,UIFS_GetCurrentTvString_FW
0xfc26609f,UIFS_GetLastPath_FW
0xfc34d981,UIFS_GetMovieRecoadableNumber_FW
0xfc35c40f,UIFS_GetNumberOfDisplayedImage_FW
0xfc26601b,UIFS_GetNumOfOptZoomPos_FW
0xfc34d97d,UIFS_GetStillShotableNumber_FW
0xfc266165,UIFS_GetTvItem_FW
0xfc266101,UIFS_GetTvItemCount_FW
0xfc265dc3,UIFS_IsAutoPopupDownStrobe_FW
0xfc265dc7,UIFS_IsAvailableAvTvMode_FW
0xfc265db7,UIFS_IsAvailableMovieRecDigZoom_FW
0xfc265db3,UIFS_IsAvailableMovieRecOptZoom_FW
0xfc265dcb,UIFS_IsAvailablePowerZoom_FW
0xfc265dbf,UIFS_IsAvailableRecMenuAFMode_FW
0xfc265dbb,UIFS_IsAvailableServoAF_FW
0xfc34d341,UIFS_IsAvailableShots_FW
0xfc266243,UIFS_IsOperationEvent_FW
0xfc265f8b,UIFS_MountExtFlash_FW
0xfc266019,UIFS_MoveZoomTo_FW
0xfc265f45,UIFS_OpenPopupStrobe_FW
0xfc5a30e5,UIFS_PlayTrimExecuteAllImageSize_FW
0xfc266283,UIFS_PostBatAuthNG_FW
0xfc266269,UIFS_PostBatAuthOK_FW
0xfc26629d,UIFS_PostBatNoChange_FW
0xfc266023,UIFS_PostModeDial_FW
0xfc2662cb,UIFS_ResetMenuPos_FW
0xfc266021,UIFS_RestartPostingUIEvent_FW
0xfc266065,UIFS_SetCradleSetting_FW
0xfc265efd,UIFS_SetDialMovieRec_FW
0xfc265f2b,UIFS_SetDialPlay_FW
0xfc265ee3,UIFS_SetDialStillRec_FW
0xfc266089,UIFS_ShootSeqToUI_FW
0xfc26605d,UIFS_StartClockMode_FW
0xfc4f9c37,UIFS_StartMoviePlay_FW
0xfc353e0d,UIFS_StartMovieRecord_FW
0xfc353e23,UIFS_StopMovieRecord_FW
0xfc26601f,UIFS_StopPostingUIEvent_FW
0xfc265fad,UIFS_UnmountExtFlash_FW
0xfc2dc36d,UIFS_WirelessExecuteSendForever_FW
0xfc38b533,UIFS_WriteFirmInfoToFile
0xfc38b533,UIFS_WriteFirmInfoToFile_FW
0xfc07767d,UndisplayFactoryMode_FW
0xfc0bf0e3,UnLoadScript_FW
0xfc0aa85d,UnlockAE
0xfc0aa4d1,UnlockAF
0xfc1fd037,UnlockMainPower
0xfc1fd037,UnlockMainPower_FW
0xfc5a4e9f,UnregistColorMatrix_FW
0xfc1f4461,UnRegisterElecLevelInfoNotifyCBR_FW
0xfc327c6f,UnRegisterEventProcedure
0xfc327d89,UnRegisterEventProcTable
0xfc328299,UnRegisterEventProcTable_alt
0xfc130beb,VbattGet
0xfc130beb,VbattGet_FW
0xfc45074d,VerifyByte_FW
0xfc0d7383,vsprintf
0xfc1894ef,Wait_FW
0xbfe14dc3,WaitForAllEventFlag
0xbfe1561d,WaitForAllEventFlagStrictly
0xbfe14d41,WaitForAnyEventFlag
0xfc44d08d,WaitMoveZoomLensComplete_FW
0xfc0bbba3,WebServiceDataOutput_FW
0xfc0bc055,WebServiceSimError_FW
0xfc37a539,Write
0xfc37a539,Write_FW
0xfc1f8ba7,WRITEADJTABLETOFROM_FW
0xfc1f8bc5,WRITEADJUSTMENTDATATOFROM_FW
0xfc5a707b,WriteCMOSNoToEEPRom_FW
0xfc5a718f,WriteCMOSNoWriterInfoToEEPRom_FW
0xfc5a720f,WriteDLCheckerInfoToEEPRom_FW
0xfc5a70b5,WriteDLResonanceFreqToEEPRom_FW
0xfc17b4cd,WriteEEPRom_FW
0xfc5a7187,WriteFactoryFlagToEEPRom_FW
0xfc5a70bb,WriteFactoryTimeToEEPRom_FW
0xfc5a9875,WriteGyroAdjustment_FW
0xfc5a986b,WriteHallDeviceAdjustment_FW
0xfc5a7317,WriteImgCheckCountToEEPRom_FW
0xfc5a728f,WriteImgCheckerInfoToEEPRom_FW
0xfc5a7335,WriteImgCorrectDefectModeToEEPRom_FW
0xfc5a6add,WriteImgEEPRomAllData_FW
0xfc5a706f,WriteImgEEPRomData_FW
0xfc0bc9c3,writeMacAddrToAdjTbl_FW
0xfc44c8c7,WriteMechaLogToFile_FW
0xfc44c8bd,WriteMechaLogToRom_FW
0xfc1c0175,WriteNFCSystemArea_FW
0xfc1022c1,WriteNFCUserArea_FW
0xfc1c019b,WriteNFCUserAreaWithInitNFCAdj_FW
0xfc5a987f,WritePWMAdjustment_FW
0xfc17b4eb,WriteStatusRegEEPRom_FW
0xfc0f8363,WriteToRom_FW
0xfc1f8be3,WRITEUSERSETTINGDATATOFROM_FW
0xfc1bf6bd,WriteWLANMACAddressToFROM_FW
0xfc0bc1bf,WSS_GetAuthCode_FW
0xfc0bc1d5,WSS_GetConfirmNum_FW
0xfc0bc201,WSS_GetWebServiceData_FW
0xfc0bc13f,WSS_Initialize_FW
0xfc0bc1eb,WSS_RegDeviceInfo_FW
0xfc0bc619,WSS_SettingCancel_FW
0xfc0bc211,WSS_SettingDummyCBR_FW
0xfc0bc1af,WSS_SettingSeqenceCheck_FW
0xfc0bc16b,WSS_SettingTest_FW
0xfc0bc155,WSS_Terninate_FW
0xfc537d35,zicokick_copy
0xfc537cb9,zicokick_start
