0xffe5a664,_dadd
0xffe5b018,_dcmp
0xffe5b2a0,_dcmp_reverse
0xffe5a90c,_ddiv
0xffe5aea4,_dfix
0xffe5af54,_dfixu
0xffe5afdc,_dflt
0xffe5b00c,_dfltu
0xffe58e08,_divmod_signed_int
0xffe5a61c,_divmod_unsigned_int
0xffe5b0a0,_dmul
0xffe5b340,_drsb
0xffe5b504,_dsub
0xffe5b8b8,_f2d
0xffe5b934,_fdiv
0xffe5bb58,_ffix
0xffe5bbcc,_ffixu
0xffe5bc2c,_fflt
0xffe5bc60,_ffltu
0xffe5bc68,_fmul
0xffc180c8,_GetSystemTime
0xffe5a028,_log
0xffe58f6c,_log10
0xffe590dc,_pow
0xffe59f6c,_safe_sqrt
0xffe5bf90,_scalbn
0xffe5b390,_sqrt
0xffc0ce68,_uartr_req
0xffe2fd94,AbortAEIntegralValue_FW
0xffc17960,AcquireRecursiveLock
0xffc0bd7c,AcquireRecursiveLockStrictly
0xffcd8654,ActivateAdjLog_FW
0xffd9429c,ActivateImager_FW
0xffd94328,ActivateImagerXOne_FW
0xffd9fb1c,add_ptp_handler
0xffd6cadc,add_ui_to_dialog
0xffc36060,AddAdjDataToFRom_FW
0xffde5770,AdditionAgentRAM_FW
0xffdb6558,AddTransparentMemory_FW
0xffe35c50,AdjAEWithAperturePriority_FW
0xffe35c0c,AfAEWithAperturePriority_FW
0xffe35dfc,AfAEWithCompensation_FW
0xffd75f74,AFTool.GetEVal_FW
0xffde4fd4,AllocateMemory
0xffde4fd4,AllocateMemory_FW
0xffc17e28,AllocateUncacheableMemory
0xffd71fbc,apex2us
0xffc6f4e8,atol_FW
0xffe30878,AttachIntegCrawData_FW
0xffdb6590,AttachToTransparentMemory_FW
0xffc30388,Bat_Calc_FW
0xffe371a8,Bat_Save_FW
0xffe37194,Bat_VIN_FW
0xffc309a4,BeepDrive_FW
0xffe31e98,CalcLog10
0xffe31ed4,CalcLog10_FW
0xffc30388,CalculateBatSenseOffset_FW
0xffe31e74,CalculateLog2ToApex_FW
0xffe31e38,CalculatePeakFromLeastSquareResult_FW
0xffe31e88,CalculatePow2FromApex_FW
0xffe35a28,CancelAdj_AEMode_FW
0xffe30f8c,CancelAdjCdsMode_FW
0xffe33ef0,CancelBPFilterForBP_FW
0xffe35384,CancelExStrobeMode_FW
0xffde0fa0,CancelFocusLensMaxSpeedLimit_FW
0xffc53ad8,CancelHPTimer
0xffd94480,CancelImager_FW
0xffc182e4,CancelTimer
0xffd0dae4,Capture.Create_FW
0xffe30d2c,ChangeAdjImgDrvMode_FW
0xffe30d58,ChangeAEIntegDrvTypeToAdjImgDriveType_FW
0xffde1158,ChangeFocusDistanceToPosition_FW
0xffd8ba80,ChangeGradeTable_FW
0xffd94524,ChangeImagerToAlternateDraft_FW
0xffd9451c,ChangeImagerToDigiconMode_FW
0xffd944e4,ChangeImagerToFocusJet_FW
0xffd9450c,ChangeImagerToHoneyFlash_FW
0xffd944fc,ChangeImagerToJetDraft_FW
0xffd94504,ChangeImagerToJumboDraft_FW
0xffd944ec,ChangeImagerToMangoPudding_FW
0xffd94514,ChangeImagerToMillefeAdjust_FW
0xffd9453c,ChangeImagerToMontblancMillefe_FW
0xffd94534,ChangeImagerToMontblancWhole_FW
0xffd9451c,ChangeImagerToOITA_XAVIER_FW
0xffd944f4,ChangeImagerToSuperWideDraft_FW
0xffd9452c,ChangeImagerToUltraGhostQ_FW
0xffd944a4,ChangeImagerToWholeParallel_FW
0xffd944c0,ChangeImagerToWholeParallelBP_FW
0xffd944dc,ChangeImagerToWideDraft_FW
0xffe353c0,ChargeStrobe_FW
0xffe353f4,ChargeStrobeForFA_FW
0xffc17214,CheckAllEventFlag
0xffc171cc,CheckAnyEventFlag
0xffc57118,CheckSumAll_FW
0xffc34a48,ClearDUIDFixFlag_FW
0xffc349f0,ClearDurianMode_FW
0xffc173fc,ClearEventFlag
0xffc349f0,ClearFactoryMode_FW
0xffe49ecc,ClearPMByFs_FW
0xffe49e64,ClearPMByGpio_FW
0xffc13b7c,Close
0xffc09f74,close
0xffc13b7c,Close_FW
0xffc0c96c,CloseConsole_FW
0xffdce934,closedir
0xffde159c,CloseMechaShutter_FW
0xffde15e4,CloseMechaShutterWithTiming_FW
0xffe314d8,CloseMShutter_FW
0xffca7214,COMFACHK_GetTransferTime_FW
0xffca7274,COMFACHK_SetSendDataSize_FW
0xffca7174,COMFACHK_StartSendData_FW
0xffca71b0,COMFACHK_StartSendLargeData_FW
0xffca7084,COMFACHK_StartService_FW
0xffca70d4,COMFACHK_StopService_FW
0xffe30cc8,ConvertAdjImgDrvModeToAdjImgDriveType_FW
0xffe30c7c,ConvertAEIntegDrvTypeToAdjImgDriveType_FW
0xffe31f2c,ConvertApexStdToApex_FW
0xffe31efc,ConvertApexToApexStd_FW
0xffe32480,ConvertCxCyToWBGain_FW
0xffe32d18,ConvertToPositionWithDistanceAndZoomPoint_FW
0xffe310b0,ConvertTvToExposureTime_FW
0xffc0c6d0,CPrintf_FW
0xffc0c72c,CPutChar_FW
0xffc35b3c,CreateAdjustmentTableMirror_FW
0xffc0b608,CreateBinarySemaphore
0xffc0bc34,CreateBinarySemaphoreStrictly
0xffc5b6bc,CreateController_FW
0xffc0b670,CreateCountingSemaphore
0xffc0b670,CreateCountingSemaphore_FW
0xffc0bc58,CreateCountingSemaphoreStrictly
0xffd6aa50,CreateDialogBox
0xffc17124,CreateEventFlag
0xffc0bc10,CreateEventFlagStrictly
0xffcd7f98,CreateFADBGSingalID_FW
0xffe389e4,CreateJumptable
0xffd23edc,CreateLanguageMenu_FW
0xffc17538,CreateMessageQueue
0xffc0bbec,CreateMessageQueueStrictly
0xffc54fe0,CreateProxyOfEventProcedure_FW
0xffc178c0,CreateRecursiveLock
0xffc0bc7c,CreateRecursiveLockStrictly
0xffc0b8e0,CreateTask
0xffc0b8e0,CreateTask_FW
0xffc0bbb8,CreateTaskStrictly
0xffc0bdb8,DebugAssert
0xffc5b778,DeleteController_FW
0xffc1350c,DeleteDirectory_Fut
0xffc1717c,DeleteEventFlag
0xffc13428,DeleteFile_Fut
0xffd23a98,DeleteLanguageMenu_FW
0xffc175bc,DeleteMessageQueue
0xffc55038,DeleteProxyOfEventProcedure_FW
0xffc17910,DeleteRecursiveLock
0xffc0b6c8,DeleteSemaphore
0xffc0b6c8,DeleteSemaphore_FW
0xffe38844,DevelopStillPicture_FW
0xffd8c96c,DevelopTool.DevelopTest_FW
0xffcd7d00,DeviceUniqueIDCheckSum_FW
0xffcdad54,DisableDebugLogMode_FW
0xffc17ae8,DisableDispatch
0xffc02128,DisableDispatch_low
0xffde0ffc,DisableFocusLens_FW
0xffde107c,DisableFocusLensGainLock_FW
0xffde10a8,DisableFocusLensWaveLock_FW
0xffde1470,DisableFocusPiCircuit_FW
0xffde1450,DisableMechaCircuit_FW
0xffde14b8,DisableZoomEncoderCircuit_FW
0xffde1754,DisableZoomLensEncoderPowerControl_FW
0xffde1494,DisableZoomPiCircuit_FW
0xffc2d92c,DispCon_GetLcdGainAdjParameter_FW
0xffc2d774,DispCon_GetVideoAdjParameter_FW
0xffc2d9a0,DispCon_SaveLcdGainAdjParameter_FW
0xffc2d7d4,DispCon_SaveVideoAdjParameter_FW
0xffc2d654,DispCon_SetDisplayType_FW
0xffc2d84c,DispCon_SetLcdGainAdjParameter_FW
0xffc2d694,DispCon_SetMaxBackLightBrightness_FW
0xffc2d714,DispCon_SetVideoAdjParameter_FW
0xffc2d590,DispCon_ShowBitmapColorBar
0xffc2d590,DispCon_ShowBitmapColorBar_FW
0xffc2d574,DispCon_ShowBlackChart_FW
0xffc2d400,DispCon_ShowColorBar_FW
0xffc2d5f0,DispCon_ShowCustomColorBar_FW
0xffc2d45c,DispCon_ShowFiveStep_FW
0xffc2d97c,DispCon_ShowLcdGainAdjParameter_FW
0xffc2d7bc,DispCon_ShowVideoAdjParameter_FW
0xffc2d53c,DispCon_ShowWhiteChart_FW
0xffc2d684,DispCon_TurnOffDisplay_FW
0xffc2d674,DispCon_TurnOnDisplay_FW
0xffd0da74,DispDev.Create_FW
0xffd0be60,DispDev_EnableEventProc_FW
0xffc68ab4,DisplayBusyOnScreen
0xffd6b208,DisplayDialogBox
0xffc34654,DisplayFactoryMode_FW
0xffc15c94,DoAELock
0xffc157b4,DoAFLock
0xffc773ec,DoMovieFrameCapture
0xffd0bf50,Driver.Create_FW
0xffd0bf50,Driver_EnableEventProc_FW
0xffc04e1c,drysh_FW
0xffd0c194,Dump32_FW
0xffd0c184,Dump_FW
0xffc359f4,DumpAdjMirror_FW
0xffdb6518,DumpTransparentMemoryItem_FW
0xffc9ac58,E2LatOn_FW
0xffd92fd0,EF.AdjPreFlash_FW
0xffc981b0,EF.IsChargeFull_FW
0xffd93014,EF.SetChargeMode_FW
0xffd92ee0,EF.SetEFChargeTimeOut_FW
0xffd93028,EF.SetFlashTime_FW
0xffd92fb8,EF.SetMainFlashTime_FW
0xffd92e80,EF.StartEFCharge_FW
0xffd92f30,EF.StartInternalMainFlash_FW
0xffd92ef4,EF.StartInternalPreFlash_FW
0xffd92ed0,EF.StopEFCharge_FW
0xffcdad40,EnableDebugLogMode_FW
0xffc17d18,EnableDispatch
0xffc02154,EnableDispatch_low
0xffde0fb0,EnableFocusLens_FW
0xffde1048,EnableFocusLensGainLockWithVoltage_FW
0xffde108c,EnableFocusLensWaveLock_FW
0xffde1460,EnableFocusPiCircuit_FW
0xffc0b600,EnableInterrupt
0xffde1440,EnableMechaCircuit_FW
0xffde14a8,EnableZoomEncoderCircuit_FW
0xffde1744,EnableZoomLensEncoderPowerControl_FW
0xffde1484,EnableZoomPiCircuit_FW
0xffd0cf3c,EndClockMode_FW
0xffc12b7c,EngDrvBits
0xffdb12b8,EngDrvBits_FW
0xffc12b60,EngDrvIn
0xffdb12a8,EngDrvIn_FW
0xffc12b48,EngDrvOut
0xffdb128c,EngDrvOut_FW
0xffc12b68,EngDrvRead
0xffdb12b0,EngDrvRead_FW
0xffdb12dc,EngDrvReadDump_FW
0xffd0db24,EngineDriver.Create_FW
0xffc15aa4,EnterToCompensationEVF
0xffc359e8,EraseAdjustmentArea_FW
0xffc4f270,EraseLogSector_FW
0xffd13b24,EraseSectorOfRom_FW
0xffd0c170,EraseSignature_FW
0xffc04e98,err_init_task
0xffde082c,EscapeFocusLens_FW
0xffde5040,exec_FW
0xffc3a268,Executedccd_FW
0xffc39c34,ExecuteDigicon_FW
0xffc5459c,ExecuteEventProcedure
0xffc54614,ExecuteEventProcedure_FW
0xffe35460,ExecuteInternalPreFlash_FW
0xffd2d1c8,ExecuteResetFactoryWithRomWrite_FW
0xffc39918,ExecuteTestRec_FW
0xffc399e4,ExecuteTestRecCF_FW
0xffc15bf0,ExitFromCompensationEVF
0xffc0bb70,ExitTask
0xffc0bb70,ExitTask_FW
0xffc52dec,ExMem.AllocCacheable_FW
0xffc52c30,ExMem.AllocUncacheable_FW
0xffc52ef8,ExMem.FreeCacheable_FW
0xffc52d70,ExMem.FreeUncacheable_FW
0xffc52488,ExMem.View_FW
0xffc52d84,exmem_alloc
0xffc527fc,exmem_assert
0xffc52dfc,exmem_free
0xffc142f4,ExMem_FW
0xffc52bd4,exmem_ualloc
0xffc52d14,exmem_ufree
0xffc8dbd8,ExpCtrlTool.SetExpMode_FW
0xffc218b8,ExpCtrlTool_StartContiAE
0xffc219fc,ExpCtrlTool_StopContiAE
0xffc54fd4,ExportToEventProcedure_FW
0xffd0da50,FA.Create_FW
0xffd0da3c,FA.Delete_FW
0xffcd8048,FADBGPrintf_FW
0xffcd7fa8,FADBGSingal_FW
0xffcd81c8,FAPrintf_FW
0xffc135a4,Fclose_Fut
0xffc135a4,Fclose_Fut_FW
0xffc13790,Feof_Fut
0xffc137cc,Fflush_Fut
0xffc136f8,Fgets_Fut
0xffe35990,FixAEWithCompensation_FW
0xffc5a9d8,FmtMenu_ExecuteQuickFormat_FW
0xffe35864,FocusAEWithCompensation_FW
0xffc13564,Fopen_Fut
0xffc13564,Fopen_Fut_FW
0xffc13650,Fread_Fut
0xffc13650,Fread_Fut_FW
0xffc03a98,free
0xffdb6abc,FreeBufferForSoundRec_FW
0xffde4fcc,FreeMemory
0xffde4fcc,FreeMemory_FW
0xffc17e5c,FreeUncacheableMemory
0xffc13744,Fseek_Fut
0xffc13744,Fseek_Fut_FW
0xffc136a4,Fwrite_Fut
0xffc136a4,Fwrite_Fut_FW
0xffc929e0,get_current_exp
0xffdd9d58,get_current_nd_value
0xffdd9d9c,get_nd_value
0xffca5744,get_ptp_buf_size
0xffda13f0,get_ptp_file_buf
0xffc51394,get_resource_pointer
0xffc03794,get_self_task_errno_pointer
0xffc021a8,get_self_task_id
0xffd6d240,get_string_by_id
0xffc0339c,get_task_properties
0xffc2f3b8,GetAdChValue
0xffc2f3b8,GetAdChValue_FW
0xffe34398,GetAdjAFInteg_FW
0xffc35a4c,GetAdjTableMapVersion_FW
0xffc35a5c,GetAdjTableValueVersion_FW
0xffc35a18,GetAdjTableVersion_FW
0xffc2f3b0,GetAdVBattBottom_FW
0xffe30544,GetAEIntegralServiceMode_FW
0xffe301f0,GetAEIntegralValueWithFix_FW
0xffe30538,GetAEIntegValueBit_FW
0xffe2ff34,GetAEIntegWinData_FW
0xffe3007c,GetAEIntegWinDataWithMode_FW
0xffe30314,GetAllAEIntegralAllValueWithFix_FW
0xffd93c14,GetBaseSv
0xffc33a38,GetBatteryTemperature
0xffc33a38,GetBatteryTemperature_FW
0xffc56ffc,GetBuildDate_FW
0xffc57004,GetBuildTime_FW
0xffe38624,GetCaptureInfoData_FW
0xffc339c8,GetCCDTemperature
0xffc339c8,GetCCDTemperature_FW
0xffe30dc8,GetCdsGainValue_FW
0xffe30eb8,GetCdsPreGain_FW
0xffe30f10,GetCdsPreGainReg_FW
0xffc0c758,GetCh_FW
0xffe36f20,GetContinuousMovieJpegVRAMData_FW
0xffe365bc,GetContinuousVRAMData_FW
0xffe36d60,GetContinuousVRAMDataWithRingBuffer_FW
0xffe30c50,GetCurrentAdjImgDriveType_FW
0xffd05b84,GetCurrentAvValue
0xffd05b84,GetCurrentAvValue_FW
0xffc62b00,GetCurrentCaptureModeType_FW
0xffc339c8,GetCurrentCcdTemp_FW
0xffc70df0,GetCurrentExposureTime_FW
0xffd04ce4,GetCurrentFocusLensPosition_FW
0xffd04ce4,GetCurrentFocusPosition_FW
0xffe30c5c,GetCurrentImgDrvMode_FW
0xffc4f84c,GetCurrentMachineTime
0xffc33aa8,GetCurrentOptTemp_FW
0xffc70abc,GetCurrentShutterSpeed
0xffc70abc,GetCurrentShutterSpeed_FW
0xffd04c7c,GetCurrentTargetDistance_FW
0xffe32690,GetCurrentZoomLensDirection_FW
0xffd08940,GetCurrentZoomLensPoint_FW
0xffd08918,GetCurrentZoomLensPosition_FW
0xffd08940,GetCurrentZoomPoint_FW
0xffd08918,GetCurrentZoomPosition_FW
0xffe375ac,GetDay_FW
0xffc3a374,GetdccdFilterValue_FW
0xffc3a2e0,GetdccdImage_FW
0xffd8bc4c,GetDefectCount_FW
0xffc11c20,GetDialEventId_FW
0xffc3d914,GetDrive_ClusterSize
0xffc3d97c,GetDrive_FreeClusters
0xffc3d948,GetDrive_TotalClusters
0xffc17434,GetEventFlagValue
0xffe35370,GetExStrobeID_FW
0xffc5700c,GetFirmwareVersion_FW
0xffd05158,GetFocusDefaultResetPosition_FW
0xffdd769c,GetFocusLensCurrentPosition_FW
0xffdd7ad8,GetFocusLensDriveVoltage_FW
0xffdd7ba0,GetFocusLensHoldVoltage_FW
0xffde1160,GetFocusLensLoadCamTable_FW
0xffde10f0,GetFocusLensLoadSubjectDistance_FW
0xffde1248,GetFocusLensMoveMaxPosition_FW
0xffde1260,GetFocusLensMoveMinPosition_FW
0xffde10e8,GetFocusLensPositionRatio_FW
0xffdd6f20,GetFocusLensResetDefaultPosition_FW
0xffdd6f10,GetFocusLensResetPosition_FW
0xffe4aad4,GetFocusLensResetVoltage_FW
0xffdd7b54,GetFocusLensSettingWaitVoltage_FW
0xffd04c7c,GetFocusLensSubjectDistance
0xffde10c4,GetFocusLensSubjectDistance_FW
0xffd04f88,GetFocusLensSubjectDistanceFromLens
0xffde10e0,GetFocusLensSubjectDistanceNumber_FW
0xffd063a8,GetFocusPiSensorLevel_FW
0xffd050ec,GetFocusResetPosition_FW
0xffe375d4,GetHour_FW
0xffd05b84,GetIrisAv_FW
0xffc318c8,GetKbdState
0xffe37c44,GetLastVBatADLevel_FW
0xffc4562c,GetLensErrorStatus_FW
0xffcd8520,GetLogData_FW
0xffcd85dc,GetLogDataOnlyAddMemory_FW
0xffc4f02c,GetLogToFile_FW
0xffd06a38,GetMechaShutterStatus_FW
0xffc03c40,GetMemInfo
0xffe375fc,GetMinute_FW
0xffc26d98,GetMontblancVSize_FW
0xffe37580,GetMonth_FW
0xffca3330,GetMovieJpegVRAMHPixelsSize_FW
0xffca333c,GetMovieJpegVRAMVPixelsSize_FW
0xffc17850,GetNumberOfPostedMessages
0xffe30e38,GetObClampValue_FW
0xffe303e8,GetOnlyAEIntegData_FW
0xffc33aa8,GetOpticalTemperature
0xffc33aa8,GetOpticalTemperature_FW
0xffd2ce50,GetParameterData
0xffe36cbc,GetPixelsOfViewangle_FW
0xffc5819c,GetPropertyCase
0xffc11bfc,GetSDDetect_FW
0xffc11c04,GetSDProtect
0xffc11c04,GetSDProtect_FW
0xffe37624,GetSecond_FW
0xffc5ba40,GetSelfControllerHandle_FW
0xffc0b87c,GetSemaphoreValue
0xffe311b0,GetShutterSpeedRegularMaxLimit_FW
0xffe311c8,GetShutterSpeedRegularMinLimit_FW
0xffc0b5dc,GetSRAndDisableInterrupt
0xffc0c7a8,GetStringWithPrompt_FW
0xffe364d0,GetSumYOfVRAMCenterLine_FW
0xffc11acc,GetSwitchStatus_FW
0xffde502c,GetSystemTime
0xffde502c,GetSystemTime_FW
0xffd17a48,GetTimeOfSystem_FW
0xffdb65fc,GetTransparentMemory_FW
0xffdb6640,GetTransparentMemoryPosition_FW
0xffdb65e8,GetTransparentMemorySize_FW
0xffe385ac,GetUnpackCrwIntegralValue_FW
0xffe311a0,GetUserSetShutterSPeed_FW
0xffc105e8,GetVBatVoltage_FW
0xffe35ef0,GetVideoOutType_FW
0xffca3318,GetVRAMHPixelsSize
0xffca3318,GetVRAMHPixelsSize_FW
0xffca3324,GetVRAMVPixelsSize
0xffca3324,GetVRAMVPixelsSize_FW
0xffe37550,GetYear_FW
0xffddb588,GetZoomActuatorCurrentPosition_FW
0xffddb574,GetZoomActuatorSpeedPPS_FW
0xffd08940,GetZoomLensCurrentPoint
0xffd08940,GetZoomLensCurrentPoint_FW
0xffddc3ac,GetZoomLensCurrentPosition
0xffd08918,GetZoomLensCurrentPosition_FW
0xffd092a4,GetZoomLensMechaEdgePosition_FW
0xffe32524,GetZoomLensResetPlus_FW
0xffd08cfc,GetZoomLensTelePoint_FW
0xffd06360,GetZoomPiSensorLevel_FW
0xffc0b844,GiveSemaphore
0xffc0b844,GiveSemaphore_FW
0xffcb3194,handle_PTP_OC_0x9038
0xffcb3250,handle_PTP_OC_0x9039
0xffcb3320,handle_PTP_OC_0x903a
0xffcb33e0,handle_PTP_OC_0x903b
0xffcaaf00,handle_PTP_OC_0x903f
0xffcaaf64,handle_PTP_OC_0x9040
0xffcaafc8,handle_PTP_OC_0x9041
0xffcab140,handle_PTP_OC_0x9044
0xffcab21c,handle_PTP_OC_0x9045
0xffcb34e4,handle_PTP_OC_0x904b
0xffcb2a28,handle_PTP_OC_0x904c
0xffcab0a8,handle_PTP_OC_0x904d
0xffcab290,handle_PTP_OC_0x904e
0xffcab30c,handle_PTP_OC_0x904f
0xffcab384,handle_PTP_OC_0x9054
0xffcab43c,handle_PTP_OC_0x9055
0xffcab49c,handle_PTP_OC_0x9056
0xffca8508,handle_PTP_OC_0x9801
0xffca80c4,handle_PTP_OC_0x9802
0xffca7f74,handle_PTP_OC_0x9803
0xffca7e50,handle_PTP_OC_0x9804
0xffca7790,handle_PTP_OC_0x9805
0xffda0690,handle_PTP_OC_CANON_ChangeUSBProtocol
0xffcac93c,handle_PTP_OC_CANON_CheckEvent
0xffcb2564,handle_PTP_OC_CANON_GetObjectAttributes
0xffcb2d70,handle_PTP_OC_CANON_GetObjectHandleByName
0xffcb3980,handle_PTP_OC_CANON_GetObjectInfoEx
0xffcb22d4,handle_PTP_OC_CANON_GetPartialObjectEx
0xffcb20a0,handle_PTP_OC_CANON_GetPartialObjectInfo
0xffca9f7c,handle_PTP_OC_CANON_GetTreeInfo
0xffcaa4d0,handle_PTP_OC_CANON_GetTreeSize
0xffcaa5ac,handle_PTP_OC_CANON_NotifyCancelAccepted
0xffcaa4f8,handle_PTP_OC_CANON_NotifyProgress
0xffcb3c1c,handle_PTP_OC_CANON_SendObjectByPath
0xffcb26c8,handle_PTP_OC_CANON_SendObjectInfoByPath
0xffcb3e58,handle_PTP_OC_CANON_SendPartialObject
0xffcaa66c,handle_PTP_OC_CANON_SetDisplayMonitor
0xffcb2608,handle_PTP_OC_CANON_SetObjectArchive
0xffcb2ea4,handle_PTP_OC_CANON_SetObjectTime
0xffcaa028,handle_PTP_OC_CANON_TerminateDirectTransfer
0xffcade3c,handle_PTP_OC_CloseSession
0xffcb2f20,handle_PTP_OC_DeleteObject
0xffcb3080,handle_PTP_OC_FormatStore
0xffcabd30,handle_PTP_OC_GetDevicePropDesc
0xffcabc24,handle_PTP_OC_GetDevicePropValue
0xffcb3670,handle_PTP_OC_GetNumObjects
0xffcb1b28,handle_PTP_OC_GetObject
0xffcb376c,handle_PTP_OC_GetObjectHandles
0xffcb1fa4,handle_PTP_OC_GetObjectInfo
0xffcb1de0,handle_PTP_OC_GetPartialObject
0xffcb12dc,handle_PTP_OC_GetStorageIDs
0xffcb13b8,handle_PTP_OC_GetStorageInfo
0xffcb1d38,handle_PTP_OC_GetThumb
0xffcadef4,handle_PTP_OC_OpenSession
0xffcab960,handle_PTP_OC_ResetDevicePropValue
0xffcb3c1c,handle_PTP_OC_SendObject
0xffcb26c8,handle_PTP_OC_SendObjectInfo
0xffcaba80,handle_PTP_OC_SetDevicePropValue
0xffcb1efc,handle_PTP_OC_SetObjectProtection
0xffc5caa4,HardwareDefect_FW
0xffc5ca54,HardwareDefectWithRestart_FW
0xffd138a8,HwOcReadICAPCounter
0xffc25240,ImagerActivate
0xffcd8668,InactivateAdjLog_FW
0xffd0da14,InitializeAdjustmentFunction_FW
0xffd0d9a4,InitializeAdjustmentSystem_FW
0xffc39a9c,Initializedccd_FW
0xffcb984c,InitializeDCPClassFunctions_FW
0xffc39a9c,InitializeDigicon_FW
0xffe3893c,InitializeMechaDevice_FW
0xffdb6bb8,InitializeSoundRec_FW
0xffc396d0,InitializeTestRec_FW
0xffe31070,IsAdjCdsMode_FW
0xffc5c534,IsControlEventActive_FW
0xffc34afc,IsDUIDFixFlag_FW
0xffe35fd0,IsEVFDrive_FW
0xffe36300,IsEvfDriveMode_FW
0xffe35378,IsExStrobeChargeComp_FW
0xffc34abc,IsFactoryMode_FW
0xffc45608,IsLensOutside_FW
0xffcd8694,IsLogOutType_FW
0xffc981b0,IsStrobeChargeCompleted
0xffddaf80,IsZoomActuatorResetSensorPlusSide_FW
0xffd0bed4,j_BeepDrive_FW
0xffd94548,j_E2LatOn_FW
0xffd92fcc,j_EF.IsChargeFull_FW
0xffd0c1f4,j_exec_FW
0xffc142ec,j_ExMem.AllocCacheable_FW
0xffc142e4,j_ExMem.AllocUncacheable_FW
0xffc142f0,j_ExMem.FreeCacheable_FW
0xffc142e8,j_ExMem.FreeUncacheable_FW
0xffc142e0,j_ExMem.View_FW
0xffd0bed0,j_GetAdChValue_FW
0xffd0becc,j_GetAdVBattBottom_FW
0xffe30078,j_GetAEIntegWinData_FW
0xffc9a350,j_GetBaseSv
0xffc33b60,j_GetBatteryTemperature_FW
0xffc33b5c,j_GetCCDTemperature_FW
0xffe30ee0,j_GetCdsPreGain_FW
0xffe30f38,j_GetCdsPreGainReg_FW
0xffe312b0,j_GetCurrentAvValue_FW
0xffe37674,j_GetCurrentCcdTemp_FW
0xffe310d0,j_GetCurrentExposureTime_FW
0xffe32d70,j_GetCurrentFocusLensPosition_FW
0xffe32d70,j_GetCurrentFocusPosition_FW
0xffe37678,j_GetCurrentOptTemp_FW
0xffe310d8,j_GetCurrentShutterSpeed_FW
0xffe32d34,j_GetCurrentTargetDistance_FW
0xffe3268c,j_GetCurrentZoomLensPoint_FW
0xffe32688,j_GetCurrentZoomLensPosition_FW
0xffe3268c,j_GetCurrentZoomPoint_FW
0xffe32688,j_GetCurrentZoomPosition_FW
0xffd0bf4c,j_GetDialEventId_FW
0xffe32d2c,j_GetFocusDefaultResetPosition_FW
0xffde10b8,j_GetFocusLensCurrentPosition_FW
0xffde1190,j_GetFocusLensDriveVoltage_FW
0xffde1208,j_GetFocusLensHoldVoltage_FW
0xffde10c0,j_GetFocusLensResetDefaultPosition_FW
0xffde10bc,j_GetFocusLensResetPosition_FW
0xffde1244,j_GetFocusLensResetVoltage_FW
0xffde11cc,j_GetFocusLensSettingWaitVoltage_FW
0xffde1480,j_GetFocusPiSensorLevel_FW
0xffe32d30,j_GetFocusResetPosition_FW
0xffde1340,j_GetIrisAv_FW
0xffde1420,j_GetLensErrorStatus_FW
0xffde1668,j_GetMechaShutterStatus_FW
0xffe36df4,j_GetMovieJpegVRAMHPixelsSize_FW
0xffe36df8,j_GetMovieJpegVRAMVPixelsSize_FW
0xffc33b58,j_GetOpticalTemperature_FW
0xffd0bf34,j_GetSDDetect_FW
0xffd0bf38,j_GetSDProtect_FW
0xffd0bf20,j_GetSwitchStatus_FW
0xffe37c4c,j_GetVBatVoltage_FW
0xffe36538,j_GetVRAMHPixelsSize_FW
0xffe3653c,j_GetVRAMVPixelsSize_FW
0xffddb580,j_GetZoomActuatorCurrentPosition_FW
0xffde19ac,j_GetZoomLensCurrentPoint_FW
0xffde19d4,j_GetZoomLensCurrentPosition_FW
0xffde19dc,j_GetZoomLensMechaEdgePosition_FW
0xffde19d8,j_GetZoomLensTelePoint_FW
0xffde14a4,j_GetZoomPiSensorLevel_FW
0xffcb950c,j_InitializeDCPClassFunctions_FW
0xffde141c,j_IsLensOutside_FW
0xffddb584,j_IsZoomActuatorResetSensorPlusSide_FW
0xffd0bedc,j_LEDDrive_FW
0xffd98abc,j_LiveImageTool.GetDzoomPosition_FW
0xffc13d84,j_Lseek_FW
0xffd0c168,j_MemoryChecker_FW
0xffd0c164,j_MonSelEvent_FW
0xffc142dc,j_NewTaskShell_FW
0xffd0c1dc,j_Peek16_FW
0xffd0c1d8,j_Peek32_FW
0xffd0c1e0,j_Peek8_FW
0xffd0c160,j_Printf_FW
0xffc5ccc8,j_PTM_AllReset_FW
0xffc5d1f4,j_PTM_BackupUIProperty_FW
0xffc5d148,j_PTM_GetWorkingCaptureMode_FW
0xffc5d1d8,j_PTM_IsEnableItem_FW
0xffc5d1c4,j_PTM_NextItem_FW
0xffc5d1c8,j_PTM_PrevItem_FW
0xffc5d14c,j_PTM_SetCurrentItem_FW
0xffc5d1dc,j_PTM_SetProprietyEnable_FW
0xffc1425c,j_PutsCameraLogEvent_FW
0xffc13c24,j_Read_FW
0xffe30e34,j_ReloadCdsAdjustment_FW
0xffe354e8,j_ReloadColorAdjustment_FW
0xffe35388,j_ReloadEfAdjustment_FW
0xffe32d28,j_ReloadFocusLensAdjustment_FW
0xffe312ac,j_ReloadIrisAdjustment_FW
0xffe31404,j_ReloadNdFilterAdjustment_FW
0xffe32160,j_ReloadWBAdjustment_FW
0xffe326ac,j_ReloadZoomAdjustment_FW
0xffd0c180,j_SDump_FW
0xffc14250,j_ShowCameraLog_FW
0xffc14254,j_ShowCameraLogInfo_FW
0xffc1424c,j_StartCameraLog_FW
0xffc14258,j_StopCameraLog_FW
0xffe36540,j_StopContinuousVRAMData_FW
0xffc0d8a4,j_strcmp_FW
0xffd0cf24,j_UIFS_Capture_FW
0xffd0cf28,j_UIFS_CaptureNoneStop_FW
0xffd0ce6c,j_UIFS_MoveZoomTo_FW
0xffd0cf2c,j_UIFS_StartMovieRecord_FW
0xffd0cf30,j_UIFS_StopMovieRecord_FW
0xffd0cf48,j_UIFS_WriteFirmInfoToFile_FW
0xffd0bed8,j_VbattGet_FW
0xffd0c16c,j_VerifyByte_FW
0xffc11d28,kbd_p1_f
0xffc11d34,kbd_p1_f_cont
0xffc11560,kbd_p2_f
0xffc11c24,kbd_read_keys
0xffc3138c,kbd_read_keys_r2
0xffcc5348,LcdCon_GetLcdAdjParameter_FW
0xffcc5710,LcdCon_GetLcdBackLightParameter_FW
0xffcc5540,LcdCon_GetLcdParameter_FW
0xffcc53d0,LcdCon_SaveLcdAdjParameter_FW
0xffcc5794,LcdCon_SaveLcdBackLightParameter_FW
0xffcc55c8,LcdCon_SaveLcdParameter_FW
0xffcc52c0,LcdCon_SetLcdAdjParameter_FW
0xffcc5688,LcdCon_SetLcdBackLightBrightness_FW
0xffcc56b8,LcdCon_SetLcdBackLightParameter_FW
0xffcc5280,LcdCon_SetLcdDriver_FW
0xffcc53ec,LcdCon_SetLcdParameter_FW
0xffcc5390,LcdCon_ShowLcdAdjParameter_FW
0xffcc5754,LcdCon_ShowLcdBackLightParameter_FW
0xffcc5588,LcdCon_ShowLcdParameter_FW
0xffc2df30,LcdCon_StartLcdPeriodicalSetting_FW
0xffc2df40,LcdCon_StopLcdPeriodicalSetting_FW
0xffe10094,LCDMsg_ChangeColor_FW
0xffe0feb0,LCDMsg_Create_FW
0xffe0fbac,LCDMsg_Delete_FW
0xffe0fb6c,LCDMsg_Move_FW
0xffe0ffb0,LCDMsg_SetNum_FW
0xffe0ffc0,LCDMsg_SetStr_FW
0xffe0ff60,LCDMsg_SwDisp_FW
0xffc30f6c,LEDDrive
0xffc30f6c,LEDDrive_FW
0xffd8bc6c,LineDefDetect_FW
0xffd8bcd0,LineKizuCheck_FW
0xffd98a4c,LiveImageTool.ChangeDzoom_FW
0xffd989dc,LiveImageTool.DzoomTele_FW
0xffd989fc,LiveImageTool.DzoomWide_FW
0xffca31e4,LiveImageTool.GetDzoomPosition_FW
0xffd98ac0,LiveImageTool.Jump_FW
0xffd98a2c,LiveImageTool.Pause_FW
0xffd98a3c,LiveImageTool.Resume_FW
0xffd98398,LiveImageTool.StartEVF_FW
0xffd98414,LiveImageTool.StartEVFFocusJet_FW
0xffd98490,LiveImageTool.StartEVFMF_FW
0xffd988e4,LiveImageTool.StartEVFMovHD_FW
0xffd98770,LiveImageTool.StartEVFMovQQVGA_FW
0xffd985f8,LiveImageTool.StartEVFMovQVGA60_FW
0xffd986b4,LiveImageTool.StartEVFMovQVGA_FW
0xffd98524,LiveImageTool.StartEVFMovVGA_FW
0xffd9882c,LiveImageTool.StartEVFMovXGA_FW
0xffd989ac,LiveImageTool.StartMjpegMaking_FW
0xffd98a1c,LiveImageTool.StopDzoom_FW
0xffd9899c,LiveImageTool.StopEVF_FW
0xffd989cc,LiveImageTool.StopMjpegMaking_FW
0xffc35b2c,LoadAdjustmentTable_FW
0xffc35d48,LoadAdjustmentValue_FW
0xffcd7c04,LoadDataFromAdjTableBin_FW
0xffe37a28,LoadFactoryNumber_FW
0xffcd7b00,LoadParamDataFromAdjTableBin_FW
0xffc51988,LoadScript_FW
0xffe37b58,LoadSerialNumber_FW
0xffc522bc,LocalTime
0xffc5c808,LockMainPower
0xffc5c808,LockMainPower_FW
0xffc5556c,LogCameraEvent
0xffc13cbc,Lseek
0xffc13cbc,lseek
0xffc13cbc,Lseek_FW
0xffde5748,MakeBootDisk_FW
0xffc1349c,MakeDirectory_Fut
0xffde575c,MakeScriptDisk_FW
0xffc039c4,malloc
0xffc17d7c,malloc_strictly
0xffd0bcf4,Mecha.Create_FW
0xffd0bd48,MechaReset_FW
0xffd0bd54,MechaTerminate_FW
0xffd0bcb8,MechaUnRegisterEventProcedure_FW
0xffc0d90c,memcmp
0xffc0d90c,memcmp_FW
0xffc6f708,memcpy
0xffc6f708,memcpy_FW
0xffde4778,MemoryChecker_FW
0xffd70e34,memset
0xffd70e34,memset_FW
0xffc00bd0,memShow_FW
0xffc16278,MenuIn
0xffc162b0,MenuOut
0xffc13f20,mkdir
0xffc6ff74,mktime_ext
0xffde50b4,MonSelEvent_FW
0xffc5b8fc,MoveControllerToTopOfZOrder_FW
0xffde06b4,MoveCZToPoint_FW
0xffde071c,MoveCZToTele_FW
0xffde06ec,MoveCZToWide_FW
0xffe49f4c,MoveDCMotorCCW_FW
0xffe49edc,MoveDCMotorCW_FW
0xffde0c34,MoveFocusActuator_FW
0xffe330bc,MoveFocusDistance_FW
0xffe330bc,MoveFocusLensToDistance
0xffe330bc,MoveFocusLensToDistance_FW
0xffe32fa0,MoveFocusLensToPosition_FW
0xffe32e84,MoveFocusLensToPositionWithMaxSpeed_FW
0xffe32ec8,MoveFocusLensToPositionWithSpeed_FW
0xffde08a4,MoveFocusLensToTerminate_FW
0xffe32da0,MoveFocusLensToTerminatePosition_FW
0xffde0900,MoveFocusLensWithDistance_FW
0xffde0a0c,MoveFocusLensWithPosition_FW
0xffde0b20,MoveFocusLensWithPositionWithoutBacklash_FW
0xffe32ff0,MoveFocusPosition_FW
0xffe32da0,MoveFocusToTerminate_FW
0xffe31394,MoveIrisFullClose_FW
0xffe31360,MoveIrisFullOpen_FW
0xffe31260,MoveIrisToAv_FW
0xffde12e8,MoveIrisToTerminatePosition_FW
0xffde12f0,MoveIrisWithAv
0xffde12f0,MoveIrisWithAv_FW
0xffde1318,MoveIrisWithAvWithoutBacklash_FW
0xffde139c,MoveLensToFirstPoint_FW
0xffde13e4,MoveLensToTerminatePoint_FW
0xffc15164,MoveOpticalZoomAt
0xffddb518,MoveZoomActuator_FW
0xffde193c,MoveZoomLensToMechaEdge_FW
0xffe32b3c,MoveZoomLensToMechaEnd_FW
0xffe328c4,MoveZoomLensToPoint_FW
0xffe32888,MoveZoomLensToPosition_FW
0xffe32bdc,MoveZoomLensToPositionByManual_FW
0xffde18fc,MoveZoomLensToTerminatePosition_FW
0xffde1874,MoveZoomLensWithPoint
0xffde1874,MoveZoomLensWithPoint_FW
0xffde18b8,MoveZoomLensWithPosition_FW
0xffe328c4,MoveZoomPoint_FW
0xffe32888,MoveZoomPosition_FW
0xffc57c60,NewTaskShell
0xffc57cc0,NewTaskShell_FW
0xffd10550,NR_GetDarkSubType
0xffd10550,NR_GetDarkSubType_FW
0xffd10590,NR_GetDefectCorrectType_FW
0xffd104dc,NR_SetDarkSubType
0xffd104dc,NR_SetDarkSubType_FW
0xffd10524,NR_SetDefectCorrectType_FW
0xffd105d0,NR_SetLotasPonyType_FW
0xffd0bf10,OffPrintPhySw_FW
0xffe32028,OneShotWhigeBalance_FW
0xffe32028,OneTypeWhiteBalance_FW
0xffd0bf00,OnPrintPhySw_FW
0xffc13b54,Open
0xffc09ec4,open
0xffc13b54,Open_FW
0xffc0c808,OpenConsole_FW
0xffdce7d0,OpenFastDir
0xffde15c0,OpenMechaShutter_FW
0xffe31510,OpenMShutter_FW
0xffc14260,OpLog.Create_FW
0xffc56390,OpLog.Get_FW
0xffc5644c,OpLog.Play_FW
0xffc55b38,OpLog.ReadFromROM_FW
0xffc55bb8,OpLog.ReadFromSD_FW
0xffc563b0,OpLog.Show_FW
0xffc56580,OpLog.Start_FW
0xffc55b0c,OpLog.Stop_FW
0xffc56368,OpLog.WriteToROM_FW
0xffc55f60,OpLog.WriteToSD_FW
0xffcd8218,OutputLogToFile_FW
0xffc5f428,PB2Rec
0xffde4ffc,Peek16_FW
0xffde4ff4,Peek32_FW
0xffde5004,Peek8_FW
0xffd8ba94,PointDefDetect_FW
0xffd8bbe8,PointKizuCheck_FW
0xffd0c1b8,Poke16_FW
0xffd0c1a8,Poke32_FW
0xffd0c1c8,Poke8_FW
0xffc5bf3c,PostEventShootSeqToUI_FW
0xffc5be78,PostLogicalEventForNotPowerType
0xffc5be78,PostLogicalEventForNotPowerType_FW
0xffc5bec4,PostLogicalEventToUI
0xffc5bec4,PostLogicalEventToUI_FW
0xffc17774,PostMessageQueue
0xffc0bcf8,PostMessageQueueStrictly
0xffe35a78,PreFixAE_FW
0xffc35d6c,PrintAdjTableMap_FW
0xffe2f508,PrintAllAEIntegData_FW
0xffc5197c,Printf_FW
0xffcd7f88,PrintFaexeVersioin_FW
0xffcd7f54,PrintFirmVersion_FW
0xffe34e64,PrintMultiWinScanTable_FW
0xffe34dd0,PrintScanTable_FW
0xffc47580,PT_BatLvChange_Low_FW
0xffc47570,PT_BatLvChange_PreWeak_FW
0xffc47588,PT_BatLvChange_SysLow_FW
0xffc47578,PT_BatLvChange_Weak_FW
0xffc47aac,PT_ChangeZoomSpeed_FW
0xffc47550,PT_CompleteCaptModeChange_FW
0xffc47560,PT_CompleteCharge_FW
0xffc47568,PT_CompleteFileWrite_FW
0xffc47518,PT_CompletePreCapt_FW
0xffc47538,PT_CompleteStopDigZoom_FW
0xffc47530,PT_CompleteStopZoom_FW
0xffc47540,PT_CompleteStoreLens_FW
0xffc47558,PT_CompleteSynchroWrite_FW
0xffc47ae0,PT_DoAELock_FW
0xffc47ac0,PT_DoAFLock_FW
0xffc4784c,PT_EraseAllFile_FW
0xffc47648,PT_FinishBatteryTest_FW
0xffc47664,PT_GetBatteryLevel_FW
0xffc47954,PT_GetLocalDateAndTimeString_FW
0xffc47728,PT_GetLowBatLv_FW
0xffc47678,PT_GetPreWeakBatLv_FW
0xffc478dc,PT_GetPropertyCaseInt_FW
0xffc47780,PT_GetSysLowBatLv_FW
0xffc4789c,PT_GetSystemTime_FW
0xffc476d0,PT_GetWeakBatLv_FW
0xffc479b4,PT_LCD_BkColorDef_FW
0xffc47b10,PT_MFOff
0xffc47b10,PT_MFOff_FW
0xffc47b00,PT_MFOn
0xffc47b00,PT_MFOn_FW
0xffc47874,PT_mod_FW
0xffc47a98,PT_MoveDigitalZoomAt_FW
0xffc47a78,PT_MoveDigitalZoomToTele_FW
0xffc47a88,PT_MoveDigitalZoomToWide
0xffc47a88,PT_MoveDigitalZoomToWide_FW
0xffc47a60,PT_MoveOpticalZoomAt
0xffc47a60,PT_MoveOpticalZoomAt_FW
0xffc47a38,PT_MoveOpticalZoomToTele_FW
0xffc47a4c,PT_MoveOpticalZoomToWide_FW
0xffc47548,PT_MovieRecordStopped_FW
0xffc47528,PT_NextShootAvailable_FW
0xffc47374,PT_PlaySound
0xffc47998,PT_PlaySound_FW
0xffc47520,PT_RecreviewAvailable_FW
0xffc478b0,PT_SetPropertyCaseInt_FW
0xffc4760c,PT_StartBatteryTest_FW
0xffc47af0,PT_UnlockAE_FW
0xffc47ad0,PT_UnlockAF_FW
0xffd2c094,PTM_AllReset_FW
0xffc5ccb8,PTM_AllResetToFactorySetting_FW
0xffd2cdc0,PTM_BackupUIProperty_FW
0xffc5d158,PTM_GetCurrentItem
0xffc5d158,PTM_GetCurrentItem_FW
0xffd2c3f8,PTM_GetWorkingCaptureMode_FW
0xffd2ccf4,PTM_IsEnableItem_FW
0xffd2c7a8,PTM_NextItem
0xffd2c7a8,PTM_NextItem_FW
0xffd2c7b0,PTM_PrevItem
0xffd2c7b0,PTM_PrevItem_FW
0xffc5d1f8,PTM_RestoreUIProperty_FW
0xffc5d030,PTM_SetCurrentCaptureMode_FW
0xffd2c410,PTM_SetCurrentItem
0xffd2c410,PTM_SetCurrentItem_FW
0xffd2caac,PTM_SetPropertyEnable
0xffd2caac,PTM_SetProprietyEnable_FW
0xffde16d8,PutInNdFilter
0xffe3141c,PutInNdFilter_FW
0xffde16fc,PutOutNdFilter
0xffe31454,PutOutNdFilter_FW
0xffc55250,PutsCameraLogEvent_FW
0xffd7133c,qsort
0xffd943f8,QuietImager_FW
0xffc0da14,rand
0xffc0a15c,Read
0xffc0a15c,Read_FW
0xffdce864,ReadFastDir
0xffc03b78,realloc
0xffdd3138,reboot_fw_update
0xffc5f458,Rec2PB
0xffde14ec,ReceiveMechaCircuitDataAll_FW
0xffc1764c,ReceiveMessageQueue
0xffc0bccc,ReceiveMessageQueueStrictly
0xffc35f5c,RefreshAdjustmentTableMirror_FW
0xffd70a80,RefreshPhysicalScreen
0xffe355a4,RegistColorMatrix_FW
0xffc54470,RegisterEventProcedure
0xffc0b5a0,RegisterInterruptHandler
0xffd239d8,RegisterLanguageName_FW
0xffc17a64,ReleaseRecursiveLock
0xffc9a6c8,ReloadCdsAdjustment_FW
0xffd9a41c,ReloadColorAdjustment_FW
0xffe386a4,ReloadDefectAdjustmentData_FW
0xffd91408,ReloadEfAdjustment_FW
0xffd051a4,ReloadFocusLensAdjustment_FW
0xffd05d84,ReloadIrisAdjustment_FW
0xffd06b70,ReloadNdFilterAdjustment_FW
0xffe38684,ReloadShadingAdjustmentData_FW
0xffd8b384,ReloadWBAdjustment_FW
0xffd09098,ReloadZoomAdjustment_FW
0xffc13bc4,Remove
0xffdb65c8,RemoveTransparentMemory_FW
0xffc133d4,RenameFile_Fut
0xffe33124,ResetFocus_FW
0xffde07d0,ResetFocusLens
0xffde07d0,ResetFocusLens_FW
0xffde12c4,ResetIris_FW
0xffe327ec,ResetZoom_FW
0xffde17c8,ResetZoomLens
0xffde17c8,ResetZoomLens_FW
0xffde17f4,ResetZoomLensToFirst_FW
0xffde1834,ResetZoomLensToTermiante_FW
0xffe32900,ResetZoomToAdjFirstPoint_FW
0xffe32944,ResetZoomToAdjTerminatePoint_FW
0xffe32820,ResetZoomToFirst_FW
0xffe32820,ResetZoomToFirstPoint_FW
0xffe32854,ResetZoomToTerminate_FW
0xffe32854,ResetZoomToTerminatePoint_FW
0xffc196a0,Restart
0xffc57308,RomCheckSum_FW
0xffc0c4c0,RotateConsoleZOder_FW
0xffc35d0c,SaveAdjustmentTable_FW
0xffc35d24,SaveAdjustmentValue_FW
0xffe371a8,SaveBatSenseOffsetAdjustmentTable_FW
0xffe3774c,SaveBmpVRAMData_FW
0xffe37c50,SaveFactoryReserveData_FW
0xffe3788c,SaveFromImage_FW
0xffd239d4,SaveLanguageNameList_FW
0xffe377fc,SavePaletteData
0xffe377fc,SavePaletteData_FW
0xffde4dac,SDump_FW
0xffe33e70,SelectAdjBPFilter_FW
0xffde14c8,SendMechaCircuitData_FW
0xffc5c2f8,set_control_event
0xffe359f0,SetAdj_AEMode_FW
0xffe30858,SetAdjAEIntegSmearLimitter_FW
0xffe33e90,SetAdjAFWinPos_FW
0xffe30f74,SetAdjCdsMode_FW
0xffe358dc,SetAE_CdsGainValue_FW
0xffe357a0,SetAE_ShutterSpeed
0xffe357a0,SetAE_ShutterSpeed_FW
0xffe30850,SetAEIntegAverageOBData_FW
0xffe2fe4c,SetAEIntegralValueProperty_FW
0xffe2fde8,SetAEIntegStrobeProperty_FW
0xffe30528,SetAEIntegValueBit_FW
0xffe304d4,SetAEIntegWindowsMode_FW
0xffc5c87c,SetAutoShutdownTime
0xffc5c87c,SetAutoShutdownTime_FW
0xffe33ed0,SetBPFilterForBP_FW
0xffe30e84,SetCDSGain_FW
0xffe30f5c,SetCDSGainStep_FW
0xffe30e84,SetCdsGainValue_FW
0xffe30eb0,SetCdsPreGain_FW
0xffe30f08,SetCdsPreGainReg_FW
0xffc62ac4,SetCurrentCaptureModeType
0xffc62ac4,SetCurrentCaptureModeType_FW
0xffe371c0,SetDate_FW
0xffe373bc,SetDay_FW
0xffe49fbc,SetDCMotorWaitTime_FW
0xffe30868,SetDefaultAEIntegSmearLimitter_FW
0xffcda744,SetDefaultRecParameter_FW
0xffcdaa8c,SetDefectRecParameter_FW
0xffe30df0,SetDeltaCDSGain_FW
0xffc34a80,SetDUIDFixFlag_FW
0xffc349c4,SetDurianMode_FW
0xffc173c8,SetEventFlag
0xffe35380,SetExStrobeMode_FW
0xffc34a1c,SetFactoryMode_FW
0xffe37a18,SetFactorySerialNumber_FW
0xffc13ea8,SetFileAttributes
0xffc13e58,SetFileTimeStamp
0xffde0dec,SetFocusLensCondition_FW
0xffde0dd8,SetFocusLensDefaultPullOutTable_FW
0xffde1194,SetFocusLensDriveVoltage_FW
0xffde120c,SetFocusLensHoldVoltage_FW
0xffde0f90,SetFocusLensMaxSpeedLimit_FW
0xffde11d0,SetFocusLensSettingWaitVoltage_FW
0xffde0cf0,SetFocusLensSpeed_FW
0xffde0d1c,SetFocusLensSpeedTable_FW
0xffe37424,SetHour_FW
0xffc539d0,SetHPTimerAfterNow
0xffc53a50,SetHPTimerAfterTimeout
0xffd0bf3c,SetIgnoreAVJACK_FW
0xffe370e4,SetImageMode
0xffe371b8,SetImageMode_FW
0xffe37194,SetInputVoltage_FW
0xffe3764c,SetLangMenuType_FW
0xffe30818,SetLineDefMarkThroughMode_FW
0xffc5c5a4,SetLogicalEventActive
0xffde161c,SetMechaShutterCloseDacSetting_FW
0xffde1638,SetMechaShutterOpenDacSetting_FW
0xffde1654,SetMechaShutterWaitTimeSetting_FW
0xffe37488,SetMinute_FW
0xffc26d84,SetMontblancVSize_FW
0xffe37360,SetMonth_FW
0xffde1720,SetNdDacSetting_FW
0xffe30e7c,SetObClamp_FW
0xffe30e7c,SetObClampValue_FW
0xffe31fa8,SetOneShotWBParam_FW
0xffe31fa8,SetOneTypeWBParam_FW
0xffd2cdc0,SetParameterData
0xffe49e54,SetPMByGpio_FW
0xffc5809c,SetPropertyCase
0xffd0bef0,SetRawSWCheckMode_FW
0xffe320bc,SetReferenceWBGainForCalibration_FW
0xffe33b94,SetScanLensIndex_FW
0xffe33c9c,SetScanWindowMode_FW
0xffc5c5f4,SetScriptMode
0xffc5c5f4,SetScriptMode_FW
0xffd0bea0,SetSDPwrPort_FW
0xffe374ec,SetSecond_FW
0xffcdaa70,SetSensitiveDefectRecParameter_FW
0xffcdaa80,SetSensitiveRecParameter_FW
0xffe31154,SetShutterSpeed_FW
0xffe31104,SetShutterSpeedWithMecha_FW
0xffc0b5e0,SetSR
0xffc18200,SetTimerAfter
0xffc18280,SetTimerWhen
0xffe320e8,SetToolCorrectCoefficient_FW
0xffc27668,SetUSBToDCPMode_FW
0xffe35fc8,SetVideoOutType_FW
0xffe3207c,SetWBYlStandardWidth_FW
0xffe3045c,SetWhiteCoefficient_FW
0xffe37300,SetYear_FW
0xffddb558,SetZoomActuatorSpeedPPS_FW
0xffe32c84,SetZoomLensEncoderPowerControl_FW
0xffe4b680,SetZoomLensICDriveData_FW
0xffde19a4,SetZoomLensSpeedMode_FW
0xffd0c1f8,ShowAllTaskInfo_FW
0xffc55300,ShowCameraLog_FW
0xffc55294,ShowCameraLogInfo_FW
0xffe35748,ShowCurrentExp_FW
0xffc35a70,ShowDefaultAdjTableVersion_FW
0xffde0f1c,ShowFocusLensCurrentSpeedTable_FW
0xffd239a8,ShowLanguageNameList_FW
0xffc5bf90,ShowLogicalEventName_FW
0xffd0bd60,ShowMechaMacro_FW
0xffd0bee0,ShowPhySwStatus_FW
0xffd0bf24,ShowSDStatus_FW
0xffdb64f8,ShowTransparentMemory_FW
0xffd21844,ShutdownPlayModeMenu_FW
0xffd218fc,ShutdownPlayModeMenuWithoutPbRedraw_FW
0xffd21794,ShutdownRecModeMenu_FW
0xffe35ca8,SleepAE_FW
0xffc17cac,SleepTask
0xffc17cac,SleepTask_FW
0xffc0d7c8,sprintf_FW
0xffc0da08,srand
0xffc47b20,SS.Create_FW
0xffd71378,sscanf_FW
0xffe33f90,StartAdjAFService_FW
0xffe307dc,StartAEIntegralService_FW
0xffc55348,StartCameraLog_FW
0xffd0cf34,StartClockMode_FW
0xffe34798,StartCrwCustomScan_FW
0xffe34714,StartCustomScan_FW
0xffdf9020,StartDirectTransferManager_FW
0xffdf9cec,StartDtConfirmMenu_FW
0xffe4f210,StartDtExecuteMenu_FW
0xffe362b0,StartEVFDrive_FW
0xffe3626c,StartEVFDriveWithMode_FW
0xffc34b48,StartFactoryModeController_FW
0xffc6f3a8,StartGUISystem_FW
0xffcd867c,StartLogOut_FW
0xffd216a0,StartPlayModeMenu_FW
0xffd21708,StartRecModeMenu
0xffd21708,StartRecModeMenu_FW
0xffc0d04c,StartRedirectUART_FW
0xffdb6b70,StartSoundPlay_FW
0xffdb6b38,StartSoundRecord_FW
0xffde9658,StartTransferOrderMenu_FW
0xffc56ea8,StartWDT_FW
0xffc13d88,stat
0xffe3431c,StopAdjAFInteg_FW
0xffe340cc,StopAdjAFService_FW
0xffe30550,StopAEIntegralService_FW
0xffc5550c,StopCameraLog_FW
0xffca33e4,StopContinuousVRAMData_FW
0xffe34610,StopCustomScan_FW
0xffe35ff8,StopEVFDrive_FW
0xffcd8324,StopLogOut_FW
0xffe35440,StopStrobeChargeForFA_FW
0xffdf9ba4,StoptDtConfirmMenu_FW
0xffc56f0c,StopWDT_FW
0xffc6f4f4,strcat
0xffc6f57c,strchr
0xffc0d8a4,strcmp
0xffc0d8cc,strcmp_FW
0xffc0d88c,strcpy
0xffc0d88c,strcpy_FW
0xffc6f97c,strftime
0xffc0d8e8,strlen
0xffc0d8e8,strlen_FW
0xffc6f530,strncmp
0xffc1d80c,strncpy
0xffc6f5a0,strrchr
0xffc1da44,strtol
0xffc1d848,strtolx
0xffe35f18,SwitchOffDisplay_FW
0xffe35f50,SwitchOnDisplay_FW
0xffd0c898,System.Create_FW
0xffd0c208,System.Delete_FW
0xffd0c898,SystemEventInit_FW
0xffc0b774,TakeSemaphore
0xffc0b774,TakeSemaphore_FW
0xffc0bca0,TakeSemaphoreStrictly
0x00092be8,task_AdditionAgent
0xffc78990,task_AfIntSrvTask
0xffc1db24,task_AFTask
0xffc319e8,task_AudioTsk
0xffddd8f4,task_AviRead
0xffd0a2dc,task_AviWrite
0xffc305bc,task_BeepTask
0xffc860ec,task_BrtMsrTask
0xffc19514,task_Bye
0xffc49b38,task_CaptSeq
0xffc49b38,task_CaptSeqTask
0xffc050b4,task_ClockSave
0xffd9ae10,task_CnctEntiRcv
0xffd9af40,task_CnctEntiSnd
0xffd91d48,task_CntFlashTask
0xffc5fed8,task_CommonDrivers
0xffc0be98,task_ConsoleSvr
0xffde2510,task_CreateHeaderTask
0xffe3b49c,task_CtgTotalTask
0xffc5af34,task_CtrlSrv
0xffd037bc,task_CZ
0xffcdd43c,task_dccdCalcTask
0xffda83e0,task_DCPClassTask
0xffda92bc,task_DcpTrnCtrl
0xffda93fc,task_DcpTrnTrns
0xffc95f9c,task_DetectMoveTask
0xffc97b6c,task_DevelopModule
0xffd9ec14,task_DirectOpEventQueueMngr
0xffce88e4,task_DPOFTask
0xffc669e4,task_DSITask
0xffd0ff50,task_DvlpSeqTask
0xffc97ee8,task_EFChargeT
0xffe48468,task_EffctDrv
0xffca588c,task_EntiCtrl
0xffe2a0b0,task_EvntExec
0xffc57bac,task_EvShel
0xffc91194,task_ExpDrv
0xffc91194,task_ExpDrvTask
0xffc667b0,task_FaceFrame
0xffccea78,task_Fencing
0xffced4a0,task_FileManMarkAllTask
0xffdca774,task_FileScheduleTask
0xffdcb5ac,task_FileWrite
0xffdcb5ac,task_FileWriteTask
0xffdd2398,task_FilYuvMaker
0xffdd4d60,task_FocusEvent
0xffce18b4,task_FolderCreateCheckTask
0xffcf08f4,task_FORMAT_TASK_NAME
0xffcf07f4,task_FORMAT_TASK_PROGRESS
0xffc23b44,task_FramePosition
0xffc3dd10,task_FsIoNotifyTask
0xffc32fac,task_FWDDATA
0xffc265a4,task_ImageSensorTask
0xffc42b94,task_ImgPlayDrv
0xffcfe5c4,task_ImgTrim
0xffc5fea0,task_InitFileModules
0xffc2da84,task_LcdConTask
0xffc30a0c,task_LEDCon
0xffc442d8,task_LensController
0xffc44c94,task_LensController
0xffc0c550,task_LowConsole
0xffdd8fa4,task_MechaShutter
0xffce2038,task_MetaCtg
0xffdbf6f0,task_MetaCtgPrsTask
0xffc4ae28,task_MovieCtrlTask
0xffddf7a0,task_MoviePlay
0xffc46678,task_MovieRecord
0xffdd9920,task_Nd
0xffc94fe4,task_OBCtrlTask
0xffc558f8,task_OpePlay
0xffc118bc,task_PhySw
0xffcb00f0,task_PreLoadTask
0xffc47590,task_PT_BatTestTask
0xffcad4b4,task_PTPSessionTASK
0xffda79e4,task_RAPI_Task
0xffcb71f0,task_RapiRevr
0xffe45660,task_ReadFileTask
0xffdcc8e0,task_ReadScheduleTask
0xffc43d44,task_RedEyeCapt
0xffd003e0,task_RedEyePly
0xffd9ce00,task_ReqRecev
0xffc407d0,task_SD1stInit
0xffda2164,task_SelectThumbCache
0xffd9bc28,task_SesnDaem
0xffca5e70,task_SesnMngr
0xffd1254c,task_SoundPlay
0xffd11bb0,task_SoundRecord
0xffc9bf94,task_SsgMainTask
0xffc9c1b8,task_SsgPeriodTask
0xffc48dd0,task_SsStartupTask
0xffc4dab4,task_SsTask
0xffc0cd28,task_Startup
0xffc19d78,task_StartupImage
0xffca3e94,task_SynchTask
0xffca3e0c,task_SyncPeriod
0xffc107d0,task_TempCheck
0xffc9f8e8,task_TgTask
0xffc337b0,task_Thermometer
0xffca6990,task_TimerUtility
0xffcb47f0,task_TrnsCtrlTask
0xffc0cef8,task_UartLog
0xffd12ba0,task_WavRead
0xffde3a6c,task_WavWrite
0xffc940d0,task_WBCtrl
0xffc7438c,task_WBIntegTask
0xffc56d34,task_WdtPrint
0xffc56de8,task_WdtReset
0xffdda7cc,task_ZoomEvent
0xffd0d9dc,TerminateAdjustmentSystem_FW
0xffc39be0,Terminatedccd_FW
0xffc39be0,TerminateDigicon_FW
0xffe38974,TerminateMechaDevice_FW
0xffdb6bec,TerminateSoundRec_FW
0xffc39738,TerminateTestRec_FW
0xffc52170,time
0xffc17810,TryPostMessageQueue
0xffc176f8,TryReceiveMessageQueue
0xffc0b720,TryTakeSemaphore
0xffdaf200,TurnOffAFLamp_FW
0xffc66d58,TurnOffBackLight
0xffc2d684,TurnOffDisplay
0xffde16fc,TurnOffNdFilter_FW
0xffc32038,TurnOffVideoOutMode_FW
0xffdaf1e4,TurnOnAFLamp_FW
0xffc66d40,TurnOnBackLight
0xffc2d674,TurnOnDisplay
0xffde16d8,TurnOnNdFilter_FW
0xffc31fd4,TurnOnVideoOutMode_FW
0xffd0d89c,UI.Create_FW
0xffd0d89c,UI_RegistDebugEventProc_FW
0xffd0cae0,UI_ShowStateOfRecMode_FW
0xffc5c61c,UiEvnt_StartDisguiseCradleStatus_FW
0xffc5c62c,UiEvnt_StopDisguiseCradleStatus_FW
0xffd3140c,UIFS_Capture_FW
0xffd31514,UIFS_CaptureNoneStop_FW
0xffd0cc94,UIFS_ClosePopupStrobe_FW
0xffd0ce0c,UIFS_ConnectVideo_FW
0xffd0ce3c,UIFS_DisconnectVideo_FW
0xffd0cf3c,UIFS_EndClockMode_FW
0xffd0cf4c,UIFS_GetMovieRecoadableNumber_FW
0xffd0cf94,UIFS_GetStillShotableNumber_FW
0xffd0ccc4,UIFS_MountExtFlash_FW
0xffd32478,UIFS_MoveZoomTo_FW
0xffd0cc64,UIFS_OpenPopupStrobe_FW
0xffd0cd24,UIFS_PressTeleButton_FW
0xffd0cd98,UIFS_PressWideButton_FW
0xffd0ce74,UIFS_RestartPostingUIEvent_FW
0xffd0cf1c,UIFS_SetCaptureModeToISO3200_FW
0xffd0cee0,UIFS_SetCaptureModeToM_FW
0xffd0cf14,UIFS_SetCaptureModeToMacro_FW
0xffd0ce78,UIFS_SetCaptureModeToP_FW
0xffd0ceac,UIFS_SetCaptureModeToTv_FW
0xffd0cf44,UIFS_SetCradleSetting_FW
0xffd0cc14,UIFS_SetDialMovieRec_FW
0xffd0cc3c,UIFS_SetDialPlay_FW
0xffd0cbe0,UIFS_SetDialStillRec_FW
0xffd0cf34,UIFS_StartClockMode_FW
0xffc65db4,UIFS_StartMovieRecord_FW
0xffc65de8,UIFS_StopMovieRecord_FW
0xffd0ce70,UIFS_StopPostingUIEvent_FW
0xffd0ccf4,UIFS_UnmountExtFlash_FW
0xffd0cd60,UIFS_UnpressTeleButton_FW
0xffd0cdd4,UIFS_UnpressWideButton_FW
0xffd220a8,UIFS_WriteFirmInfoToFile
0xffd220a8,UIFS_WriteFirmInfoToFile_FW
0xffc68c18,UndisplayBusyOnScreen
0xffc34660,UndisplayFactoryMode_FW
0xffc518d4,UnLoadScript_FW
0xffc15cc4,UnlockAE
0xffc158cc,UnlockAF
0xffc5c75c,UnlockMainPower
0xffc5c75c,UnlockMainPower_FW
0xffe355dc,UnregistColorMatrix_FW
0xffc0b5c4,UnregisterInterruptHandler
0xffd31f0c,UnsetZoomForMovie
0xffc3d754,UpdateMBROnFlash
0xffc105e8,VbattGet
0xffc105e8,VbattGet_FW
0xffde480c,VerifyByte_FW
0xffc0d80c,vsprintf
0xffd0c1e4,Wait_FW
0xffc17300,WaitForAllEventFlag
0xffc0bd50,WaitForAllEventFlagStrictly
0xffc1725c,WaitForAnyEventFlag
0xffc0bd24,WaitForAnyEventFlagStrictly
0xffc13c28,Write
0xffc13c28,Write_FW
0xffc36044,WRITEADJTABLETOFROM_FW
0xffcfaf54,WriteSDCard
0xffd13a74,WriteToRom_FW
