0x010dac50,_log
0x010db170,_log10
0x010db2d8,_pow
0x010dd358,_sqrt
0xfc1c0109,AbortAEIntegralValue_FW
0x010c7813,AcquireRecursiveLock
0x010c5c65,AcquireRecursiveLockStrictly
0xfc2df197,ActivateAdjLog_FW
0xfc1a483d,ActivateImager_FW
0xfc1a4899,ActivateImagerXOne_FW
0xfc38e3b1,ActivateISMD_FW
0xfc0bd39f,add_ptp_handler
0xfc111e5b,AdditionAgentRAM_FW
0xfc021061,AddTransparentMemory_FW
0xfc46cc57,AdjAEWithAperturePriority_FW
0xfc46cc29,AfAEWithAperturePriority_FW
0xfc46ce09,AfAEWithCompensation_FW
0xfc352a4d,AFTool.GetEVal_FW
0xfc390be1,AllocateMemory_FW
0xfc0f9b85,AllocateUncacheableMemory
0xfc2ce285,ApMoniSel_FW
0xfc1b53e1,AprocSigProc_ALC_FW
0xfc1b53f7,AprocSigProc_ALCReset_FW
0xfc1b5397,AprocSigProc_DCCut_FW
0xfc1b5391,AprocSigProc_DRange_FW
0xfc1b53b9,AprocSigProc_EQ_FW
0xfc1b53c1,AprocSigProc_FIL1_FW
0xfc1b53c9,AprocSigProc_FIL2_FW
0xfc1b53d1,AprocSigProc_FIL3_FW
0xfc1b53d9,AprocSigProc_FIL4_FW
0xfc1b539d,AprocSigProc_GainAdj_FW
0xfc1b535f,AprocSigProc_InitialSet_FW
0xfc1b53ef,AprocSigProc_LevelMeter_FW
0xfc1b53e7,AprocSigProc_Limiter_FW
0xfc1b5879,AprocSigProc_LoadProfileAdj_FW
0xfc1b5407,AprocSigProc_NCReset_FW
0xfc1b53a5,AprocSigProc_NoiseCut_FW
0xfc1b5997,AprocSigProc_NoiseCutEffect_FW
0xfc1b52f5,AprocSigProc_SetSigProcByMode_FW
0xfc1b53ad,AprocSigProc_Stereo_FW
0xfc1b5417,AprocSigProc_TestGen1kHz_FW
0xfc1b5389,AprocSigProc_TestGen_FW
0xfc1b53b3,AprocSigProc_WindCut_FW
0xfc1b53ff,AprocSigProc_WindCutReset_FW
0xfc0900d3,atol_FW
0xfc1c09ab,AttachIntegCrawData_FW
0xfc02107f,AttachToTransparentMemory_FW
0xfc09e5e1,autoIPAddressing_FW
0xfc469901,Bat_Calc_FW
0xfc46ddd3,Bat_Save_FW
0xfc46ddc7,Bat_VIN_FW
0xfc2cfd21,BeepDrive_FW
0xfc2cfd35,BeepDriveComp_FW
0xfc2cfd49,BeepDriveStop_FW
0x010d8498,bzero
0xfc1481d7,CalcAccelerometerAtanAngle_FW
0xfc46a7af,CalcLog10
0xfc46a7db,CalcLog10_FW
0xfc46ef17,CalcLoopGain_FW
0xfc46dde1,CalcLowBatteryOffsetValue_FW
0xfc46a853,CalcSqrt
0xfc46a87b,CalcSqrt_FW
0xfc469901,CalculateBatSenseOffset_FW
0xfc46c36f,CalculateInterpolationByLS_FW
0xfc46a79b,CalculateLog2ToApex_FW
0xfc46a781,CalculatePeakFromLeastSquareResult_FW
0xfc46c345,CalculatePeakPosByLS_FW
0xfc46a7a7,CalculatePow2FromApex_FW
0xfc3786d5,CalculateProtractorATanData_FW
0xfc0ef663,CalculateTestRecYUVData_FW
0xfc46cb0b,CancelAdj_AEMode_FW
0xfc3eb1fd,CancelAdjCdsMode_FW
0xfc46b479,CancelBPFilterForBP_FW
0xfc3ebae3,CancelExStrobeMode_FW
0xfc38cb55,CancelFocusLensMaxSpeedLimit_FW
0xfc469d05,CancelImageDrive_FW
0xfc1a4993,CancelImager_FW
0xfc46f0db,CancelLoopGainCalc_FW
0xfc1d2621,Capture.Create_FW
0xfc46a0e9,CaptureWithParam_FW
0xfc36cd09,CecRegDump_FW
0xfc0c630b,CecRxViewParameter_FW
0xfc0813ef,CecViewParameter_FW
0xfc427af9,ChangeAdjImgDrvMode_FW
0xfc427b19,ChangeAEIntegDrvTypeToAdjImgDriveType_FW
0xfc020d5d,ChangeDefectRecParam_FW
0xfc46db8f,ChangeDistortionSetForLiveImage_FW
0xfc46ee63,ChangeFilterMode_FW
0xfc38ccb1,ChangeFocusDistanceToPosition_FW
0xfc46a111,ChangeImageDrive_FW
0xfc1a49d5,ChangeImagerToAlternateDraft_FW
0xfc1a49b5,ChangeImagerToCombiParallel_FW
0xfc1a49d1,ChangeImagerToDigiconMode_FW
0xfc1a4a0d,ChangeImagerToElectraGlide_FW
0xfc1a4a01,ChangeImagerToFalconJump_FW
0xfc1a49f1,ChangeImagerToFantaJungle_FW
0xfc1a49bd,ChangeImagerToFocusJet_FW
0xfc1a49e9,ChangeImagerToHarleyDavidson_FW
0xfc1a4a09,ChangeImagerToHealthyVegetable_FW
0xfc1a49c9,ChangeImagerToHoneyFlash_FW
0xfc1a49f5,ChangeImagerToHoneyFlashDark_FW
0xfc1a49ed,ChangeImagerToMachDashV_FW
0xfc1a49c1,ChangeImagerToMangoPudding_FW
0xfc1a49cd,ChangeImagerToMillefeAdjust_FW
0xfc1a49e1,ChangeImagerToMontblancMillefe_FW
0xfc1a49e5,ChangeImagerToMontblancMovie_FW
0xfc1a49dd,ChangeImagerToMontblancWhole_FW
0xfc1a49d1,ChangeImagerToOITA_XAVIER_FW
0xfc1a49f9,ChangeImagerToRoadKing_FW
0xfc1a4a05,ChangeImagerToSpriteSunshine_FW
0xfc1a49c5,ChangeImagerToSuperWideDraft_FW
0xfc1a49d9,ChangeImagerToUltraGhostQ_FW
0xfc1a49a9,ChangeImagerToWholeParallel_FW
0xfc1a49ad,ChangeImagerToWholeParallelBP_FW
0xfc1a49b1,ChangeImagerToWholeParallelBPOne_FW
0xfc1a49b9,ChangeImagerToWideDraft_FW
0xfc38d19f,ChangeIrisSpeed_FW
0xfc38dd4b,ChangeParallelMode_FW
0xfc0b81d9,ChangePermission_FW
0xfc0ba569,ChangePowerState_FW
0xfc46ee7d,ChangeToISCloseControl_FW
0xfc38d9ed,ChangeZoomLensMagnificationToPoint_FW
0xfc38d9e5,ChangeZoomLensPointToMagnification_FW
0xfc3ebb17,ChargeStrobe_FW
0xfc3ebb39,ChargeStrobeForFA_FW
0x010c5477,CheckAllEventFlag
0x010c544f,CheckAnyEventFlag
0xfc378705,CheckAvs_FW
0xfc158903,CheckSumAll_FW
0xfc08326d,clear_param_FW
0xfc07e841,ClearDUIDFixFlag_FW
0xfc07e7f1,ClearDurianMode_FW
0x010c55b3,ClearEventFlag
0xfc07e8fb,ClearFactoryMasterFlag_FW
0xfc07e907,ClearFactoryMasterROMProtection_FW
0xfc07e7f1,ClearFactoryMode_FW
0xfc46f0d1,ClearISCalcZData_FW
0xfc38dd9d,ClearISIComponent_FW
0xfc38ddb5,ClearISZData_FW
0xfc47709b,ClearPMByFs_FW
0xfc47708d,ClearPMByGpio_FW
0xfc3789dd,ClearSoundDevForRecEvent_FW
0xfc07e3a1,ClearWLANFactoryMode_FW
0xfc3792ab,ClearZoomCommonDriveParam_FW
0xfc378dad,ClearZoomDriveParam_FW
0xfc309851,Close
0xfc13d08f,close
0xfc309851,Close_FW
0xfc0cbbad,CloseConsole_FW
0xfc1241a5,closedir
0xfc38d5c9,CloseMechaShutter_FW
0xfc38d5fd,CloseMechaShutterWithTiming_FW
0xfc3eb4db,CloseMShutter_FW
0xfc0b8497,ComDiscovery_FW
0xfc081c3d,connect_FW
0xfc0a0db7,ConnectPtpIPService_FW
0xfc427abd,ConvertAdjImgDrvModeToAdjImgDriveType_FW
0xfc427a93,ConvertAEIntegDrvTypeToAdjImgDriveType_FW
0xfc46a811,ConvertApexStdToApex_FW
0xfc46a7f7,ConvertApexToApexStd_FW
0xfc46ab8d,ConvertCxCyToWBGain_FW
0xfc3eb587,ConvertToPositionWithDistance_FW
0xfc3eb573,ConvertToPositionWithDistanceAndZoomPoint_FW
0xfc3eb2f1,ConvertTvToExposureTime_FW
0xfc0cba39,CPrintf_FW
0xfc0cba71,CPutChar_FW
0xfc0eb415,CreateAdjustmentTableMirror_FW
0x010c5965,CreateBinarySemaphore
0x010c5b8b,CreateBinarySemaphoreStrictly
0xfc158bbb,CreateController_FW
0x010c59a7,CreateCountingSemaphore_FW
0x010c5ba5,CreateCountingSemaphoreStrictly
0xfc0eb41d,CreateDefectTableMirror_FW
0x010c53e9,CreateEventFlag
0x010c5b71,CreateEventFlagStrictly
0xfc2ded8b,CreateFADBGSingalID_FW
0xfc3ebc71,CreateJumptable
0x010c5705,CreateMessageQueue
0x010c5b57,CreateMessageQueueStrictly
0xfc2debf1,CreateProxyOfEventProcedure_FW
0x010c77b1,CreateRecursiveLock
0x010c5bbf,CreateRecursiveLockStrictly
0x010c2845,createsemaphore_low
0x010c5239,CreateTask
0x010c5239,CreateTask_FW
0x010c5b35,CreateTaskStrictly
0xfc0ebb71,CreateUserSettingMirror_FW
0xfc02084d,CrossDefDetect_FW
0xfc158d23,CtrlMan_ChangeZOrder_FW
0xfc294839,CzDebugPrint_FW
0xfc294845,CzDebugPrintToFile_FW
0x010c5c8d,DebugAssert
0x010c5ca3,DebugAssert2
0xfc158c2d,DeleteController_FW
0xfc2b01e9,DeleteDirectory_Fut
0x010c5421,DeleteEventFlag
0xfc2b019f,DeleteFile_Fut
0x010c575f,DeleteMessageQueue
0xfc2dec29,DeleteProxyOfEventProcedure_FW
0x010c59df,DeleteSemaphore
0x010c59df,DeleteSemaphore_FW
0xfc46e6ad,DevelopStillPicture_FW
0xfc34972d,DevelopTool.DevelopTest_FW
0xfc0c79fb,DeviceUniqueIDCheckSum_FW
0xfc0b7a97,dhcpAddressing_FW
0xfc148213,DisableAcceleLogRead_FW
0xfc1481f1,DisableAcceleLogWrite_FW
0xfc27e401,DisableDebugLogMode_FW
0xfc38e1b5,DisableDISModeChange_FW
0xfc38cbf5,DisableFocusLens_FW
0xfc38cc41,DisableFocusLensGainLock_FW
0xfc38cc53,DisableFocusLensSlopeGain_FW
0xfc38cc69,DisableFocusLensWaveLock_FW
0xfc38d46b,DisableFocusPiCircuit_FW
0xfc0ba5eb,DisableHDMIPower
0xfc1482a1,DisableHvUpdate_FW
0xfc38d13d,DisableIris_FW
0xfc1c9d67,DisableIrisActuator_FW
0xfc38d4af,DisableIrisPiCircuit_FW
0xfc38de27,DisableISAutoGyroOffset_FW
0xfc38de13,DisableISDriveError
0xfc38de13,DisableISDriveError_FW
0xfc38d2bd,DisableLensError_FW
0xfc38e21d,DisableMacroIS_FW
0xfc38d457,DisableMechaCircuit_FW
0xfc38d49b,DisableZoomEncoderCircuit_FW
0xfc38d9c9,DisableZoomLensElectricControl_FW
0xfc38d7ab,DisableZoomLensEncoderPowerControl_FW
0xfc38d9b1,DisableZoomLensSpeedControl_FW
0xfc38d483,DisableZoomPiCircuit_FW
0xfc081d07,disconnect_FW
0xfc0a0dbd,DisconnectPtpIPService_FW
0xfc1472d1,DispCon_GetLcdGainAdjParameter_FW
0xfc147179,DispCon_GetNTSCAdjParameter_FW
0xfc1471e9,DispCon_GetPALAdjParameter_FW
0xfc147305,DispCon_SaveLcdGainAdjParameter_FW
0xfc14716f,DispCon_SaveNTSCAdjParameter_FW
0xfc1471df,DispCon_SavePALAdjParameter_FW
0xfc146ef1,DispCon_SetDisplayType_FW
0xfc147293,DispCon_SetLcdGainAdjParameter_FW
0xfc147111,DispCon_SetMaxBackLightBrightness_FW
0xfc1471ad,DispCon_SetNTSCAdjParameter_FW
0xfc14721f,DispCon_SetPALAdjParameter_FW
0xfc1473d1,DispCon_SetSSCGParameter_FW
0xfc146e27,DispCon_ShowBitmapColorBar_FW
0xfc146e17,DispCon_ShowBlackChart_FW
0xfc146cc3,DispCon_ShowColorBar_FW
0xfc146f05,DispCon_ShowColorChart_FW
0xfc146e61,DispCon_ShowCustomColorBar_FW
0xfc146d21,DispCon_ShowFiveStep_FW
0xfc147437,DispCon_ShowHdChart_FW
0xfc1472fb,DispCon_ShowLcdGainAdjParameter_FW
0xfc14704b,DispCon_ShowNStepsChart_FW
0xfc1471a1,DispCon_ShowNTSCAdjParameter_FW
0xfc147213,DispCon_ShowPALAdjParameter_FW
0xfc146ddd,DispCon_ShowWhiteChart_FW
0xfc146f17,DispCon_ShowWhiteLine_FW
0xfc147107,DispCon_TurnOffBackLight_FW
0xfc1470f3,DispCon_TurnOffDisplay_FW
0xfc1470fd,DispCon_TurnOnBackLight_FW
0xfc1470e9,DispCon_TurnOnDisplay_FW
0xfc1d220d,DispDev.Create_FW
0xfc1d1199,DispDev_EnableEventProc
0xfc1d1199,DispDev_EnableEventProc_FW
0xfc15f22b,displaybusyonscreen
0xfc07e12d,DisplayFactoryMode_FW
0xfc254cf7,DoAELock
0xfc254a31,DoAFLock
0xfc1d12af,Driver.Create_FW
0xfc1d12af,Driver_EnableEventProc_FW
0x010d83b0,dry_memcpy
0xfc06ed29,drysh_FW
0xfc1d1765,Dump32_FW
0xfc1d175b,Dump_FW
0xfc0eaf4d,DumpAdjMirror_FW
0xfc02103d,DumpTransparentMemoryItem_FW
0xfc1a4739,E2LatOn_FW
0xfc1b7a91,Edet.Create_FW
0xfc1b7a81,Edet.Delete_FW
0xfc36cd07,EdidDump_FW
0xfc36cd05,EdidView_FW
0xfc34ce1d,EF.AdjPreFlash_FW
0xfc34cdf5,EF.FlashWithoutSync_FW
0xfc141383,EF.IsChargeFull_FW
0xfc34ce53,EF.SetChargeMode_FW
0xfc34cd67,EF.SetChargeOnTime_FW
0xfc34cd59,EF.SetEFChargeTimeOut_FW
0xfc34ce0d,EF.SetMainFlashTime_FW
0xfc34cd21,EF.StartEFCharge_FW
0xfc34cd9f,EF.StartInternalMainFlash_FW
0xfc34cd79,EF.StartInternalPreFlash_FW
0xfc34cd4f,EF.StopEFCharge_FW
0xfc1d8247,EFUSE_ReadData_FW
0xfc148209,EnableAcceleLogRead_FW
0xfc1481e7,EnableAcceleLogWrite_FW
0xfc27e3f7,EnableDebugLogMode_FW
0xfc38e1bf,EnableDISModeChange_FW
0xfc38cb5f,EnableFocusLens_FW
0xfc38cc2b,EnableFocusLensGainLockWithVoltage_FW
0xfc38cc49,EnableFocusLensSlopeGain_FW
0xfc38cc5b,EnableFocusLensWaveLock_FW
0xfc38d461,EnableFocusPiCircuit_FW
0xfc0ba5bb,EnableHDMIPower
0xfc148297,EnableHvUpdate_FW
0xfc38d123,EnableIris_FW
0xfc1c9d4d,EnableIrisActuator_FW
0xfc38d4a5,EnableIrisPiCircuit_FW
0xfc38de1d,EnableISAutoGyroOffset_FW
0xfc38de09,EnableISDriveError_FW
0xfc38d2b3,EnableLensError_FW
0xfc38e213,EnableMacroIS_FW
0xfc38d44d,EnableMechaCircuit_FW
0xfc38d491,EnableZoomEncoderCircuit_FW
0xfc38d9bd,EnableZoomLensElectricControl_FW
0xfc38d7a1,EnableZoomLensEncoderPowerControl_FW
0xfc38d9a5,EnableZoomLensSpeedControl_FW
0xfc38d479,EnableZoomPiCircuit_FW
0xfc1b7d6b,EngApp.Create_FW
0xfc1d2695,EngApp.CreatePub_FW
0xfc1b7d2d,EngApp.Delete_FW
0xfc020ea9,EngDrvBits_FW
0xfc020e9d,EngDrvIn_FW
0xfc020e8d,EngDrvOut_FW
0xfc30d95d,EngDrvRead
0xfc020ea3,EngDrvRead_FW
0xfc020ebb,EngDrvReadDump_FW
0xfc1d2659,EngineDriver.Create_FW
0xfc2c16a1,EpilogFile_FW
0xfc2c16e7,EpilogMenu_FW
0xfc2c1575,EpilogShow_FW
0xfc0eaf31,EraseAdjustmentArea_FW
0xfc0c887d,EraseLogSector_FW
0xfc0e9cd1,EraseRom_FW
0xfc1d12a1,EraseSignature_FW
0xfc38c401,EscapeFocusLens_FW
0xfc390c21,exec_FW
0xfc3786f9,ExecuteAvs_FW
0xfc0ef46d,Executedccd_FW
0xfc020d6d,ExecuteDefectRec_FW
0xfc020d97,ExecuteDefectRecAndSaveImage_FW
0xfc020e17,ExecuteDefectRecAndSaveImageWithGrade_FW
0xfc020de9,ExecuteDefectRecWithGrade_FW
0xfc0eef07,ExecuteDigicon_FW
0xfc2de691,ExecuteEventProcedure
0xfc2de6d5,ExecuteEventProcedure_FW
0xfc3ebb7b,ExecuteInternalPreFlash_FW
0xfc1ad3a3,ExecuteResetFactory_FW
0xfc1ad391,ExecuteResetFactoryWithRomWrite_FW
0xfc157f09,ExecuteShutDownPropertyService_FW
0xfc0ef5c9,ExecuteTestRec_FW
0xfc0ef5d7,ExecuteTestRecCF_FW
0xfc0ef69d,ExecuteTestRecDevelopProcess_FW
0xfc0ef5d7,ExecuteTestRecSD_FW
0xfc0ef621,ExecuteTestRecSw1_FW
0xfc0ef611,ExecuteTestRecWithInteg_FW
0x010c539b,ExitTask
0x010c539b,ExitTask_FW
0xfc071f25,ExMem.AllocCacheable_FW
0xfc071cef,ExMem.AllocUncacheable_FW
0xfc071f89,ExMem.FreeCacheable_FW
0xfc071ed1,ExMem.FreeUncacheable_FW
0xfc0719e9,ExMem.View_FW
0xfc071edd,exmem_alloc
0xfc071f2d,exmem_free
0xfc066b47,ExMem_FW
0xfc17936f,ExpCtrlTool.SetExpMode_FW
0xfc2debeb,ExportToEventProcedure_FW
0xfc1d21f3,FA.Create_FW
0xfc1d21e7,FA.Delete_FW
0xfc2dee01,FADBGPrintf_FW
0xfc2ded93,FADBGSingal_FW
0xfc2deebb,FAPrintf_FW
0xfc2b024b,Fclose_Fut
0xfc2b024b,Fclose_Fut_FW
0xfc2b0329,Fgets_Fut
0xfc1c2e09,File.ClearExifInfo_FW
0xfc1c2f21,File.Create_FW
0xfc1c2edd,File.Delete_AllImg_FW
0xfc46ca91,FixAEWithCompensation_FW
0xfc38dd29,FixISStatus_FW
0xfc1e3871,FmtMenu_ExecuteQuickFormat_FW
0xfc46ca1b,FocusAEWithCompensation_FW
0xfc38cde1,FocusLensStopQuickly_FW
0xfc2b0223,Fopen_Fut
0xfc2b0223,Fopen_Fut_FW
0xfc0b8cb3,fprintSNR_FW
0xfc0b8d89,fprintWPSEThroughput_FW
0xfc2b02bd,Fread_Fut
0xfc2b02bd,Fread_Fut_FW
0xfc30e2e3,free
0xfc390bdb,FreeMemory_FW
0xfc0f9bb1,FreeUncacheableMemory
0xfc2b035b,Fseek_Fut
0xfc2b035b,Fseek_Fut_FW
0xfc2b02f3,Fwrite_Fut
0xfc2b02f3,Fwrite_Fut_FW
0xfc1244d9,get_canon_mode_list
0xfc38ac09,get_current_nd_value
0xfc308db3,get_fstype
0xfc38ac2d,get_nd_value
0xfc2ba3cb,get_playrec_mode
0xfc1481b5,GetAccelerometerDataWithCorrect_FW
0xfc3786ed,GetAccelerometerTemperature_FW
0xfc38e2f7,GetAccelX_atMechaCpu_FW
0xfc38e309,GetAccelY_atMechaCpu_FW
0xfc38e31b,GetAccelZ_atMechaCpu_FW
0xfc0e95b7,GetAdChValue
0xfc0e95b7,GetAdChValue_FW
0xfc378699,GetAdjAcceleration_FW
0xfc3786f1,GetAdjAccelerationDataWithCorrect_FW
0xfc46b803,GetAdjAFInteg_FW
0xfc0ebb61,GetAdjDataAreaAddress_FW
0xfc3786d1,GetAdjProtractorAngle_FW
0xfc0eaf87,GetAdjTableMapVersion_FW
0xfc0eaf91,GetAdjTableValueVersion_FW
0xfc0eaf65,GetAdjTableVersion_FW
0xfc0ebb4d,GetAdjustmentOffset_FW
0xfc0e95b1,GetAdVBattBottom_FW
0xfc1c07a7,GetAEIntegralServiceMode_FW
0xfc1c0499,GetAEIntegralValueWithFix_FW
0xfc1c07a1,GetAEIntegValueBit_FW
0xfc1c03f7,GetAEIntegWinData_FW
0xfc1c0401,GetAEIntegWinDataWithMode_FW
0xfc1c0541,GetAllAEIntegralAllValueWithFix_FW
0xfc14808f,GetAoriAccelerationData_FW
0xfc10413f,GetAoriAngle_FW
0xfc071001,GetBatteryCoverClose_FW
0xfc14a161,GetBatteryTemperature
0xfc14a161,GetBatteryTemperature_FW
0xfc15885d,GetBuildDate_FW
0xfc158861,GetBuildTime_FW
0xfc37888d,GetCameraInformationData_FW
0xfc14a105,GetCCDTemperature
0xfc14a105,GetCCDTemperature_FW
0xfc3eb0f3,GetCdsGainValue_FW
0xfc3eb187,GetCdsPreGainReg_FW
0xfc0cba87,GetCh_FW
0xfc0b852d,getCigUrl_FW
0xfc46db45,GetContinuousMovieJpegVRAMData_FW
0xfc46d5a1,GetContinuousVRAMData_FW
0xfc46da91,GetContinuousVRAMDataWithRingBuffer_FW
0xfc083951,getCountry_FW
0xfc46a11d,GetCrwImageInfo_FW
0xfc0b7a6f,getCurCH_FW
0xfc083907,getCurCHWidth_FW
0xfc427a6d,GetCurrentAdjImgDriveType_FW
0xfc1c0f3f,GetCurrentAvCoefficient_FW
0xfc14e8dd,GetCurrentAvValue
0xfc14e8dd,GetCurrentAvValue_FW
0xfc2d66b9,GetCurrentCaptureModeType_FW
0xfc37884f,GetCurrentCcdTemp_FW
0xfc3eb199,GetCurrentDriveBaseSvValue_FW
0xfc2e1029,GetCurrentExposureTime_FW
0xfc2c752f,GetCurrentFocusLensPosition_FW
0xfc2c752f,GetCurrentFocusPosition_FW
0xfc427a79,GetCurrentImgDrvMode_FW
0xfc14ea4b,GetCurrentIrisPosition_FW
0xfc2df1c3,GetCurrentMaximumLogSize_FW
0xfc378867,GetCurrentOptTemp_FW
0xfc2e0def,GetCurrentShutterSpeed_FW
0xfc2c74df,GetCurrentTargetDistance_FW
0xfc378c33,GetCurrentZoomLensDirection_FW
0xfc1cbd49,GetCurrentZoomLensPoint_FW
0xfc1cbcdd,GetCurrentZoomLensPosition_FW
0xfc1cbd49,GetCurrentZoomPoint_FW
0xfc1cbcdd,GetCurrentZoomPosition_FW
0xfc0b857f,getCWSStatus_FW
0xfc38c31f,GetCZMovieDefaultSpeed_FW
0xfc38c313,GetCZMovieHighSpeed_FW
0xfc38c317,GetCZMovieLowSpeed_FW
0xfc38c31b,GetCZStillDefaultSpeed_FW
0xfc38c30b,GetCZStillHighSpeed_FW
0xfc38c30f,GetCZStillLowSpeed_FW
0xfc1d16dd,GetDateAndTime_FW
0xfc46e007,GetDay_FW
0xfc0ef52d,GetdccdFilterValue_FW
0xfc0ef4c9,GetdccdImage_FW
0xfc0eb88b,GetDCPAdjOffset_FW
0xfc020aa9,GetDefectAllResultData_FW
0xfc020a6b,GetDefectCrawInfo_FW
0xfc020b6b,GetDefectHistgramInfo_FW
0xfc020ad9,GetDefectPartResultData_FW
0xfc020b89,GetDefectTvAdj_FW
0xfc070ff9,GetDialEventId_FW
0xfc2d1a85,GetDISModeParameter_FW
0xfc38e1a1,GetDISModeParamType_FW
0xfc390939,GetDramDensity_FW
0xfc390921,GetDramManufactureId_FW
0xfc390929,GetDramRevision_FW
0xfc390931,GetDramRfu_FW
0xfc390941,GetDramTypeError_FW
0xfc308e19,GetDrive_ClusterSize
0xfc309349,GetDrive_FreeClusters
0xfc1b51ed,GetDriverInfoEvent_FW
0xfc37876f,GetEFuseData_FW
0x010c55d1,GetEventFlagValue
0xfc3ebacf,GetExStrobeID_FW
0xfc2de229,GetFaceAuthBinAddr_FW
0xfc2de22d,GetFaceAuthBinSize_FW
0xfc158865,GetFirmwareVersion_FW
0xfc2d1b49,GetFixedPWMOutA_FW
0xfc2d1b4f,GetFixedPWMOutB_FW
0xfc2c78fb,GetFocusDefaultResetPosition_FW
0xfc38ce31,GetFocusLensCarrierFrequency_FW
0xfc388717,GetFocusLensCurrentPosition_FW
0xfc38871b,GetFocusLensCurrentPositionWithMotor_FW
0xfc38871f,GetFocusLensDriveVoltage_FW
0xfc3887d5,GetFocusLensGainSlope_FW
0xfc3887a5,GetFocusLensHoldVoltage_FW
0xfc38c3b1,GetFocusLensIrisCoefficient_FW
0xfc38ccb7,GetFocusLensLoadCamTable_FW
0xfc38cc9b,GetFocusLensLoadSubjectDistance_FW
0xfc38cd7d,GetFocusLensMoveMaxPosition_FW
0xfc38cd8d,GetFocusLensMoveMinPosition_FW
0xfc38cda1,GetFocusLensMoveRangeOfTelePoint_FW
0xfc38cc97,GetFocusLensPositionRatio_FW
0xfc2c71eb,GetFocusLensPullInMaxSpeed_FW
0xfc38807d,GetFocusLensResetDefaultPosition_FW
0xfc388071,GetFocusLensResetPosition_FW
0xfc3f12df,GetFocusLensResetVoltage_FW
0xfc388775,GetFocusLensSettingWaitVoltage_FW
0xfc2c74df,GetFocusLensSubjectDistance
0xfc38cc81,GetFocusLensSubjectDistance_FW
0xfc38cc93,GetFocusLensSubjectDistanceNumber_FW
0xfc1cb0c7,GetFocusPiSensorLevel_FW
0xfc2c78a1,GetFocusResetPosition_FW
0xfc0f1105,GetFocusStartZoomPosition_FW
0xfc3eb3e5,GetFrameRateWithApex_FW
0xfc2d183f,GetGyro10BitDACPitch_FW
0xfc1cd405,GetGyro10BitDACRoll_FW
0xfc2d1847,GetGyro10BitDACYaw_FW
0xfc2d180f,GetGyroDataPitch_FW
0xfc1cd3c7,GetGyroDataRoll_FW
0xfc2d1827,GetGyroDataYaw_FW
0xfc38dc83,GetGyroFilterCharge_FW
0xfc46efa9,GetGyroFilterChargeStatus_FW
0xfc2d185b,GetGyroHPFINOffsetPitch_FW
0xfc1cd425,GetGyroHPFINOffsetRoll_FW
0xfc2d1863,GetGyroHPFINOffsetYaw_FW
0xfc2d186b,GetGyroHPFINPitch_FW
0xfc1cd433,GetGyroHPFINRoll_FW
0xfc2d1871,GetGyroHPFINYaw_FW
0xfc46e01d,GetHour_FW
0xfc149c7f,GetInputAverageLevel_FW
0xfc1588a7,GetInternalFirmwareVersion_FW
0xfc14e8dd,GetIrisAv_FW
0xfc14ea4b,GetIrisCurrentPosition_FW
0xfc1cad47,GetIrisDriveVoltage_FW
0xfc1cad4f,GetIrisDriveVoltageLow_FW
0xfc1cad77,GetIrisHoldVoltage_FW
0xfc1cb0f7,GetIrisPiSensorLevel_FW
0xfc14ec53,GetIrisPRResetPosition_FW
0xfc1cad67,GetIrisSettingWaitVoltage_FW
0xfc1c9fd3,GetIrisSpecClosePosition_FW
0xfc1c9fc7,GetIrisSpecOpenPosition_FW
0xfc38e1ef,GetISCenterShiftA_FW
0xfc38e201,GetISCenterShiftB_FW
0xfc38e11f,GetISCrossTalkComp_FW
0xfc46efcd,GetISCrossTalkCompCoeff_FW
0xfc38daf9,GetISDriveAaxis_FW
0xfc38db0d,GetISDriveBaxis_FW
0xfc38dc97,GetISFirmVersion_FW
0xfc46eec7,GetISGyro10BitDACPitch_FW
0xfc46eecb,GetISGyro10BitDACYaw_FW
0xfc46eeb7,GetISGyroData_FW
0xfc46eeaf,GetISGyroDataPitch_FW
0xfc46eeb3,GetISGyroDataYaw_FW
0xfc38dbd1,GetISGyroGainAaxis_FW
0xfc38dbe5,GetISGyroGainBaxis_FW
0xfc38dbf9,GetISGyroGainbyAxisType_FW
0xfc46eed3,GetISGyroHPFINOffsetPitch_FW
0xfc46eed7,GetISGyroHPFINOffsetYaw_FW
0xfc46eebb,GetISGyroHPFINPitch_FW
0xfc46eebf,GetISGyroHPFINYaw_FW
0xfc46eecf,GetISGyroOffset10BitDACData_FW
0xfc46eedb,GetISGyroOffsetHPFINData_FW
0xfc46f0bf,GetISGyroPitchGain_FW
0xfc46f0c5,GetISGyroYawGain_FW
0xfc38de3f,GetISHallAmpFirstGain_FW
0xfc46f08f,GetISHallDevicePitchGain_FW
0xfc46f035,GetISHallDevicePitchOffset_FW
0xfc46f095,GetISHallDeviceYawGain_FW
0xfc46f03b,GetISHallDeviceYawOffset_FW
0xfc38db8d,GetISHallGainAaxis_FW
0xfc38dba1,GetISHallGainBaxis_FW
0xfc38dbb5,GetISHallGainbyAxisType_FW
0xfc38db49,GetISHallOffsetAaxis_FW
0xfc38db5d,GetISHallOffsetBaxis_FW
0xfc38db71,GetISHallOffsetbyAxisType_FW
0xfc46ee17,GetISHallOffsetDACValue_FW
0xfc38ddbf,GetISHallOut1Amp_FW
0xfc46eec3,GetISHPFINGyroData_FW
0xfc46ee27,GetISLensCorrectedEViAaxis_FW
0xfc46ee2d,GetISLensCorrectedEViBaxis_FW
0xfc46ee33,GetISLensDampAaxis_FW
0xfc46ee37,GetISLensDampBaxis_FW
0xfc46f0ad,GetISLensDriveValue_FW
0xfc46ee1b,GetISLensEViAaxis_FW
0xfc46ee21,GetISLensEViBaxis_FW
0xfc46f0cb,GetISLensGyroGain_FW
0xfc46f09b,GetISLensHallGain_FW
0xfc46f089,GetISLensHallOffset_FW
0xfc46f0bb,GetISLensPositionValue_FW
0xfc38dccb,GetISParamVersion_FW
0xfc46f0a1,GetISPitchPWM_FW
0xfc38db21,GetISPositionAaxis_FW
0xfc38db35,GetISPositionBaxis_FW
0xfc2d1597,GetISPWMFrequency_FW
0xfc46f0b3,GetISShiftLensPitchPosition_FW
0xfc46f0b7,GetISShiftLensYawPosition_FW
0xfc46f0a7,GetISYawPWM_FW
0xfc06ec77,GetKbdState
0xfc46e32f,GetLastVBatADLevel_FW
0xfc0c78b1,GetLatestHVPosition_FW
0xfc070ffd,GetLcdPosition_FW
0xfc1cada7,GetLensErrorStatus_FW
0xfc2df18f,GetLogData_FW
0xfc2df193,GetLogDataOnlyAddMemory_FW
0xfc0c885b,GetLogToFile_FW
0xfc46ef89,GetLoopGain_FW
0xfc38dec3,GetLoopGainAdjValue_FW
0xfc38de7b,GetLoopGainCalcData_FW
0xfc46ef55,GetLoopGainCalcData_FW
0xfc38dd6d,GetLPFParallelBest_FW
0xfc0b7a3d,getMacAddress_FW
0xfc38e2b3,GetMacroISAngleAndVelocityA_FW
0xfc38e2d5,GetMacroISAngleAndVelocityB_FW
0xfc46effb,GetMacroISEstimateRadius_FW
0xfc46efff,GetMacroISEstimateVelocity_FW
0xfc38e245,GetMacroISEstimRadiusA_FW
0xfc38e257,GetMacroISEstimRadiusB_FW
0xfc46efe5,GetMacroISGain_FW
0xfc38e273,GetMacroISGainA_FW
0xfc38e285,GetMacroISGainB_FW
0xfc23c233,GetMacroSupportZoomPoint_FW
0xfc38dcb1,GetMechaDSPVersion_FW
0xfc38d633,GetMechaShutterCloseDacSetting_FW
0xfc1cb829,GetMechaShutterMoveTime_FW
0xfc38d65f,GetMechaShutterOpenDacSetting_FW
0xfc1cb847,GetMechaShutterStatus_FW
0xfc404999,GetMemInfo
0xfc46e033,GetMinute_FW
0xfc46dfef,GetMonth_FW
0xfc1449c9,GetMovieJpegVRAMHPixelsSize_FW
0xfc1449d1,GetMovieJpegVRAMVPixelsSize_FW
0xfc38ad97,GetNdMoveTime_FW
0xfc0b85bf,getNickNameByAliasID_FW
0x010c5911,GetNumberOfPostedMessages
0xfc3eb147,GetObClampValue_FW
0xfc1c05c1,GetOnlyAEIntegData_FW
0xfc14a1bb,GetOpticalTemperature
0xfc14a1bb,GetOpticalTemperature_FW
0xfc0cced9,GetParameterData
0xfc46da33,GetPixelsOfViewangle_FW
0xfc07100b,GetPopupOpen_FW
0xfc0ebb51,GetProductID_FW
0xfc2eab13,GetPropertyCase
0xfc1d168b,GetPropertyCase_FW
0xfc0e9d59,GetRomID_FW
0xfc070fe3,GetSDDetect_FW
0xfc070fe9,GetSDProtect_FW
0xfc46e049,GetSecond_FW
0xfc158d73,GetSelfControllerHandle_FW
0x010c5ae1,GetSemaphoreValue
0xfc3eb195,GetSensorPreGain_FW
0xfc3eb3a7,GetShutterSpeedRegularMaxLimit_FW
0xfc3eb3b9,GetShutterSpeedRegularMinLimit_FW
0xfc104115,GetSlantAngle_FW
0xfc148063,GetSlantData_FW
0xfc0829f1,getSTAList_FW
0xfc0cbab7,GetStringWithPrompt_FW
0xfc46d4f9,GetSumYOfVRAMCenterLine_FW
0xfc070f8b,GetSwitchStatus_FW
0xfc390c15,GetSystemTime
0xfc390c15,GetSystemTime_FW
0xfc0ef65b,GetTestRecCrawAddress_FW
0xfc1d1295,GetTimeFromRTC_FW
0x010c5fab,GetTimeOfSystem_FW
0xfc0210bb,GetTransparentMemory_FW
0xfc0210dd,GetTransparentMemoryPosition_FW
0xfc0210af,GetTransparentMemorySize_FW
0xfc14dcdb,GetUsableAvRange
0xfc1c10f3,GetUsableMaxAv
0xfc1c10f3,GetUsableMaxAv_FW
0xfc1c10e1,GetUsableMinAv
0xfc1c10e1,GetUsableMinAv_FW
0xfc3eb39b,GetUserSetShutterSPeed_FW
0xfc0e43fb,GetVBatVoltage_FW
0xfc46cea9,GetVideoOutType_FW
0xfc1449b9,GetVRAMHPixelsSize
0xfc1449b9,GetVRAMHPixelsSize_FW
0xfc1449c1,GetVRAMVPixelsSize
0xfc1449c1,GetVRAMVPixelsSize_FW
0xfc0b8595,getWebServiceNumByAliasID_FW
0xfc378835,GetWLANMACAddress_FW
0xfc103f27,GetX_AxisAcceleration_FW
0xfc103f1b,GetY_AxisAcceleration_FW
0xfc46dfd3,GetYear_FW
0xfc103f0f,GetZ_AxisAcceleration_FW
0xfc28346b,GetZoomActuatorCurrentPosition_FW
0xfc2833d1,GetZoomActuatorSpeedPPS_FW
0xfc37922b,GetZoomDefaultCommonDriveParam_FW
0xfc37917b,GetZoomDefaultDriveParam_FW
0xfc1cc679,GetZoomDrivingTime_FW
0xfc1cbd49,GetZoomLensCurrentPoint
0xfc1cbd49,GetZoomLensCurrentPoint_FW
0xfc1cbcdd,GetZoomLensCurrentPosition
0xfc1cbcdd,GetZoomLensCurrentPosition_FW
0xfc38d98f,GetZoomLensDriveAmpereDac_FW
0xfc1cc675,GetZoomLensMechaEdgePosition_FW
0xfc378adb,GetZoomLensResetPlus_FW
0xfc1cc109,GetZoomLensTelePoint_FW
0xfc3791f1,GetZoomNormalDriveParam_FW
0xfc1cb097,GetZoomPiSensorLevel_FW
0xfc3791b7,GetZoomResetDriveParam_FW
0xfc1ccfb7,GetZoomResetSensorLevel_FW
0xfc1cc109,GetZoomTelePoint_FW
0x010c5abd,GiveSemaphore
0x010c5abd,GiveSemaphore_FW
0x010c292b,givesemaphore_low
0xfc3355b5,GraphicSystemCoreFinish
0xfc1722d7,GraphicSystemCoreFinish_helper
0xfc0f5c61,GUISrv_StartGUISystem_FW
0xfc0895ef,HardwareDefect_FW
0xfc0895bf,HardwareDefectWithRestart_FW
0xfc36cd01,HdmiAudioSampleFreq_FW
0xfc36cd0b,HdmiRegDump_FW
0xfc0c5a07,HdmiViewParameter_FW
0xfc36cc99,HecHdmiCecPhysicalCheckForScript_FW
0xfc46ec81,HitISLensAgainstBottomEdge_FW
0xfc46ec8d,HitISLensAgainstLeftEdge_FW
0xfc46ec99,HitISLensAgainstRightEdge_FW
0xfc46ec75,HitISLensAgainstTopEdge_FW
0xfc46eca5,HitISLensToMechaEdge_FW
0xfc46ee6f,HitISMechaEdgeInOpenControl_FW
0xfc081845,i2c_read_proc_FW
0xfc081893,i2c_write_proc_FW
0xfc085a11,i2cdDcdcRead_FW
0xfc085a55,i2cdDcdcWrite_FW
0xfc085b99,i2cdHdmiAwrite_FW
0xfc085b41,i2cdHdmiDump_FW
0xfc085aa9,i2cdHdmiRead_FW
0xfc085aed,i2cdHdmiWrite_FW
0xfc08592d,i2cdRead_FW
0xfc085bc9,i2cdRegDump_FW
0xfc0859e5,i2cdRegRead_FW
0xfc0859f9,i2cdRegWrite_FW
0xfc085973,i2cdWrite_FW
0xfc0b7ab3,imlInitialize_FW
0xfc2df1a5,InactivateAdjLog_FW
0xfc09dff5,initComDiscovery_FW
0xfc1d21d1,InitializeAdjustmentFunction_FW
0xfc1d2191,InitializeAdjustmentSystem_FW
0xfc2ced89,InitializeAudio_FW
0xfc0eee35,Initializedccd_FW
0xfc020e6b,InitializeDefectRec_FW
0xfc0eee35,InitializeDigicon_FW
0xfc0215e3,InitializeFAExtendFile_FW
0xfc0215cd,InitializeFAGeneralTest_FW
0xfc3ebc05,InitializeMechaDevice_FW
0xfc0c2d0d,InitializePTPIPTransportResponder_FW
0xfc37898f,InitializeSoundDevForRecEvent_FW
0xfc021381,InitializeSoundRec_FW
0xfc0ee691,InitializeTestRec_FW
0xfc0896a5,InitializeWLAN_FW
0xfc3eb20d,IsAdjCdsMode_FW
0xfc38da19,ISAutoCenter_FW
0xfc14a257,IsBatteryTemperature_FW
0xfc14a233,IsCCDTemperature_FW
0xfc38da43,ISChangeOPENtoCLOSE_FW
0xfc3082df,IsControlEventActive_FW
0xfc38dcf3,ISControlStart_FW
0xfc38dcfd,ISControlStop_FW
0xfc07e979,IsDUIDFixFlag_FW
0xfc46cf71,IsEVFDrive_FW
0xfc46d201,IsEvfDriveMode_FW
0xfc3ebad7,IsExStrobeChargeComp_FW
0xfc07e933,IsFactoryMode_FW
0xfc38e351,ISFixedPWMOFF_FW
0xfc38e345,ISFixedPWMON_FW
0xfc2c7883,IsFocusLensOutSidePosition_FW
0xfc071007,IsHvSensorExist_FW
0xfc2d1009,ISInitMotion_FW
0xfc0effe7,IsLensOutside_FW
0xfc2df1bd,IsLogOutType_FW
0xfc38ddd9,ISMDStart_FW
0xfc38dde3,ISMDStop_FW
0xfc38e3e7,ISMemoryWrite_FW
0xfc38da35,ISMoveToMechaEdgeOPEN_FW
0xfc07e9a9,IsNormalCameraMode_FW
0xfc2de233,IsOKFaceAuthBinFile_FW
0xfc14a20f,IsOpticalTemperature_FW
0xfc38dd07,ISPanModeStart_FW
0xfc38dd11,ISPanModeStop_FW
0xfc0c8871,IsRomLogAvailable_FW
0xfc141383,IsStrobeChargeCompleted
0xfc282e97,IsZoomActuatorResetSensorPlusSide_FW
0xfc1cc3f5,IsZoomLensOutSidePosition_FW
0xfc2a1530,j__log10
0xfc2a1500,j__pow
0xfc1c012d,j_AbortAEIntegralValue_FW
0xfc2a1260,j_AcquireRecursiveLock
0xfc2a12d8,j_AcquireRecursiveLockStrictly
0xfc0b7a93,j_autoIPAddressing_FW
0xfc1d11ed,j_BeepDrive_FW
0xfc1d11f1,j_BeepDriveComp_FW
0xfc1d11f5,j_BeepDriveStop_FW
0xfc2a1698,j_bzero
0xfc2a13e8,j_CheckAllEventFlag
0xfc2a13d8,j_CheckAnyEventFlag
0xfc2a1588,j_ClearEventFlag
0xfc3098c9,j_Close_FW
0xfc1242b3,j_closedir
0xfc2a1510,j_CreateBinarySemaphore
0xfc2a15f8,j_CreateBinarySemaphoreStrictly
0xfc2a1118,j_CreateCountingSemaphoreStrictly
0xfc2a1448,j_CreateEventFlag
0xfc2a1570,j_CreateEventFlagStrictly
0xfc2a1090,j_CreateMessageQueue
0xfc2a15d8,j_CreateMessageQueueStrictly
0xfc2a1208,j_CreateRecursiveLock
0xfc2a13a0,j_CreateRecursiveLockStrictly
0xfc2a1640,j_createsemaphore_low
0xfc2a12a8,j_CreateTask
0xfc2a15e0,j_CreateTaskStrictly
0xfc0eb425,j_CreateUserSettingMirror_FW
0xfc2a1670,j_DebugAssert
0xfc2a1098,j_DebugAssert2
0xfc2a1548,j_DeleteEventFlag
0xfc2a15c0,j_DeleteMessageQueue
0xfc2a1610,j_DeleteSemaphore
0xfc2a1690,j_dry_memcpy
0xfc1a4a29,j_E2LatOn_FW
0xfc34ce19,j_EF.IsChargeFull_FW
0xfc1d17a5,j_exec_FW
0xfc0ef979,j_Executedccd_FW
0xfc0ef975,j_ExecuteDigicon_FW
0xfc1ad3b5,j_ExecuteShutDownPropertyService_FW
0xfc066b3f,j_ExMem.AllocCacheable_FW
0xfc066b37,j_ExMem.AllocUncacheable_FW
0xfc066b43,j_ExMem.FreeCacheable_FW
0xfc066b3b,j_ExMem.FreeUncacheable_FW
0xfc066b33,j_ExMem.View_FW
0xfc30d81d,j_free
0xfc1cb9c7,j_get_current_nd_value
0xfc1d11e9,j_GetAdChValue_FW
0xfc0eaf85,j_GetAdjTableVersion_FW
0xfc1d11e5,j_GetAdVBattBottom_FW
0xfc1c03ff,j_GetAEIntegWinData_FW
0xfc3786f5,j_GetAoriAccelerationData_FW
0xfc1482af,j_GetAoriAngle_FW
0xfc1d1289,j_GetBatteryCoverClose_FW
0xfc14a291,j_GetBatteryTemperature_FW
0xfc3788b1,j_GetCameraInformationData_FW
0xfc14a28f,j_GetCCDTemperature_FW
0xfc3eb153,j_GetCdsGainValue_FW
0xfc3eb18b,j_GetCdsPreGainReg_FW
0xfc1c0f4f,j_GetCurrentAvCoefficient_FW
0xfc1c0f3b,j_GetCurrentAvValue_FW
0xfc378865,j_GetCurrentCcdTemp_FW
0xfc3eb1ad,j_GetCurrentDriveBaseSvValue_FW
0xfc3eb307,j_GetCurrentExposureTime_FW
0xfc3eb5e7,j_GetCurrentFocusLensPosition_FW
0xfc3eb5e7,j_GetCurrentFocusPosition_FW
0xfc1c0fd7,j_GetCurrentIrisPosition_FW
0xfc37888b,j_GetCurrentOptTemp_FW
0xfc3eb313,j_GetCurrentShutterSpeed_FW
0xfc3eb5ad,j_GetCurrentTargetDistance_FW
0xfc378c47,j_GetCurrentZoomLensDirection_FW
0xfc378c2f,j_GetCurrentZoomLensPoint_FW
0xfc378c27,j_GetCurrentZoomLensPosition_FW
0xfc378c2f,j_GetCurrentZoomPoint_FW
0xfc378c27,j_GetCurrentZoomPosition_FW
0xfc0ef97d,j_GetdccdFilterValue_FW
0xfc0ef97b,j_GetdccdImage_FW
0xfc46e3bb,j_GetDCPAdjOffset_FW
0xfc1d1281,j_GetDialEventId_FW
0xfc46efb7,j_GetDISModeParameter_FW
0xfc1d1291,j_GetDriverInfoEvent_FW
0xfc2a14f8,j_GetEventFlagValue
0xfc38e379,j_GetFixedPWMOutA_FW
0xfc38e37d,j_GetFixedPWMOutB_FW
0xfc3eb59d,j_GetFocusDefaultResetPosition_FW
0xfc38cc71,j_GetFocusLensCurrentPosition_FW
0xfc38cc75,j_GetFocusLensCurrentPositionWithMotor_FW
0xfc38ccd9,j_GetFocusLensDriveVoltage_FW
0xfc38cd55,j_GetFocusLensGainSlope_FW
0xfc38cd29,j_GetFocusLensHoldVoltage_FW
0xfc38cd9d,j_GetFocusLensPullInMaxSpeed_FW
0xfc38cc7d,j_GetFocusLensResetDefaultPosition_FW
0xfc38cc79,j_GetFocusLensResetPosition_FW
0xfc38cd51,j_GetFocusLensResetVoltage_FW
0xfc38cd01,j_GetFocusLensSettingWaitVoltage_FW
0xfc38d475,j_GetFocusPiSensorLevel_FW
0xfc3eb5a5,j_GetFocusResetPosition_FW
0xfc38d2af,j_GetFocusStartZoomPosition_FW
0xfc38dc39,j_GetGyro10BitDACPitch_FW
0xfc38dc3d,j_GetGyro10BitDACYaw_FW
0xfc38dc15,j_GetGyroDataPitch_FW
0xfc1cd3dd,j_GetGyroDataRoll_FW
0xfc38dc19,j_GetGyroDataYaw_FW
0xfc38dc5d,j_GetGyroHPFINOffsetPitch_FW
0xfc38dc61,j_GetGyroHPFINOffsetYaw_FW
0xfc38dc65,j_GetGyroHPFINPitch_FW
0xfc38dc69,j_GetGyroHPFINYaw_FW
0xfc38d0af,j_GetIrisAv_FW
0xfc38d0b3,j_GetIrisCurrentPosition_FW
0xfc38d15f,j_GetIrisDriveVoltage_FW
0xfc38d16f,j_GetIrisDriveVoltageLow_FW
0xfc38d18f,j_GetIrisHoldVoltage_FW
0xfc38d4b9,j_GetIrisPiSensorLevel_FW
0xfc1c1045,j_GetIrisPRResetPosition_FW
0xfc38d17f,j_GetIrisSettingWaitVoltage_FW
0xfc38d15b,j_GetIrisSpecClosePosition_FW
0xfc38d157,j_GetIrisSpecOpenPosition_FW
0xfc38e399,j_GetISPWMFrequency_FW
0xfc46e335,j_GetLastVBatADLevel_FW
0xfc1d1285,j_GetLcdPosition_FW
0xfc38d2ab,j_GetLensErrorStatus_FW
0xfc352b8b,j_GetMacroSupportZoomPoint_FW
0xfc38d68b,j_GetMechaShutterMoveTime_FW
0xfc38d687,j_GetMechaShutterStatus_FW
0xfc46daef,j_GetMovieJpegVRAMHPixelsSize_FW
0xfc46daf7,j_GetMovieJpegVRAMVPixelsSize_FW
0xfc38d775,j_GetNdMoveTime_FW
0xfc2a15c8,j_GetNumberOfPostedMessages
0xfc14a28d,j_GetOpticalTemperature_FW
0xfc1d12ab,j_GetPopupOpen_FW
0xfc1d126f,j_GetSDDetect_FW
0xfc1d1273,j_GetSDProtect_FW
0xfc2a1250,j_GetSemaphoreValue
0xfc3eb3b7,j_GetShutterSpeedRegularMaxLimit_FW
0xfc3eb3c9,j_GetShutterSpeedRegularMinLimit_FW
0xfc1482ab,j_GetSlantAngle_FW
0xfc1481e5,j_GetSlantData_FW
0xfc1d1261,j_GetSwitchStatus_FW
0xfc1c1103,j_GetUsableMaxAv_FW
0xfc1c10f1,j_GetUsableMinAv_FW
0xfc46e337,j_GetVBatVoltage_FW
0xfc46cf37,j_GetVideoOutType_FW
0xfc46d53d,j_GetVRAMHPixelsSize_FW
0xfc46d545,j_GetVRAMVPixelsSize_FW
0xfc1481a9,j_GetX_AxisAcceleration_FW
0xfc1481ad,j_GetY_AxisAcceleration_FW
0xfc1481b1,j_GetZ_AxisAcceleration_FW
0xfc2833d7,j_GetZoomActuatorCurrentPosition_FW
0xfc378d03,j_GetZoomDrivingTime_FW
0xfc38d9d5,j_GetZoomLensCurrentPoint_FW
0xfc38d9d9,j_GetZoomLensCurrentPosition_FW
0xfc38d9e1,j_GetZoomLensMechaEdgePosition_FW
0xfc3792cb,j_GetZoomLensResetPlus_FW
0xfc38d9dd,j_GetZoomLensTelePoint_FW
0xfc38d48d,j_GetZoomPiSensorLevel_FW
0xfc378ccf,j_GetZoomResetSensorLevel_FW
0xfc378cc7,j_GetZoomTelePoint_FW
0xfc2a0c97,j_GiveSemaphore
0xfc0b7a8b,j_initComDiscovery_FW
0xfc1d11fd,j_InitializeAudio_FW
0xfc0ef96d,j_Initializedccd_FW
0xfc0ef96d,j_InitializeDigicon_FW
0xfc0213cb,j_InitializeSoundRec_FW
0xfc0ef5c1,j_InitializeTestRec_FW
0xfc37877d,j_InitializeWLAN_FW
0xfc14a297,j_IsBatteryTemperature_FW
0xfc14a295,j_IsCCDTemperature_FW
0xfc46cf89,j_IsEVFDrive_FW
0xfc3eb957,j_IsFocusLensOutSidePosition_FW
0xfc1d128d,j_IsHvSensorExist_FW
0xfc38d2a7,j_IsLensOutside_FW
0xfc14a293,j_IsOpticalTemperature_FW
0xfc2833db,j_IsZoomActuatorResetSensorPlusSide_FW
0xfc378fab,j_IsZoomLensOutSidePosition_FW
0xfc37881d,j_LeaveWLANNetwork_FW
0xfc367419,j_LiveImageTool.GetDzoomPosition_FW
0xfc46e2bb,j_LoadFactoryNumber_FW
0xfc46e32d,j_LoadSerialNumber_FW
0xfc2a1470,j_LocalTime
0xfc30d819,j_malloc
0xfc1d174f,j_MemoryChecker_FW
0x010d0969,j_mktime_ext
0xfc066b2f,j_NewTaskShell_FW
0xfc3098c7,j_Open_FW
0xfc06f871,j_OpLog.WriteToROM_FW
0xfc1d1793,j_Peek16_FW
0xfc1d178f,j_Peek32_FW
0xfc1d1797,j_Peek8_FW
0xfc2a1518,j_PostMessageQueue
0xfc2a13e0,j_PostMessageQueueStrictly
0xfc1d1747,j_Printf_FW
0xfc306e6b,j_PTM_AllReset_FW
0xfc30739b,j_PTM_BackupUIProperty_FW
0xfc307301,j_PTM_GetWorkingCaptureMode_FW
0xfc30737f,j_PTM_IsEnableItem_FW
0xfc307367,j_PTM_NextItem_FW
0xfc30736b,j_PTM_PrevItem_FW
0xfc307309,j_PTM_SetCurrentItem_FW
0xfc307383,j_PTM_SetProprietyEnable_FW
0xfc066ad9,j_PutsCameraLogEvent_FW
0xfc30996b,j_Read_FW
0xfc0e86d1,j_Rec2PB
0xfc2a15d0,j_ReceiveMessageQueue
0xfc46c865,j_RegistColorMatrix_FW
0xfc2a1508,j_RegisterInterruptHandler
0xfc2a1300,j_ReleaseRecursiveLock
0xfc1d1757,j_SDump_FW
0xfc3080cd,j_set_control_event
0xfc46ca6d,j_SetAE_CdsGainValue_FW
0xfc2a14f0,j_SetEventFlag
0xfc1d11f9,j_SetStereoSeparation_FW
0xfc066acd,j_ShowCameraLog_FW
0xfc066ad1,j_ShowCameraLogInfo_FW
0xfc2a1550,j_SleepTask
0xfc2ce33b,j_SoundDevClearPath_FW
0xfc2ce2ff,j_SoundDevSetZoomNCProfile_FW
0xfc2ce303,j_SoundDevZoomNCEffective_FW
0xfc1d2109,j_SS.GetDigitalZoomPosition_FW
0xfc066ac9,j_StartCameraLog_FW
0xfc38da31,j_StartISLocalAutoCenter_FW
0xfc38da2d,j_StartISLocalHallAdjust_FW
0xfc1c0851,j_StopAEIntegralService_FW
0xfc066ad5,j_StopCameraLog_FW
0xfc0b7a9d,j_stopIPAddressing_FW
0xfc30e197,j_strcmp_FW
0xfc2a1608,j_TakeSemaphore
0xfc2a1578,j_TakeSemaphoreStrictly
0xfc0b7a8f,j_termComDiscovery_FW
0xfc0ef971,j_Terminatedccd_FW
0xfc0ef971,j_TerminateDigicon_FW
0xfc0213cd,j_TerminateSoundRec_FW
0xfc0ef5c5,j_TerminateTestRec_FW
0xfc378781,j_TerminateWLAN_FW
0xfc2a1558,j_time
0xfc2a15a0,j_TryPostMessageQueue
0xfc2a14a0,j_TryReceiveMessageQueue
0xfc2a1370,j_TryTakeSemaphore
0xfc4098c1,j_UIFS_CancelStoreLensTimer_FW
0xfc4096ab,j_UIFS_Capture_FW
0xfc4096af,j_UIFS_CaptureNoneStop_FW
0xfc4098c5,j_UIFS_DisplayFirmUpdateView_FW
0xfc4096d5,j_UIFS_GetMovieRecoadableNumber_FW
0xfc4098b5,j_UIFS_GetNumberOfDisplayedImage_FW
0xfc409687,j_UIFS_GetNumOfOptZoomPos_FW
0xfc4096d9,j_UIFS_GetStillShotableNumber_FW
0xfc4098b1,j_UIFS_IsAvailableShots_FW
0xfc409683,j_UIFS_MoveZoomTo_FW
0xfc4098b9,j_UIFS_PlayTrimExecuteAllImageSize_FW
0xfc4096b3,j_UIFS_StartMovieRecord_FW
0xfc4096b7,j_UIFS_StopMovieRecord_FW
0xfc4098bd,j_UIFS_WirelessExecuteSendForever_FW
0xfc4096d1,j_UIFS_WriteFirmInfoToFile_FW
0xfc46c86f,j_UnregistColorMatrix_FW
0xfc2dec65,j_UnRegisterEventProcTable
0xfc1d1201,j_VbattGet_FW
0xfc1d1753,j_VerifyByte_FW
0xfc2a14e8,j_WaitForAllEventFlag
0xfc2a14d8,j_WaitForAllEventFlagStrictly
0xfc2a1580,j_WaitForAnyEventFlag
0xfc2a1490,j_WaitForAnyEventFlagStrictly
0xfc30996f,j_Write_FW
0xfc0eb4ab,j_WRITEADJTABLETOFROM_FW
0xfc0b78db,join_network_FW
0xfc378791,JoinWLANNetwork_FW
0xfc07104d,kbd_p1_f
0xfc071055,kbd_p1_f_cont
0xfc070b31,kbd_p2_f
0xfc071017,kbd_read_keys
0xfc07149d,kbd_read_keys_r2
0xfc0b822d,LachesisTest_FW
0xfc282475,LcdCon_GetLcdAdjParameter_FW
0xfc1033b9,LcdCon_GetLcdBackLightParameter_FW
0xfc282545,LcdCon_GetLcdParameter_FW
0xfc2824cd,LcdCon_SaveLcdAdjParameter_FW
0xfc103407,LcdCon_SaveLcdBackLightParameter_FW
0xfc28259d,LcdCon_SaveLcdParameter_FW
0xfc282411,LcdCon_SetLcdAdjParameter_FW
0xfc103365,LcdCon_SetLcdBackLightBrightness_FW
0xfc103383,LcdCon_SetLcdBackLightParameter_FW
0xfc2823e3,LcdCon_SetLcdDriver_FW
0xfc2824e1,LcdCon_SetLcdParameter_FW
0xfc2824a7,LcdCon_ShowLcdAdjParameter_FW
0xfc1033e3,LcdCon_ShowLcdBackLightParameter_FW
0xfc282577,LcdCon_ShowLcdParameter_FW
0xfc1b3d0b,LcdCon_StartLcdPeriodicalSetting_FW
0xfc1b3d27,LcdCon_StopLcdPeriodicalSetting_FW
0xfc4c89a9,LCDMsg_ChangeColor_FW
0xfc4c875b,LCDMsg_Create_FW
0xfc4c8581,LCDMsg_Delete_FW
0xfc4c852d,LCDMsg_Move_FW
0xfc4c88d9,LCDMsg_SetNum_FW
0xfc4c88e7,LCDMsg_SetStr_FW
0xfc4c87fb,LCDMsg_SwDisp_FW
0xfc082fa1,leave_FW
0xfc08974d,LeaveWLANNetwork_FW
0xfc1d1205,LEDDrive
0xfc1d1205,LEDDrive_FW
0xfc3673d1,LiveImageTool.ChangeDzoom_FW
0xfc36742b,LiveImageTool.Dister_FW
0xfc36738f,LiveImageTool.DzoomTele_FW
0xfc3673a1,LiveImageTool.DzoomWide_FW
0xfc1445cd,LiveImageTool.GetDzoomPosition_FW
0xfc36741d,LiveImageTool.Jump_FW
0xfc3673bd,LiveImageTool.Pause_FW
0xfc3673c7,LiveImageTool.Resume_FW
0xfc367281,LiveImageTool.StartEVF_FW
0xfc367287,LiveImageTool.StartEVFFocusJet_FW
0xfc36728d,LiveImageTool.StartEVFMF_FW
0xfc367377,LiveImageTool.StartEVFMovFULLHD60P_FW
0xfc367369,LiveImageTool.StartEVFMovFULLHD_FW
0xfc36735b,LiveImageTool.StartEVFMovHD_FW
0xfc367335,LiveImageTool.StartEVFMovQVGA_FW
0xfc36734f,LiveImageTool.StartEVFMovQVGA_HS_FW
0xfc367327,LiveImageTool.StartEVFMovVGA_FW
0xfc367341,LiveImageTool.StartEVFMovVGA_HS_FW
0xfc3673b3,LiveImageTool.StopDzoom_FW
0xfc367385,LiveImageTool.StopEVF_FW
0xfc148237,LoadAcceleParamFromFile_FW
0xfc0eaff9,LoadAdjustmentTable_FW
0xfc0eb2b9,LoadAdjustmentValue_FW
0xfc378779,LoadAvsAdjData_FW
0xfc0c7975,LoadDataFromAdjTableBin_FW
0xfc0eb001,LoadDefectAdjTable_FW
0xfc0c7a97,LoadFactoryIDData_FW
0xfc46e24b,LoadFactoryNumber_FW
0xfc0c78dd,LoadParamDataFromAdjTableBin_FW
0xfc0bb433,LoadScript_FW
0xfc46e2bd,LoadSerialNumber_FW
0x010c6289,LocalTime
0xfc36cd03,LockHdmiState_FW
0xfc158f69,LockMainPower
0xfc158f69,LockMainPower_FW
0xfc308517,LogCameraEvent
0xfc3099ad,lseek
0xfc3099ad,Lseek_FW
0xfc3769a5,Ltkids.SetCapRtsThrough_FW
0xfc376989,Ltkids.SetCapThrough_FW
0xfc3769b3,Ltkids.SetLiveRtsThrough_FW
0xfc376997,Ltkids.SetLiveThrough_FW
0xfc390ce9,MakeBootDisk_FW
0xfc309b3b,MakeDirectory_Fut
0xfc390cf5,MakeScriptDisk_FW
0xfc30e2ad,malloc
0xfc30d821,malloc_strictly
0xfc1d1043,Mecha.Create_FW
0xfc38e3bf,MechaCPUMemoryDump_FW
0xfc38e3d1,MechaCPUMemoryWrite_FW
0xfc1d109d,MechaReset_FW
0xfc1d10a5,MechaTerminate_FW
0xfc1d0ff9,MechaUnRegisterEventProcedure_FW
0xfc30e32b,memcmp
0xfc30e32b,memcmp_FW
0xfc0f916d,memcpy
0xfc0f916d,memcpy_FW
0xfc390837,MemoryChecker_FW
0xfc11d111,memset
0x010d849c,memset32
0xfc11d111,memset_FW
0xfc13c669,memShow_FW
0xfc020623,MergeAndConvertDefect_FW
0xfc02091f,MixPixDetect_FW
0xfc405335,mktime_ext
0xfc1d16cd,mod_FW
0xfc38d54d,MonSelCamifFunction_FW
0xfc1d174b,MonSelEvent_FW
0xfc38d4f1,MonSelToCamif_FW
0xfc3790a1,MoveComputerZoomToPoint_FW
0xfc158cc7,MoveControllerToTopOfZOrder_FW
0xfc294835,MoveCzPeakPositon_FW
0xfc38c265,MoveCZToPoint_FW
0xfc38c2cb,MoveCZToPointByOVF_FW
0xfc38c2ab,MoveCZToTele_FW
0xfc38c28b,MoveCZToWide_FW
0xfc477107,MoveDCMotorCCW_FW
0xfc4770a5,MoveDCMotorCW_FW
0xfc38c861,MoveFocusActuator_FW
0xfc3eb7db,MoveFocusDistance_FW
0xfc38ce5f,MoveFocusLensChangeCarrierFrequency_FW
0xfc3eb7db,MoveFocusLensToDistance
0xfc3eb7db,MoveFocusLensToDistance_FW
0xfc3eb737,MoveFocusLensToPosition_FW
0xfc3eb695,MoveFocusLensToPositionWithMaxSpeed_FW
0xfc3eb6bd,MoveFocusLensToPositionWithSpeed_FW
0xfc38c451,MoveFocusLensToTerminate_FW
0xfc3eb609,MoveFocusLensToTerminatePosition_FW
0xfc38c48d,MoveFocusLensToTerminateWithKeepExciting_FW
0xfc38c4c9,MoveFocusLensWithDistance_FW
0xfc38c57d,MoveFocusLensWithPosition_FW
0xfc38c63d,MoveFocusLensWithPositionImmediateReturn_FW
0xfc38c78d,MoveFocusLensWithPositionWithCompBacklash_FW
0xfc38c6bd,MoveFocusLensWithPositionWithoutBacklash_FW
0xfc3eb763,MoveFocusPosition_FW
0xfc3eb609,MoveFocusToTerminate_FW
0xfc1c1001,MoveIrisFullClose_FW
0xfc1c0fdf,MoveIrisFullOpen_FW
0xfc1c106b,MoveIrisMechaPositionWithBacklash_FW
0xfc1c1091,MoveIrisMechaPositionWithoutBacklash_FW
0xfc1c0eb5,MoveIrisToAv_FW
0xfc1c10b7,MoveIrisToAvWithoutBacklash_FW
0xfc38d091,MoveIrisToFullClose_FW
0xfc38d073,MoveIrisToFullOpen_FW
0xfc38d033,MoveIrisToPositionWithBacklash_FW
0xfc38d0d9,MoveIrisToPositionWithoutBacklash_FW
0xfc38cfcb,MoveIrisToStandbyPosition_FW
0xfc38d055,MoveIrisToTerminatePosition_FW
0xfc38cfe9,MoveIrisWithAv
0xfc38cfe9,MoveIrisWithAv_FW
0xfc38d1b9,MoveIrisWithAvAndAvSpeed_FW
0xfc38d1e1,MoveIrisWithAvAndAvSpeedWithoutBacklash_FW
0xfc38d00b,MoveIrisWithAvAndSpeed_FW
0xfc38d0fb,MoveIrisWithAvAndSpeedWithoutBacklash_FW
0xfc38d0b7,MoveIrisWithAvWithoutBacklash_FW
0xfc1c1049,MoveIrisWithTerminatePosition_FW
0xfc46ecc9,MoveISLensToBottomLimitPosition_FW
0xfc46f0ef,MoveISLensToCentralPosition_FW
0xfc46ecbd,MoveISLensToLeftLimitPosition_FW
0xfc46ece1,MoveISLensToLimitPosition_FW
0xfc46ecb1,MoveISLensToRightLimitPosition_FW
0xfc46ecd5,MoveISLensToTopLimitPosition_FW
0xfc38d249,MoveLensToFirstPoint_FW
0xfc38d27f,MoveLensToTerminatePoint_FW
0xfc28339b,MoveZoomActuator_FW
0xfc38d939,MoveZoomLensToMechaEdge_FW
0xfc379335,MoveZoomLensToMechaEnd_FW
0xfc37907b,MoveZoomLensToPoint_FW
0xfc379055,MoveZoomLensToPosition_FW
0xfc37954f,MoveZoomLensToPositionByManual_FW
0xfc38d90b,MoveZoomLensToTerminatePosition_FW
0xfc38d877,MoveZoomLensWithPoint
0xfc38d877,MoveZoomLensWithPoint_FW
0xfc38d8a9,MoveZoomLensWithPointImmediateReturn_FW
0xfc38d8d9,MoveZoomLensWithPosition_FW
0xfc37907b,MoveZoomPoint_FW
0xfc379055,MoveZoomPosition_FW
0xfc195aab,MovieAF.Resume_FW
0xfc195aa1,MovieAF.Suspend_FW
0xfc2a82d1,mzrm_createmsg
0xfc2a83d5,mzrm_sendmsg
0xfc0b82d5,NellConnect_FW
0xfc0b82bf,NellConnectAdhoc_FW
0xfc08fe6b,NewTaskShell_FW
0xfc46f02b,NotifyISMacroDistance_FW
0xfc024d4d,NR_SetDoubleNRType_FW
0xfc024d49,NR_SetLotasPonyType_FW
0xfc33be79,NRTBL.GetDarkSubType_FW
0xfc33beb3,NRTBL.GetDefectCorrectType_FW
0xfc33be65,NRTBL.SetDarkSubType_FW
0xfc33be9f,NRTBL.SetDefectCorrectType_FW
0xfc33bed9,NRTBL.SetTassenType_FW
0xfc1d1257,OffPrintPhySw_FW
0xfc46a91b,OneShotWhigeBalance_FW
0xfc46a91b,OneTypeWhiteBalance_FW
0xfc1d124d,OnPrintPhySw_FW
0xfc3097cd,Open
0xfc13d01f,open
0xfc3097cd,Open_FW
0xfc0cbaf3,OpenConsole_FW
0xfc1241dd,OpenFastDir
0xfc3099bf,OpenForScrip_FW
0xfc38d5e3,OpenMechaShutter_FW
0xfc3eb501,OpenMShutter_FW
0xfc066add,OpLog.Create_FW
0xfc06fff5,OpLog.Get_FW
0xfc07000b,OpLog.GetUsrSet_FW
0xfc07008b,OpLog.Play_FW
0xfc06f893,OpLog.ReadFromROM_FW
0xfc06f8d3,OpLog.ReadFromSD_FW
0xfc07017d,OpLog.Start_FW
0xfc06f83b,OpLog.Stop_FW
0xfc07020b,OpLog.Terminate_FW
0xfc06f851,OpLog.WriteToROM_FW
0xfc06fb7f,OpLog.WriteToSD_FW
0xfc2deee7,OutputLogToFile_FW
0xfc0b8141,PairingDataFull_FW
0xfc0b7b3d,PairingDataOutput_FW
0xfc0e7401,PB2Rec
0xfc390bf7,Peek16_FW
0xfc390bf3,Peek32_FW
0xfc390bfd,Peek8_FW
0xfc0b86e7,PingTest_FW
0xfc378811,PingWLANNetwork_FW
0xfc02052b,PointDefDetect_FW
0xfc0207b5,PointKizuCheck_FW
0xfc1d177b,Poke16_FW
0xfc1d1771,Poke32_FW
0xfc1d1785,Poke8_FW
0xfc309fc5,PostEventShootSeqToUI_FW
0xfc309ecd,PostLogicalEventForNotPowerType
0xfc309ecd,PostLogicalEventForNotPowerType_FW
0xfc309ef9,PostLogicalEventToUI
0xfc309ef9,PostLogicalEventToUI_FW
0x010c5875,PostMessageQueue
0x010c5c11,PostMessageQueueStrictly
0xfc46cb31,PreFixAE_FW
0xfc309c6b,PrepareDirectory_0
0xfc309c67,PrepareDirectory_1
0xfc309bbd,PrepareDirectory_x
0xfc0eb429,PrintAdjKabotanInfo_FW
0xfc0eb2cf,PrintAdjTableMap_FW
0xfc1bf9d7,PrintAllAEIntegData_FW
0xfc0bb429,Printf_FW
0xfc2ded81,PrintFaexeVersioin_FW
0xfc2ded5d,PrintFirmVersion_FW
0xfc46c5a7,PrintMultiWinScanTable_FW
0xfc46c453,PrintScanTable_FW
0xfc255d09,PT_MFOff
0xfc255cd5,PT_MFOn
0xfc254455,PT_MoveDigitalZoomToWide
0xfc1d20c9,PT_MoveOpticalZoomAt
0xfc15d8f5,PT_PlaySound
0xfc0cc207,PTM_AllReset_FW
0xfc306e5f,PTM_AllResetToFactorySetting_FW
0xfc0ccdf1,PTM_BackupUIProperty_FW
0xfc307315,PTM_GetCurrentItem
0xfc307315,PTM_GetCurrentItem_FW
0xfc0cc57f,PTM_GetWorkingCaptureMode_FW
0xfc0ccd63,PTM_IsEnableItem_FW
0xfc0cc853,PTM_NextItem_FW
0xfc0cc857,PTM_PrevItem_FW
0xfc3073a3,PTM_RestoreUIProperty_FW
0xfc3071db,PTM_SetCurrentCaptureMode_FW
0xfc0cc58f,PTM_SetCurrentItem_FW
0xfc0ccb7b,PTM_SetProprietyEnable_FW
0xfc3eb45d,PutInNdFilter
0xfc3eb45d,PutInNdFilter_FW
0xfc3eb483,PutOutNdFilter
0xfc3eb483,PutOutNdFilter_FW
0xfc3083e5,PutsCameraLogEvent_FW
0xfc40b7ad,qsort
0xfc1a492b,QuietImager_FW
0xfc11d0f3,rand
0xfc13d195,Read
0xfc13d195,Read_FW
0xfc12427d,ReadFastDir
0xfc0e7433,Rec2PB
0xfc38d4d3,ReceiveMechaCircuitDataAll_FW
0x010c57b5,ReceiveMessageQueue
0xfc3789ab,RecSoundForNCAdjEvent_FW
0xfc08399f,RecvDeauthPacket_FW
0xfc0eb419,RefreshAdjustmentTableMirror_FW
0xfc0eb421,RefreshDefectTableMirror_FW
0xfc0b57db,RegComEventProc_FW
0xfc46c843,RegistColorMatrix_FW
0xfc14827b,RegisterElecLevelInfoNotifyCBR_FW
0xfc2de5e5,RegisterEventProcedure
0xfc2de637,RegisterEventProcedure_alt1
0xfc2de73b,RegisterEventProcedure_alt2
0xfc2de73f,RegisterEventProcTable
0xfc2dec61,RegisterEventProcTable_alt
0x010c5611,RegisterInterruptHandler
0xfc0c2c83,RegisterNotifyConnectPTPIP_FW
0xfc0c2c83,RegisterNotifyPTPIP_FW
0xfc0c2c9b,RegisterResponseConnectPTPIP_FW
0xfc0c2c9b,RegisterResponsePTPIP_FW
0xfc0ef989,RegistFirmScanNoticeCBR_FW
0xfc0b84bf,RegPTPCmd_FW
0xfc0b84d3,RegPTPIPCmd_FW
0x010c78c9,ReleaseRecursiveLock
0xfc46c397,ReloadAFAdjustment_FW
0xfc3eb139,ReloadCdsAdjustment_FW
0xfc46c7c7,ReloadColorAdjustment_FW
0xfc46e5e9,ReloadDefectAdjustmentData_FW
0xfc3ebaeb,ReloadEfAdjustment_FW
0xfc3eb58f,ReloadFocusLensAdjustment_FW
0xfc46e5f3,ReloadFROMDefectAdjustmentData_FW
0xfc1c0f2d,ReloadGetaAdjustment_FW
0xfc1c0f1f,ReloadIrisAdjustment_FW
0xfc46f0e5,ReloadISAdjustment_FW
0xfc3eb445,ReloadNdFilterAdjustment_FW
0xfc3786e3,ReloadProtractorAdjustment_FW
0xfc46e5fd,ReloadShadingAdjustmentData_FW
0xfc46a9dd,ReloadWBAdjustment_FW
0xfc378c4d,ReloadZoomAdjustment_FW
0xfc3789c7,ReloadZoomNCProfileEvent_FW
0xfc02109d,RemoveTransparentMemory_FW
0xfc0c2bed,RequestConnectPTPIP_FW
0xfc0c2c17,RequestConnectPTPIPDef_FW
0xfc0c2b67,RequestDisconnectPTPIP_FW
0xfc3eb81f,ResetFocus_FW
0xfc38c3c5,ResetFocusLens_FW
0xfc38cfad,ResetIris_FW
0xfc1c9d81,ResetIrisActuator_FW
0xfc1c1023,ResetIrisPosition_FW
0xfc0ef97f,ResetRegistNoticeCBR_FW
0xfc378fef,ResetZoom_FW
0xfc38d801,ResetZoomLens_FW
0xfc38d81f,ResetZoomLensToFirst_FW
0xfc38d84b,ResetZoomLensToTermiante_FW
0xfc3790c7,ResetZoomToAdjFirstPoint_FW
0xfc3790f5,ResetZoomToAdjTerminatePoint_FW
0xfc379011,ResetZoomToFirst_FW
0xfc379011,ResetZoomToFirstPoint_FW
0xfc379033,ResetZoomToTerminate_FW
0xfc379033,ResetZoomToTerminatePoint_FW
0xfc1589db,RomCheckSum_FW
0xfc0cb8c5,RotateConsoleZOder_FW
0xfc0eb245,SaveAdjustmentTable_FW
0xfc0eb299,SaveAdjustmentValue_FW
0xfc46ddd3,SaveBatSenseOffsetAdjustmentTable_FW
0xfc1d2229,SaveBmpVRAMData_FW
0xfc0eb287,SaveDefectAdjTable_FW
0xfc0c7a8b,SaveFactoryIDData_FW
0xfc46e33b,SaveFactoryReserveData_FW
0xfc3eb9f7,SaveFocusResetPulse_FW
0xfc46e093,SaveFromImage_FW
0xfc1d23c1,SavePaletteData_FW
0xfc0b78cd,scan_FW
0xfc1ba5e3,Scene.ForbidContiSceneDetect_FW
0xfc1ba671,Scene.TestBabySleep_FW
0xfc1ba64d,Scene.TestBabySmile_FW
0xfc1ba6b9,Scene.TestHumanSleep_FW
0xfc1ba695,Scene.TestHumanSmile_FW
0xfc1ba6dd,Scene.TestKidMove_FW
0xfc1ba607,Scene.TestSunset_FW
0xfc15a943,ScreenLock
0xfc15a981,ScreenUnlock
0xfc0c8021,SdDrv_SetSSCG_FW
0xfc390ab7,SDump_FW
0xfc46eced,SearchBCentralPosition_FW
0xfc46eced,SearchISLensCentralPosition_FW
0xfc46b407,SelectAdjBPFilter_FW
0xfc0b84f5,SelectFunc_Create_FW
0xfc38dd8f,SelectPositionSignal_FW
0xfc082985,sendDeauth_FW
0xfc38d4bd,SendMechaCircuitData_FW
0xfc020805,SensDefCrowdCheck_FW
0xfc30809d,set_control_event
0xfc46cacf,SetAdj_AEMode_FW
0xfc1c098d,SetAdjAEIntegSmearLimitter_FW
0xfc46b855,SetAdjAFIntegCrwAdd_FW
0xfc46b421,SetAdjAFWinPos_FW
0xfc3eb1e1,SetAdjCdsMode_FW
0xfc46ca65,SetAE_CdsGainValue_FW
0xfc46c9a9,SetAE_ShutterSpeed
0xfc46c9a9,SetAE_ShutterSpeed_FW
0xfc1c0975,SetAEIntegAverageOBData_FW
0xfc1c01a3,SetAEIntegCorrectProperty_FW
0xfc1c020f,SetAEIntegralGetaTime_FW
0xfc1c01dd,SetAEIntegralValueProperty_FW
0xfc1c0141,SetAEIntegStrobeProperty_FW
0xfc1c0791,SetAEIntegValueBit_FW
0xfc1c0759,SetAEIntegWindowsMode_FW
0xfc158fb5,SetAutoShutdownTime
0xfc158fb5,SetAutoShutdownTime_FW
0xfc46b459,SetBPFilterForBP_FW
0xfc3eb155,SetCDSGain_FW
0xfc3eb1c5,SetCDSGainStep_FW
0xfc3eb155,SetCdsGainValue_FW
0xfc3eb171,SetCdsPreGainReg_FW
0xfc0833a7,setCH_FW
0xfc2d5769,SetCurrentCaptureModeType
0xfc2d5769,SetCurrentCaptureModeType_FW
0xfc294839,SetCzDebugFocusMode_FW
0xfc294839,SetCzDebugSubjectDistance_FW
0xfc46ddfd,SetDate_FW
0xfc46def1,SetDay_FW
0xfc477169,SetDCMotorWaitTime_FW
0xfc1c09a1,SetDefaultAEIntegSmearLimitter_FW
0xfc108c3b,SetDefaultRecParameter_FW
0xfc020b2d,SetDefectDebugInfo_FW
0xfc020c71,SetDefectRecParam_FW
0xfc3eb10b,SetDeltaCDSGain_FW
0xfc38e193,SetDISModeParam_FW
0xfc46ef9b,SetDISModeParameter_FW
0xfc07e865,SetDUIDFixFlag_FW
0xfc07e7c9,SetDurianMode_FW
0x010c5599,SetEventFlag
0xfc3ebadd,SetExStrobeMode_FW
0xfc07e901,SetFactoryMasterFlag_FW
0xfc07e91d,SetFactoryMasterROMProtection_FW
0xfc07e819,SetFactoryMode_FW
0xfc46e23b,SetFactorySerialNumber_FW
0xfc379601,SetFaexeEventTableActivation_FW
0xfc38e35d,SetFixedPWMOutA_FW
0xfc38e36b,SetFixedPWMOutB_FW
0xfc38c907,SetFocusActuatorHoldVoltage_FW
0xfc38c913,SetFocusActuatorSlopeHoldVoltage_FW
0xfc38c9d5,SetFocusLensAccelerationTable_FW
0xfc38ce3b,SetFocusLensCarrierFrequency_FW
0xfc38ca93,SetFocusLensCondition_FW
0xfc38ca87,SetFocusLensDefaultPullOutTable_FW
0xfc38ccdd,SetFocusLensDriveVoltage_FW
0xfc38cd59,SetFocusLensGainSlope_FW
0xfc38cd2d,SetFocusLensHoldVoltage_FW
0xfc38cb4b,SetFocusLensMaxSpeedLimit_FW
0xfc38cd05,SetFocusLensSettingWaitVoltage_FW
0xfc38ca49,SetFocusLensSlowdownTable_FW
0xfc38c923,SetFocusLensSpeed_FW
0xfc38c971,SetFocusLensSpeedTable_FW
0xfc3eb97f,SetFocusResetState_FW
0xfc38dc1d,SetGyro10BitDACPitch_FW
0xfc1cd3f1,SetGyro10BitDACRoll_FW
0xfc38dc2b,SetGyro10BitDACYaw_FW
0xfc38dc7b,SetGyroFilterChargeStart_FW
0xfc38dc7f,SetGyroFilterChargeStop_FW
0xfc38dc41,SetGyroHPFINOffsetPitch_FW
0xfc1cd411,SetGyroHPFINOffsetRoll_FW
0xfc38dc4f,SetGyroHPFINOffsetYaw_FW
0xfc46df2b,SetHour_FW
0xfc1d1277,SetIgnoreAVJACK_FW
0xfc46dddd,SetImageMode_FW
0xfc46ddc7,SetInputVoltage_FW
0xfc38d163,SetIrisDriveVoltage_FW
0xfc38d173,SetIrisDriveVoltageLow_FW
0xfc38d193,SetIrisHoldVoltage_FW
0xfc38d183,SetIrisSettingWaitVoltage_FW
0xfc38e1c9,SetISAdjData_FW
0xfc38e1d3,SetISCenterShiftA_FW
0xfc38e1e1,SetISCenterShiftB_FW
0xfc46ed15,SetISControllMode_FW
0xfc38dd1b,SetISControlType_FW
0xfc38e15b,SetISCrossTalkCompA1_FW
0xfc38e169,SetISCrossTalkCompA2_FW
0xfc38e177,SetISCrossTalkCompB1_FW
0xfc38e185,SetISCrossTalkCompB2_FW
0xfc46efbb,SetISCrossTalkCompCoeff_FW
0xfc46ee57,SetISCutOffFreqIndex_FW
0xfc38da4d,SetISDriveAaxis_FW
0xfc38da5b,SetISDriveBaxis_FW
0xfc38e269,SetISFocusLensDistance_FW
0xfc46ee9b,SetISGyro10BitDACPitch_FW
0xfc46eea1,SetISGyro10BitDACYaw_FW
0xfc46ef05,SetISGyroCompensationMode_FW
0xfc46eedf,SetISGyroFilterCharge_FW
0xfc38dac9,SetISGyroGainAaxis_FW
0xfc38dad7,SetISGyroGainBaxis_FW
0xfc38dae5,SetISGyroGainbyAxisType_FW
0xfc46ee87,SetISGyroHPFINOffsetPitch_FW
0xfc46ee8d,SetISGyroHPFINOffsetYaw_FW
0xfc46eea7,SetISGyroOffset10BitDACData_FW
0xfc46ee93,SetISGyroOffsetHPFINData_FW
0xfc46eda5,SetISGyroPitchGain_FW
0xfc46ed9d,SetISGyroYawGain_FW
0xfc38de31,SetISHallAmpFirstGain_FW
0xfc46edbf,SetISHallDevicePitchGain_FW
0xfc46edd9,SetISHallDevicePitchOffset_FW
0xfc46edb7,SetISHallDeviceYawGain_FW
0xfc46edd1,SetISHallDeviceYawOffset_FW
0xfc38da99,SetISHallGainAaxis_FW
0xfc38daa7,SetISHallGainBaxis_FW
0xfc38dab5,SetISHallGainbyAxisType_FW
0xfc38da69,SetISHallOffsetAaxis_FW
0xfc38da77,SetISHallOffsetBaxis_FW
0xfc38da85,SetISHallOffsetbyAxisType_FW
0xfc38dda7,SetISHPFCutoff_FW
0xfc46ee57,SetISHPFCutOffFreqIndex_FW
0xfc46ed93,SetISLensDriveValue_FW
0xfc46edad,SetISLensGyroGain_FW
0xfc46edc7,SetISLensHallGain_FW
0xfc46ede1,SetISLensHallOffset_FW
0xfc46ef8f,SetISLensPWMMode_FW
0xfc38dded,SetISLPFAaxis_FW
0xfc38ddfb,SetISLPFBaxis_FW
0xfc46ee3b,SetISLPFCutOffFreqAaxis_FW
0xfc46ee41,SetISLPFCutOffFreqBaxis_FW
0xfc46f01f,SetISMacroMode_FW
0xfc38dd41,SetISMovieStatus_FW
0xfc46ed83,SetISPitchPWM_FW
0xfc38e381,SetISPWMFreqAndFixed_FW
0xfc38e38d,SetISPWMFrequency_FW
0xfc38dd37,SetISStillStatus_FW
0xfc38dc6d,SetISTuningFlag_FW
0xfc46eeeb,SetISTuningMode_FW
0xfc46eef9,SetISTuningOff_FW
0xfc46ed8b,SetISYawPWM_FW
0xfc46e05f,SetLangMenuType_FW
0xfc38d2c7,SetLensOutsideFlag_FW
0xfc1c0955,SetLineDefMarkThroughMode_FW
0xfc308323,SetLogicalEventActive
0xfc46ef77,SetLoopGain_FW
0xfc38deb1,SetLoopGainAdjValue_FW
0xfc46ee47,SetLPFForParallelFilter_FW
0xfc38dd59,SetLPFParallelBest_FW
0xfc46efe9,SetMacroISGain_FW
0xfc38e297,SetMacroISGainA_FW
0xfc38e2a5,SetMacroISGainB_FW
0xfc38d623,SetMechaShutterCloseDacSetting_FW
0xfc38d68f,SetMechaShutterMoveTime_FW
0xfc38d64f,SetMechaShutterOpenDacSetting_FW
0xfc38d67b,SetMechaShutterWaitTimeSetting_FW
0xfc0833b5,setMicroAPCH_FW
0xfc46df63,SetMinute_FW
0xfc46debd,SetMonth_FW
0xfc37899d,SetNCParamForAdjEvent_FW
0xfc38d785,SetNdDacSetting_FW
0xfc38d779,SetNdMoveTime_FW
0xfc3789bf,SetNoiseAddParamForZoomNCEvent_FW
0xfc3eb14f,SetObClamp_FW
0xfc3eb14f,SetObClampValue_FW
0xfc46a8bb,SetOneShotWBParam_FW
0xfc46a8bb,SetOneTypeWBParam_FW
0xfc477083,SetPMByGpio_FW
0xfc38e339,SetPoweredISOFF_FW
0xfc38e32d,SetPoweredISON_FW
0xfc46e36d,SetProductVolume_FW
0xfc2ea9fd,SetPropertyCase
0xfc1d167d,SetPropertyCase_FW
0xfc1d1243,SetRawSWCheckMode_FW
0xfc46a977,SetReferenceWBGainForCalibration_FW
0xfc46b1ed,SetScanLensIndex_FW
0xfc46b285,SetScanWindowMode_FW
0xfc30835b,SetScriptMode
0xfc30835b,SetScriptMode_FW
0xfc0b8ded,SetSDConClockSpeed_FW
0xfc1d11d1,SetSDPwrPort_FW
0xfc46df9b,SetSecond_FW
0xfc0838f7,SetSecurityInvalid_FW
0xfc3eb18d,SetSensorPreGain_FW
0xfc3eb369,SetShutterSpeed_FW
0xfc3eb331,SetShutterSpeedWithMecha_FW
0xfc3789f1,SetSoundDevForMovieRecEvent_FW
0xfc07e3cb,SetSSIDForFAWLAN_FW
0xfc149cf1,SetStereoSeparation_FW
0xfc0ef5e7,SetTestRecMasterCxCy_FW
0xfc0ef675,SetTestRecSkimmingYUV_FW
0xfc46a995,SetToolCorrectCoefficient_FW
0xfc46cf65,SetVideoOutType_FW
0xfc46e609,SetWBTemperature_FW
0xfc46a94f,SetWBYlStandardWidth_FW
0xfc1c0713,SetWhiteCoefficient_FW
0xfc46e3bf,SetWindowSystemDrawSetting_FW
0xfc07e379,SetWLANFactoryMode_FW
0xfc0b8dcf,SetWPSEChannel_FW
0xfc46de85,SetYear_FW
0xfc2833c3,SetZoomActuatorSpeedPPS_FW
0xfc37924b,SetZoomCommonDriveParam_FW
0xfc379191,SetZoomDriveParam_FW
0xfc38d995,SetZoomLensDriveAmpereDac_FW
0xfc379123,SetZoomLensEncoderPowerControl_FW
0xfc38d983,SetZoomLensSpeedMode_FW
0xfc3789cf,SetZoomNCEffectiveEvent_FW
0xfc379205,SetZoomNormalDriveParam_FW
0xfc46edeb,SetZoomPointToIS_FW
0xfc38dce5,SetZoomPosition_FW
0xfc3791cb,SetZoomResetDriveParam_FW
0xfc378fbd,SetZoomResetState_FW
0xfc37912f,SetZoomSpeedMode_FW
0xfc1d17a9,ShowAllTaskInfo_FW
0xfc30844f,ShowCameraLog_FW
0xfc308409,ShowCameraLogInfo_FW
0xfc46c97b,ShowCurrentExp_FW
0xfc0eaf9b,ShowDefaultAdjTableVersion_FW
0xfc38cb0f,ShowFocusLensCurrentSpeedTable_FW
0xfc309ffd,ShowLogicalEventName_FW
0xfc38d2d3,ShowMechaCondition_FW
0xfc1d10ad,ShowMechaMacro_FW
0xfc1d1239,ShowPhySwStatus_FW
0xfc1d1265,ShowSDStatus_FW
0xfc021029,ShowTransparentMemory_FW
0xfc2cacbf,ShutdownPlayModeMenu_FW
0xfc2cad7b,ShutdownPlayModeMenuWithoutPbRedraw_FW
0xfc2cab23,ShutdownRecModeMenu_FW
0xfc46cc89,SleepAE_FW
0x010c51b5,SleepTask
0x010c51b5,SleepTask_FW
0xfc2ce333,SoundDevBeepGenGain_FW
0xfc2cd975,SoundDevClearPath_FW
0xfc2cda2b,SoundDevInitMusic_FW
0xfc2ce34f,SoundDevLineOut_FW
0xfc2ce59f,SoundDevPlayMusic_FW
0xfc2ce1f1,SoundDevPlayOpSound_FW
0xfc2cdd71,SoundDevRecChIn0_FW
0xfc2ce5fb,SoundDevRecMusic_FW
0xfc2cdfa7,SoundDevRecMusicOnDramTest_FW
0xfc2ce319,SoundDevSetBeepPWMMuteParam_FW
0xfc2ce2f9,SoundDevSetMovieRecPath_FW
0xfc2ce33f,SoundDevSetRecPath_FW
0xfc2ce2ef,SoundDevSetSpVol_FW
0xfc2ce2c9,SoundDevSetSyncRate_FW
0xfc2ce313,SoundDevSetZoomNCAdjDigiProcThroughPath_FW
0xfc2ce307,SoundDevSetZoomNCCheckPath_FW
0xfc1b5879,SoundDevSetZoomNCProfile_FW
0xfc2ce357,SoundDevStopPlayMusic_FW
0xfc2ce415,SoundDevStopRecMusic_FW
0xfc1b5997,SoundDevZoomNCEffective_FW
0xfc30e319,sprintf_FW
0xfc11d0ed,srand
0xfc1d210d,SS.ChangeZoomSpeed_FW
0xfc1d2155,SS.Create_FW
0xfc1d212d,SS.DoAELock_FW
0xfc1d2119,SS.DoAFLock_FW
0xfc2545cf,SS.GetDigitalZoomPosition_FW
0xfc1d20fb,SS.GetDigitalZoomTele_FW
0xfc1d214b,SS.MFOff_FW
0xfc1d2141,SS.MFOn_FW
0xfc1d20ed,SS.MoveDigitalZoomAt_FW
0xfc1d20d9,SS.MoveDigitalZoomToTele_FW
0xfc1d20e3,SS.MoveDigitalZoomToWide_FW
0xfc1d20c9,SS.MoveOpticalZoomAt_FW
0xfc1d20b1,SS.MoveOpticalZoomToTele_FW
0xfc1d20bd,SS.MoveOpticalZoomToWide_FW
0xfc1d2137,SS.UnlockAE_FW
0xfc1d2123,SS.UnlockAF_FW
0xfc0f900b,sscanf_FW
0xfc0f4d45,SSFS_CompleteCaptModeChange_FW
0xfc0f4d45,SSFS_CompleteFileWrite_FW
0xfc0f4d45,SSFS_CompletePreCapt_FW
0xfc0f4d45,SSFS_CompleteShootPicture_FW
0xfc0f4d45,SSFS_CompleteStopDigZoom_FW
0xfc0f4d45,SSFS_CompleteStopZoom_FW
0xfc0f4d45,SSFS_CompleteSynchroWrite_FW
0xfc0f4d45,SSFS_ShootPicture_FW
0xfc14822f,StartAcceleSlantMotionDetect_FW
0xfc46b845,StartAdjAFInteg_FW
0xfc46b5ef,StartAdjAFService_FW
0xfc1c094f,StartAEIntegralService_FW
0xfc46ed01,StartBDrive_FW
0xfc46ed23,StartBPanDrive_FW
0xfc30847b,StartCameraLog_FW
0xfc0b7aa1,startCameraServiceProvide_FW
0xfc46a0e5,StartCaptureDrive_FW
0xfc46bd97,StartCrwCustomScan_FW
0xfc46bd57,StartCustomScan_FW
0xfc294831,StartCzTuning_FW
0xfc09f365,startDHCPServer_FW
0xfc46d1c9,StartEVFDrive_FW
0xfc46d1a1,StartEVFDriveWithMode_FW
0xfc07e9b7,StartFactoryModeController_FW
0xfc38e3fb,StartImStEventProc_FW
0xfc46efd1,StartISAdjustMacro_FW
0xfc46ed01,StartISAdjustmentDrive_FW
0xfc46ed01,StartISDrive_FW
0xfc38da23,StartISLocalAdjust_FW
0xfc2d15ed,StartISLocalAutoCenter_FW
0xfc2d1613,StartISLocalHallAdjust_FW
0xfc46ed23,StartISPanDrive_FW
0xfc38e39d,StartISPWMFreqChangeTest_FW
0xfc2df1b3,StartLogOut_FW
0xfc38de5b,StartLoopGainCalc_FW
0xfc38e231,StartMacroISAdjust_FW
0xfc38e227,StartMacroISContiMode_FW
0xfc0b79bb,startMicroAP_FW
0xfc2caa61,StartPlayModeMenu_FW
0xfc2caa73,StartRecModeMenu_FW
0xfc05f7ad,StartRedirectUART_FW
0xfc0213e7,StartSoundPlay_FW
0xfc0213cf,StartSoundRecord_FW
0xfc379743,StartTestRecLog_FW
0xfc0f57b5,StartWDT_FW
0xfc3099e5,stat
0xfc148233,StopAcceleSlantMotionDetect_FW
0xfc46b83b,StopAdjAFInteg_FW
0xfc46b68d,StopAdjAFService_FW
0xfc1c07ad,StopAEIntegralService_FW
0xfc46ecf7,StopBDrive_FW
0xfc46ed0b,StopBPanDrive_FW
0xfc3084dd,StopCameraLog_FW
0xfc0b7aad,stopCameraServiceProvide_FW
0xfc46999d,StopCaptureDrive_FW
0xfc46d54d,StopContinuousVRAMData_FW
0xfc46bd4d,StopCustomScan_FW
0xfc38c2ed,StopCZ_FW
0xfc09f40d,stopDHCPServer_FW
0xfc46cfaf,StopEVFDrive_FW
0xfc09e075,stopIPAddressing_FW
0xfc46efdb,StopISAdjustMacro_FW
0xfc46ecf7,StopISAdjustmentDrive_FW
0xfc46ecf7,StopISDrive_FW
0xfc46ed0b,StopISPanDrive_FW
0xfc38e3a7,StopISPWMFreqChangeTest_FW
0xfc2def79,StopLogOut_FW
0xfc38e115,StopLoopGainCalc_FW
0xfc38e23b,StopMacroISAdjust_FW
0xfc08292d,stopMicroAP_FW
0xfc07e221,StopPtpipServiceForFAWLAN_FW
0xfc05f84d,StopRedirectUART_FW
0xfc3ebb67,StopStrobeChargeForFA_FW
0xfc37974f,StopTestRecLog_FW
0xfc0f57f1,StopWDT_FW
0xfc0b81e1,StopWireless_FW
0xfc378fb5,StopZoomEmergency_FW
0xfc352b8f,StoreMFNDCorrectionInfo_FW
0xfc30e151,strcat
0xfc15fa93,strchr
0xfc30e1ab,strcmp
0xfc30e1ab,strcmp_FW
0xfc30e1bb,strcpy
0xfc30e1bb,strcpy_FW
0xfc15f645,strftime
0xfc30e221,strlen
0xfc30e221,strlen_FW
0xfc15fa69,strncmp
0xfc30e173,strncpy
0xfc0f922b,strrchr
0xfc0f915f,strtol
0xfc0f901d,strtolx
0xfc46cef9,SwitchOffDisplay_FW
0xfc46cf2d,SwitchOnDisplay_FW
0xfc1d1d91,System.Create_FW
0xfc1d17b3,System.Delete_FW
0x010c5a49,TakeSemaphore
0x010c5a49,TakeSemaphore_FW
0x010c2957,takesemaphore_low
0x010c5bd9,TakeSemaphoreStrictly
0xfc14252b,task__imageSensorTask
0xfc1a8b79,task__tgTask
0xfc147911,task_Accelerometer
0xfc1973f7,task_AfIntSrvTask
0xfc23b3ad,task_AFTask
0xfc161e5b,task_AprocBpGenTask
0xfc161dfb,task_AprocBpPwmTask
0xfc161d7d,task_AprocMainTask
0xfc1bb659,task_AutoShutterMan
0xfc0e3f83,task_BatteryTask
0xfc07e1ff,task_bomStopPTPIPTask
0xfc177f31,task_BrtMsrTask
0xfc0b5879,task_Bye
0xfc0f24a3,task_CaptSeq
0xfc0f24a3,task_CaptSeqTask
0xfc1d0df9,task_Cave2MainTask
0xfc300fb7,task_Cave2PbTask
0xfc430e29,task_Cave2RecTask
0xfc0e46b1,task_ClockSave
0xfc0b9285,task_CommonDrivers
0xfc08c3dd,task_ComWireless
0xfc0cb55d,task_ConsoleSvr
0xfc2646f3,task_CorctTask
0xfc38fe95,task_CreateHeaderTask
0xfc4cd335,task_CtgTotalTask
0xfc30a219,task_CtrlSrv
0xfc10a7bb,task_dccdCalcTask
0xfc382f2f,task_DecJpgRd
0xfc105e39,task_DefMarkRomCopyTask
0xfc184d33,task_DetectMoveTask
0xfc1676a5,task_DetSeqSadT
0xfc1670fb,task_DetSeqT
0xfc192c3b,task_DevelopDist
0xfc193d1f,task_DevelopJpeg
0xfc13f443,task_DevelopModule
0xfc192961,task_DevelopRawToYuv
0xfc19347d,task_DevelopResize
0xfc39016f,task_DistTask
0xfc10bd15,task_DPOFTask
0xfc1d558f,task_DvlpSeqTask
0xfc14bb1d,task_EdetSBJTask
0xfc1cdbed,task_EISMainTask
0xfc2c16bd,task_Epilog
0xfc08fdaf,task_EvShel
0xfc226b63,task_ExpDrv
0xfc226b63,task_ExpDrvTask
0xfc15c7f5,task_FaceFrame
0xfc405bed,task_FaceScoreTask
0xfc37b4d9,task_FileManMarkAllTask
0xfc062079,task_FileScheduleTask
0xfc06385f,task_FileWrite
0xfc06385f,task_FileWriteTask
0xfc3826c5,task_FilYuvMaker
0xfc16becf,task_FmidTask
0xfc2a72c3,task_FocusEvent
0xfc123d0d,task_FORMAT_TASK_NAME
0xfc123ae5,task_FORMAT_TASK_PROGRESS
0xfc0b8b93,task_fprintSNRTask
0xfc0a2189,task_FsIoNotifyTask
0xfc1a2d13,task_GapMan
0xfc0ba357,task_HdmiCecTask
0xfc390ea9,task_ImagePlaySysConTask
0xfc392df1,task_ImageRetryConTask
0xfc0a0639,task_ImageSyncController
0xfc474c55,task_ImgPlyLowTask
0xfc405397,task_ImgPlyTask
0xfc474b49,task_ImgPlyTask
0xfc405549,task_ImgPlyTsk2
0xfc093e17,task_IMLApp
0xfc0b9259,task_InitFileModules
0xfc1ca4ab,task_IrisCycleEvent
0xfc1c9329,task_IrisEvent
0xfc2d0dd1,task_ISMainTask
0xfc1d6f5f,task_JpegEncTask
0xfc0b81eb,task_LachesisTest
0xfc1b3c79,task_LcdConTask
0xfc0e9861,task_LEDCon
0xfc1a96cf,task_LiveImageTask
0xfc0cb953,task_LowConsole
0xfc10ea99,task_MechaCPUTransfer
0xfc1cdf49,task_MechaNCTask
0xfc389f75,task_MechaShutter
0xfc10e04d,task_MediaStatusMngr
0xfc25dbb5,task_MetaCtg
0xfc428591,task_MetaCtgPrsTask
0xfc37a133,task_MetaInspiTask
0xfc1bcaf3,task_MotionVector
0xfc1d0389,task_MovieEditor
0xfc14edfb,task_MovieInit
0xfc2666b5,task_MoviePlay
0xfc150ca1,task_MovieRecord
0xfc110be5,task_MovieTranscoder
0xfc38a6a5,task_Nd
0xfc0ff5eb,task_NormalThumbCache
0xfc18421d,task_OBCtrlTask
0xfc1b89b3,task_OhyearKiLiveAlgor
0xfc424493,task_OhyIntegTask
0xfc06f759,task_OpePlay
0xfc070d65,task_PhySw
0xfc08f227,task_PingManager
0xfc0fe939,task_PTPSessionTASK
0xfc0bcf59,task_PTPtoFAPI_EventProcTask_Block
0xfc0bceef,task_PTPtoFAPI_EventProcTask_Try
0xfc4ca397,task_Raw2Ss2YuvTask
0xfc06d8d9,task_ReadFileTask
0xfc3c676b,task_ReadMultiConTask
0xfc067c5f,task_ReadScheduleTask
0xfc0b86f9,task_RedirectUARTTask
0xfc154d4b,task_ResizeTask
0xfc1ba145,task_SceneDetectTask
0xfc08f603,task_SD1stInit
0xfc102cc7,task_SelectFuncController
0xfc37b67f,task_SetGeoTagExecution
0xfc1d40f7,task_ShutterSoundTask
0xfc2cecd1,task_SoundTsk
0xfc0fcbc3,task_SsgMainTask
0xfc0fcdd5,task_SsgPeriodTask
0xfc0f160d,task_SsStartupTask
0xfc0f4e11,task_SsTask
0xfc05e53d,task_Startup
0xfc30783d,task_StartupImage
0xfc1acea9,task_SynchTask
0xfc1ace4f,task_SyncPeriod
0xfc149fb5,task_Thermometer
0xfc09b50d,task_TimerUtility
0xfc1ce531,task_TmgGen
0xfc47cfd9,task_TricDecVTask
0xfc47e1c9,task_TricEncMsgTask
0xfc47d8e5,task_TricEncVTask
0xfc47ec0f,task_TricInitTask
0xfc0c1379,task_TrnsCtrlTask
0xfc408439,task_TskCocoa0
0xfc408435,task_TskCocoa1
0xfc408431,task_TskCocoa2
0xfc05f63d,task_UartLog
0xfc0fbb49,task_WBCR2Calc
0xfc13e57d,task_WBCtrl
0xfc246a2b,task_WBIntegTask
0xfc1810df,task_WBLPFace
0xfc1d516d,task_WbSeqTask
0xfc0f56c7,task_WdtPrint
0xfc0f5739,task_WdtReset
0xfc0a12a9,task_WebServiceApp
0xfc0c3171,task_WSSAPP
0xfc28268d,task_ZoomActuatorSpeedCheck
0xfc2827c1,task_ZoomEvent
0xfc0cb993,taskcreate_LowConsole
0xfc09e093,termComDiscovery_FW
0xfc1d21b1,TerminateAdjustmentSystem_FW
0xfc0eeebb,Terminatedccd_FW
0xfc020e7d,TerminateDefectRec_FW
0xfc0eeebb,TerminateDigicon_FW
0xfc0215eb,TerminateFAExtendFile_FW
0xfc0215d7,TerminateFAGeneralTest_FW
0xfc3ebc27,TerminateMechaDevice_FW
0xfc0c2cb3,TerminatePTPIPTransportResponder_FW
0xfc0213b1,TerminateSoundRec_FW
0xfc0ee6d5,TerminateTestRec_FW
0xfc0896af,TerminateWLAN_FW
0x010c5f41,time
0xfc15a05b,transfer_src_overlay
0xfc15a9b5,transfer_src_overlay_helper
0x010c58ef,TryPostMessageQueue
0x010c583d,TryReceiveMessageQueue
0x010c5a15,TryTakeSemaphore
0xfc146a9f,TurnOffBackLight
0xfc103bd7,TurnOffDisplay
0xfc0b580d,TurnOffE1_FW
0xfc38d70f,TurnOffNdFilter_FW
0xfc38d74f,TurnOffNdFilterWithTiming_FW
0xfc2cfc65,TurnOffVideoOutMode_FW
0xfc146a43,TurnOnBackLight
0xfc103bc5,TurnOnDisplay
0xfc38d6f5,TurnOnNdFilter_FW
0xfc38d729,TurnOnNdFilterWithTiming_FW
0xfc2cfc35,TurnOnVideoOutMode_FW
0xfc40a353,UI.Create_FW
0xfc4098c9,UI.CreatePublic_FW
0xfc40a353,UI_RegistDebugEventProc_FW
0xfc40a341,UI_ShowStateOfRecMode_FW
0xfc308323,UiEvnt_SetLogicalEventActive_FW
0xfc308375,UiEvnt_StartDisguiseCradleStatus_FW
0xfc30837d,UiEvnt_StopDisguiseCradleStatus_FW
0xfc0e848d,UIFS_CancelStoreLensTimer_FW
0xfc1b3bad,UIFS_Capture_FW
0xfc1b3c3f,UIFS_CaptureNoneStop_FW
0xfc4096dd,UIFS_ChangeShootState_FW
0xfc4095d1,UIFS_ClosePopupStrobe_FW
0xfc40963b,UIFS_ConnectVideo_FW
0xfc40965f,UIFS_DisconnectVideo_FW
0xfc40a919,UIFS_DisplayFirmUpdateView_FW
0xfc4096c5,UIFS_EndClockMode_FW
0xfc4097ab,UIFS_GetAvItem_FW
0xfc40972d,UIFS_GetAvItemCount_FW
0xfc4097f3,UIFS_GetCurrentAvString_FW
0xfc40984f,UIFS_GetCurrentTvString_FW
0xfc409709,UIFS_GetLastPath_FW
0xfc2ff97f,UIFS_GetMovieRecoadableNumber_FW
0xfc305d7d,UIFS_GetNumberOfDisplayedImage_FW
0xfc2ec937,UIFS_GetNumOfOptZoomPos_FW
0xfc2ff97b,UIFS_GetStillShotableNumber_FW
0xfc4097cf,UIFS_GetTvItem_FW
0xfc40976b,UIFS_GetTvItemCount_FW
0xfc409431,UIFS_IsAutoPopupDownStrobe_FW
0xfc409435,UIFS_IsAvailableAvTvMode_FW
0xfc409425,UIFS_IsAvailableMovieRecDigZoom_FW
0xfc409421,UIFS_IsAvailableMovieRecOptZoom_FW
0xfc40942d,UIFS_IsAvailableRecMenuAFMode_FW
0xfc409429,UIFS_IsAvailableServoAF_FW
0xfc2ff435,UIFS_IsAvailableShots_FW
0xfc4095f5,UIFS_MountExtFlash_FW
0xfc2ecab5,UIFS_MoveZoomTo_FW
0xfc4095af,UIFS_OpenPopupStrobe_FW
0xfc4c81b3,UIFS_PlayTrimExecuteAllImageSize_FW
0xfc40968f,UIFS_PostModeDial_FW
0xfc40968d,UIFS_RestartPostingUIEvent_FW
0xfc4096cf,UIFS_SetCradleSetting_FW
0xfc409567,UIFS_SetDialMovieRec_FW
0xfc409595,UIFS_SetDialPlay_FW
0xfc40954d,UIFS_SetDialStillRec_FW
0xfc4096f3,UIFS_ShootSeqToUI_FW
0xfc4096bb,UIFS_StartClockMode_FW
0xfc145981,UIFS_StartMovieRecord_FW
0xfc145997,UIFS_StopMovieRecord_FW
0xfc40968b,UIFS_StopPostingUIEvent_FW
0xfc409617,UIFS_UnmountExtFlash_FW
0xfc2a0633,UIFS_WirelessExecuteSendForever_FW
0xfc1e1727,UIFS_WriteFirmInfoToFile
0xfc1e1727,UIFS_WriteFirmInfoToFile_FW
0xfc15f361,undisplaybusyonscreen
0xfc07e133,UndisplayFactoryMode_FW
0xfc0bb3cb,UnLoadScript_FW
0xfc254d15,UnlockAE
0xfc254a61,UnlockAF
0xfc158f09,UnlockMainPower
0xfc158f09,UnlockMainPower_FW
0xfc46c867,UnregistColorMatrix_FW
0xfc14828d,UnRegisterElecLevelInfoNotifyCBR_FW
0xfc2de63b,UnRegisterEventProcedure
0xfc2de755,UnRegisterEventProcTable
0xfc2dec65,UnRegisterEventProcTable_alt
0xfc0e43fb,VbattGet
0xfc0e43fb,VbattGet_FW
0xfc390869,VerifyByte_FW
0xfc0bbd03,vsprintf
0xfc1d179b,Wait_FW
0x010c551d,WaitForAllEventFlag
0x010c5c49,WaitForAllEventFlagStrictly
0x010c549f,WaitForAnyEventFlag
0x010c5c2d,WaitForAnyEventFlagStrictly
0xfc38d8bb,WaitMoveZoomLensComplete_FW
0xfc0b8159,WebServiceDataOutput_FW
0xfc0b84fd,WebServiceSimError_FW
0xfc309889,Write
0xfc309889,Write_FW
0xfc0eb48f,WRITEADJTABLETOFROM_FW
0xfc0eb4ad,WRITEADJUSTMENTDATATOFROM_FW
0xfc46ed37,WriteGyroAdjustment_FW
0xfc46ed2d,WriteHallDeviceAdjustment_FW
0xfc38d433,WriteMechaLogToFile_FW
0xfc38d429,WriteMechaLogToRom_FW
0xfc46ed41,WritePWMAdjustment_FW
0xfc0e9c89,WriteToRom_FW
0xfc0eb4cb,WRITEUSERSETTINGDATATOFROM_FW
0xfc0b8667,WSS_GetAuthCode_FW
0xfc0b867d,WSS_GetConfirmNum_FW
0xfc0b86a9,WSS_GetWebServiceData_FW
0xfc0b85e7,WSS_Initialize_FW
0xfc0b8693,WSS_RegDeviceInfo_FW
0xfc0b86d7,WSS_SettingCancel_FW
0xfc0b86b9,WSS_SettingDummyCBR_FW
0xfc0b8657,WSS_SettingSeqenceCheck_FW
0xfc0b8613,WSS_SettingTest_FW
0xfc0b85fd,WSS_Terninate_FW
0xfc462709,zicokick_copy
0xfc462695,zicokick_start
