0xfc3adad5,_GetBatteryStatus_FW
0x010f8090,_log
0x010f85b0,_log10
0x010fa798,_sqrt
0xfc3adb05,_ToggleBatteryStatus_FW
0xfc3deda3,AbortAEIntegralValue_FW
0xfc32c6bd,AcquireRecursiveLock
0xfc34bb0d,AcquireRecursiveLockStrictly
0xfc34c079,ActivateAdjLog_FW
0xfc52ace7,ActivateImageDrive_FW
0xfc3c47fb,ActivateImager_FW
0xfc3c4857,ActivateImagerXOne_FW
0xfc32224b,add_ptp_handler
0xfc3edc4f,AdditionAgentRAM_FW
0xfc021965,AddTransparentMemory_FW
0xfc52c13d,AdjAEWithAperturePriority_FW
0xfc52c10f,AfAEWithAperturePriority_FW
0xfc52c2ed,AfAEWithCompensation_FW
0xfc133489,AFTool.GetEVal_FW
0xfc1335d5,AFTool.SetAFLogType_FW
0xfc1335d9,AFTool.SetDebugAFSequence_FW
0xfc1335b9,AFTool.StoreAFixPosition_FW
0xfc442a2b,AllocateMemory_FW
0xfc1d4d4d,AllocateUncacheableMemory
0xfc29915f,ApMoniSel_FW
0xfc3d497d,AprocSigProc_ALC_FW
0xfc3d499b,AprocSigProc_ALCReset_FW
0xfc3d4931,AprocSigProc_BgmMix_FW
0xfc3d498b,AprocSigProc_BGNoise_FW
0xfc3d492b,AprocSigProc_DCCut_FW
0xfc3d4925,AprocSigProc_DRange_FW
0xfc3d4955,AprocSigProc_EQ_FW
0xfc3d495d,AprocSigProc_FIL1_FW
0xfc3d4965,AprocSigProc_FIL2_FW
0xfc3d496d,AprocSigProc_FIL3_FW
0xfc3d4975,AprocSigProc_FIL4_FW
0xfc3d4939,AprocSigProc_GainAdj_FW
0xfc3d48f1,AprocSigProc_InitialSet_FW
0xfc3d4993,AprocSigProc_LevelMeter_FW
0xfc3d4983,AprocSigProc_Limiter_FW
0xfc16abb5,AprocSigProc_LoadProfileAdj_FW
0xfc3d49ab,AprocSigProc_NCReset_FW
0xfc3d4941,AprocSigProc_NoiseCut_FW
0xfc16af6d,AprocSigProc_NoiseCutEffect_FW
0xfc3d4881,AprocSigProc_SetSigProcByMode_FW
0xfc3d4949,AprocSigProc_Stereo_FW
0xfc3d49c3,AprocSigProc_TestGen1kHz_FW
0xfc3d491d,AprocSigProc_TestGen_FW
0xfc3d494f,AprocSigProc_WindCut_FW
0xfc3d49a3,AprocSigProc_WindCutReset_FW
0xfc506f49,atol_FW
0xfc3df6c1,AttachIntegCrawData_FW
0xfc021983,AttachToTransparentMemory_FW
0xfc09f021,autoIPAddressing_FW
0xfc3adba5,BA_IsBatteryChanged_FW
0xfc5222d5,Bat_Calc_FW
0xfc522341,Bat_CalcSubCPU_FW
0xfc52d36f,Bat_Save_FW
0xfc52d363,Bat_VIN_FW
0xfc29857d,BeepDrive_FW
0xfc298591,BeepDriveComp_FW
0xfc2985a5,BeepDriveStop_FW
0xfc49e1b5,BleEvt.Create_FW
0x010f54d8,bzero
0xfc3ad927,CalcAccelerometerAtanAngle_FW
0xfc52b6bb,CalcLog10
0xfc52b6e7,CalcLog10_FW
0xfc530f4b,CalcLoopGain_FW
0xfc52d37d,CalcLowBatteryOffsetValue_FW
0xfc52b75f,CalcSqrt
0xfc52b787,CalcSqrt_FW
0xfc5222d5,CalculateBatSenseOffset_FW
0xfc52234b,CalculateBatSenseOffsetCADET_FW
0xfc522341,CalculateBatSenseOffsetSubCPU_FW
0xfc5301f3,CalculateInterpolationByLS_FW
0xfc52b6a7,CalculateLog2ToApex_FW
0xfc52b68d,CalculatePeakFromLeastSquareResult_FW
0xfc5301c9,CalculatePeakPosByLS_FW
0xfc52b6b3,CalculatePow2FromApex_FW
0xfc42ce59,CalculateProtractorATanData_FW
0xfc0e945b,CalculateTestRecYUVData_FW
0xfc4426e9,CamInfo_Debug_FW
0xfc52bff1,CancelAdj_AEMode_FW
0xfc52e3b1,CancelAdjCdsMode_FW
0xfc52f389,CancelBPFilterForBP_FW
0xfc52bb9f,CancelExStrobeMode_FW
0xfc43f1bb,CancelFocusLensMaxSpeedLimit_FW
0xfc52aba3,CancelImageDrive_FW
0xfc3c4951,CancelImager_FW
0xfc52e127,CancelLinearDevelopMode_FW
0xfc53113d,CancelLoopGainCalc_FW
0xfc3eb2f1,Capture.Create_FW
0xfc52ac3f,CaptureWithParam_FW
0xfc16aa77,CecRegDump_FW
0xfc5180b1,ChangeAdjImgDrvMode_FW
0xfc5180d1,ChangeAEIntegDrvTypeToAdjImgDriveType_FW
0xfc3c4a33,ChangeAutoSlowShutterEnable_FW
0xfc0213c9,ChangeDefectRecParam_FW
0xfc021597,ChangeDefectSpecParam_FW
0xfc52d123,ChangeDistortionSetForLiveImage_FW
0xfc52d13b,ChangeElectronicRollISSetting_FW
0xfc530e97,ChangeFilterMode_FW
0xfc43f2a9,ChangeFocusDistanceToPosition_FW
0xfc43f5eb,ChangeFocusLensStopSettingType_FW
0xfc52ac67,ChangeImageDrive_FW
0xfc3c4997,ChangeImagerToAlternateDraft_FW
0xfc3c4a03,ChangeImagerToAstroMetamorphose_FW
0xfc3c4977,ChangeImagerToCombiParallel_FW
0xfc3c4993,ChangeImagerToDigiconMode_FW
0xfc3c49cf,ChangeImagerToElectraGlide_FW
0xfc3c49f7,ChangeImagerToElectraGlideNepal_FW
0xfc3c49f3,ChangeImagerToEsperRocketH_FW
0xfc3c49ff,ChangeImagerToEsperRocketHNepal_FW
0xfc3c49c3,ChangeImagerToFalconJump_FW
0xfc3c49b3,ChangeImagerToFantaJungle_FW
0xfc3c497f,ChangeImagerToFocusJet_FW
0xfc3c4a13,ChangeImagerToHarleyCastella_FW
0xfc3c49ab,ChangeImagerToHarleyDavidson_FW
0xfc3c49e3,ChangeImagerToHarleyDavidsonNepal_FW
0xfc3c4a0b,ChangeImagerToHarleyFinancier_FW
0xfc3c49db,ChangeImagerToHarleySunshine_FW
0xfc3c49fb,ChangeImagerToHarleySunshineNepal_FW
0xfc3c49cb,ChangeImagerToHealthyVegetable_FW
0xfc3c498b,ChangeImagerToHoneyFlash_FW
0xfc3c49b7,ChangeImagerToHoneyFlashDark_FW
0xfc3c49ef,ChangeImagerToLasVegasMagic_FW
0xfc3c49bf,ChangeImagerToLCWideDraft_FW
0xfc3c49af,ChangeImagerToMachDashV_FW
0xfc3c4983,ChangeImagerToMangoPudding_FW
0xfc3c498f,ChangeImagerToMillefeAdjust_FW
0xfc3c49a3,ChangeImagerToMontblancMillefe_FW
0xfc3c49a7,ChangeImagerToMontblancMovie_FW
0xfc3c499f,ChangeImagerToMontblancWhole_FW
0xfc3c4993,ChangeImagerToOITA_XAVIER_FW
0xfc3c4967,ChangeImagerToRegularDrive_FW
0xfc3c49bb,ChangeImagerToRoadKing_FW
0xfc3c49e7,ChangeImagerToRoadKingNepal_FW
0xfc3c49df,ChangeImagerToRoadQueen_FW
0xfc3c49c7,ChangeImagerToSpriteSunshine_FW
0xfc3c4a0f,ChangeImagerToSuperWideCastella_FW
0xfc3c4987,ChangeImagerToSuperWideDraft_FW
0xfc3c4a07,ChangeImagerToSuperWideFinancier_FW
0xfc3c49eb,ChangeImagerToSuperWideNepal_FW
0xfc3c499b,ChangeImagerToUltraGhostQ_FW
0xfc3c49d7,ChangeImagerToVeryFastMangoPudding_FW
0xfc3c49d3,ChangeImagerToVeryFastWideDraft_FW
0xfc3c496b,ChangeImagerToWholeParallel_FW
0xfc3c496f,ChangeImagerToWholeParallelBP_FW
0xfc3c497b,ChangeImagerToWideDraft_FW
0xfc3c4973,ChangeImagerToWideDraftFinancier_FW
0xfc43fc0f,ChangeIrisSpeed_FW
0xfc441025,ChangeParallelMode_FW
0xfc0963b1,ChangePermission_FW
0xfc0e4bbf,ChangePowerState_FW
0xfc530eb1,ChangeToISCloseControl_FW
0xfc43ff5b,ChangeZoomLensMagnificationToPoint_FW
0xfc43ff53,ChangeZoomLensPointToMagnification_FW
0xfc43ff4b,ChangeZoomPointToPosition_FW
0xfc52bbd3,ChargeStrobe_FW
0xfc52bbf5,ChargeStrobeForFA_FW
0xfc369917,CheckAllEventFlag
0xfc3698e1,CheckAnyEventFlag
0xfc42ce81,CheckAvs_FW
0xfc42d603,CheckNFCExternalWrite_FW
0xfc42d5fb,CheckNFCTagWithCount_FW
0xfc3b375b,CheckSumAll_FW
0xfc50933d,clear_param_FW
0xfc43e7fd,ClearCzRecordingMovie_FW
0xfc021529,ClearDefectTurnTable_FW
0xfc064767,ClearDUIDFixFlag_FW
0xfc0646eb,ClearDurianMode_FW
0xfc369beb,ClearEventFlag
0xfc064821,ClearFactoryMasterFlag_FW
0xfc06482d,ClearFactoryMasterROMProtection_FW
0xfc0646eb,ClearFactoryMode_FW
0xfc3aa451,ClearImageDrive_FW
0xfc531133,ClearISCalcZData_FW
0xfc4409bd,ClearISIComponent_FW
0xfc441077,ClearISZData_FW
0xfc3cc24d,ClearNFCOptUnitAssemblyAreaData_FW
0xfc3cba7d,ClearNFCSystemArea_FW
0xfc4b53e5,ClearPMByFs_FW
0xfc4b53db,ClearPMByGpio_FW
0xfc42d2d1,ClearSoundDevForRecEvent_FW
0xfc0641f1,ClearWLANFactoryMode_FW
0xfc518a75,ClearZoomCommonDriveParam_FW
0xfc5184c9,ClearZoomDriveParam_FW
0xfc35151b,Close
0xfc3a918b,close
0xfc35151b,Close_FW
0xfc5108f1,CloseConsole_FW
0xfc436c21,closedir
0xfc43f8b1,CloseMechaShutter_FW
0xfc43f8ed,CloseMechaShutterWithTiming_FW
0xfc52e203,CloseMShutter_FW
0xfc0966af,ComDiscovery_FW
0xfc096e65,ComSetContinuousRecord_FW
0xfc096e69,ComSetRemoteLVThroughput_FW
0xfc507d2b,connect_FW
0xfc162c7d,ConnectPtpIPService_FW
0xfc518075,ConvertAdjImgDrvModeToAdjImgDriveType_FW
0xfc51804b,ConvertAEIntegDrvTypeToAdjImgDriveType_FW
0xfc52b71d,ConvertApexStdToApex_FW
0xfc52b703,ConvertApexToApexStd_FW
0xfc52ba9f,ConvertCxCyToWBGain_FW
0xfc52e4db,ConvertToPositionWithDistance_FW
0xfc52e4c7,ConvertToPositionWithDistanceAndZoomPoint_FW
0xfc52aeed,ConvertTvToExposureTime_FW
0xfc52ad65,CorrectMvFrMem2MemAfterDefMark_FW
0xfc51077d,CPrintf_FW
0xfc5107b5,CPutChar_FW
0xfc068fbf,CreateAdjustmentTableMirror_FW
0xfc068ff7,CreateAfBpTableMirror_FW
0xfc362eb9,CreateBinarySemaphore
0xfc34ba19,CreateBinarySemaphoreStrictly
0xfc3203c3,CreateController_FW
0xfc362f05,CreateCountingSemaphore_FW
0xfc34ba33,CreateCountingSemaphoreStrictly
0xfc069141,CreateDAFABBPTableMirror_FW
0xfc069145,CreateDAFAllAdjTableMirror_FW
0xfc06913d,CreateDAFDarkTableMirror_FW
0xfc069139,CreateDAFKGTableMirror_FW
0xfc069135,CreateDAFShdTableMirror_FW
0xfc068fc7,CreateDefectTableMirror_FW
0xfc36986d,CreateEventFlag
0xfc34b9ff,CreateEventFlagStrictly
0xfc34bc5f,CreateFADBGSingalID_FW
0xfc068ffb,CreateHIVSHDAllAdjTableMirror_FW
0xfc068fdb,CreateHIVSHDColorEFMTableMirror_FW
0xfc068fd7,CreateHIVSHDColorEFTableMirror_FW
0xfc068fcf,CreateHIVSHDHGainTableMirror_FW
0xfc068fcb,CreateHIVSHDHOffsetTableMirror_FW
0xfc068fd3,CreateHIVSHDVOffsetTableMirror_FW
0xfc4a15c1,CreateJumptable
0xfc3445f1,CreateMessageQueue
0xfc34b9e5,CreateMessageQueueStrictly
0xfc3697e9,CreateProxyOfEventProcedure_FW
0xfc32c64d,CreateRecursiveLock
0xfc34ba4d,CreateRecursiveLockStrictly
0xfc068fff,CreateSAFAllAdjTableMirror_FW
0xfc068fdf,CreateSAFDefectTableMirror_FW
0xfc068ff3,CreateSAFImgTableMirror_FW
0xfc068fef,CreateSAFKGTableMirror_FW
0xfc068fe7,CreateSAFOffsetFTableMirror_FW
0xfc068fe3,CreateSAFOffsetPTableMirror_FW
0xfc068feb,CreateSAFShdTableMirror_FW
0xbfe11fd1,createsemaphore_low
0xfc35c1d3,CreateTask
0xfc35c1d3,CreateTask_FW
0xbfe10b85,CreateTask_low
0xfc34b9a1,CreateTaskStrictly
0xfc34b9c3,CreateTaskStrictly_alt
0xfc0698e1,CreateUserSettingMirror_FW
0xfc020ee7,CrossDefDetect_FW
0xfc32052b,CtrlMan_ChangeZOrder_FW
0xfc43e7cd,CzDebugPrint_FW
0xfc43e7c3,CzDebugPrintToFile_FW
0xfc44045b,DcmTfMeasure_FW
0xfc4404d7,DcmTfMeasureForSD_FW
0xfc44021b,DcmWowFla_FW
0xfc440299,DcmWowFlaForSD_FW
0xfc3a8965,DebugAssert
0xfc3a897b,DebugAssert2
0xfc320435,DeleteController_FW
0xfc34c7e5,DeleteDirectory_Fut
0xfc3698a5,DeleteEventFlag
0xfc34c79b,DeleteFile_Fut
0xfc344655,DeleteMessageQueue
0xfc369821,DeleteProxyOfEventProcedure_FW
0xfc362f3d,DeleteSemaphore
0xfc362f3d,DeleteSemaphore_FW
0xfc52e10b,DevelopStillPicture_FW
0xfc021659,DevelopTool.DevelopTest_FW
0xfc079d07,DeviceUniqueIDCheckSum_FW
0xfc095bc1,dhcpAddressing_FW
0xfc3ad963,DisableAcceleLogRead_FW
0xfc3ad941,DisableAcceleLogWrite_FW
0xfc2e3435,DisableDebugLogMode_FW
0xfc440b6b,DisableDISModeChange_FW
0xfc43f1f7,DisableFocusLens_FW
0xfc43f24b,DisableFocusLensSilentMode_FW
0xfc43e417,DisableFocusPiCircuit_FW
0xfc0e4c45,DisableHDMIPower
0xfc52ad59,DisableHeadDirectCapturePath_FW
0xfc3ad9ed,DisableHvUpdate_FW
0xfc43fb99,DisableIris_FW
0xfc43fc8f,DisableIrisActuator_FW
0xfc43fbbd,DisableIrisSilentMode_FW
0xfc4410a7,DisableISAutoGyroOffset_FW
0xfc440a19,DisableISDriveError
0xfc440a19,DisableISDriveError_FW
0xfc43f6e5,DisableLensError_FW
0xfc4410c5,DisableMacroIS_FW
0xfc43e403,DisableMechaCircuit_FW
0xfc43e4ad,DisableResetGpio_FW
0xfc44078d,DisableZoomActuatorSpeedLog_FW
0xfc43e447,DisableZoomEncoderCircuit_FW
0xfc43ff1b,DisableZoomLensElectricControl_FW
0xfc43ff41,DisableZoomLensEncoderPowerControl_FW
0xfc43ff03,DisableZoomLensSpeedControl_FW
0xfc43e42f,DisableZoomPiCircuit_FW
0xfc508219,disconnect_FW
0xfc162c83,DisconnectPtpIPService_FW
0xfc0e434f,DispCon_GetLcdGainAdjParameter_FW
0xfc0e41f7,DispCon_GetNTSCAdjParameter_FW
0xfc0e4267,DispCon_GetPALAdjParameter_FW
0xfc0e4383,DispCon_SaveLcdGainAdjParameter_FW
0xfc0e41ed,DispCon_SaveNTSCAdjParameter_FW
0xfc0e425d,DispCon_SavePALAdjParameter_FW
0xfc0e3ed3,DispCon_SetDisplayType_FW
0xfc0e3cc7,DispCon_SetDisplayTypeLCD_FW
0xfc0e4311,DispCon_SetLcdGainAdjParameter_FW
0xfc0e4169,DispCon_SetMaxBackLightBrightness_FW
0xfc0e422b,DispCon_SetNTSCAdjParameter_FW
0xfc0e429d,DispCon_SetPALAdjParameter_FW
0xfc0e4397,DispCon_SetSSCGParameter_FW
0xfc0e3e2f,DispCon_ShowBitmapColorBar_FW
0xfc0e3e1f,DispCon_ShowBlackChart_FW
0xfc0e3cd3,DispCon_ShowColorBar_FW
0xfc0e3ee7,DispCon_ShowColorChart_FW
0xfc0e3e69,DispCon_ShowCustomColorBar_FW
0xfc0e3d31,DispCon_ShowFiveStep_FW
0xfc0e43ff,DispCon_ShowHdChart_FW
0xfc0e4379,DispCon_ShowLcdGainAdjParameter_FW
0xfc0e4043,DispCon_ShowNStepsChart_FW
0xfc0e421f,DispCon_ShowNTSCAdjParameter_FW
0xfc0e4291,DispCon_ShowPALAdjParameter_FW
0xfc0e3ded,DispCon_ShowWhiteChart_FW
0xfc0e3ef9,DispCon_ShowWhiteLine_FW
0xfc0e3c9b,DispCon_ShowYuvData_FW
0xfc0e4165,DispCon_TurnOffBackLight_FW
0xfc0e4157,DispCon_TurnOffDisplay_FW
0xfc0e4161,DispCon_TurnOnBackLight_FW
0xfc0e416d,DispCon_TurnOnBackLightForCheckVoltage_FW
0xfc0e414d,DispCon_TurnOnDisplay_FW
0xfc3eaedb,DispDev.Create_FW
0xfc3e9d85,DispDev_EnableEventProc
0xfc3e9d85,DispDev_EnableEventProc_FW
0xfc063f17,DisplayFactoryMode_FW
0xfc082e49,DisplayOffCon_Execute_FW
0xfc32e38b,DispSwCon_TurnOffDisplay_FW
0xfc27fccb,DoAELock
0xfc27f8dd,DoAFLock
0xfc52ad49,DoMemToMemDarkSubtraction_FW
0xfc3e9e99,Driver.Create_FW
0xfc3e9e99,Driver_EnableEventProc_FW
0x010f53f0,dry_memcpy
0xfc58b9ed,drysh_FW
0xfc064255,DummyUSBConnection_FW
0xfc3ea33b,Dump32_FW
0xfc3ea331,Dump_FW
0xfc068a73,DumpAdjMirror_FW
0xfc021941,DumpTransparentMemoryItem_FW
0xfc137cd5,E2LatOn_FW
0xfc3d4ea9,Edet.Create_FW
0xfc3d4e95,Edet.Delete_FW
0xfc42535f,EdidDump_FW
0xfc42535d,EdidView_FW
0xfc1f4d0d,EF.AdjPreFlash_FW
0xfc1f4cf9,EF.FlashForColorTempEvaluation_FW
0xfc1f4ce1,EF.FlashWithoutSync_FW
0xfc3967ef,EF.GetAdjustPreSvOffset_FW
0xfc1f4c47,EF.GetEFModAddPixelGain_FW
0xfc3967f3,EF.GetEFModExamDriveType_FW
0xfc1f4c3f,EF.GetEFY2_FW
0xfc1f4bd1,EF.GetEFY_FW
0xfc11ebe5,EF.IsChargeFull_FW
0xfc3967ff,EF.IsIrisTypeKosaiShibori_FW
0xfc1f4d43,EF.SetChargeMode_FW
0xfc1f4bcd,EF.SetChargeOnTime_FW
0xfc1f4bbf,EF.SetEFChargeTimeOut_FW
0xfc1f4cfd,EF.SetMainFlashTime_FW
0xfc1f4b2d,EF.StartEFCharge_FW
0xfc1f4b6f,EF.StartEFChargeWithTimer_FW
0xfc1f4c87,EF.StartInternalMainFlash_FW
0xfc1f4c59,EF.StartInternalPreFlash_FW
0xfc1f4b65,EF.StopEFCharge_FW
0xfc3edd47,EFUSE_ReadData_FW
0xfc3ad959,EnableAcceleLogRead_FW
0xfc3ad937,EnableAcceleLogWrite_FW
0xfc2e342b,EnableDebugLogMode_FW
0xfc440b75,EnableDISModeChange_FW
0xfc43f1c5,EnableFocusLens_FW
0xfc43f22d,EnableFocusLensSilentMode_FW
0xfc43e40d,EnableFocusPiCircuit_FW
0xfc0e4c0f,EnableHDMIPower
0xfc52ad57,EnableHeadDirectCapturePath_FW
0xfc3ad9e3,EnableHvUpdate_FW
0xfc43fb7f,EnableIris_FW
0xfc43fc75,EnableIrisActuator_FW
0xfc43fbb3,EnableIrisSilentMode_FW
0xfc44109d,EnableISAutoGyroOffset_FW
0xfc440a0f,EnableISDriveError_FW
0xfc43f6db,EnableLensError_FW
0xfc4410bb,EnableMacroIS_FW
0xfc43e3f9,EnableMechaCircuit_FW
0xfc43e49d,EnableResetGpio_FW
0xfc440783,EnableZoomActuatorSpeedLog_FW
0xfc43e43d,EnableZoomEncoderCircuit_FW
0xfc43ff0f,EnableZoomLensElectricControl_FW
0xfc43ff37,EnableZoomLensEncoderPowerControl_FW
0xfc43fef7,EnableZoomLensSpeedControl_FW
0xfc43e425,EnableZoomPiCircuit_FW
0xfc3d4f27,EngApp.Create_FW
0xfc3eb365,EngApp.CreatePub_FW
0xfc3d4ee9,EngApp.Delete_FW
0xfc0217ad,EngDrvBits_FW
0xfc0217a1,EngDrvIn_FW
0xfc021791,EngDrvOut_FW
0xfc3630fd,EngDrvRead
0xfc0217a7,EngDrvRead_FW
0xfc0217bf,EngDrvReadDump_FW
0xfc3eb329,EngineDriver.Create_FW
0xfc3539ad,EpilogFile_FW
0xfc3539f3,EpilogMenu_FW
0xfc353881,EpilogShow_FW
0xfc068a49,EraseAdjustmentArea_FW
0xfc50ff09,EraseLogSector_FW
0xfc0985d9,EraseRom_FW
0xfc3e9e8d,EraseSignature_FW
0xfc09640d,ErrorTest_Disconnect_FW
0xfc0963c3,ErrorTest_Succession_FW
0xfc43e90b,EscapeFocusLens_FW
0xfc05ca63,exception_handler_DataAbort
0xfc05cac1,exception_handler_FIQ
0xfc05cc1d,exception_handler_IRQ
0xfc05ca4d,exception_handler_PrefetchAbort
0xfc05ca79,exception_handler_SupervisorCall
0xfc05ca29,exception_handler_UndefinedInstruction
0xfc42ce75,ExecuteAvs_FW
0xfc0e8e49,Executedccd_FW
0xfc0213d9,ExecuteDefectRec_FW
0xfc021405,ExecuteDefectRecAndSaveImage_FW
0xfc02148d,ExecuteDefectRecAndSaveImageWithGrade_FW
0xfc02145b,ExecuteDefectRecWithGrade_FW
0xfc0e890f,ExecuteDigicon_FW
0xfc369289,ExecuteEventProcedure
0xfc3692cd,ExecuteEventProcedure_FW
0xfc0a04cd,ExecuteInitFactorySetting_FW
0xfc52bc37,ExecuteInternalPreFlash_FW
0xfc0fc7f7,ExecuteShutDownPropertyService_FW
0xfc0e8fa5,ExecuteSubCameraTestRec_FW
0xfc0e8f99,ExecuteTestRec_FW
0xfc0e8fa9,ExecuteTestRecCF_FW
0xfc0e9493,ExecuteTestRecDevelopProcess_FW
0xfc0e8fa9,ExecuteTestRecSD_FW
0xfc0e936f,ExecuteTestRecSw1_FW
0xfc0e93a7,ExecuteTestRecSw1AF_FW
0xfc0e9361,ExecuteTestRecWithInteg_FW
0xfc35c3c1,ExitTask
0xfc35c3c1,ExitTask_FW
0xfc3b27e1,ExMem.View_FW
0xfc5c84f3,ExMem_FW
0xfc12278b,ExpCtrlTool.SetExpMode_FW
0xfc1227bd,ExpCtrlTool.SoundDevTest_FW
0xfc3697e3,ExportToEventProcedure_FW
0xfc3eaec1,FA.Create_FW
0xfc3eaeb5,FA.Delete_FW
0xfc52da3d,FACreateFileObject_FW
0xfc52dd77,FactoryFirmup_FW
0xfc52dd77,FactoryFirmupMenu_FW
0xfc52ddd9,FactoryPowerOffWithTimer_FW
0xfc52de55,FactoryResetWithShutdownTimer_FW
0xfc34bcd5,FADBGPrintf_FW
0xfc34bc67,FADBGSingal_FW
0xfc52da8b,FADeleteFileObject_FW
0xfc52dced,FADumpFileList_FW
0xfc52dabf,FAPrepareLoadImage_FW
0xfc34bd8f,FAPrintf_FW
0xfc52da35,FAQuickFormat_FW
0xfc34c847,Fclose_Fut
0xfc34c847,Fclose_Fut_FW
0xfc34c925,Fgets_Fut
0xfc3e2d6d,File.ClearExifInfo_FW
0xfc3e3423,File.Create_FW
0xfc3e2e3f,File.Delete_AllImg_FW
0xfc3e2e83,File.SetSACustomEffect_FW
0xfc17d09d,file_counter_var_init
0xfc52bf77,FixAEWithCompensation_FW
0xfc440997,FixISStatus_FW
0xfc0a6fdd,FmtMenu_ExecuteQuickFormat_FW
0xfc52bf03,FocusAEWithCompensation_FW
0xfc43f3b5,FocusLensStopQuickly_FW
0xfc34c81f,Fopen_Fut
0xfc34c81f,Fopen_Fut_FW
0xfc43e7f1,ForceCzRecordingMovie_FW
0xfc096d3d,fprintEMIThroughput_FW
0xfc096e01,fprintRC_FW
0xfc096c7f,fprintSNR_FW
0xfc34c8b9,Fread_Fut
0xfc34c8b9,Fread_Fut_FW
0xfc369ebb,free
0xfc442a25,FreeMemory_FW
0xfc1d4d79,FreeUncacheableMemory
0xfc34c957,Fseek_Fut
0xfc34c957,Fseek_Fut_FW
0xfc34c8ef,Fwrite_Fut
0xfc34c8ef,Fwrite_Fut_FW
0xfc071135,get_canon_mode_list
0xfc2f8d91,get_current_exp
0xfc3e43b9,get_dial_hw_position
0xfc3520f7,get_fstype
0xfc309b7b,get_playrec_mode
0xfc3d2f57,GetAcceleHvPosition_FW
0xfc3ad905,GetAccelerometerDataWithCorrect_FW
0xfc42ce67,GetAccelerometerTemperature_FW
0xfc44119f,GetAccelX_atMechaCpu_FW
0xfc4411d5,GetAccelX_Raw_atMechaCpu_FW
0xfc4411b1,GetAccelY_atMechaCpu_FW
0xfc4411e7,GetAccelY_Raw_atMechaCpu_FW
0xfc4411c3,GetAccelZ_atMechaCpu_FW
0xfc4411f9,GetAccelZ_Raw_atMechaCpu_FW
0xfc3acb93,GetAdChValue
0xfc3acb93,GetAdChValue_FW
0xfc42ce11,GetAdjAcceleration_FW
0xfc42ce6b,GetAdjAccelerationDataWithCorrect_FW
0xfc52f5b7,GetAdjAFInteg_FW
0xfc069891,GetAdjDataAreaAddress_FW
0xfc069895,GetAdjDurianFlagSize_FW
0xfc42ce55,GetAdjProtractorAngle_FW
0xfc068aab,GetAdjTableMapVersion_FW
0xfc068ab5,GetAdjTableValueVersion_FW
0xfc068a89,GetAdjTableVersion_FW
0xfc06987b,GetAdjustmentOffset_FW
0xfc3acb8d,GetAdVBattBottom_FW
0xfc3df40d,GetAEIntegralServiceMode_FW
0xfc3df20b,GetAEIntegralValueWithFix_FW
0xfc3df407,GetAEIntegValueBit_FW
0xfc3df065,GetAEIntegWinData_FW
0xfc3df06f,GetAEIntegWinDataWithMode_FW
0xfc3df2b3,GetAllAEIntegralAllValueWithFix_FW
0xfc42ce6f,GetAoriAccelerationData_FW
0xfc3d2f29,GetAoriAngle_FW
0xfc3adc5d,GetBASignalLevel_FW
0xfc589afd,GetBatteryCoverClose_FW
0xfc3afccb,GetBatteryMilliTemperature_FW
0xfc3afb43,GetBatteryTemperature
0xfc3afb43,GetBatteryTemperature_FW
0xfc42d72b,GetBatteryVoltage_FW
0xfc42db59,GetBLEChipShipmentVersion_FW
0xfc42db55,GetBLEFirmCompChk_FW
0xfc42db51,GetBLEFirmInternalVersion_FW
0xfc42db4d,GetBLEFirmType_FW
0xfc42db49,GetBLEFirmVersion_FW
0xfc42d9eb,GetBLEModuleInfo_FW
0xfc3b3695,GetBuildDate_FW
0xfc3b36a1,GetBuildTime_FW
0xfc42d0fd,GetCameraInformationData_FW
0xfc3afc91,GetCCDMilliTemperature_FW
0xfc3afaed,GetCCDTemperature
0xfc3afaed,GetCCDTemperature_FW
0xfc52e2a7,GetCdsGainValue_FW
0xfc52e33b,GetCdsPreGainReg_FW
0xfc5107cb,GetCh_FW
0xfc3b384d,GetChipVersion_FW
0xfc096737,getCigUrl_FW
0xfc52d0d9,GetContinuousMovieJpegVRAMData_FW
0xfc52cafd,GetContinuousVRAMData_FW
0xfc52d00f,GetContinuousVRAMDataWithRingBuffer_FW
0xfc5099df,getCountry_FW
0xfc3df7db,GetCrawDataAddr_FW
0xfc52ac73,GetCrwImageInfo_FW
0xfc52ad41,GetCrwInfoData_FW
0xfc095b99,getCurCH_FW
0xfc518025,GetCurrentAdjImgDriveType_FW
0xfc3dfd8b,GetCurrentAvCoefficient_FW
0xfc0edb69,GetCurrentAvValue
0xfc0edb69,GetCurrentAvValue_FW
0xfc357059,GetCurrentCaptureModeType_FW
0xfc42d0bf,GetCurrentCcdTemp_FW
0xfc52e34d,GetCurrentDriveBaseSvValue_FW
0xfc3c6e8f,GetCurrentExposureTime_FW
0xfc334239,GetCurrentFocusLensPosition_FW
0xfc334239,GetCurrentFocusPosition_FW
0xfc518031,GetCurrentImgDrvMode_FW
0xfc0edcd7,GetCurrentIrisPosition_FW
0xfc34c0a5,GetCurrentMaximumLogSize_FW
0xfc42d0d7,GetCurrentOptTemp_FW
0xfc3c6b79,GetCurrentShutterSpeed
0xfc3c6b79,GetCurrentShutterSpeed_FW
0xfc3341e9,GetCurrentTargetDistance_FW
0xfc518331,GetCurrentZoomLensDirection_FW
0xfc0ee265,GetCurrentZoomLensPoint_FW
0xfc0ee1f9,GetCurrentZoomLensPosition_FW
0xfc0ee265,GetCurrentZoomPoint_FW
0xfc0ee1f9,GetCurrentZoomPosition_FW
0xfc096789,getCWSStatus_FW
0xfc303199,GetCzDebugFocusMode_FW
0xfc43e779,GetCZFramingAssistAutoHighSpeed_FW
0xfc43e77d,GetCZFramingAssistAutoLowSpeed_FW
0xfc43e775,GetCZFramingAssistStillSpeed_FW
0xfc43e76b,GetCZMovieDefaultSpeed_FW
0xfc43e75f,GetCZMovieHighSpeed_FW
0xfc43e763,GetCZMovieLowSpeed_FW
0xfc43e767,GetCZStillDefaultSpeed_FW
0xfc43e757,GetCZStillHighSpeed_FW
0xfc43e75b,GetCZStillLowSpeed_FW
0xfc1335a3,GetDarkFixedFocusPosition_FW
0xfc3ea2b3,GetDateAndTime_FW
0xfc52d5c1,GetDay_FW
0xfc0e8f07,GetdccdFilterValue_FW
0xfc0e8ea5,GetdccdImage_FW
0xfc4b5485,GetDcmSpeedLog_FW
0xfc069483,GetDCPAdjOffset_FW
0xfc096ebd,GetDefaultNickName_FW
0xfc02111d,GetDefectAllResultData_FW
0xfc0210cb,GetDefectCrawInfo_FW
0xfc0215ab,GetDefectErrorInfo_FW
0xfc0211d3,GetDefectHistgramInfo_FW
0xfc02114d,GetDefectPartResultData_FW
0xfc0211f7,GetDefectRecParamForCorrelationTest_FW
0xfc021533,GetDefectTurnTableParam_FW
0xfc589af5,GetDialEventId_FW
0xfc256ecb,GetDISModeParameter_FW
0xfc440b57,GetDISModeParamType_FW
0xfc440e8b,GetDisSupportStatus_FW
0xfc441ba5,GetDramDensity_FW
0xfc441b8d,GetDramManufactureId_FW
0xfc441b95,GetDramRevision_FW
0xfc441b9d,GetDramRfu_FW
0xfc441bad,GetDramTypeError_FW
0xfc35215d,GetDrive_ClusterSize
0xfc35265b,GetDrive_FreeClusters
0xfc3d3771,GetDriverInfoEvent_FW
0xfc52dd8d,GetEFUSEData_FW
0xfc42ceeb,GetEFuseData_FW
0xfc369c1b,GetEventFlagValue
0xfc52bb8b,GetExStrobeID_FW
0xfc2482e3,GetFaceAuthBinAddr_FW
0xfc2482e7,GetFaceAuthBinSize_FW
0xfc3b36ad,GetFirmwareVersion_FW
0xfc256f77,GetFixedPWMOutA_FW
0xfc256f7d,GetFixedPWMOutB_FW
0xfc33463f,GetFocusDefaultResetPosition_FW
0xfc334565,GetFocusLensAvCoefficient_FW
0xfc43f405,GetFocusLensCarrierFrequency_FW
0xfc518e43,GetFocusLensCurrentPosition_FW
0xfc518e47,GetFocusLensCurrentPositionWithMotor_FW
0xfc518e4b,GetFocusLensDriveVoltage_FW
0xfc43f5f7,GetFocusLensFinalStopSettingTime_FW
0xfc518ebb,GetFocusLensGainSlope_FW
0xfc518e8d,GetFocusLensHoldVoltage_FW
0xfc43e8bd,GetFocusLensIrisCoefficient_FW
0xfc43f2af,GetFocusLensLoadCamTable_FW
0xfc43f293,GetFocusLensLoadSubjectDistance_FW
0xfc43f351,GetFocusLensMoveMaxPosition_FW
0xfc43f361,GetFocusLensMoveMinPosition_FW
0xfc43f375,GetFocusLensMoveRangeOfTelePoint_FW
0xfc43f28f,GetFocusLensPositionRatio_FW
0xfc333f8f,GetFocusLensPullInMaxSpeed_FW
0xfc43860b,GetFocusLensResetDefaultPosition_FW
0xfc4385ff,GetFocusLensResetPosition_FW
0xfc4b1e83,GetFocusLensResetVoltage_FW
0xfc3341e9,GetFocusLensSubjectDistance
0xfc43f279,GetFocusLensSubjectDistance_FW
0xfc43f28b,GetFocusLensSubjectDistanceNumber_FW
0xfc3e4c0f,GetFocusPiSensorLevel_FW
0xfc3345e5,GetFocusResetPosition_FW
0xfc3b0a03,GetFocusStartZoomPosition_FW
0xfc52afe1,GetFrameRateWithApex_FW
0xfc52d73b,GetFromCountOfRom_FW
0xfc256bfd,GetGyro10BitDACPitch_FW
0xfc4414e3,GetGyro10BitDACRoll_FW
0xfc256c05,GetGyro10BitDACYaw_FW
0xfc256bbd,GetGyroDataPitch_FW
0xfc4414c1,GetGyroDataRoll_FW
0xfc256bd5,GetGyroDataYaw_FW
0xfc440f8d,GetGyroFilterCharge_FW
0xfc530fdd,GetGyroFilterChargeStatus_FW
0xfc256c0d,GetGyroHPFINOffsetPitch_FW
0xfc441505,GetGyroHPFINOffsetRoll_FW
0xfc256c15,GetGyroHPFINOffsetYaw_FW
0xfc256c1d,GetGyroHPFINPitch_FW
0xfc441519,GetGyroHPFINRoll_FW
0xfc256c23,GetGyroHPFINYaw_FW
0xfc52d5d7,GetHour_FW
0xfc3af5f7,GetInputAverageLevel_FW
0xfc3b36f7,GetInternalFirmwareVersion_FW
0xfc0edb69,GetIrisAv_FW
0xfc43fc6d,GetIrisAvHysteresisOfPosition_FW
0xfc0edcd7,GetIrisCurrentPosition_FW
0xfc3e4499,GetIrisDriveVoltage_FW
0xfc3e44a1,GetIrisDriveVoltageLow_FW
0xfc3e48ab,GetIrisGainSlope_FW
0xfc3e44b9,GetIrisHoldVoltage_FW
0xfc181761,GetIrisSpecClosePosition_FW
0xfc181755,GetIrisSpecOpenPosition_FW
0xfc440e8f,GetISCenterDrivebyAxisType_FW
0xfc440b9b,GetISCenterShiftA_FW
0xfc440bad,GetISCenterShiftB_FW
0xfc440ad5,GetISCrossTalkComp_FW
0xfc531001,GetISCrossTalkCompCoeff_FW
0xfc44089d,GetISDriveAaxis_FW
0xfc4408b1,GetISDriveBaxis_FW
0xfc440fa1,GetISFirmVersion_FW
0xfc530efb,GetISGyro10BitDACPitch_FW
0xfc530eff,GetISGyro10BitDACYaw_FW
0xfc530eeb,GetISGyroData_FW
0xfc530ee3,GetISGyroDataPitch_FW
0xfc530ee7,GetISGyroDataYaw_FW
0xfc440edb,GetISGyroGainAaxis_FW
0xfc440eef,GetISGyroGainBaxis_FW
0xfc440f03,GetISGyroGainbyAxisType_FW
0xfc530f07,GetISGyroHPFINOffsetPitch_FW
0xfc530f0b,GetISGyroHPFINOffsetYaw_FW
0xfc530eef,GetISGyroHPFINPitch_FW
0xfc530ef3,GetISGyroHPFINYaw_FW
0xfc530f03,GetISGyroOffset10BitDACData_FW
0xfc530f0f,GetISGyroOffsetHPFINData_FW
0xfc531121,GetISGyroPitchGain_FW
0xfc531127,GetISGyroYawGain_FW
0xfc440a31,GetISHallAmpFirstGain_FW
0xfc5310f1,GetISHallDevicePitchGain_FW
0xfc531069,GetISHallDevicePitchOffset_FW
0xfc5310f7,GetISHallDeviceYawGain_FW
0xfc5310e5,GetISHallDeviceYawOffset_FW
0xfc440945,GetISHallGainAaxis_FW
0xfc440959,GetISHallGainBaxis_FW
0xfc44096d,GetISHallGainbyAxisType_FW
0xfc4408ed,GetISHallOffsetAaxis_FW
0xfc440901,GetISHallOffsetBaxis_FW
0xfc440915,GetISHallOffsetbyAxisType_FW
0xfc440931,GetISHallOffsetDacBitNum_FW
0xfc53115b,GetISHallOffsetDAConvertValue_FW
0xfc530e4b,GetISHallOffsetDACValue_FW
0xfc4409c7,GetISHallOut1Amp_FW
0xfc4409e1,GetISHallOut2Amp_FW
0xfc530ef7,GetISHPFINGyroData_FW
0xfc530e3b,GetISLens1stHallAmpValue_FW
0xfc530e5b,GetISLensCorrectedEViAaxis_FW
0xfc530e61,GetISLensCorrectedEViBaxis_FW
0xfc530e67,GetISLensDampAaxis_FW
0xfc530e6b,GetISLensDampBaxis_FW
0xfc53110f,GetISLensDriveValue_FW
0xfc530e4f,GetISLensEViAaxis_FW
0xfc530e55,GetISLensEViBaxis_FW
0xfc53112d,GetISLensGyroGain_FW
0xfc5310fd,GetISLensHallGain_FW
0xfc5310eb,GetISLensHallOffset_FW
0xfc53111d,GetISLensPositionValue_FW
0xfc440ab5,GetISLoopGainAdjValue_FW
0xfc440a6d,GetISLoopGainCalcData_FW
0xfc440fd5,GetISParamVersion_FW
0xfc531103,GetISPitchPWM_FW
0xfc4408c5,GetISPositionAaxis_FW
0xfc4408d9,GetISPositionBaxis_FW
0xfc2567fd,GetISPWMFreqData_FW
0xfc2567fd,GetISPWMFrequency_FW
0xfc256805,GetISPWMPeriod_FW
0xfc531115,GetISShiftLensPitchPosition_FW
0xfc531119,GetISShiftLensYawPosition_FW
0xfc531109,GetISYawPWM_FW
0xfc5060f5,GetKbdState
0xfc52d9e7,GetLastVBatADLevel_FW
0xfc3d4605,GetLatestHVPosition_FW
0xfc589af9,GetLcdPosition_FW
0xfc1823f5,GetLensErrorStatus_FW
0xfc52e12f,GetLinearDevelopMode_FW
0xfc34c071,GetLogData_FW
0xfc34c075,GetLogDataOnlyAddMemory_FW
0xfc35bed3,GetLogicalEventName_FW
0xfc50fee7,GetLogToFile_FW
0xfc530fbd,GetLoopGain_FW
0xfc530f89,GetLoopGainCalcData_FW
0xfc441047,GetLPFParallelBest_FW
0xfc52ad75,GetLvMagWindowInfo_FW
0xfc095b67,getMacAddress_FW
0xfc096ed3,getMacAddressBy1byte_FW
0xfc44115b,GetMacroISAngleAndVelocityA_FW
0xfc44117d,GetMacroISAngleAndVelocityB_FW
0xfc53102f,GetMacroISEstimateRadius_FW
0xfc531033,GetMacroISEstimateVelocity_FW
0xfc4410ed,GetMacroISEstimRadiusA_FW
0xfc4410ff,GetMacroISEstimRadiusB_FW
0xfc531019,GetMacroISGain_FW
0xfc44111b,GetMacroISGainA_FW
0xfc44112d,GetMacroISGainB_FW
0xfc28630d,GetMacroSupportZoomPoint_FW
0xfc3afd03,GetMainBoardMilliTemperature_FW
0xfc3afbe7,GetMainBoardTemperature_FW
0xfc3e9b29,GetMechaAdjParamData_FW
0xfc3b0a0b,GetMechaCondition_FW
0xfc440fbb,GetMechaDSPVersion_FW
0xfc43f9c5,GetMechaExtendTableReserveArea_FW
0xfc43f927,GetMechaShutterCloseDacSetting_FW
0xfc3e6e0d,GetMechaShutterMoveTime_FW
0xfc43f953,GetMechaShutterOpenDacSetting_FW
0xfc3e6e2b,GetMechaShutterStatus_FW
0xfc504cc5,GetMemInfo
0xfc52d5ed,GetMinute_FW
0xfc42d465,GetModeDialName_FW
0xfc42d3f1,GetModeDialState_FW
0xfc52d5a9,GetMonth_FW
0xfc440e77,GetMoveEdgeWaitTime_FW
0xfc0e0d0d,GetMovieJpegVRAMHPixelsSize_FW
0xfc0e0d15,GetMovieJpegVRAMVPixelsSize_FW
0xfc52e257,GetMShutterDacValue_FW
0xfc52e263,GetMShutterStatus_FW
0xfc42d697,GetNFCOptUnitAssemblyAreaData_FW
0xfc42d57d,GetNFCSystemAreaData_FW
0xfc42d5d3,GetNFCUserAreaData_FW
0xfc0967c9,getNickNameByAliasID_FW
0xfc344839,GetNumberOfPostedMessages
0xfc52e2fb,GetObClampValue_FW
0xfc3df333,GetOnlyAEIntegData_FW
0xfc3afc59,GetOpticalMilliTemperature_FW
0xfc3afb97,GetOpticalTemperature
0xfc3afb97,GetOpticalTemperature_FW
0xfc509a3f,getOTPUserData_FW
0xfc06afdf,GetParameterData
0xfc52cfb1,GetPixelsOfViewangle_FW
0xfc589b05,GetPopupOpen_FW
0xfc06987f,GetProductID_FW
0xfc35b68d,GetPropertyCase
0xfc3ea261,GetPropertyCase_FW
0xfc3ea239,GetPropertyCaseEnumForScript_FW
0xfc52accd,GetRawBufferAdd_FW
0xfc098661,GetRomID_FW
0xfc50aeb1,GetRotaryEncPulseCounter_FW
0xfc3ad8fd,GetScalar_Acceleration_FW
0xfc589add,GetSDDetect_FW
0xfc589ae3,GetSDProtect_FW
0xfc52d603,GetSecond_FW
0xfc32057b,GetSelfControllerHandle_FW
0xfc52e349,GetSensorPreGain_FW
0xfc531171,GetShakeTripod_FW
0xfc52afa3,GetShutterSpeedRegularMaxLimit_FW
0xfc52afb5,GetShutterSpeedRegularMinLimit_FW
0xfc3d2eb1,GetSlantAngle_FW
0xfc3ad7db,GetSlantData_FW
0xfc440e55,GetSlowWaitTime_FW
0xfc508b05,getSTAList_FW
0xfc5107fb,GetStringWithPrompt_FW
0xfc52ca49,GetSumYOfVRAMCenterLine_FW
0xfc589a85,GetSwitchStatus_FW
0xfc442a4d,GetSystemTime
0xfc442a4d,GetSystemTime_FW
0xfc0e9455,GetTestRecCrawAddress_FW
0xfc0e8ff3,GetTestRecMasterCxCy_FW
0xfc0e901d,GetTestRecWhiteCxCy_FW
0xfc3e9e81,GetTimeFromRTC_FW
0xfc101eed,GetTimeOfSystem_FW
0xfc42d123,GetTotalShootCount_FW
0xfc0219bf,GetTransparentMemory_FW
0xfc0219e1,GetTransparentMemoryPosition_FW
0xfc0219b3,GetTransparentMemorySize_FW
0xfc44152d,GetTRIPODModeFlagbyIS_FW
0xfc0ecf67,GetUsableAvRange
0xfc3dfd19,GetUsableMaxAv
0xfc3dfd19,GetUsableMaxAv_FW
0xfc3dfd07,GetUsableMinAv
0xfc3dfd07,GetUsableMinAv_FW
0xfc52af97,GetUserSetShutterSPeed_FW
0xfc0dbce3,GetVBatVoltage_FW
0xfc52c38d,GetVideoOutType_FW
0xfc0e0cfd,GetVRAMHPixelsSize
0xfc0e0cfd,GetVRAMHPixelsSize_FW
0xfc0e0d05,GetVRAMVPixelsSize
0xfc0e0d05,GetVRAMVPixelsSize_FW
0xfc02157d,GetWaitTemperatureDriveType_FW
0xfc440c49,GetWaitTime_FW
0xfc09679f,getWebServiceNumByAliasID_FW
0xfc42d0a1,GetWLANEepromNum_FW
0xfc42d021,GetWLANMACAddress_FW
0xfc3d2d73,GetX_AxisAcceleration_FW
0xfc3d2d67,GetY_AxisAcceleration_FW
0xfc52d58d,GetYear_FW
0xfc3d2d5b,GetZ_AxisAcceleration_FW
0xfc309261,GetZoomActuatorCurrentPosition_FW
0xfc309287,GetZoomActuatorSpeedPPS_FW
0xfc43ab2d,GetZoomAmpereLimitOffTime_FW
0xfc5189f5,GetZoomDefaultCommonDriveParam_FW
0xfc518945,GetZoomDefaultDriveParam_FW
0xfc0eeb2d,GetZoomDrivingTime_FW
0xfc0ee265,GetZoomLensCurrentPoint
0xfc0ee265,GetZoomLensCurrentPoint_FW
0xfc0ee1f9,GetZoomLensCurrentPosition
0xfc0ee1f9,GetZoomLensCurrentPosition_FW
0xfc43fec7,GetZoomLensDriveAmpereDac_FW
0xfc3e700b,GetZoomLensDriveResetAmpereDac_FW
0xfc0eeb29,GetZoomLensMechaEdgePosition_FW
0xfc0eeb4d,GetZoomLensMinimumSpeedMoveLimitTime_FW
0xfc5181a3,GetZoomLensResetPlus_FW
0xfc0edfcf,GetZoomLensResetWidePosition_FW
0xfc3e717d,GetZoomLensSinkPosition_FW
0xfc0ee5f9,GetZoomLensTelePoint_FW
0xfc5189bb,GetZoomNormalDriveParam_FW
0xfc3e70cf,GetZoomPiChangePosition_FW
0xfc3e6f3d,GetZoomPiDefaultPosition_FW
0xfc3e4bdf,GetZoomPiSensorLevel_FW
0xfc518981,GetZoomResetDriveParam_FW
0xfc3e6f51,GetZoomResetSensorLevel_FW
0xfc0ee5f9,GetZoomTelePoint_FW
0xfc363025,GiveSemaphore
0xfc363025,GiveSemaphore_FW
0xbfe12097,givesemaphore_low
0xfc092ef7,GraphicSystemCoreFinish
0xfc07dc7f,GraphicSystemCoreFinish_helper
0xfc07d56d,GUISrv_StartGUISystem_FW
0xfc156aa5,handle_PTP_OC_0x902f
0xfc15a46b,handle_PTP_OC_0x9038
0xfc15a4f7,handle_PTP_OC_0x9039
0xfc15a587,handle_PTP_OC_0x903a
0xfc15a5f7,handle_PTP_OC_0x903b
0xfc15a61f,handle_PTP_OC_0x904b
0xfc159fe5,handle_PTP_OC_0x904c
0xfc09dda5,handle_PTP_OC_0x9050
0xfc09d741,handle_PTP_OC_0x9051
0xfc09dd17,handle_PTP_OC_0x9052
0xfc09dc89,handle_PTP_OC_0x9053
0xfc09dbd9,handle_PTP_OC_0x9057
0xfc09da61,handle_PTP_OC_0x9058
0xfc09d9b1,handle_PTP_OC_0x9059
0xfc09d8c7,handle_PTP_OC_0x905a
0xfc09d7e9,handle_PTP_OC_0x905b
0xfc09dda5,handle_PTP_OC_0x905c
0xfc09d741,handle_PTP_OC_0x905d
0xfc15adb9,handle_PTP_OC_0x9060
0xfc15ae15,handle_PTP_OC_0x9062
0xfc15bf2f,handle_PTP_OC_0x906e
0xfc1501eb,handle_PTP_OC_0x9801
0xfc14ff59,handle_PTP_OC_0x9802
0xfc14fdfb,handle_PTP_OC_0x9803
0xfc14fd4b,handle_PTP_OC_0x9804
0xfc14f9c3,handle_PTP_OC_0x9805
0xfc09e7f7,handle_PTP_OC_CANON_ChangeUSBProtocol
0xfc157eef,handle_PTP_OC_CANON_CheckEvent
0xfc1572e5,handle_PTP_OC_CANON_EOS_AfCancel
0xfc15541f,handle_PTP_OC_CANON_EOS_CancelTransfer
0xfc154c0f,handle_PTP_OC_CANON_EOS_DeleteObject
0xfc15720d,handle_PTP_OC_CANON_EOS_DoAf
0xfc155541,handle_PTP_OC_CANON_EOS_EndGetPartialObjectEx
0xfc154c7d,handle_PTP_OC_CANON_EOS_FormatStore
0xfc151055,handle_PTP_OC_CANON_EOS_GetCameraSupport
0xfc1555fb,handle_PTP_OC_CANON_EOS_GetCTGInfo
0xfc15132d,handle_PTP_OC_CANON_EOS_GetEvent
0xfc154b2b,handle_PTP_OC_CANON_EOS_GetObjectInfo
0xfc155017,handle_PTP_OC_CANON_EOS_GetObjectInfoEx
0xfc154db3,handle_PTP_OC_CANON_EOS_GetPartialObject
0xfc155451,handle_PTP_OC_CANON_EOS_GetPartialObjectEx
0xfc154855,handle_PTP_OC_CANON_EOS_GetStorageIDs
0xfc1548ef,handle_PTP_OC_CANON_EOS_GetStorageInfo
0xfc1551f1,handle_PTP_OC_CANON_EOS_GetThumbEx
0xfc156f11,handle_PTP_OC_CANON_EOS_GetViewFinderData
0xfc1544dd,handle_PTP_OC_CANON_EOS_KeepDeviceOn
0xfc1558cb,handle_PTP_OC_CANON_EOS_NotifyEstimateNumberofImport
0xfc155b3b,handle_PTP_OC_CANON_EOS_NotifyFinish
0xfc155915,handle_PTP_OC_CANON_EOS_NotifyNumberofImported
0xfc15597f,handle_PTP_OC_CANON_EOS_NotifySizeOfPartialDataTransfer
0xfc151025,handle_PTP_OC_CANON_EOS_PCHDDCapacity
0xfc156c21,handle_PTP_OC_CANON_EOS_RemoteReleaseOff
0xfc156b2b,handle_PTP_OC_CANON_EOS_RemoteReleaseOn
0xfc1511f3,handle_PTP_OC_CANON_EOS_RequestDevicePropValue
0xfc155d1f,handle_PTP_OC_CANON_EOS_RequestInnerDevelopEnd
0xfc155bd1,handle_PTP_OC_CANON_EOS_RequestInnerDevelopStart
0xfc1544af,handle_PTP_OC_CANON_EOS_ResetUILock
0xfc151105,handle_PTP_OC_CANON_EOS_SetDevicePropValueEx
0xfc154401,handle_PTP_OC_CANON_EOS_SetEventMode
0xfc155349,handle_PTP_OC_CANON_EOS_SetObjectAttributes
0xfc15585b,handle_PTP_OC_CANON_EOS_SetRating
0xfc153fd9,handle_PTP_OC_CANON_EOS_SetRemoteMode
0xfc15450b,handle_PTP_OC_CANON_EOS_SetRequestOLCInfoGroup
0xfc154481,handle_PTP_OC_CANON_EOS_SetUILock
0xfc157249,handle_PTP_OC_CANON_EOS_TouchAfPosition
0xfc1553eb,handle_PTP_OC_CANON_EOS_TransferComplete
0xfc154539,handle_PTP_OC_CANON_GetMACAddress
0xfc159cfd,handle_PTP_OC_CANON_GetObjectAttributes
0xfc15a1d9,handle_PTP_OC_CANON_GetObjectHandleByName
0xfc15a8f5,handle_PTP_OC_CANON_GetObjectInfoEx
0xfc159b65,handle_PTP_OC_CANON_GetPartialObjectEx
0xfc1599eb,handle_PTP_OC_CANON_GetPartialObjectInfo
0xfc15be77,handle_PTP_OC_CANON_GetRootCertificateData
0xfc15be0d,handle_PTP_OC_CANON_GetRootCertificateSpec
0xfc155d91,handle_PTP_OC_CANON_GetTranscodeApproxSize
0xfc155f67,handle_PTP_OC_CANON_RequestTranscodeCancel
0xfc155e3d,handle_PTP_OC_CANON_RequestTranscodeStart
0xfc15aac7,handle_PTP_OC_CANON_SendObjectByPath
0xfc159db5,handle_PTP_OC_CANON_SendObjectInfoByPath
0xfc15ac61,handle_PTP_OC_CANON_SendPartialObject
0xfc159d59,handle_PTP_OC_CANON_SetObjectArchive
0xfc15a291,handle_PTP_OC_CANON_SetObjectTime
0xfc15bfef,handle_PTP_OC_CANON_SetRootCertificateData
0xfc0e1cb3,handle_PTP_OC_CloseSession
0xfc15a2dd,handle_PTP_OC_DeleteObject
0xfc15a3d5,handle_PTP_OC_FormatStore
0xfc0e1db3,handle_PTP_OC_GetDeviceInfo
0xfc321ba1,handle_PTP_OC_GetDevicePropDesc
0xfc321ad7,handle_PTP_OC_GetDevicePropValue
0xfc15a6e7,handle_PTP_OC_GetNumObjects
0xfc15966d,handle_PTP_OC_GetObject
0xfc15a7a1,handle_PTP_OC_GetObjectHandles
0xfc159965,handle_PTP_OC_GetObjectInfo
0xfc1597f7,handle_PTP_OC_GetPartialObject
0xfc158fef,handle_PTP_OC_GetStorageIDs
0xfc159089,handle_PTP_OC_GetStorageInfo
0xfc15976b,handle_PTP_OC_GetThumb
0xfc0e1d19,handle_PTP_OC_OpenSession
0xfc321893,handle_PTP_OC_ResetDevicePropValue
0xfc15aac7,handle_PTP_OC_SendObject
0xfc159db5,handle_PTP_OC_SendObjectInfo
0xfc3219e9,handle_PTP_OC_SetDevicePropValue
0xfc1598fd,handle_PTP_OC_SetObjectProtection
0xfc3a88cf,HardwareDefect_FW
0xfc425359,HdmiAudioSampleFreq_FW
0xfc4252fb,HdmiChange5VShortState_FW
0xfc16aa03,HdmiRegDump_FW
0xfc4252f9,HdmiSetOutputResolusion_FW
0xfc3d43c1,HdmiViewParameter_FW
0xfc425301,HecHdmiCecPhysicalCheckForScript_FW
0xfc530ced,HitISLensAgainstBottomEdge_FW
0xfc530cf9,HitISLensAgainstLeftEdge_FW
0xfc530d05,HitISLensAgainstRightEdge_FW
0xfc530ce1,HitISLensAgainstTopEdge_FW
0xfc530d11,HitISLensToMechaEdge_FW
0xfc530ea3,HitISMechaEdgeInOpenControl_FW
0xfc3aa33b,imager_active_callback
0xfc3aa3cf,ImagerActivate
0xfc3eb39d,ImgPly.Create_FW
0xfc0eb62d,ImgPlyAddNoiseForAdjustLCD_FW
0xfc0eb613,ImgPlyInitForAdjustLCD_FW
0xfc095bdd,imlInitialize_FW
0xfc34c087,InactivateAdjLog_FW
0xfc09e945,initComDiscovery_FW
0xfc3eae9f,InitializeAdjustmentFunction_FW
0xfc3eae59,InitializeAdjustmentSystem_FW
0xfc296d43,InitializeAudio_FW
0xfc0e8835,Initializedccd_FW
0xfc0214e9,InitializeDefectRec_FW
0xfc0e8835,InitializeDigicon_FW
0xfc021ee7,InitializeFAExtendFile_FW
0xfc021ed1,InitializeFAGeneralTest_FW
0xfc4a1029,InitializeMechaDevice_FW
0xfc4b2f2f,InitializeMechaUnitExeTest_FW
0xfc42d4ef,InitializeNFCAdjustment_FW
0xfc1634fb,InitializePTPIPTransportResponder_FW
0xfc42d7cb,InitializeRotaryEncPI_FW
0xfc42d283,InitializeSoundDevForRecEvent_FW
0xfc021c85,InitializeSoundRec_FW
0xfc0e8025,InitializeTestRec_FW
0xfc066d4d,InitializeWLAN_FW
0xfc441471,ISActive_FW
0xfc52e3c1,IsAdjCdsMode_FW
0xfc3eae99,IsAdjustmentSystem_FW
0xfc4407ed,ISAutoCenter_FW
0xfc43e76f,IsAvailableCZSpeed_FW
0xfc3afd8b,IsBatteryTemperature_FW
0xfc3afd67,IsCCDTemperature_FW
0xfc440817,ISChangeOPENtoCLOSE_FW
0xfc3411e1,IsControlEventActive_FW
0xfc440ffd,ISControlStart_FW
0xfc441007,ISControlStop_FW
0xfc0648c1,IsDUIDFixFlag_FW
0xfc52c439,IsEVFDrive_FW
0xfc52c705,IsEvfDriveMode_FW
0xfc52bb93,IsExStrobeChargeComp_FW
0xfc42d4af,IsExtStrobeDetect_FW
0xfc063fef,IsFAConnectUSB_FW
0xfc06486f,IsFactoryMode_FW
0xfc063fe9,IsFAWLANRunning_FW
0xfc440be3,ISFixedPWMOFF_FW
0xfc440bd7,ISFixedPWMON_FW
0xfc3345c7,IsFocusLensOutSidePosition_FW
0xfc589b01,IsHvSensorExist_FW
0xfc25616f,ISInitMotion_FW
0xfc3b09e9,IsLensOutside_FW
0xfc34c09f,IsLogOutType_FW
0xfc4409fb,ISMDStart_FW
0xfc440a05,ISMDStop_FW
0xfc441233,ISMemoryWrite_FW
0xfc064859,IsMountLens_FW
0xfc440809,ISMoveToMechaEdgeOPEN_FW
0xfc0648f1,IsNormalCameraMode_FW
0xfc2482ed,IsOKFaceAuthBinFile_FW
0xfc3afd43,IsOpticalTemperature_FW
0xfc441011,ISPanModeStart_FW
0xfc44101b,ISPanModeStop_FW
0xfc50fefd,IsRomLogAvailable_FW
0xfc42d473,IsSDDetect_FW
0xfc11ebe5,IsStrobeChargeCompleted
0xfc3e7bc5,IsUnitFirmMode_FW
0xfc3093b9,IsZoomActuatorResetSensorPlusSide_FW
0xfc0ee8b1,IsZoomLensOutSidePosition_FW
0xfc301cfc,j__log10
0xfc3dedc5,j_AbortAEIntegralValue_FW
0xfc095bbd,j_autoIPAddressing_FW
0xfc3e9dd9,j_BeepDrive_FW
0xfc3e9ddd,j_BeepDriveComp_FW
0xfc3e9de1,j_BeepDriveStop_FW
0xfc301dfc,j_bzero
0xfc52e12d,j_CancelLinearDevelopMode_FW
0xfc425361,j_CecRegDump_FW
0xfc42d623,j_CheckNFCExternalWrite_FW
0xfc52ad3d,j_ClearImageDrive_FW
0xfc42d6c9,j_ClearNFCOptUnitAssemblyAreaData_FW
0xfc42d4f9,j_ClearNFCSystemArea_FW
0xfc436d2f,j_closedir
0xfc301d7c,j_createsemaphore_low
0xfc301d8c,j_CreateTask_low
0xfc069151,j_CreateUserSettingMirror_FW
0xfc301dec,j_dry_memcpy
0xfc3c4a2f,j_E2LatOn_FW
0xfc1f4c4d,j_EF.GetAdjustPreSvOffset_FW
0xfc1f4c51,j_EF.GetEFModExamDriveType_FW
0xfc1f4d09,j_EF.IsChargeFull_FW
0xfc1f4c55,j_EF.IsIrisTypeKosaiShibori_FW
0xfc0e94d7,j_Executedccd_FW
0xfc0e94d3,j_ExecuteDigicon_FW
0xfc0a04fb,j_ExecuteShutDownPropertyService_FW
0xfc5c84ef,j_ExMem.View_FW
0xfc3519f1,j_free
0xfc3ad9fb,j_GetAcceleHvPosition_FW
0xfc3e9dd5,j_GetAdChValue_FW
0xfc068aa9,j_GetAdjTableVersion_FW
0xfc3e9dd1,j_GetAdVBattBottom_FW
0xfc3df06d,j_GetAEIntegWinData_FW
0xfc3ad9ff,j_GetAoriAngle_FW
0xfc3e9e75,j_GetBatteryCoverClose_FW
0xfc3afe41,j_GetBatteryMilliTemperature_FW
0xfc3afe39,j_GetBatteryTemperature_FW
0xfc42d73f,j_GetBatteryVoltage_FW
0xfc42db93,j_GetBLEChipShipmentVersion_FW
0xfc42da6d,j_GetBLEModuleInfo_FW
0xfc42d121,j_GetCameraInformationData_FW
0xfc3afe3f,j_GetCCDMilliTemperature_FW
0xfc3afe37,j_GetCCDTemperature_FW
0xfc52e307,j_GetCdsGainValue_FW
0xfc52e33f,j_GetCdsPreGainReg_FW
0xfc3dfd9b,j_GetCurrentAvCoefficient_FW
0xfc3dfb87,j_GetCurrentAvValue_FW
0xfc42d0d5,j_GetCurrentCcdTemp_FW
0xfc52e361,j_GetCurrentDriveBaseSvValue_FW
0xfc52af03,j_GetCurrentExposureTime_FW
0xfc52e53b,j_GetCurrentFocusLensPosition_FW
0xfc52e53b,j_GetCurrentFocusPosition_FW
0xfc3dfd2f,j_GetCurrentIrisPosition_FW
0xfc42d0fb,j_GetCurrentOptTemp_FW
0xfc52af0f,j_GetCurrentShutterSpeed_FW
0xfc52e501,j_GetCurrentTargetDistance_FW
0xfc518345,j_GetCurrentZoomLensDirection_FW
0xfc51832d,j_GetCurrentZoomLensPoint_FW
0xfc518325,j_GetCurrentZoomLensPosition_FW
0xfc51832d,j_GetCurrentZoomPoint_FW
0xfc518325,j_GetCurrentZoomPosition_FW
0xfc43e7a7,j_GetCzDebugFocusMode_FW
0xfc0e94db,j_GetdccdFilterValue_FW
0xfc0e94d9,j_GetdccdImage_FW
0xfc52da25,j_GetDCPAdjOffset_FW
0xfc3e9e6d,j_GetDialEventId_FW
0xfc530feb,j_GetDISModeParameter_FW
0xfc3e9e7d,j_GetDriverInfoEvent_FW
0xfc52dd99,j_GetEFUSEData_FW
0xfc170eb9,j_GetFaceAuthBinAddr_FW
0xfc170ebd,j_GetFaceAuthBinSize_FW
0xfc440c0b,j_GetFixedPWMOutA_FW
0xfc440c0f,j_GetFixedPWMOutB_FW
0xfc52e4f1,j_GetFocusDefaultResetPosition_FW
0xfc43f587,j_GetFocusLensAvCoefficient_FW
0xfc43f269,j_GetFocusLensCurrentPosition_FW
0xfc43f26d,j_GetFocusLensCurrentPositionWithMotor_FW
0xfc43f2d5,j_GetFocusLensDriveVoltage_FW
0xfc43f329,j_GetFocusLensGainSlope_FW
0xfc43f2fd,j_GetFocusLensHoldVoltage_FW
0xfc43f371,j_GetFocusLensPullInMaxSpeed_FW
0xfc43f275,j_GetFocusLensResetDefaultPosition_FW
0xfc43f271,j_GetFocusLensResetPosition_FW
0xfc43f325,j_GetFocusLensResetVoltage_FW
0xfc43e421,j_GetFocusPiSensorLevel_FW
0xfc52e4f9,j_GetFocusResetPosition_FW
0xfc43f6d7,j_GetFocusStartZoomPosition_FW
0xfc440f43,j_GetGyro10BitDACPitch_FW
0xfc440f47,j_GetGyro10BitDACYaw_FW
0xfc440f1f,j_GetGyroDataPitch_FW
0xfc440f23,j_GetGyroDataYaw_FW
0xfc440f67,j_GetGyroHPFINOffsetPitch_FW
0xfc440f6b,j_GetGyroHPFINOffsetYaw_FW
0xfc440f6f,j_GetGyroHPFINPitch_FW
0xfc440f73,j_GetGyroHPFINYaw_FW
0xfc43fb0b,j_GetIrisAv_FW
0xfc43fb0f,j_GetIrisCurrentPosition_FW
0xfc43fbdf,j_GetIrisDriveVoltage_FW
0xfc43fbef,j_GetIrisDriveVoltageLow_FW
0xfc43fbc7,j_GetIrisGainSlope_FW
0xfc43fbff,j_GetIrisHoldVoltage_FW
0xfc43fbdb,j_GetIrisSpecClosePosition_FW
0xfc43fbd7,j_GetIrisSpecOpenPosition_FW
0xfc53116d,j_GetISPWMFreqData_FW
0xfc440c2b,j_GetISPWMFrequency_FW
0xfc440c2f,j_GetISPWMPeriod_FW
0xfc50666b,j_GetKbdState
0xfc52d9ed,j_GetLastVBatADLevel_FW
0xfc3e9e71,j_GetLcdPosition_FW
0xfc43f6d3,j_GetLensErrorStatus_FW
0xfc52e141,j_GetLinearDevelopMode_FW
0xfc13358f,j_GetMacroSupportZoomPoint_FW
0xfc3afe43,j_GetMainBoardMilliTemperature_FW
0xfc3afe3b,j_GetMainBoardTemperature_FW
0xfc43f759,j_GetMechaCondition_FW
0xfc43f97f,j_GetMechaShutterMoveTime_FW
0xfc43f97b,j_GetMechaShutterStatus_FW
0xfc52d06d,j_GetMovieJpegVRAMHPixelsSize_FW
0xfc52d075,j_GetMovieJpegVRAMVPixelsSize_FW
0xfc52e267,j_GetMShutterStatus_FW
0xfc3afe3d,j_GetOpticalMilliTemperature_FW
0xfc3afe35,j_GetOpticalTemperature_FW
0xfc3e9e95,j_GetPopupOpen_FW
0xfc3e9e5b,j_GetSDDetect_FW
0xfc3e9e5f,j_GetSDProtect_FW
0xfc52afb3,j_GetShutterSpeedRegularMaxLimit_FW
0xfc52afc5,j_GetShutterSpeedRegularMinLimit_FW
0xfc3ad9f7,j_GetSlantAngle_FW
0xfc3ad935,j_GetSlantData_FW
0xfc3e9e4d,j_GetSwitchStatus_FW
0xfc42d1a5,j_GetTotalShootCount_FW
0xfc3dfd29,j_GetUsableMaxAv_FW
0xfc3dfd17,j_GetUsableMinAv_FW
0xfc52d9ef,j_GetVBatVoltage_FW
0xfc52c3ff,j_GetVideoOutType_FW
0xfc52ca8d,j_GetVRAMHPixelsSize_FW
0xfc52ca95,j_GetVRAMVPixelsSize_FW
0xfc3ad8f1,j_GetX_AxisAcceleration_FW
0xfc3ad8f5,j_GetY_AxisAcceleration_FW
0xfc3ad8f9,j_GetZ_AxisAcceleration_FW
0xfc44077b,j_GetZoomActuatorCurrentPosition_FW
0xfc440777,j_GetZoomActuatorSpeedPPS_FW
0xfc43ff71,j_GetZoomAmpereLimitOffTime_FW
0xfc518401,j_GetZoomDrivingTime_FW
0xfc43ff27,j_GetZoomLensCurrentPoint_FW
0xfc43ff2b,j_GetZoomLensCurrentPosition_FW
0xfc43fedd,j_GetZoomLensDriveResetAmpereDac_FW
0xfc43ff33,j_GetZoomLensMechaEdgePosition_FW
0xfc43ff81,j_GetZoomLensMinimumSpeedMoveLimitTime_FW
0xfc518a95,j_GetZoomLensResetPlus_FW
0xfc43feef,j_GetZoomLensResetWidePosition_FW
0xfc43fef3,j_GetZoomLensSinkPosition_FW
0xfc43ff2f,j_GetZoomLensTelePoint_FW
0xfc518db3,j_GetZoomPiChangePosition_FW
0xfc518daf,j_GetZoomPiDefaultPosition_FW
0xfc43e439,j_GetZoomPiSensorLevel_FW
0xfc5183cd,j_GetZoomResetSensorLevel_FW
0xfc5183c5,j_GetZoomTelePoint_FW
0xfc301dcc,j_givesemaphore_low
0xfc425365,j_HdmiRegDump_FW
0xfc095bb5,j_initComDiscovery_FW
0xfc3e9de9,j_InitializeAudio_FW
0xfc0e94cb,j_Initializedccd_FW
0xfc0e94cb,j_InitializeDigicon_FW
0xfc43f9bd,j_InitializeMechaUnitExeTest_FW
0xfc021ccf,j_InitializeSoundRec_FW
0xfc0e8f91,j_InitializeTestRec_FW
0xfc42cef9,j_InitializeWLAN_FW
0xfc3afea1,j_IsBatteryTemperature_FW
0xfc3afe47,j_IsCCDTemperature_FW
0xfc52c451,j_IsEVFDrive_FW
0xfc42d4e9,j_IsExtStrobeDetect_FW
0xfc52e855,j_IsFocusLensOutSidePosition_FW
0xfc3e9e79,j_IsHvSensorExist_FW
0xfc43f6cf,j_IsLensOutside_FW
0xfc170ec1,j_IsOKFaceAuthBinFile_FW
0xfc3afe45,j_IsOpticalTemperature_FW
0xfc42d4ad,j_IsSDDetect_FW
0xfc43e84d,j_IsUnitFirmMode_FW
0xfc44077f,j_IsZoomActuatorResetSensorPlusSide_FW
0xfc51872b,j_IsZoomLensOutSidePosition_FW
0xfc42d009,j_LeaveWLANNetwork_FW
0xfc41a14f,j_LiveImageTool.GetDzoomPosition_FW
0xfc079f67,j_LoadDUIDCheckSum_FW
0xfc52d93f,j_LoadFactoryNumber_FW
0xfc52d9b1,j_LoadSerialNumber_FW
0xfc3b3c03,j_LocalTime
0xfc3519ed,j_malloc
0xfc3ea325,j_MemoryChecker_FW
0xfc5c84eb,j_NewTaskShell_FW
0xfc0fce49,j_OpLog.WriteToROM_FW
0xfc3ea369,j_Peek16_FW
0xfc3ea365,j_Peek32_FW
0xfc3ea36d,j_Peek8_FW
0xfc3ea31d,j_Printf_FW
0xfc35ab03,j_PTM_AllReset_FW
0xfc35b065,j_PTM_BackupUIProperty_FW
0xfc35ab75,j_PTM_GetWorkingCaptureMode_FW
0xfc35b045,j_PTM_IsEnableItem_FW
0xfc35b02d,j_PTM_NextItem_FW
0xfc35b031,j_PTM_PrevItem_FW
0xfc35b015,j_PTM_SetCurrentItem_FW
0xfc35b04d,j_PTM_SetProprietyEnable_FW
0xfc5c8495,j_PutsCameraLogEvent_FW
0xfc3516b5,j_Read_FW
0xfc31e775,j_Rec2PB
0xfc52bd4d,j_RegistColorMatrix_FW
0xfc52de21,j_RegistFirmVer_FW
0xfc52e25f,j_ReloadMechaShutterAdjustment_FW
0xfc42d52f,j_ResetNFCSystemArea_FW
0xfc3ea32d,j_SDump_FW
0xfc340f49,j_set_control_event
0xfc52e125,j_SetLinearDevelopMode_FW
0xfc3e9de5,j_SetStereoSeparation_FW
0xfc5c8489,j_ShowCameraLog_FW
0xfc5c848d,j_ShowCameraLogInfo_FW
0xfc298b17,j_SoundDevClearPath_FW
0xfc298b1d,j_SoundDevSetZoomNCProfile_FW
0xfc298b19,j_SoundDevZoomNCEffective_FW
0xfc3eadd1,j_SS.GetDigitalZoomPosition_FW
0xfc42da8b,j_StartBLEAdvertisement_FW
0xfc5c8485,j_StartCameraLog_FW
0xfc42d78f,j_StartDisplayHDMIForFAMode_FW
0xfc440805,j_StartISLocalAutoCenter_FW
0xfc440801,j_StartISLocalHallAdjust_FW
0xfc3df4b3,j_StopAEIntegralService_FW
0xfc42da9d,j_StopBLEAdvertisement_FW
0xfc5c8491,j_StopCameraLog_FW
0xfc095bd9,j_stopCameraServiceProvide_FW
0xfc42d791,j_StopDisplayHDMIForFAMode_FW
0xfc095bc9,j_stopIPAddressing_FW
0xfc369efd,j_strcmp_FW
0xfc3b3c05,j_strftime
0xfc301dc4,j_takesemaphore_low
0xfc095bb9,j_termComDiscovery_FW
0xfc0e94cf,j_Terminatedccd_FW
0xfc0e94cf,j_TerminateDigicon_FW
0xfc43f9c1,j_TerminateMechaUnitExeTest_FW
0xfc021cd1,j_TerminateSoundRec_FW
0xfc0e8f95,j_TerminateTestRec_FW
0xfc42cefd,j_TerminateWLAN_FW
0xfc166efd,j_TurnOffDisplay
0xfc193d73,j_UIFS_CancelStoreLensTimer_FW
0xfc193abf,j_UIFS_Capture_FW
0xfc193ac3,j_UIFS_CaptureNoneStop_FW
0xfc193ae9,j_UIFS_GetMovieRecoadableNumber_FW
0xfc193d67,j_UIFS_GetNumberOfDisplayedImage_FW
0xfc193a8d,j_UIFS_GetNumOfOptZoomPos_FW
0xfc193aed,j_UIFS_GetStillShotableNumber_FW
0xfc193ceb,j_UIFS_IsAvailableShots_FW
0xfc193a85,j_UIFS_MoveZoomTo_FW
0xfc193a89,j_UIFS_MoveZoomToPositionWithTaskSwCtrlServ_FW
0xfc193d6b,j_UIFS_PlayTrimExecuteAllImageSize_FW
0xfc193d17,j_UIFS_StartMoviePlay_FW
0xfc193ac7,j_UIFS_StartMovieRecord_FW
0xfc193acb,j_UIFS_StopMovieRecord_FW
0xfc193d6f,j_UIFS_WirelessExecuteSendForever_FW
0xfc193ae5,j_UIFS_WriteFirmInfoToFile_FW
0xfc52bd57,j_UnregistColorMatrix_FW
0xfc36985d,j_UnRegisterEventProcTable
0xfc3e9ded,j_VbattGet_FW
0xfc3ea329,j_VerifyByte_FW
0xfc3516b9,j_Write_FW
0xfc0691d5,j_WRITEADJTABLETOFROM_FW
0xfc42d9e9,j_WriteBLEFirm_FW
0xfc42d70d,j_WriteNFCSystemAreaForOptUnitAssembly_FW
0xfc42d50f,j_WriteNFCUserArea_FW
0xfc095a03,join_network_FW
0xfc42cf19,JoinWLANNetwork_FW
0xfc589b47,kbd_p1_f
0xfc589b4f,kbd_p1_f_cont
0xfc58955d,kbd_p2_f
0xfc589b11,kbd_read_keys
0xfc505f9f,kbd_read_keys_r2
0xfc09659d,LachesisTest_FW
0xfc166175,LcdCon_GetLcdAdjParameter_FW
0xfc165efb,LcdCon_GetLcdBackLightParameter_FW
0xfc166245,LcdCon_GetLcdParameter_FW
0xfc1661cd,LcdCon_SaveLcdAdjParameter_FW
0xfc165f49,LcdCon_SaveLcdBackLightParameter_FW
0xfc16629d,LcdCon_SaveLcdParameter_FW
0xfc166111,LcdCon_SetLcdAdjParameter_FW
0xfc165ea5,LcdCon_SetLcdBackLightBrightness_FW
0xfc165ec5,LcdCon_SetLcdBackLightParameter_FW
0xfc1660e3,LcdCon_SetLcdDriver_FW
0xfc1661e1,LcdCon_SetLcdParameter_FW
0xfc1661a7,LcdCon_ShowLcdAdjParameter_FW
0xfc165f25,LcdCon_ShowLcdBackLightParameter_FW
0xfc166277,LcdCon_ShowLcdParameter_FW
0xfc166427,LcdCon_StartLcdPeriodicalSetting_FW
0xfc166443,LcdCon_StopLcdPeriodicalSetting_FW
0xfc08d165,LCDMsg_ChangeColor_FW
0xfc08d2b3,LCDMsg_Create_FW
0xfc08d1e5,LCDMsg_Delete_FW
0xfc08d097,LCDMsg_Move_FW
0xfc08d11d,LCDMsg_MoveRatio_FW
0xfc08cebb,LCDMsg_SetDrawMode_FW
0xfc08cfd7,LCDMsg_SetNum_FW
0xfc08cf19,LCDMsg_SetStr_FW
0xfc08d053,LCDMsg_SwDisp_FW
0xfc08d5b9,LCDRect_ChangeColor_FW
0xfc08d78b,LCDRect_Create_FW
0xfc08d82b,LCDRect_Delete_FW
0xfc08d377,LCDRect_Move_FW
0xfc08d3d9,LCDRect_MoveRatio_FW
0xfc08d489,LCDRect_Resize_FW
0xfc08d4eb,LCDRect_ResizeRatio_FW
0xfc08d659,LCDRect_SwDisp_FW
0xfc509099,leave_FW
0xfc066ddd,LeaveWLANNetwork_FW
0xfc3e9df1,LEDDrive
0xfc3e9df1,LEDDrive_FW
0xfc41a12b,LiveImageTool.ChangeDzoom_FW
0xfc41a161,LiveImageTool.Dister_FW
0xfc41a0f5,LiveImageTool.DzoomTele_FW
0xfc41a107,LiveImageTool.DzoomWide_FW
0xfc0e09c5,LiveImageTool.GetDzoomPosition_FW
0xfc41a153,LiveImageTool.Jump_FW
0xfc41a123,LiveImageTool.Pause_FW
0xfc41a127,LiveImageTool.Resume_FW
0xfc41a067,LiveImageTool.StartEVF_FW
0xfc41a06d,LiveImageTool.StartEVFFocusJet_FW
0xfc41a073,LiveImageTool.StartEVFMF_FW
0xfc41a087,LiveImageTool.StartEVFMovFULLHD30P_FW
0xfc41a095,LiveImageTool.StartEVFMovFULLHD60P_FW
0xfc41a079,LiveImageTool.StartEVFMovFULLHD_FW
0xfc41a0b1,LiveImageTool.StartEVFMovHD60P_FW
0xfc41a0a3,LiveImageTool.StartEVFMovHD_FW
0xfc41a0bf,LiveImageTool.StartEVFMovQVGA_FW
0xfc41a0cb,LiveImageTool.StartEVFMovQVGA_HS_FW
0xfc41a0cf,LiveImageTool.StartEVFMovVGA_FW
0xfc41a0dd,LiveImageTool.StartEVFMovVGA_HS_FW
0xfc41a119,LiveImageTool.StopDzoom_FW
0xfc41a0eb,LiveImageTool.StopEVF_FW
0xfc3ad983,LoadAcceleParamFromFile_FW
0xfc068b1b,LoadAdjustmentTable_FW
0xfc068e0b,LoadAdjustmentValue_FW
0xfc42cef5,LoadAvsAdjData_FW
0xfc079c75,LoadDataFromAdjTableBin_FW
0xfc068b23,LoadDefectAdjTable_FW
0xfc079f57,LoadDUID_FW
0xfc079f31,LoadDUIDCheckSum_FW
0xfc079f7b,LoadFactoryAdjData_FW
0xfc52d77f,LoadFactoryID_FW
0xfc079fa9,LoadFactoryIDData_FW
0xfc52d8cf,LoadFactoryNumber_FW
0xfc52d9e3,LoadFactorySerialNumber_FW
0xfc079f95,LoadHistoryAdjData_FW
0xfc079bc9,LoadParamDataFromAdjTableBin_FW
0xfc098e9b,LoadScript_FW
0xfc52d941,LoadSerialNumber_FW
0xfc3b3afd,LocalTime
0xfc0fdd5b,LockAutoPowerOff_FW
0xfc42535b,LockHdmiState_FW
0xfc0fde07,LockMainPower
0xfc0fde07,LockMainPower_FW
0xfc32c407,LogCameraEvent
0xfc3516f9,lseek
0xfc3516f9,Lseek_FW
0xfc4a0f19,Ltkids.IsChangeParamTest_FW
0xfc42a8e7,Ltkids.SetCapRtsThrough_FW
0xfc42a8cb,Ltkids.SetCapThrough_FW
0xfc42a903,Ltkids.SetEventFlg_FW
0xfc42a923,Ltkids.SetIsoSpeed_FW
0xfc42a8f5,Ltkids.SetLiveRtsThrough_FW
0xfc42a8d9,Ltkids.SetLiveThrough_FW
0xfc442b1d,MakeBootDisk_FW
0xfc021505,MakeDefectTurnTable_FW
0xfc35188f,MakeDirectory_Fut
0xfc442b29,MakeScriptDisk_FW
0xfc369e85,malloc
0xfc3519f5,malloc_strictly
0xfc0211f1,MarkPointDefData_FW
0xfc3e9a7f,Mecha.Create_FW
0xfc44120b,MechaCPUMemoryDump_FW
0xfc44121d,MechaCPUMemoryWrite_FW
0xfc3e9ad9,MechaReset_FW
0xfc3e9ae1,MechaTerminate_FW
0xfc3e9a35,MechaUnRegisterEventProcedure_FW
0xfc36a061,memcmp
0xfc36a061,memcmp_FW
0xfc3b4821,memcpy
0xfc3b4821,memcpy_FW
0xfc441aa7,MemoryChecker_FW
0xfc5117e1,memset
0x010f54dc,memset32
0xfc5117e1,memset_FW
0xfc3a81b5,memShow_FW
0xfc020c99,MergeAndConvertDefect_FW
0xfc020f7b,MixPixDetect_FW
0xfc506ebd,mktime_ext
0xfc3ea2a3,mod_FW
0xfc43e515,MonSelCamifFunction_FW
0xfc43e523,MonSelCamifFunctionPlus_FW
0xfc43e5df,MonSelCdomainFunction_FW
0xfc43e645,MonSelClkgenFunction_FW
0xfc3ea321,MonSelEvent_FW
0xfc43e4b9,MonSelToCamif_FW
0xfc43e583,MonSelToCdomain_FW
0xfc43e5e9,MonSelToClkgen_FW
0xfc51883f,MoveComputerZoomToPoint_FW
0xfc518865,MoveComputerZoomToPointWithSpeed_FW
0xfc3204cf,MoveControllerToTopOfZOrder_FW
0xfc43e791,MoveCzPeakPositon_FW
0xfc43e6b1,MoveCZToPoint_FW
0xfc43e717,MoveCZToPointByOVF_FW
0xfc43e6f7,MoveCZToTele_FW
0xfc43e6d7,MoveCZToWide_FW
0xfc4b5435,MoveDCMotorCCW_FW
0xfc4b53ef,MoveDCMotorCW_FW
0xfc43ee83,MoveFocusActuator_FW
0xfc52e72d,MoveFocusDistance_FW
0xfc43f43d,MoveFocusLensChangeCarrierFrequency_FW
0xfc52e72d,MoveFocusLensToDistance
0xfc52e72d,MoveFocusLensToDistance_FW
0xfc52e689,MoveFocusLensToPosition_FW
0xfc52e5e9,MoveFocusLensToPositionWithMaxSpeed_FW
0xfc52e611,MoveFocusLensToPositionWithSpeed_FW
0xfc43e95b,MoveFocusLensToTerminate_FW
0xfc52e55d,MoveFocusLensToTerminatePosition_FW
0xfc43e997,MoveFocusLensToTerminateWithKeepExciting_FW
0xfc43ed73,MoveFocusLensTowardPosition_FW
0xfc43e9d3,MoveFocusLensWithDistance_FW
0xfc43eb35,MoveFocusLensWithFinalPosition_FW
0xfc43ec83,MoveFocusLensWithFinalPositionWithNonStepOutWithoutBacklash_FW
0xfc43ecfb,MoveFocusLensWithFinalPositionWithoutBacklash_FW
0xfc43ea45,MoveFocusLensWithPosition_FW
0xfc43ebb5,MoveFocusLensWithPositionImmediateReturn_FW
0xfc43edf3,MoveFocusLensWithPositionWithCompBacklash_FW
0xfc43eabd,MoveFocusLensWithPositionWithNonStepOut_FW
0xfc43ebf5,MoveFocusLensWithPositionWithoutBacklash_FW
0xfc52e6b5,MoveFocusPosition_FW
0xfc52e55d,MoveFocusToTerminate_FW
0xfc3dfc2b,MoveIrisFullClose_FW
0xfc3dfc09,MoveIrisFullOpen_FW
0xfc3dfc91,MoveIrisMechaPositionWithBacklash_FW
0xfc3dfcb7,MoveIrisMechaPositionWithoutBacklash_FW
0xfc3dfb59,MoveIrisToAv_FW
0xfc3dfcdd,MoveIrisToAvWithoutBacklash_FW
0xfc43faed,MoveIrisToFullClose_FW
0xfc43facf,MoveIrisToFullOpen_FW
0xfc43fa8f,MoveIrisToPositionWithBacklash_FW
0xfc43fb35,MoveIrisToPositionWithoutBacklash_FW
0xfc43fa27,MoveIrisToStandbyPosition_FW
0xfc43fab1,MoveIrisToTerminatePosition_FW
0xfc43fa45,MoveIrisWithAv
0xfc43fa45,MoveIrisWithAv_FW
0xfc43fc1d,MoveIrisWithAvAndAvSpeed_FW
0xfc43fc45,MoveIrisWithAvAndAvSpeedWithoutBacklash_FW
0xfc43fa67,MoveIrisWithAvAndSpeed_FW
0xfc43fb57,MoveIrisWithAvAndSpeedWithoutBacklash_FW
0xfc43fb13,MoveIrisWithAvWithoutBacklash_FW
0xfc3dfc6f,MoveIrisWithTerminatePosition_FW
0xfc530d35,MoveISLensToBottomLimitPosition_FW
0xfc531151,MoveISLensToCentralPosition_FW
0xfc530d29,MoveISLensToLeftLimitPosition_FW
0xfc530d4d,MoveISLensToLimitPosition_FW
0xfc530d1d,MoveISLensToRightLimitPosition_FW
0xfc530d41,MoveISLensToTopLimitPosition_FW
0xfc43f671,MoveLensToFirstPoint_FW
0xfc43f6a7,MoveLensToTerminatePoint_FW
0xfc27efaf,MoveOpticalZoomAt
0xfc440739,MoveZoomActuator_FW
0xfc43fe61,MoveZoomLensToMechaEdge_FW
0xfc518cb9,MoveZoomLensToMechaEnd_FW
0xfc518819,MoveZoomLensToPoint_FW
0xfc5187f3,MoveZoomLensToPosition_FW
0xfc518d19,MoveZoomLensToPositionByManual_FW
0xfc43fe33,MoveZoomLensToTerminatePosition_FW
0xfc43fd8b,MoveZoomLensWithPoint
0xfc43fd8b,MoveZoomLensWithPoint_FW
0xfc43fdbd,MoveZoomLensWithPointImmediateReturn_FW
0xfc43fded,MoveZoomLensWithPosition_FW
0xfc43ffc1,MoveZoomLensWithPositionAndSpeedChange_FW
0xfc43fe1f,MoveZoomLensWithPositionStart_FW
0xfc518819,MoveZoomPoint_FW
0xfc5187f3,MoveZoomPosition_FW
0xfc125f17,MovieAF.Resume_FW
0xfc125f0d,MovieAF.Suspend_FW
0xfc321497,mzrm_createmsg
0xfc321593,mzrm_sendmsg
0xfc096637,NellConnect_FW
0xfc096621,NellConnectAdhoc_FW
0xfc506cff,NewTaskShell_FW
0xfc093c77,NFCEvt.Create_FW
0xfc093c05,NFCEvt.IsExternalNfcWrite_FW
0xfc093c13,NFCEvt.IsNfcStart_FW
0xfc53105f,NotifyISMacroDistance_FW
0xfc021f4d,NR_SetDoubleNRType_FW
0xfc1ed697,NRTBL.SetDarkSubType_FW
0xfc1ed6a9,NRTBL.SetDefectCorrectType_FW
0xfc1ed6bb,NRTBL.SetTassenType_FW
0xfc3e9e43,OffPrintPhySw_FW
0xfc52b827,OneShotWhigeBalance_FW
0xfc52b827,OneTypeWhiteBalance_FW
0xfc3e9e39,OnPrintPhySw_FW
0xfc3514dd,Open
0xfc3a911b,open
0xfc3514dd,Open_FW
0xfc510837,OpenConsole_FW
0xfc436c59,OpenFastDir
0xfc35170b,OpenForScrip_FW
0xfc43f8cf,OpenMechaShutter_FW
0xfc52e229,OpenMShutter_FW
0xfc5c8499,OpLog.Create_FW
0xfc0fd5c9,OpLog.Get_FW
0xfc0fd5df,OpLog.GetUsrSet_FW
0xfc0fd65f,OpLog.Play_FW
0xfc0fce6b,OpLog.ReadFromROM_FW
0xfc0fceab,OpLog.ReadFromSD_FW
0xfc0fd751,OpLog.Start_FW
0xfc0fce13,OpLog.Stop_FW
0xfc0fd7df,OpLog.Terminate_FW
0xfc0fce29,OpLog.WriteToROM_FW
0xfc0fd157,OpLog.WriteToSD_FW
0xfc34bdbb,OutputLogToFile_FW
0xfc096319,PairingDataFull_FW
0xfc095c67,PairingDataOutput_FW
0xfc31c56b,PB2Rec
0xfc442a41,Peek16_FW
0xfc442a3d,Peek32_FW
0xfc442a47,Peek8_FW
0xfc0967f1,PingTest_FW
0xfc42cffd,PingWLANNetwork_FW
0xfc020b93,PointDefDetect_FW
0xfc020e33,PointKizuCheck_FW
0xfc3ea351,Poke16_FW
0xfc3ea347,Poke32_FW
0xfc3ea35b,Poke8_FW
0xfc35c031,PostEventShootSeqToUI_FW
0xfc35bf19,PostLogicalEventForNotPowerType
0xfc35bf19,PostLogicalEventForNotPowerType_FW
0xfc35bf4d,PostLogicalEventToUI
0xfc35bf4d,PostLogicalEventToUI_FW
0xfc344785,PostMessageQueue
0xfc34bab9,PostMessageQueueStrictly
0xfc52c017,PreFixAE_FW
0xfc3519b3,PrepareDirectory_0
0xfc3519af,PrepareDirectory_1
0xfc351911,PrepareDirectory_x
0xfc069155,PrintAdjKabotanInfo_FW
0xfc068e21,PrintAdjTableMap_FW
0xfc3de83f,PrintAllAEIntegData_FW
0xfc3b3699,PrintBuildDate_FW
0xfc3b36a5,PrintBuildTime_FW
0xfc178ce3,PrintEFLensCompTestRecParam_FW
0xfc098e91,Printf_FW
0xfc34bc55,PrintFaexeVersioin_FW
0xfc34bc31,PrintFirmVersion_FW
0xfc3b36b1,PrintFirmwareVersion_FW
0xfc3b36fb,PrintInternalFirmwareVersion_FW
0xfc530407,PrintMultiWinScanTable_FW
0xfc178cff,PrintPictureStyleTestRecParam_FW
0xfc530297,PrintScanTable_FW
0xfc280b6b,PT_MFOff
0xfc280b3b,PT_MFOn
0xfc27f0af,PT_MoveDigitalZoomToWide
0xfc3ead91,PT_MoveOpticalZoomAt
0xfc344951,PT_PlaySound
0xfc06a4b9,PTM_AllReset_FW
0xfc35aaf7,PTM_AllResetToFactorySetting_FW
0xfc06af67,PTM_BackupUIProperty_FW
0xfc35ab2f,PTM_GetCurrentItem
0xfc35ab2f,PTM_GetCurrentItem_FW
0xfc06a6dd,PTM_GetWorkingCaptureMode_FW
0xfc06ae73,PTM_IsEnableItem_FW
0xfc06a971,PTM_NextItem_FW
0xfc06a975,PTM_PrevItem_FW
0xfc35b069,PTM_RestoreUIProperty_FW
0xfc35aee1,PTM_SetCurrentCaptureMode_FW
0xfc06a6ed,PTM_SetCurrentItem_FW
0xfc06ac81,PTM_SetProprietyEnable_FW
0xfc52e9cd,PutInNdFilter
0xfc52e9cd,PutInNdFilter_FW
0xfc52e9f3,PutOutNdFilter
0xfc52e9f3,PutOutNdFilter_FW
0xfc32c2c9,PutsCameraLogEvent_FW
0xfc3ee2b9,qsort
0xfc52ad19,QuietImageDrive_FW
0xfc3c48e9,QuietImager_FW
0xfc3b4803,rand
0xfc3a9291,Read
0xfc3a9291,Read_FW
0xfc436cf9,ReadFastDir
0xfc31c639,Rec2PB
0xfc43e467,ReceiveMechaCircuitData_FW
0xfc43e47f,ReceiveMechaCircuitDataAll_FW
0xfc3446af,ReceiveMessageQueue
0xfc42d29f,RecSoundForNCAdjEvent_FW
0xfc509a33,RecvDeauthPacket_FW
0xfc068fc3,RefreshAdjustmentTableMirror_FW
0xfc069149,RefreshDAFTableMirror_FW
0xfc06914d,RefreshDefectTableMirror_FW
0xfc069003,RefreshHIVSHDTableMirror_FW
0xfc069131,RefreshSAFTableMirror_FW
0xfc093983,RegComEventProc_FW
0xfc52bd2b,RegistColorMatrix_FW
0xfc3ad9c7,RegisterElecLevelInfoNotifyCBR_FW
0xfc3691dd,RegisterEventProcedure
0xfc36922f,RegisterEventProcedure_alt1
0xfc369333,RegisterEventProcedure_alt2
0xfc369337,RegisterEventProcTable
0xfc369859,RegisterEventProcTable_alt
0xfc369c79,RegisterInterruptHandler
0xfc163461,RegisterNotifyConnectPTPIP_FW
0xfc163461,RegisterNotifyPTPIP_FW
0xfc16347b,RegisterResponseConnectPTPIP_FW
0xfc16347b,RegisterResponsePTPIP_FW
0xfc44008b,RegisterZoomLensPositionPassedCBR_FW
0xfc0e94e7,RegistFirmScanNoticeCBR_FW
0xfc52dde5,RegistFirmVer_FW
0xfc0966d9,RegPTPCmd_FW
0xfc0966ed,RegPTPIPCmd_FW
0xfc32c785,ReleaseRecursiveLock
0xfc53021b,ReloadAFAdjustment_FW
0xfc52e2ed,ReloadCdsAdjustment_FW
0xfc52bcaf,ReloadColorAdjustment_FW
0xfc52e047,ReloadDefectAdjustmentData_FW
0xfc52bba7,ReloadEfAdjustment_FW
0xfc52e4e3,ReloadFocusLensAdjustment_FW
0xfc52e051,ReloadFROMDefectAdjustmentData_FW
0xfc3dfd81,ReloadGetaAdjustment_FW
0xfc3dfd73,ReloadIrisAdjustment_FW
0xfc531147,ReloadISAdjustment_FW
0xfc3e6e41,ReloadMechaShutterAdjustment_FW
0xfc52e9bb,ReloadNdFilterAdjustment_FW
0xfc42ce1d,ReloadProtractorAdjustment_FW
0xfc52e05b,ReloadShadingAdjustmentData_FW
0xfc52b8ef,ReloadWBAdjustment_FW
0xfc51834b,ReloadZoomAdjustment_FW
0xfc42d2bb,ReloadZoomNCProfileEvent_FW
0xfc096f79,RemCap_EpilogFile_FW
0xfc0219a1,RemoveTransparentMemory_FW
0xfc1633cf,RequestConnectPTPIP_FW
0xfc1633f5,RequestConnectPTPIPDef_FW
0xfc163339,RequestDisconnectPTPIP_FW
0xfc193d7f,RequestShutdown_FW
0xfc52e771,ResetFocus_FW
0xfc43e8cf,ResetFocusLens_FW
0xfc43fa09,ResetIris_FW
0xfc43fca9,ResetIrisActuator_FW
0xfc3dfc4d,ResetIrisPosition_FW
0xfc3cbbb3,ResetNFCSystemArea_FW
0xfc0e94dd,ResetRegistNoticeCBR_FW
0xfc51878d,ResetZoom_FW
0xfc43fd15,ResetZoomLens_FW
0xfc43fd33,ResetZoomLensToFirst_FW
0xfc43fd5f,ResetZoomLensToTerminate_FW
0xfc518891,ResetZoomToAdjFirstPoint_FW
0xfc5188bf,ResetZoomToAdjTerminatePoint_FW
0xfc5187af,ResetZoomToFirst_FW
0xfc5187af,ResetZoomToFirstPoint_FW
0xfc5187d1,ResetZoomToTerminate_FW
0xfc5187d1,ResetZoomToTerminatePoint_FW
0xfc3b3853,RomCheckSum_FW
0xfc3b3679,RomIntegrityCheck_FW
0xfc510609,RotateConsoleZOder_FW
0xfc068d95,SaveAdjustmentTable_FW
0xfc068deb,SaveAdjustmentValue_FW
0xfc52d36f,SaveBatSenseOffsetAdjustmentTable_FW
0xfc3eaef7,SaveBmpVRAMData_FW
0xfc068dd9,SaveDefectAdjTable_FW
0xfc079f47,SaveDUID_FW
0xfc079f5b,SaveDUIDCheckSum_FW
0xfc079f69,SaveFactoryAdjData_FW
0xfc52d7c1,SaveFactoryID_FW
0xfc079f9d,SaveFactoryIDData_FW
0xfc52d9f3,SaveFactoryReserveData_FW
0xfc52e907,SaveFocusResetPulse_FW
0xfc52d72d,SaveFromImage_FW
0xfc079f83,SaveHistoryAdjData_FW
0xfc3eb08f,SavePaletteData_FW
0xfc0959ed,scan_FW
0xfc16e605,Scene.ForbidContiSceneDetect_FW
0xfc16e677,Scene.TestBabySleep_FW
0xfc16e64f,Scene.TestBabySmile_FW
0xfc16e6c7,Scene.TestHumanSleep_FW
0xfc16e69f,Scene.TestHumanSmile_FW
0xfc16e6ef,Scene.TestKidMove_FW
0xfc16e629,Scene.TestSunset_FW
0xfc3484e9,ScreenLock
0xfc0a74bb,screenlock_helper
0xfc3485f3,ScreenUnlock
0xfc4428f3,SDump_FW
0xfc530d59,SearchBCentralPosition_FW
0xfc530d59,SearchISLensCentralPosition_FW
0xfc52f22d,SelectAdjBPFilter_FW
0xfc0966fb,SelectFunc_Create_FW
0xfc4409af,SelectPositionSignal_FW
0xfc508abb,sendDeauth_FW
0xfc43e451,SendMechaCircuitData_FW
0xfc020ec5,SensDefCrowdCheck_FW
0xfc340f19,set_control_event
0xfc52bfb5,SetAdj_AEMode_FW
0xfc3df6a5,SetAdjAEIntegSmearLimitter_FW
0xfc52f60b,SetAdjAFIntegCrwAdd_FW
0xfc52f247,SetAdjAFWinPos_FW
0xfc52e395,SetAdjCdsMode_FW
0xfc52bf51,SetAE_CdsGainValue_FW
0xfc52be91,SetAE_ShutterSpeed
0xfc52be91,SetAE_ShutterSpeed_FW
0xfc3df68f,SetAEIntegAverageOBData_FW
0xfc3dee3b,SetAEIntegCorrectProperty_FW
0xfc3dee93,SetAEIntegralGetaTime_FW
0xfc3dee75,SetAEIntegralValueProperty_FW
0xfc3dedd9,SetAEIntegStrobeProperty_FW
0xfc3df3f7,SetAEIntegValueBit_FW
0xfc3df3bf,SetAEIntegWindowsMode_FW
0xfc0fde57,SetAutoShutdownTime
0xfc0fde57,SetAutoShutdownTime_FW
0xfc52f369,SetBPFilterForBP_FW
0xfc52e309,SetCDSGain_FW
0xfc52e379,SetCDSGainStep_FW
0xfc52e309,SetCdsGainValue_FW
0xfc52e325,SetCdsPreGainReg_FW
0xfc50947d,setCH_FW
0xfc355e8f,SetCurrentCaptureModeType
0xfc355e8f,SetCurrentCaptureModeType_FW
0xfc43e7ab,SetCzDebugFocusMode_FW
0xfc43e7b7,SetCzDebugSoundMeasurementMode_FW
0xfc43e79b,SetCzDebugSubjectDistance_FW
0xfc52d3b7,SetDate_FW
0xfc52d4ab,SetDay_FW
0xfc4b547b,SetDCMotorWaitTime_FW
0xfc3df6b7,SetDefaultAEIntegSmearLimitter_FW
0xfc1762b9,SetDefaultNeoRecParameter_FW
0xfc178c23,SetDefaultRecParameter_FW
0xfc02119f,SetDefectDebugInfo_FW
0xfc021289,SetDefectRecParam_FW
0xfc52e2bf,SetDeltaCDSGain_FW
0xfc440b49,SetDISModeParam_FW
0xfc530fcf,SetDISModeParameter_FW
0xfc06478b,SetDUIDFixFlag_FW
0xfc0646c3,SetDurianMode_FW
0xfc178cdb,SetEFLensChromatismCompTestRecParam_FW
0xfc178cdf,SetEFLensDefaultCompTestRecParam_FW
0xfc178cd7,SetEFLensLightFalloffCompTestRecParam_FW
0xfc096e6d,SetEMIChannel_FW
0xfc069899,SetErasingSensorCleaningArea_FW
0xfc369bbd,SetEventFlag
0xfc52bb99,SetExStrobeMode_FW
0xfc064827,SetFactoryMasterFlag_FW
0xfc064843,SetFactoryMasterROMProtection_FW
0xfc064713,SetFactoryMode_FW
0xfc52d8bf,SetFactorySerialNumber_FW
0xfc0e8fe1,SetFactoryWB_FW
0xfc42dcfd,SetFaexeEventTableActivation_FW
0xfc440bef,SetFixedPWMOutA_FW
0xfc440bfd,SetFixedPWMOutB_FW
0xfc43ef27,SetFocusActuatorHoldVoltage_FW
0xfc43ef33,SetFocusActuatorSlopeHoldVoltage_FW
0xfc43efff,SetFocusLensAccelerationTable_FW
0xfc43f419,SetFocusLensCarrierFrequency_FW
0xfc43f0ed,SetFocusLensCondition_FW
0xfc43f0e1,SetFocusLensDefaultPullOutTable_FW
0xfc43f2d9,SetFocusLensDriveVoltage_FW
0xfc43f32d,SetFocusLensGainSlope_FW
0xfc43f301,SetFocusLensHoldVoltage_FW
0xfc43f1b1,SetFocusLensMaxSpeedLimit_FW
0xfc43f07b,SetFocusLensSlowdownTable_FW
0xfc43ef43,SetFocusLensSpeed_FW
0xfc43ef91,SetFocusLensSpeedTable_FW
0xfc52e87d,SetFocusResetState_FW
0xfc440f27,SetGyro10BitDACPitch_FW
0xfc4414d5,SetGyro10BitDACRoll_FW
0xfc440f35,SetGyro10BitDACYaw_FW
0xfc440f85,SetGyroFilterChargeStart_FW
0xfc440f89,SetGyroFilterChargeStop_FW
0xfc440f4b,SetGyroHPFINOffsetPitch_FW
0xfc4414f7,SetGyroHPFINOffsetRoll_FW
0xfc440f59,SetGyroHPFINOffsetYaw_FW
0xfc52d4e5,SetHour_FW
0xfc3b3521,SetHPTimerAfterNow
0xfc3e9e63,SetIgnoreAVJACK_FW
0xfc52d379,SetImageMode_FW
0xfc52d363,SetInputVoltage_FW
0xfc43fbe3,SetIrisDriveVoltage_FW
0xfc43fbf3,SetIrisDriveVoltageLow_FW
0xfc43fbcb,SetIrisGainSlope_FW
0xfc43fc03,SetIrisHoldVoltage_FW
0xfc4410b1,SetISAdjData_FW
0xfc440b7f,SetISCenterShiftA_FW
0xfc440b8d,SetISCenterShiftB_FW
0xfc530d81,SetISControllMode_FW
0xfc440989,SetISControlType_FW
0xfc440b11,SetISCrossTalkCompA1_FW
0xfc440b1f,SetISCrossTalkCompA2_FW
0xfc440b2d,SetISCrossTalkCompB1_FW
0xfc440b3b,SetISCrossTalkCompB2_FW
0xfc530fef,SetISCrossTalkCompCoeff_FW
0xfc530e8b,SetISCutOffFreqIndex_FW
0xfc440821,SetISDriveAaxis_FW
0xfc44082f,SetISDriveBaxis_FW
0xfc441111,SetISFocusLensDistance_FW
0xfc530ecf,SetISGyro10BitDACPitch_FW
0xfc530ed5,SetISGyro10BitDACYaw_FW
0xfc530f39,SetISGyroCompensationMode_FW
0xfc530f13,SetISGyroFilterCharge_FW
0xfc440eab,SetISGyroGainAaxis_FW
0xfc440eb9,SetISGyroGainBaxis_FW
0xfc440ec7,SetISGyroGainbyAxisType_FW
0xfc530ebb,SetISGyroHPFINOffsetPitch_FW
0xfc530ec1,SetISGyroHPFINOffsetYaw_FW
0xfc530edb,SetISGyroOffset10BitDACData_FW
0xfc530ec7,SetISGyroOffsetHPFINData_FW
0xfc530dd9,SetISGyroPitchGain_FW
0xfc530dd1,SetISGyroYawGain_FW
0xfc440a23,SetISHallAmpFirstGain_FW
0xfc530df3,SetISHallDevicePitchGain_FW
0xfc530e0d,SetISHallDevicePitchOffset_FW
0xfc530deb,SetISHallDeviceYawGain_FW
0xfc530e05,SetISHallDeviceYawOffset_FW
0xfc44086d,SetISHallGainAaxis_FW
0xfc44087b,SetISHallGainBaxis_FW
0xfc440889,SetISHallGainbyAxisType_FW
0xfc44083d,SetISHallOffsetAaxis_FW
0xfc44084b,SetISHallOffsetBaxis_FW
0xfc440859,SetISHallOffsetbyAxisType_FW
0xfc441069,SetISHPFCutoff_FW
0xfc530e8b,SetISHPFCutOffFreqIndex_FW
0xfc530dc7,SetISLensDriveValue_FW
0xfc530de1,SetISLensGyroGain_FW
0xfc530dfb,SetISLensHallGain_FW
0xfc530e15,SetISLensHallOffset_FW
0xfc530fc3,SetISLensPWMMode_FW
0xfc440aa3,SetISLoopGainAdjValue_FW
0xfc441081,SetISLPFAaxis_FW
0xfc44108f,SetISLPFBaxis_FW
0xfc530e6f,SetISLPFCutOffFreqAaxis_FW
0xfc530e75,SetISLPFCutOffFreqBaxis_FW
0xfc531053,SetISMacroMode_FW
0xfc530db7,SetISPitchPWM_FW
0xfc440c13,SetISPWMFreqAndFixed_FW
0xfc531161,SetISPWMFreqData_FW
0xfc440c1f,SetISPWMFrequency_FW
0xfc4409a5,SetISStillStatus_FW
0xfc440f77,SetISTuningFlag_FW
0xfc530f1f,SetISTuningMode_FW
0xfc530f2d,SetISTuningOff_FW
0xfc530dbf,SetISYawPWM_FW
0xfc52d619,SetLangMenuType_FW
0xfc43f6ef,SetLensOutsideFlag_FW
0xfc52e11f,SetLinearDevelopMode_FW
0xfc3df5ad,SetLineDefMarkThroughMode_FW
0xfc133593,SetLockPosNonCorrectFlag_FW
0xfc341225,SetLogicalEventActive
0xfc530fab,SetLoopGain_FW
0xfc530e7b,SetLPFForParallelFilter_FW
0xfc441033,SetLPFParallelBest_FW
0xfc52ad5d,SetLtkidsCorrectThroughMode_FW
0xfc52ad5f,SetLtkidsRealtimeCorrectThroughMode_FW
0xfc52ad6d,SetLvMagCenterWindow_FW
0xfc52ad69,SetLvMagSkipNum_FW
0xfc53101d,SetMacroISGain_FW
0xfc44113f,SetMacroISGainA_FW
0xfc44114d,SetMacroISGainB_FW
0xfc43f917,SetMechaShutterCloseDacSetting_FW
0xfc43f983,SetMechaShutterMoveTime_FW
0xfc43f943,SetMechaShutterOpenDacSetting_FW
0xfc43f96f,SetMechaShutterWaitTimeSetting_FW
0xfc50948b,setMicroAPCH_FW
0xfc52d51d,SetMinute_FW
0xfc52d477,SetMonth_FW
0xfc440e69,SetMoveEdgeWaitTime_FW
0xfc52e24f,SetMShutterDacValue_FW
0xfc42d291,SetNCParamForAdjEvent_FW
0xfc42d2b3,SetNoiseAddParamForZoomNCEvent_FW
0xfc52e303,SetObClamp_FW
0xfc52e303,SetObClampValue_FW
0xfc52b7c7,SetOneShotWBParam_FW
0xfc52b7c7,SetOneTypeWBParam_FW
0xfc178cf7,SetPictureStyleColortoneTestRecParam_FW
0xfc178cef,SetPictureStyleContrastTestRecParam_FW
0xfc178cfb,SetPictureStyleDefaultTestRecParam_FW
0xfc178cf3,SetPictureStyleSaturationTestRecParam_FW
0xfc178ceb,SetPictureStyleSharpnessTestRecParam_FW
0xfc178ce7,SetPictureStyleTypeTestRecParam_FW
0xfc0824c9,SetPlayAutoShutdownTime_FW
0xfc4b53d1,SetPMByGpio_FW
0xfc440bcb,SetPoweredISOFF_FW
0xfc440bbf,SetPoweredISON_FW
0xfc35b539,SetPropertyCase
0xfc3ea253,SetPropertyCase_FW
0xfc3e9e2f,SetRawSWCheckMode_FW
0xfc0824ad,SetRecAutoShutdownTime_FW
0xfc52b889,SetReferenceWBGainForCalibration_FW
0xfc52ad63,SetSafFPGABypassMode_FW
0xfc52ad4f,SetSafImagePredictMode_FW
0xfc52ad4d,SetSafImageReadOutType_FW
0xfc52ad53,SetSafImageWindowHArea_FW
0xfc52ad61,SetSafPPPBypassMode_FW
0xfc52f013,SetScanLensIndex_FW
0xfc52f0ab,SetScanWindowMode_FW
0xfc0fdb4f,SetScriptAutorunFlag_FW
0xfc34125d,SetScriptMode
0xfc34125d,SetScriptMode_FW
0xfc096e8b,SetSDConClockSpeed_FW
0xfc3e9dbd,SetSDPwrPort_FW
0xfc52d555,SetSecond_FW
0xfc5099d5,SetSecurityInvalid_FW
0xfc52e341,SetSensorPreGain_FW
0xfc52af65,SetShutterSpeed_FW
0xfc52af2d,SetShutterSpeedWithMecha_FW
0xfc440c5d,SetSlowWaitTime_FW
0xfc06421b,SetSSIDForFAWLAN_FW
0xfc3af615,SetStereoSeparation_FW
0xfc0e8fb7,SetTestRecMasterCxCy_FW
0xfc0e946d,SetTestRecSkimmingYUV_FW
0xfc52b8a7,SetToolCorrectCoefficient_FW
0xfc096eaf,SetTurnOffDisplay_FW
0xfc52c42d,SetVideoOutType_FW
0xfc440c3b,SetWaitTime_FW
0xfc52e065,SetWBTemperature_FW
0xfc52b861,SetWBYlStandardWidth_FW
0xfc3df377,SetWhiteCoefficient_FW
0xfc52da29,SetWindowSystemDrawSetting_FW
0xfc0641c9,SetWLANFactoryMode_FW
0xfc52d43f,SetYear_FW
0xfc440769,SetZoomActuatorSpeedPPS_FW
0xfc43ff63,SetZoomAmpereLimitOffTime_FW
0xfc518da5,SetZoomAmpereLimitOffTimeForAdjustZoom_FW
0xfc518a15,SetZoomCommonDriveParam_FW
0xfc51895b,SetZoomDriveParam_FW
0xfc43ff85,SetZoomLensCurrentPosition_FW
0xfc43fecd,SetZoomLensDriveAmpereDac_FW
0xfc43fee1,SetZoomLensDriveResetAmpereDac_FW
0xfc5188ed,SetZoomLensEncoderPowerControl_FW
0xfc43ff75,SetZoomLensMoveTimeLimit_FW
0xfc43ff93,SetZoomLensResetMoveTimeLimit_FW
0xfc43ffa5,SetZoomLensSpeedChangeMaxTime_FW
0xfc43ffaf,SetZoomLensSpeedChangeRate_FW
0xfc43febb,SetZoomLensSpeedMode_FW
0xfc42d2c3,SetZoomNCEffectiveEvent_FW
0xfc5189cf,SetZoomNormalDriveParam_FW
0xfc4407a5,SetZoomPermitTargetMaxSpeedPPS_FW
0xfc530e1f,SetZoomPointToIS_FW
0xfc440fef,SetZoomPosition_FW
0xfc518995,SetZoomResetDriveParam_FW
0xfc51873d,SetZoomResetState_FW
0xfc440797,SetZoomSpeedCheckStopTime_FW
0xfc5188f9,SetZoomSpeedMode_FW
0xfc3ea37f,ShowAllTaskInfo_FW
0xfc32c33f,ShowCameraLog_FW
0xfc32c2f9,ShowCameraLogInfo_FW
0xfc52be63,ShowCurrentExp_FW
0xfc068abf,ShowDefaultAdjTableVersion_FW
0xfc43f171,ShowFocusLensCurrentSpeedTable_FW
0xfc43f58b,ShowFocusLensIrisCoefficientCheckSum_FW
0xfc35c063,ShowLogicalEventName_FW
0xfc43f6fb,ShowMechaCondition_FW
0xfc3e9ae9,ShowMechaMacro_FW
0xfc3e9e25,ShowPhySwStatus_FW
0xfc3e9e51,ShowSDStatus_FW
0xfc02192d,ShowTransparentMemory_FW
0xfc3200af,ShutdownPlayModeMenu_FW
0xfc32015b,ShutdownPlayModeMenuWithoutPbRedraw_FW
0xfc31fecf,ShutdownRecModeMenu_FW
0xfc41a46b,ShutterTool.CheckExpTime_FW
0xfc41a47f,ShutterTool.CheckExpTimeWithErrMode_FW
0xfc41a331,ShutterTool.CheckTv_FW
0xfc41a34b,ShutterTool.CheckTvWithErrMode_FW
0xfc41a4a7,ShutterTool.GetCurExpTime_FW
0xfc41a493,ShutterTool.GetCurTv_FW
0xfc41a4ff,ShutterTool.GetLimOfExpTime_FW
0xfc41a51d,ShutterTool.GetLimOfExpTimeRegular_FW
0xfc41a4bb,ShutterTool.GetLimOfTv_FW
0xfc41a569,ShutterTool.GetLimOfTvForFix_FW
0xfc41a57b,ShutterTool.GetLimOfTvForFixWithAv_FW
0xfc41a4dd,ShutterTool.GetLimOfTvRegular_FW
0xfc41a3bf,ShutterTool.SetExpTime_FW
0xfc41a3cd,ShutterTool.SetExpTimeAndFrameRateType_FW
0xfc41a553,ShutterTool.SetExpTimeForFix_FW
0xfc41a3c5,ShutterTool.SetExpTimeWithErrMode_FW
0xfc41a24f,ShutterTool.SetTv_FW
0xfc41a261,ShutterTool.SetTvAfterDriveChange_FW
0xfc41a28f,ShutterTool.SetTvAndFrameRateType_FW
0xfc41a53b,ShutterTool.SetTvForFix_FW
0xfc41a257,ShutterTool.SetTvWithErrMode_FW
0xfc52c16f,SleepAE_FW
0xfc3690e1,SleepTask
0xfc3690e1,SleepTask_FW
0xfc2991cd,SoundDevAprocSetPathInDramSub_FW
0xfc299257,SoundDevAprocSetPathMuteCout0_FW
0xfc2991fb,SoundDevAprocSetPathMuteLout0_FW
0xfc299229,SoundDevAprocSetPathMuteSout0_FW
0xfc2992af,SoundDevAprocSetPerifHpMute_FW
0xfc299285,SoundDevAprocSetPerifLineMute_FW
0xfc2992d9,SoundDevAprocSetPerifSpMute_FW
0xfc296faf,SoundDevAprocSignalMute_FW
0xfc2991eb,SoundDevAprocSigProc_SetBgmFadeSetting_FW
0xfc298ce1,SoundDevBeepGenGain_FW
0xfc297f19,SoundDevBgmFadeOut_FW
0xfc29872d,SoundDevClearPath_FW
0xfc298fe9,SoundDevDumpChIn0_FW
0xfc2985b3,SoundDevInitMusic_FW
0xfc298ce7,SoundDevLineOut_FW
0xfc297f2b,SoundDevMovPlayMuteForStoryHighlight_FW
0xfc3d473d,SoundDevParam_SetATTMode_FW
0xfc3d4755,SoundDevParam_SetMicSelect_FW
0xfc298a5b,SoundDevPlayMusic_FW
0xfc298d17,SoundDevPlayOpSound_FW
0xfc298da5,SoundDevPlayOpSoundForStoryAlbum_FW
0xfc29902b,SoundDevRecChIn0_FW
0xfc2989f7,SoundDevRecMusic_FW
0xfc298fa3,SoundDevRecMusicOnDramTest_FW
0xfc298cfd,SoundDevSetBeepPWMMuteParam_FW
0xfc297de7,SoundDevSetBgmData_FW
0xfc297dc9,SoundDevSetBgmMixRate_FW
0xfc298b21,SoundDevSetMovieRecPath_FW
0xfc2973cd,SoundDevSetParamIn_FW
0xfc298ced,SoundDevSetRecPath_FW
0xfc298b41,SoundDevSetSpkpwmVol_FW
0xfc298b37,SoundDevSetSpVol_FW
0xfc29689f,SoundDevSetSyncRate_FW
0xfc2991a3,SoundDevSetVaifLineSel_FW
0xfc298b05,SoundDevSetZoomNCAdjDigiProcThroughPath_FW
0xfc298b0b,SoundDevSetZoomNCCheckPath_FW
0xfc16abb5,SoundDevSetZoomNCProfile_FW
0xfc298ab5,SoundDevStopPlayMusic_FW
0xfc2986f9,SoundDevStopRecMusic_FW
0xfc16af6d,SoundDevZoomNCEffective_FW
0xfc369f81,sprintf_FW
0xfc3b47fd,srand
0xfc3eadd5,SS.ChangeZoomSpeed_FW
0xfc3eae1d,SS.Create_FW
0xfc3eadf5,SS.DoAELock_FW
0xfc3eade1,SS.DoAFLock_FW
0xfc27f231,SS.GetDigitalZoomPosition_FW
0xfc3eadc3,SS.GetDigitalZoomTele_FW
0xfc3eae13,SS.MFOff_FW
0xfc3eae09,SS.MFOn_FW
0xfc3eadb5,SS.MoveDigitalZoomAt_FW
0xfc3eada1,SS.MoveDigitalZoomToTele_FW
0xfc3eadab,SS.MoveDigitalZoomToWide_FW
0xfc3ead91,SS.MoveOpticalZoomAt_FW
0xfc3ead79,SS.MoveOpticalZoomToTele_FW
0xfc3ead85,SS.MoveOpticalZoomToWide_FW
0xfc280c51,SS.SetAvailShot_FW
0xfc280c75,SS.TSMonShootOut_FW
0xfc3eadff,SS.UnlockAE_FW
0xfc3eadeb,SS.UnlockAF_FW
0xfc3b4785,sscanf_FW
0xfc0fb581,SSFS_CompleteCaptModeChange_FW
0xfc0fb581,SSFS_CompleteFileWrite_FW
0xfc0fb581,SSFS_CompletePreCapt_FW
0xfc0fb581,SSFS_CompleteShootPicture_FW
0xfc0fb581,SSFS_CompleteStopDigZoom_FW
0xfc0fb581,SSFS_CompleteStopZoom_FW
0xfc0fb581,SSFS_CompleteSynchroWrite_FW
0xfc0fb581,SSFS_ShootPicture_FW
0xfc3ad97b,StartAcceleSlantMotionDetect_FW
0xfc52f5fb,StartAdjAFInteg_FW
0xfc52f42f,StartAdjAFService_FW
0xfc3df5a7,StartAEIntegralService_FW
0xfc3afea3,StartAllTempMeasurement_FW
0xfc530d6d,StartBDrive_FW
0xfc42da6f,StartBLEAdvertisement_FW
0xfc530d8f,StartBPanDrive_FW
0xfc32c36b,StartCameraLog_FW
0xfc095bcd,startCameraServiceProvide_FW
0xfc52ac3b,StartCaptureDrive_FW
0xfc52fb45,StartCrwCustomScan_FW
0xfc52fb05,StartCustomScan_FW
0xfc43e7d9,StartCzLog_FW
0xfc43e781,StartCzTuning_FW
0xfc0a0037,startDHCPServer_FW
0xfc42d741,StartDisplayHDMIForFAMode_FW
0xfc52c6cd,StartEVFDrive_FW
0xfc52c6a5,StartEVFDriveWithMode_FW
0xfc0648ff,StartFactoryModeController_FW
0xfc42d00d,StartFAWLANService_FW
0xfc44147d,StartImStEventProc_FW
0xfc531005,StartISAdjustMacro_FW
0xfc530d6d,StartISAdjustmentDrive_FW
0xfc530d6d,StartISDrive_FW
0xfc4407f7,StartISLocalAdjust_FW
0xfc256895,StartISLocalAutoCenter_FW
0xfc2568bf,StartISLocalHallAdjust_FW
0xfc440a4d,StartISLoopGainCalc_FW
0xfc530d8f,StartISPanDrive_FW
0xfc440c33,StartISPWMFreqChangeTest_FW
0xfc34c095,StartLogOut_FW
0xfc4410d9,StartMacroISAdjust_FW
0xfc4410cf,StartMacroISContiMode_FW
0xfc095ae5,startMicroAP_FW
0xfc31fe03,StartPlayModeMenu_FW
0xfc31fe1d,StartRecModeMenu_FW
0xfc05dda5,StartRedirectUART_FW
0xfc021ceb,StartSoundPlay_FW
0xfc021cd3,StartSoundRecord_FW
0xfc231a2f,StartTestRecLog_FW
0xfc0fd9d3,StartWDT_FW
0xfc440663,StartZoomLensSpeedLog_FW
0xfc351731,stat
0xfc3ad97f,StopAcceleSlantMotionDetect_FW
0xfc52f5f1,StopAdjAFInteg_FW
0xfc52f4d7,StopAdjAFService_FW
0xfc3df413,StopAEIntegralService_FW
0xfc43e7e5,StopAndSaveCzLog_FW
0xfc44067b,StopAndSaveZoomLensSpeedLog_FW
0xfc530d63,StopBDrive_FW
0xfc42da8d,StopBLEAdvertisement_FW
0xfc530d77,StopBPanDrive_FW
0xfc32c3cd,StopCameraLog_FW
0xfc09fa05,stopCameraServiceProvide_FW
0xfc52a3f1,StopCaptureDrive_FW
0xfc52ca9d,StopContinuousVRAMData_FW
0xfc52fafb,StopCustomScan_FW
0xfc43e739,StopCZ_FW
0xfc0a00f7,stopDHCPServer_FW
0xfc42d781,StopDisplayHDMIForFAMode_FW
0xfc52c477,StopEVFDrive_FW
0xfc42d013,StopFAWLANService_FW
0xfc09e987,stopIPAddressing_FW
0xfc53100f,StopISAdjustMacro_FW
0xfc530d63,StopISAdjustmentDrive_FW
0xfc530d63,StopISDrive_FW
0xfc440acb,StopISLoopGainCalc_FW
0xfc530d77,StopISPanDrive_FW
0xfc440c37,StopISPWMFreqChangeTest_FW
0xfc34be4d,StopLogOut_FW
0xfc4410e3,StopMacroISAdjust_FW
0xfc508a79,stopMicroAP_FW
0xfc064017,StopPtpipServiceForFAWLAN_FW
0xfc05de45,StopRedirectUART_FW
0xfc52bc23,StopStrobeChargeForFA_FW
0xfc231a3b,StopTestRecLog_FW
0xfc0fda11,StopWDT_FW
0xfc0963b9,StopWireless_FW
0xfc518735,StopZoomEmergency_FW
0xfc43feab,StopZoomLens_FW
0xfc369de9,strcat
0xfc3b4909,strchr
0xfc369f11,strcmp
0xfc369f11,strcmp_FW
0xfc369eed,strcpy
0xfc369eed,strcpy_FW
0xfc3b4379,strftime
0xfc369ff9,strlen
0xfc369ff9,strlen_FW
0xfc3b48df,strncmp
0xfc369f93,strncpy
0xfc10220d,strrchr
0xfc507093,strtol
0xfc506f51,strtolx
0xfc52c3cf,SwitchOffDisplay_FW
0xfc52c3f5,SwitchOnDisplay_FW
0xfc3ea981,System.Create_FW
0xfc3ea389,System.Delete_FW
0xfc362fad,TakeSemaphore
0xfc362fad,TakeSemaphore_FW
0xbfe120bf,takesemaphore_low
0xfc34ba81,TakeSemaphoreStrictly
0xfc0de16d,task__imageSensorTask
0xfc3c6015,task__tgTask
0xfc3ad0ad,task_Accelerometer
0xfc127e37,task_AfIntSrvTask
0xfc284cc9,task_AFTask
0xfc242f71,task_AlbumReader
0xfc3b6ddf,task_AprocBpGenTask
0xfc3b6d7b,task_AprocBpPwmTask
0xfc3b6cfd,task_AprocMainTask
0xfc3b6e43,task_AprocVaif3Task
0xfc17087d,task_AutoShutterMan
0xfc50ec9d,task_AutoTrimming
0xfc3adb55,task_BA_Task
0xfc0db7e7,task_BatteryTask
0xfc350f5f,task_BleA
0xfc4a0023,task_BleDrv
0xfc063ff5,task_bomStopPTPIPTask
0xfc29ff15,task_BrtCalcTask
0xfc09ca4d,task_BrtMsrTask
0xfc093a1b,task_Bye
0xfc0f2b2f,task_CaptSeq
0xfc0f2b2f,task_CaptSeqTask
0xfc3ba91f,task_Cave2MainTask
0xfc2e0dc3,task_Cave2PbTask
0xfc513453,task_Cave2RecTask
0xfc0dc305,task_ClockSave
0xfc0972d7,task_CommonDrivers
0xfc15f2b1,task_ComWireless
0xfc5102a1,task_ConsoleSvr
0xfc1824d1,task_ControlLog
0xfc31b623,task_CorctTask
0xfc2450a1,task_CreateHeaderTask
0xfc4a2e6f,task_CtgTotalTask
0xfc3688d7,task_CtrlSrv
0xfc17ac99,task_dccdCalcTask
0xfc23d19f,task_DecJpgRd
0xfc3db2f9,task_DefMarkRomCopyTask
0xfc115039,task_DetectMoveTask
0xfc108625,task_DetSeqSadT
0xfc107fa3,task_DetSeqT
0xfc1eeded,task_DevelopDate
0xfc11dc51,task_DevelopDist
0xfc11e621,task_DevelopJpeg
0xfc0dd26b,task_DevelopModule
0xfc11da4d,task_DevelopRawToYuv
0xfc11e1b3,task_DevelopResize
0xfc24535b,task_DistTask
0xfc3e18c5,task_DPOFTask
0xfc080afd,task_DrawCycle
0xfc49b045,task_DvlpCs
0xfc18f03b,task_DvlpSeqTask
0xfc342ed7,task_EdetSBJTask
0xfc0ef93d,task_EISMainTask
0xfc16eb19,task_EncRemoteEVFJpgTask
0xfc3539c9,task_Epilog
0xfc506c43,task_EvShel
0xfc2af0cb,task_ExpDrv
0xfc1f9879,task_ExpDrvSubTask
0xfc2af0cb,task_ExpDrvTask
0xfc22ef61,task_FA_GyroInfo
0xfc07f887,task_FaceFrame
0xfc3d9bf1,task_FaceScoreTask
0xfc52dda9,task_FAPowerOff
0xfc2380a5,task_FileManMarkAllTask
0xfc23c933,task_FilYuvMaker
0xfc2f7651,task_FmidTask
0xfc329b57,task_FocusEvent
0xfc43091d,task_FORMAT_TASK_NAME
0xfc4306e1,task_FORMAT_TASK_PROGRESS
0xfc096d87,task_fprintRCTask
0xfc0968d9,task_fprintSNRTask
0xfc089019,task_FsIoNotifyTask
0xfc210df7,task_GapBS
0xfc3c308f,task_GapMan
0xfc0e4a6b,task_HdmiCecTask
0xfc248841,task_ImagePlaySysConTask
0xfc24aaa5,task_ImageRetryConTask
0xfc17dd4d,task_ImageStoreTask
0xfc3d1ac5,task_ImageSyncController
0xfc4ae4b9,task_ImgPlyDC
0xfc4ae5c5,task_ImgPlyDCLow
0xfc3b8a43,task_ImgPlyTask
0xfc3b8bf5,task_ImgPlyTsk2
0xfc1615cd,task_IMLApp
0xfc0972a5,task_InitFileModules
0xfc181b51,task_IrisCycleEvent
0xfc180b71,task_IrisEvent
0xfc255ead,task_ISMainTask
0xfc565c17,task_ITCMainTask
0xfc1903fd,task_JpegEncTask
0xfc0971f7,task_LachesisTest
0xfc166395,task_LcdConTask
0xfc0e4d61,task_LEDCon
0xfc13fedf,task_LiveImageTask
0xfc510697,task_LowConsole
0xfc4395d1,task_MechaAlarm
0xfc1827ad,task_MechaCPUTransfer
0xfc186271,task_MechaNCTask
0xfc43a195,task_MechaShutter
0xfc17f925,task_MediaStatusMngr
0xfc29a12d,task_MetaCtg
0xfc2335a9,task_MetaCtgPrsTask
0xfc2328b9,task_MetaInspiTask
0xfc17265b,task_MotionVector
0xfc18c0e3,task_MovieEditor
0xfc0f009d,task_MovieInit
0xfc2838a5,task_MoviePlay
0xfc18a60b,task_MovieRecord
0xfc3e932f,task_MovieTranscoder
0xfc387a45,task_MrkSetTask
0xfc093c21,task_NfcCon_EvtTask
0xfc14efbb,task_NfcConTask
0xfc3cd323,task_NormalThumbCache
0xfc11393d,task_OBCtrlTask
0xfc3d5cc5,task_OhyearKiLiveAlgor
0xfc425523,task_OhyIntegTask
0xfc0fcd31,task_OpePlay
0xfc589801,task_PhySw
0xfc425107,task_PingManager
0xfc162553,task_PtpipController
0xfc1628a9,task_PtpipPacketDetector
0xfc1585b5,task_PTPSessionTASK
0xfc09e471,task_PTPtoFAPI_EventProcTask_Block
0xfc09e407,task_PTPtoFAPI_EventProcTask_Try
0xfc0399db,task_Raw2Ss2YuvTask
0xfc458207,task_Raw2Ss2YuvTask
0xfc07e315,task_RdWrJobExec
0xfc385577,task_ReadMultiConTask
0xfc096803,task_RedirectUARTTask
0xfc52de23,task_ResetFactoryWithShutdownTimer
0xfc0f5a6b,task_ResizeTask
0xfc39f6bf,task_SAEffect
0xfc4b3e73,task_SAlbumMake
0xfc242043,task_SAlbumPlay
0xfc4b4b25,task_SAlbumStillPlayer
0xfc23a37b,task_ScenarioMaker
0xfc16fae9,task_SceneDetectTask
0xfc18debf,task_ShutterSoundTask
0xfc4a90b7,task_SMAL_Enumeration
0xfc2986f9,task_SoundRecMusic
0xfc296c27,task_SoundTsk
0xfc139489,task_SsgMainTask
0xfc1396dd,task_SsgPeriodTask
0xfc0f1b3b,task_SsStartupTask
0xfc0fb64d,task_SsTask
0xfc05ccf5,task_Startup
0xfc32ccbb,task_StartupImage
0xfc1418f7,task_SynchTask
0xfc141887,task_SyncPeriod
0xfc3af99d,task_Thermometer
0xfc3afdb5,task_Thermometer
0xfc3cb829,task_TimerUtility
0xfc186b31,task_TmgGen
0xfc515e49,task_TricDecVTask
0xfc520f39,task_TricEncMsgTask
0xfc5205dd,task_TricEncVTask
0xfc521929,task_TricInitTask
0xfc15b449,task_TrnsCtrlTask
0xfc50778b,task_TskCocoa0
0xfc507785,task_TskCocoa1
0xfc50777f,task_TskCocoa2
0xfc05dc35,task_UartLog
0xfc0e5391,task_UsbcTask
0xfc0e1011,task_WBCtrl
0xfc3c93cd,task_WBIntegTask
0xfc14b5ab,task_WBLPFace
0xfc18eb99,task_WbSeqTask
0xfc0fd8b7,task_WdtPrint
0xfc0fd953,task_WdtReset
0xfc163d45,task_WebServiceApp
0xfc222f69,task_WSSAPP
0xfc308d65,task_ZoomEvent
0xfc308f05,task_ZoomSpeedLog
0xfc5106d7,taskcreate_LowConsole
0xfc09e9a5,termComDiscovery_FW
0xfc3eae79,TerminateAdjustmentSystem_FW
0xfc0e88c5,Terminatedccd_FW
0xfc0214fb,TerminateDefectRec_FW
0xfc0e88c5,TerminateDigicon_FW
0xfc021eef,TerminateFAExtendFile_FW
0xfc021edb,TerminateFAGeneralTest_FW
0xfc4a104b,TerminateMechaDevice_FW
0xfc4b2f5f,TerminateMechaUnitExeTest_FW
0xfc163495,TerminatePTPIPTransportResponder_FW
0xfc42d9b5,TerminateRotaryEncPI_FW
0xfc021cb5,TerminateSoundRec_FW
0xfc0e8065,TerminateTestRec_FW
0xfc066d61,TerminateWLAN_FW
0xfc101e83,time
0xfc3481bd,transfer_src_overlay
0xfc348df9,transfer_src_overlay_helper
0xfc344803,TryPostMessageQueue
0xfc34473b,TryReceiveMessageQueue
0xfc362f7d,TryTakeSemaphore
0xfc52dd9f,TurnOffCamera_FW
0xfc0e3729,TurnOffDisplay
0xfc0939b5,TurnOffE1_FW
0xfc2984b7,TurnOffVideoOutMode_FW
0xfc166eef,TurnOnDisplay
0xfc298487,TurnOnVideoOutMode_FW
0xfc19485f,UI.Create_FW
0xfc193da3,UI.CreatePublic_FW
0xfc19485f,UI_RegistDebugEventProc_FW
0xfc19484d,UI_ShowStateOfRecMode_FW
0xfc341225,UiEvnt_SetLogicalEventActive_FW
0xfc3412f1,UiEvnt_StartDisguiseCradleStatus_FW
0xfc3412f9,UiEvnt_StopDisguiseCradleStatus_FW
0xfc31e0e7,UIFS_CancelStoreLensTimer_FW
0xfc0a3c2d,UIFS_Capture_FW
0xfc0a3cd9,UIFS_CaptureNoneStop_FW
0xfc193af1,UIFS_ChangeShootState_FW
0xfc1939d3,UIFS_ClosePopupStrobe_FW
0xfc193a3d,UIFS_ConnectVideo_FW
0xfc193823,UIFS_CtrlManControllerAnytimeTop_FW
0xfc193a61,UIFS_DisconnectVideo_FW
0xfc193d77,UIFS_DisplayFirmUpdateView_FW
0xfc193ba9,UIFS_GetAvItem_FW
0xfc193b2b,UIFS_GetAvItemCount_FW
0xfc193c35,UIFS_GetCurrentAvString_FW
0xfc193c8d,UIFS_GetCurrentTvString_FW
0xfc193b07,UIFS_GetLastPath_FW
0xfc33d135,UIFS_GetMovieRecoadableNumber_FW
0xfc34777d,UIFS_GetNumberOfDisplayedImage_FW
0xfc354f69,UIFS_GetNumOfOptZoomPos_FW
0xfc193809,UIFS_GetPtmEnumForScript_FW
0xfc33d131,UIFS_GetStillShotableNumber_FW
0xfc193bcd,UIFS_GetTvItem_FW
0xfc193b69,UIFS_GetTvItemCount_FW
0xfc193839,UIFS_IsAutoPopupDownStrobe_FW
0xfc19383d,UIFS_IsAvailableAvTvMode_FW
0xfc19382d,UIFS_IsAvailableMovieRecDigZoom_FW
0xfc193829,UIFS_IsAvailableMovieRecOptZoom_FW
0xfc193841,UIFS_IsAvailablePowerZoom_FW
0xfc193835,UIFS_IsAvailableRecMenuAFMode_FW
0xfc193831,UIFS_IsAvailableServoAF_FW
0xfc33cc43,UIFS_IsAvailableShots_FW
0xfc193cef,UIFS_IsOperationEvent_FW
0xfc193d9b,UIFS_LockMainPowerAndDisplayOff_FW
0xfc1939f7,UIFS_MountExtFlash_FW
0xfc354c25,UIFS_MoveZoomTo_FW
0xfc3550b5,UIFS_MoveZoomToPositionWithTaskSwCtrlServ_FW
0xfc1939b1,UIFS_OpenPopupStrobe_FW
0xfc38a717,UIFS_PlayTrimExecuteAllImageSize_FW
0xfc193d33,UIFS_PostBatAuthNG_FW
0xfc193d1b,UIFS_PostBatAuthOK_FW
0xfc193d4d,UIFS_PostBatNoChange_FW
0xfc193a95,UIFS_PostModeDial_FW
0xfc193a93,UIFS_RestartPostingUIEvent_FW
0xfc193ae3,UIFS_SetCradleSetting_FW
0xfc193969,UIFS_SetDialMovieRec_FW
0xfc193997,UIFS_SetDialPlay_FW
0xfc19394f,UIFS_SetDialStillRec_FW
0xfc193acf,UIFS_StartClockMode_FW
0xfc1bd93f,UIFS_StartMoviePlay_FW
0xfc33e511,UIFS_StartMovieRecord_FW
0xfc33e527,UIFS_StopMovieRecord_FW
0xfc193a91,UIFS_StopPostingUIEvent_FW
0xfc193a19,UIFS_UnmountExtFlash_FW
0xfc2d8279,UIFS_WirelessExecuteSendForever_FW
0xfc19b997,UIFS_WriteFirmInfoToFile
0xfc19b997,UIFS_WriteFirmInfoToFile_FW
0xfc07d50d,UiToCom_SetDebug_FW
0xfc063f1d,UndisplayFactoryMode_FW
0xfc098e33,UnLoadScript_FW
0xfc27fce9,UnlockAE
0xfc27f905,UnlockAF
0xfc0fdcf5,UnlockAutoPowerOff_FW
0xfc0fdd9d,UnlockMainPower
0xfc0fdd9d,UnlockMainPower_FW
0xfc52bd4f,UnregistColorMatrix_FW
0xfc3ad9d9,UnRegisterElecLevelInfoNotifyCBR_FW
0xfc369233,UnRegisterEventProcedure
0xfc36934d,UnRegisterEventProcTable
0xfc36985d,UnRegisterEventProcTable_alt
0xfc44009f,UnRegisterZoomLensPositionPassedCBR_FW
0xfc0e5575,usbcSuspend_FW
0xfc06473b,UTSU_ClearFactoryMode_FW
0xfc064749,UTSU_SetFactoryMode_FW
0xfc0dbce3,VbattGet
0xfc0dbce3,VbattGet_FW
0xfc441ad5,VerifyByte_FW
0xfc1021e7,vsprintf
0xfc3ea371,Wait_FW
0xfc369a41,WaitForAllEventFlag
0xfc34baf1,WaitForAllEventFlagStrictly
0xfc3699c1,WaitForAnyEventFlag
0xfc34bad5,WaitForAnyEventFlagStrictly
0xfc43fdcf,WaitMoveZoomLensComplete_FW
0xfc096331,WebServiceDataOutput_FW
0xfc096707,WebServiceSimError_FW
0xfc3519b7,Write
0xfc3519b7,Write_FW
0xfc0691b9,WRITEADJTABLETOFROM_FW
0xfc0691d7,WRITEADJUSTMENTDATATOFROM_FW
0xfc42d9cf,WriteBLEFirm_FW
0xfc530da3,WriteGyroAdjustment_FW
0xfc530d99,WriteHallDeviceAdjustment_FW
0xfc096f11,writeMacAddrToAdjTbl_FW
0xfc43f85f,WriteMechaLogToFile_FW
0xfc43f855,WriteMechaLogToRom_FW
0xfc42d6bd,WriteNFCOptUnitAssemblyAreaData_FW
0xfc42d501,WriteNFCSystemArea_FW
0xfc42d6d5,WriteNFCSystemAreaForOptUnitAssembly_FW
0xfc3cc0d3,WriteNFCUserArea_FW
0xfc42d527,WriteNFCUserAreaWithInitNFCAdj_FW
0xfc530dad,WritePWMAdjustment_FW
0xfc098567,WriteToRom_FW
0xfc0691f5,WRITEUSERSETTINGDATATOFROM_FW
0xfc42d03b,WriteWLANMACAddressToFROM_FW
0xfc396411,zicokick_copy
0xfc396395,zicokick_start
