0xffaaf364,_dadd
0xffaafd18,_dcmp
0xffaaffa0,_dcmp_reverse
0xffaaf60c,_ddiv
0xffaafba4,_dfix
0xffaafc54,_dfixu
0xffaafcdc,_dflt
0xffaafd0c,_dfltu
0xffaada50,_divmod_signed_int
0xffaaf264,_divmod_unsigned_int
0xffaafda0,_dmul
0xffab0040,_drsb
0xffab0204,_dsub
0xffab05b8,_f2d
0xffab0764,_fdiv
0xffab0988,_ffix
0xffab09fc,_ffixu
0xffab0a5c,_fflt
0xffab0a90,_ffltu
0xffab0a98,_fmul
0xff828808,_GetSystemTime
0xffaaec70,_log
0xffaadbb4,_log10
0xffaadd24,_pow
0xffaaebb4,_safe_sqrt
0xffab0f24,_scalbn
0xffab0090,_sqrt
0xff81cda0,_uartr_req
0xffa822a4,AbortAEIntegralValue_FW
0xff8280a0,AcquireRecursiveLock
0xff81bcb4,AcquireRecursiveLockStrictly
0xff8ff234,ActivateAdjLog_FW
0xff9d5bcc,ActivateImager_FW
0xff9d5c58,ActivateImagerXOne_FW
0xff9e1a94,add_ptp_handler
0xff9ad2b0,add_ui_to_dialog
0xff847a14,AddAdjDataToFRom_FW
0xffa2eb3c,AdditionAgentRAM_FW
0xff9faa04,AddTransparentMemory_FW
0xffa8812c,AdjAEWithAperturePriority_FW
0xffa880e8,AfAEWithAperturePriority_FW
0xffa882d8,AfAEWithCompensation_FW
0xff9b6ca0,AFTool.GetEVal_FW
0xffa2e3a0,AllocateMemory
0xffa2e3a0,AllocateMemory_FW
0xff828568,AllocateUncacheableMemory
0xff9b2794,apex2us
0xff894108,atol_FW
0xffa82d84,AttachIntegCrawData_FW
0xff9faa3c,AttachToTransparentMemory_FW
0xff841484,Bat_Calc_FW
0xffa89684,Bat_Save_FW
0xffa89670,Bat_VIN_FW
0xff841aa0,BeepDrive_FW
0xffa843a0,CalcLog10
0xffa843dc,CalcLog10_FW
0xff841484,CalculateBatSenseOffset_FW
0xffa8437c,CalculateLog2ToApex_FW
0xffa84340,CalculatePeakFromLeastSquareResult_FW
0xffa84390,CalculatePow2FromApex_FW
0xffa87f04,CancelAdj_AEMode_FW
0xffa83494,CancelAdjCdsMode_FW
0xffa863dc,CancelBPFilterForBP_FW
0xffa87860,CancelExStrobeMode_FW
0xffa2a458,CancelFocusLensMaxSpeedLimit_FW
0xff8688c8,CancelHPTimer
0xff9d5db0,CancelImager_FW
0xff828a24,CancelTimer
0xff93bfb4,Capture.Create_FW
0xffa83234,ChangeAdjImgDrvMode_FW
0xffa83260,ChangeAEIntegDrvTypeToAdjImgDriveType_FW
0xffa8b110,ChangeFilterMode_FW
0xffa2a610,ChangeFocusDistanceToPosition_FW
0xff9cccbc,ChangeGradeTable_FW
0xff9d5e54,ChangeImagerToAlternateDraft_FW
0xff9d5e4c,ChangeImagerToDigiconMode_FW
0xff9d5e14,ChangeImagerToFocusJet_FW
0xff9d5e3c,ChangeImagerToHoneyFlash_FW
0xff9d5e2c,ChangeImagerToJetDraft_FW
0xff9d5e34,ChangeImagerToJumboDraft_FW
0xff9d5e1c,ChangeImagerToMangoPudding_FW
0xff9d5e44,ChangeImagerToMillefeAdjust_FW
0xff9d5e6c,ChangeImagerToMontblancMillefe_FW
0xff9d5e64,ChangeImagerToMontblancWhole_FW
0xff9d5e4c,ChangeImagerToOITA_XAVIER_FW
0xff9d5e24,ChangeImagerToSuperWideDraft_FW
0xff9d5e5c,ChangeImagerToUltraGhostQ_FW
0xff9d5dd4,ChangeImagerToWholeParallel_FW
0xff9d5df0,ChangeImagerToWholeParallelBP_FW
0xff9d5e0c,ChangeImagerToWideDraft_FW
0xff85852c,ChangeToISCloseControl_FW
0xffa8789c,ChargeStrobe_FW
0xffa878d0,ChargeStrobeForFA_FW
0xff827954,CheckAllEventFlag
0xff82790c,CheckAnyEventFlag
0xff86bf08,CheckSumAll_FW
0xff846294,ClearDUIDFixFlag_FW
0xff827b3c,ClearEventFlag
0xff8461a8,ClearFactoryMode_FW
0xff8587bc,ClearISCalcZData_FW
0xffa2b320,ClearISIComponent_FW
0xffa2b344,ClearISZData_FW
0xffa9ca88,ClearPMByFs_FW
0xffa9ca60,ClearPMByGpio_FW
0xff823d90,Close
0xff819eac,close
0xff823d90,Close_FW
0xff81c8a4,CloseConsole_FW
0xffa13540,closedir
0xffa2aa54,CloseMechaShutter_FW
0xffa2aa9c,CloseMechaShutterWithTiming_FW
0xffa839e0,CloseMShutter_FW
0xff8cc9e0,COMFACHK_GetTransferTime_FW
0xff8cca40,COMFACHK_SetSendDataSize_FW
0xff8cc940,COMFACHK_StartSendData_FW
0xff8cc97c,COMFACHK_StartSendLargeData_FW
0xff8cc850,COMFACHK_StartService_FW
0xff8cc8a0,COMFACHK_StopService_FW
0xffa831d0,ConvertAdjImgDrvModeToAdjImgDriveType_FW
0xffa83184,ConvertAEIntegDrvTypeToAdjImgDriveType_FW
0xffa84434,ConvertApexStdToApex_FW
0xffa84404,ConvertApexToApexStd_FW
0xffa84988,ConvertCxCyToWBGain_FW
0xffa85204,ConvertToPositionWithDistanceAndZoomPoint_FW
0xffa835b8,ConvertTvToExposureTime_FW
0xff81c608,CPrintf_FW
0xff81c664,CPutChar_FW
0xff84749c,CreateAdjustmentTableMirror_FW
0xff81b540,CreateBinarySemaphore
0xff81bb6c,CreateBinarySemaphoreStrictly
0xff872a3c,CreateController_FW
0xff81b5a8,CreateCountingSemaphore
0xff81b5a8,CreateCountingSemaphore_FW
0xff81bb90,CreateCountingSemaphoreStrictly
0xff9ab224,CreateDialogBox
0xff827864,CreateEventFlag
0xff81bb48,CreateEventFlagStrictly
0xff8feb78,CreateFADBGSingalID_FW
0xffa8b388,CreateJumptable
0xff952ef0,CreateLanguageMenu_FW
0xff827c78,CreateMessageQueue
0xff81bb24,CreateMessageQueueStrictly
0xff869dd0,CreateProxyOfEventProcedure_FW
0xff828000,CreateRecursiveLock
0xff81bbb4,CreateRecursiveLockStrictly
0xff81b818,CreateTask
0xff81b818,CreateTask_FW
0xff81baf0,CreateTaskStrictly
0xff81bcf0,DebugAssert
0xff872af8,DeleteController_FW
0xff823720,DeleteDirectory_Fut
0xff8278bc,DeleteEventFlag
0xff82363c,DeleteFile_Fut
0xff952a7c,DeleteLanguageMenu_FW
0xff827cfc,DeleteMessageQueue
0xff869e28,DeleteProxyOfEventProcedure_FW
0xff828050,DeleteRecursiveLock
0xff81b600,DeleteSemaphore
0xff81b600,DeleteSemaphore_FW
0xffa8ad18,DevelopStillPicture_FW
0xff9cda80,DevelopTool.DevelopTest_FW
0xff8fe8e0,DeviceUniqueIDCheckSum_FW
0xff901930,DisableDebugLogMode_FW
0xff828228,DisableDispatch
0xff812128,DisableDispatch_low
0xffa2a4b4,DisableFocusLens_FW
0xffa2a534,DisableFocusLensGainLock_FW
0xffa2a560,DisableFocusLensWaveLock_FW
0xffa2a928,DisableFocusPiCircuit_FW
0xffa2a908,DisableMechaCircuit_FW
0xffa2a970,DisableZoomEncoderCircuit_FW
0xffa2ac0c,DisableZoomLensEncoderPowerControl_FW
0xffa2a94c,DisableZoomPiCircuit_FW
0xff83ea58,DispCon_GetVideoAdjParameter_FW
0xff83eab8,DispCon_SaveVideoAdjParameter_FW
0xff83e92c,DispCon_SetDisplayType_FW
0xff83e96c,DispCon_SetMaxBackLightBrightness_FW
0xff83e9f8,DispCon_SetVideoAdjParameter_FW
0xff83e868,DispCon_ShowBitmapColorBar
0xff83e868,DispCon_ShowBitmapColorBar_FW
0xff83e84c,DispCon_ShowBlackChart_FW
0xff83e6d8,DispCon_ShowColorBar_FW
0xff83e8c8,DispCon_ShowCustomColorBar_FW
0xff83e734,DispCon_ShowFiveStep_FW
0xff83eaa0,DispCon_ShowVideoAdjParameter_FW
0xff83e814,DispCon_ShowWhiteChart_FW
0xff83e95c,DispCon_TurnOffDisplay_FW
0xff83e94c,DispCon_TurnOnDisplay_FW
0xff93bf44,DispDev.Create_FW
0xff93a270,DispDev_EnableEventProc_FW
0xff883b30,DisplayBusyOnScreen
0xff9ab9dc,DisplayDialogBox
0xff845fe8,DisplayFactoryMode_FW
0xff825f74,DoAELock
0xff825b84,DoAFLock
0xff89c218,DoMovieFrameCapture
0xff93a360,Driver.Create_FW
0xff93a360,Driver_EnableEventProc_FW
0xff814e1c,drysh_FW
0xff93a5a4,Dump32_FW
0xff93a594,Dump_FW
0xff847354,DumpAdjMirror_FW
0xff9fa9c4,DumpTransparentMemoryItem_FW
0xff8c007c,E2LatOn_FW
0xff9d4848,EF.AdjPreFlash_FW
0xff8bd988,EF.IsChargeFull_FW
0xff9d488c,EF.SetChargeMode_FW
0xff9d4758,EF.SetEFChargeTimeOut_FW
0xff9d48a0,EF.SetFlashTime_FW
0xff9d4830,EF.SetMainFlashTime_FW
0xff9d46f8,EF.StartEFCharge_FW
0xff9d47a8,EF.StartInternalMainFlash_FW
0xff9d476c,EF.StartInternalPreFlash_FW
0xff9d4748,EF.StopEFCharge_FW
0xff90191c,EnableDebugLogMode_FW
0xff828458,EnableDispatch
0xff812154,EnableDispatch_low
0xffa2a468,EnableFocusLens_FW
0xffa2a500,EnableFocusLensGainLockWithVoltage_FW
0xffa2a544,EnableFocusLensWaveLock_FW
0xffa2a918,EnableFocusPiCircuit_FW
0xff81b538,EnableInterrupt
0xffa2a8f8,EnableMechaCircuit_FW
0xffa2a960,EnableZoomEncoderCircuit_FW
0xffa2abfc,EnableZoomLensEncoderPowerControl_FW
0xffa2a93c,EnableZoomPiCircuit_FW
0xff93b374,EndClockMode_FW
0xff822d90,EngDrvBits
0xff9f5764,EngDrvBits_FW
0xff822d74,EngDrvIn
0xff9f5754,EngDrvIn_FW
0xff822d5c,EngDrvOut
0xff9f5738,EngDrvOut_FW
0xff822d7c,EngDrvRead
0xff9f575c,EngDrvRead_FW
0xff9f5788,EngDrvReadDump_FW
0xff93bff4,EngineDriver.Create_FW
0xff825e80,EnterToCompensationEVF
0xff847348,EraseAdjustmentArea_FW
0xff863a38,EraseLogSector_FW
0xff942bb8,EraseSectorOfRom_FW
0xff93a580,EraseSignature_FW
0xff814e98,err_init_task
0xffa29ce4,EscapeFocusLens_FW
0xffa2e40c,exec_FW
0xff84bc0c,Executedccd_FW
0xff84b5dc,ExecuteDigicon_FW
0xff86938c,ExecuteEventProcedure
0xff869404,ExecuteEventProcedure_FW
0xffa8793c,ExecuteInternalPreFlash_FW
0xff95dc24,ExecuteResetFactoryWithRomWrite_FW
0xff84b2c4,ExecuteTestRec_FW
0xff84b390,ExecuteTestRecCF_FW
0xff825ed0,ExitFromCompensationEVF
0xff81baa8,ExitTask
0xff81baa8,ExitTask_FW
0xff867bdc,ExMem.AllocCacheable_FW
0xff867a20,ExMem.AllocUncacheable_FW
0xff867ce8,ExMem.FreeCacheable_FW
0xff867b60,ExMem.FreeUncacheable_FW
0xff867278,ExMem.View_FW
0xff867b74,exmem_alloc
0xff8675ec,exmem_assert
0xff867bec,exmem_free
0xff824508,ExMem_FW
0xff8679c4,exmem_ualloc
0xff867b04,exmem_ufree
0xff8b31c0,ExpCtrlTool.SetExpMode_FW
0xff832b00,ExpCtrlTool_StartContiAE
0xff832c44,ExpCtrlTool_StopContiAE
0xff869dc4,ExportToEventProcedure_FW
0xff93bf20,FA.Create_FW
0xff93bf0c,FA.Delete_FW
0xff8fec28,FADBGPrintf_FW
0xff8feb88,FADBGSingal_FW
0xff8feda8,FAPrintf_FW
0xff8237b8,Fclose_Fut
0xff8237b8,Fclose_Fut_FW
0xff8239a4,Feof_Fut
0xff8239e0,Fflush_Fut
0xff82390c,Fgets_Fut
0xffa87e6c,FixAEWithCompensation_FW
0xff871d58,FmtMenu_ExecuteQuickFormat_FW
0xffa87d40,FocusAEWithCompensation_FW
0xff823778,Fopen_Fut
0xff823778,Fopen_Fut_FW
0xff823864,Fread_Fut
0xff823864,Fread_Fut_FW
0xff813a98,free
0xff9faf68,FreeBufferForSoundRec_FW
0xffa2e398,FreeMemory
0xffa2e398,FreeMemory_FW
0xff82859c,FreeUncacheableMemory
0xff823958,Fseek_Fut
0xff823958,Fseek_Fut_FW
0xff8238b8,Fwrite_Fut
0xff8238b8,Fwrite_Fut_FW
0xff8b803c,get_current_exp
0xffa21d5c,get_current_nd_value
0xffa21da0,get_nd_value
0xff8caf10,get_ptp_buf_size
0xff9e33c4,get_ptp_file_buf
0xff865b5c,get_resource_pointer
0xff813794,get_self_task_errno_pointer
0xff8121a8,get_self_task_id
0xff9ada14,get_string_by_id
0xff81339c,get_task_properties
0xff84038c,GetAdChValue
0xff84038c,GetAdChValue_FW
0xffa86884,GetAdjAFInteg_FW
0xff8473ac,GetAdjTableMapVersion_FW
0xff8473bc,GetAdjTableValueVersion_FW
0xff847378,GetAdjTableVersion_FW
0xff840384,GetAdVBattBottom_FW
0xffa82a50,GetAEIntegralServiceMode_FW
0xffa826fc,GetAEIntegralValueWithFix_FW
0xffa82a44,GetAEIntegValueBit_FW
0xffa82444,GetAEIntegWinData_FW
0xffa8258c,GetAEIntegWinDataWithMode_FW
0xffa82820,GetAllAEIntegralAllValueWithFix_FW
0xff9d548c,GetBaseSv
0xff84539c,GetBatteryTemperature
0xff84539c,GetBatteryTemperature_FW
0xff86bdec,GetBuildDate_FW
0xff86bdf4,GetBuildTime_FW
0xffa8aafc,GetCaptureInfoData_FW
0xff84532c,GetCCDTemperature
0xff84532c,GetCCDTemperature_FW
0xffa832d0,GetCdsGainValue_FW
0xffa833c0,GetCdsPreGain_FW
0xffa83418,GetCdsPreGainReg_FW
0xff81c690,GetCh_FW
0xffa893fc,GetContinuousMovieJpegVRAMData_FW
0xffa88a98,GetContinuousVRAMData_FW
0xffa8923c,GetContinuousVRAMDataWithRingBuffer_FW
0xffa83158,GetCurrentAdjImgDriveType_FW
0xff92facc,GetCurrentAvValue
0xff92facc,GetCurrentAvValue_FW
0xff87c2f4,GetCurrentCaptureModeType_FW
0xff84532c,GetCurrentCcdTemp_FW
0xff895a10,GetCurrentExposureTime_FW
0xff92ec2c,GetCurrentFocusLensPosition_FW
0xff92ec2c,GetCurrentFocusPosition_FW
0xffa83164,GetCurrentImgDrvMode_FW
0xff864014,GetCurrentMachineTime
0xff84540c,GetCurrentOptTemp_FW
0xff8956dc,GetCurrentShutterSpeed
0xff8956dc,GetCurrentShutterSpeed_FW
0xff92ebc4,GetCurrentTargetDistance_FW
0xffa84bac,GetCurrentZoomLensDirection_FW
0xff932d74,GetCurrentZoomLensPoint_FW
0xff932d4c,GetCurrentZoomLensPosition_FW
0xff932d74,GetCurrentZoomPoint_FW
0xff932d4c,GetCurrentZoomPosition_FW
0xffa89a88,GetDay_FW
0xff84bd18,GetdccdFilterValue_FW
0xff84bc84,GetdccdImage_FW
0xff9ccec8,GetDefectCount_FW
0xff821e34,GetDialEventId_FW
0xff84f2bc,GetDrive_ClusterSize
0xff84f324,GetDrive_FreeClusters
0xff84f2f0,GetDrive_TotalClusters
0xff827b74,GetEventFlagValue
0xffa8784c,GetExStrobeID_FW
0xff86bdfc,GetFirmwareVersion_FW
0xff92f0a0,GetFocusDefaultResetPosition_FW
0xffa1f574,GetFocusLensCurrentPosition_FW
0xffa1f9b0,GetFocusLensDriveVoltage_FW
0xffa1fa78,GetFocusLensHoldVoltage_FW
0xffa2a618,GetFocusLensLoadCamTable_FW
0xffa2a5a8,GetFocusLensLoadSubjectDistance_FW
0xffa2a700,GetFocusLensMoveMaxPosition_FW
0xffa2a718,GetFocusLensMoveMinPosition_FW
0xffa2a5a0,GetFocusLensPositionRatio_FW
0xffa1edf8,GetFocusLensResetDefaultPosition_FW
0xffa1ede8,GetFocusLensResetPosition_FW
0xffa9d6cc,GetFocusLensResetVoltage_FW
0xffa1fa2c,GetFocusLensSettingWaitVoltage_FW
0xff92ebc4,GetFocusLensSubjectDistance
0xffa2a57c,GetFocusLensSubjectDistance_FW
0xff92eed0,GetFocusLensSubjectDistanceFromLens
0xffa2a598,GetFocusLensSubjectDistanceNumber_FW
0xff9302f8,GetFocusPiSensorLevel_FW
0xff92f034,GetFocusResetPosition_FW
0xff858690,GetGyro10BitDACPitch_FW
0xff858698,GetGyro10BitDACYaw_FW
0xff858668,GetGyroDataPitch_FW
0xff858670,GetGyroDataYaw_FW
0xff8586c0,GetGyroHPFINOffsetPitch_FW
0xff8586d8,GetGyroHPFINOffsetYaw_FW
0xff8586f0,GetGyroHPFINPitch_FW
0xff85874c,GetGyroHPFINYaw_FW
0xffa89ab0,GetHour_FW
0xff92facc,GetIrisAv_FW
0xffa2af84,GetISDriveAaxis_FW
0xffa2afa4,GetISDriveBaxis_FW
0xffa2b268,GetISFirmVersion_FW
0xff858690,GetISGyro10BitDACPitch_FW
0xff858698,GetISGyro10BitDACYaw_FW
0xff858668,GetISGyroDataPitch_FW
0xff858670,GetISGyroDataYaw_FW
0xffa2b084,GetISGyroGainAaxis_FW
0xffa2b0a4,GetISGyroGainBaxis_FW
0xff8586c0,GetISGyroHPFINOffsetPitch_FW
0xff8586d8,GetISGyroHPFINOffsetYaw_FW
0xff8586f0,GetISGyroHPFINPitch_FW
0xff85874c,GetISGyroHPFINYaw_FW
0xff8585b4,GetISGyroPitchGain_FW
0xffa8ae1c,GetISGyroPitchOffset_FW
0xff8585bc,GetISGyroYawGain_FW
0xffa8ae14,GetISGyroYawOffset_FW
0xff8585a4,GetISHallDevicePitchGain_FW
0xff858594,GetISHallDevicePitchOffset_FW
0xff8585ac,GetISHallDeviceYawGain_FW
0xff85859c,GetISHallDeviceYawOffset_FW
0xffa2b044,GetISHallGainAaxis_FW
0xffa2b064,GetISHallGainBaxis_FW
0xffa2b004,GetISHallOffsetAaxis_FW
0xffa2b024,GetISHallOffsetBaxis_FW
0xffa2b354,GetISHallOut1Amp_FW
0xff858e20,GetISLensDampAaxis_FW
0xff858e28,GetISLensDampBaxis_FW
0xffa8b088,GetISLensEViAaxis_FW
0xffa8b09c,GetISLensEViBaxis_FW
0xffa2b290,GetISParamVersion_FW
0xff8585c4,GetISPitchPWM_FW
0xffa2afc4,GetISPositionAaxis_FW
0xffa2afe4,GetISPositionBaxis_FW
0xff8585d4,GetISShiftLensPitchPosition_FW
0xff8585dc,GetISShiftLensYawPosition_FW
0xff8585cc,GetISYawPWM_FW
0xff8428e4,GetKbdState
0xffa8a120,GetLastVBatADLevel_FW
0xff8577b0,GetLensErrorStatus_FW
0xff8ff100,GetLogData_FW
0xff8ff1bc,GetLogDataOnlyAddMemory_FW
0xff8637f4,GetLogToFile_FW
0xff930e68,GetMechaShutterStatus_FW
0xff813c40,GetMemInfo
0xffa89ad8,GetMinute_FW
0xffa89a5c,GetMonth_FW
0xff8c8534,GetMovieJpegVRAMHPixelsSize_FW
0xff8c8540,GetMovieJpegVRAMVPixelsSize_FW
0xff827f90,GetNumberOfPostedMessages
0xffa83340,GetObClampValue_FW
0xffa828f4,GetOnlyAEIntegData_FW
0xff84540c,GetOpticalTemperature
0xff84540c,GetOpticalTemperature_FW
0xff95d8a4,GetParameterData
0xffa89198,GetPixelsOfViewangle_FW
0xff86cf8c,GetPropertyCase
0xff821e10,GetSDDetect_FW
0xff821e18,GetSDProtect
0xff821e18,GetSDProtect_FW
0xffa89b00,GetSecond_FW
0xff872dc0,GetSelfControllerHandle_FW
0xff81b7b4,GetSemaphoreValue
0xffa836b8,GetShutterSpeedRegularMaxLimit_FW
0xffa836d0,GetShutterSpeedRegularMinLimit_FW
0xff81b514,GetSRAndDisableInterrupt
0xff81c6e0,GetStringWithPrompt_FW
0xffa889ac,GetSumYOfVRAMCenterLine_FW
0xff821ce0,GetSwitchStatus_FW
0xffa2e3f8,GetSystemTime
0xffa2e3f8,GetSystemTime_FW
0xff867004,GetTimeOfSystem_FW
0xff9faaa8,GetTransparentMemory_FW
0xff9faaec,GetTransparentMemoryPosition_FW
0xff9faa94,GetTransparentMemorySize_FW
0xffa8a988,GetUnpackCrwIntegralValue_FW
0xffa836a8,GetUserSetShutterSPeed_FW
0xff82071c,GetVBatVoltage_FW
0xffa883cc,GetVideoOutType_FW
0xff8c851c,GetVRAMHPixelsSize
0xff8c851c,GetVRAMHPixelsSize_FW
0xff8c8528,GetVRAMVPixelsSize
0xff8c8528,GetVRAMVPixelsSize_FW
0xffa89a2c,GetYear_FW
0xffa23624,GetZoomActuatorCurrentPosition_FW
0xffa23610,GetZoomActuatorSpeedPPS_FW
0xff932d74,GetZoomLensCurrentPoint
0xff932d74,GetZoomLensCurrentPoint_FW
0xffa24448,GetZoomLensCurrentPosition
0xff932d4c,GetZoomLensCurrentPosition_FW
0xff9336e0,GetZoomLensMechaEdgePosition_FW
0xffa84a2c,GetZoomLensResetPlus_FW
0xff933138,GetZoomLensTelePoint_FW
0xff9302b0,GetZoomPiSensorLevel_FW
0xff81b77c,GiveSemaphore
0xff81b77c,GiveSemaphore_FW
0xff8d8fdc,handle_PTP_OC_0x9038
0xff8d9098,handle_PTP_OC_0x9039
0xff8d9168,handle_PTP_OC_0x903a
0xff8d9228,handle_PTP_OC_0x903b
0xff8d06cc,handle_PTP_OC_0x903f
0xff8d0730,handle_PTP_OC_0x9040
0xff8d0794,handle_PTP_OC_0x9041
0xff8d090c,handle_PTP_OC_0x9044
0xff8d09e8,handle_PTP_OC_0x9045
0xff8d932c,handle_PTP_OC_0x904b
0xff8d8870,handle_PTP_OC_0x904c
0xff8d0874,handle_PTP_OC_0x904d
0xff8d0a5c,handle_PTP_OC_0x904e
0xff8d0ad8,handle_PTP_OC_0x904f
0xff8d0b50,handle_PTP_OC_0x9054
0xff8d0c08,handle_PTP_OC_0x9055
0xff8d0c68,handle_PTP_OC_0x9056
0xff8cdcd4,handle_PTP_OC_0x9801
0xff8cd890,handle_PTP_OC_0x9802
0xff8cd740,handle_PTP_OC_0x9803
0xff8cd61c,handle_PTP_OC_0x9804
0xff8ccf5c,handle_PTP_OC_0x9805
0xff9e2608,handle_PTP_OC_CANON_ChangeUSBProtocol
0xff8d2108,handle_PTP_OC_CANON_CheckEvent
0xff8d3f8c,handle_PTP_OC_CANON_GetCustomizeData
0xff8d40d4,handle_PTP_OC_CANON_GetCustomizeItemInfo
0xff8d41a4,handle_PTP_OC_CANON_GetCustomizeSpec
0xff8d83ac,handle_PTP_OC_CANON_GetObjectAttributes
0xff8d8bb8,handle_PTP_OC_CANON_GetObjectHandleByName
0xff8d97c8,handle_PTP_OC_CANON_GetObjectInfoEx
0xff8d811c,handle_PTP_OC_CANON_GetPartialObjectEx
0xff8d7ee8,handle_PTP_OC_CANON_GetPartialObjectInfo
0xff8cf748,handle_PTP_OC_CANON_GetTreeInfo
0xff8cfc9c,handle_PTP_OC_CANON_GetTreeSize
0xff8cfd78,handle_PTP_OC_CANON_NotifyCancelAccepted
0xff8cfcc4,handle_PTP_OC_CANON_NotifyProgress
0xff8d9a64,handle_PTP_OC_CANON_SendObjectByPath
0xff8d8510,handle_PTP_OC_CANON_SendObjectInfoByPath
0xff8d9ca0,handle_PTP_OC_CANON_SendPartialObject
0xff8d3e68,handle_PTP_OC_CANON_SetCustomizeData
0xff8cfe38,handle_PTP_OC_CANON_SetDisplayMonitor
0xff8d8450,handle_PTP_OC_CANON_SetObjectArchive
0xff8d8cec,handle_PTP_OC_CANON_SetObjectTime
0xff8cf7f4,handle_PTP_OC_CANON_TerminateDirectTransfer
0xff8d3608,handle_PTP_OC_CloseSession
0xff8d8d68,handle_PTP_OC_DeleteObject
0xff8d8ec8,handle_PTP_OC_FormatStore
0xff8d14fc,handle_PTP_OC_GetDevicePropDesc
0xff8d13f0,handle_PTP_OC_GetDevicePropValue
0xff8d94b8,handle_PTP_OC_GetNumObjects
0xff8d7970,handle_PTP_OC_GetObject
0xff8d95b4,handle_PTP_OC_GetObjectHandles
0xff8d7dec,handle_PTP_OC_GetObjectInfo
0xff8d7c28,handle_PTP_OC_GetPartialObject
0xff8d7124,handle_PTP_OC_GetStorageIDs
0xff8d7200,handle_PTP_OC_GetStorageInfo
0xff8d7b80,handle_PTP_OC_GetThumb
0xff8d36c0,handle_PTP_OC_OpenSession
0xff8d112c,handle_PTP_OC_ResetDevicePropValue
0xff8d9a64,handle_PTP_OC_SendObject
0xff8d8510,handle_PTP_OC_SendObjectInfo
0xff8d124c,handle_PTP_OC_SetDevicePropValue
0xff8d7d44,handle_PTP_OC_SetObjectProtection
0xff8756d4,HardwareDefect_FW
0xff875684,HardwareDefectWithRestart_FW
0xffa8ae5c,HitISLensAgainstBottomEdge_FW
0xffa8ae48,HitISLensAgainstLeftEdge_FW
0xffa8ae34,HitISLensAgainstRightEdge_FW
0xffa8ae70,HitISLensAgainstTopEdge_FW
0xffa8b128,HitISMechaEdgeInOpenControl_FW
0xff94293c,HwOcReadICAPCounter
0xff836580,ImagerActivate
0xff8ff248,InactivateAdjLog_FW
0xff93bee4,InitializeAdjustmentFunction_FW
0xff93be74,InitializeAdjustmentSystem_FW
0xff84b448,Initializedccd_FW
0xff8df694,InitializeDCPClassFunctions_FW
0xff84b448,InitializeDigicon_FW
0xffa8b2e0,InitializeMechaDevice_FW
0xff9fb064,InitializeSoundRec_FW
0xff84b078,InitializeTestRec_FW
0xffa83578,IsAdjCdsMode_FW
0xffa2ae98,ISAutoCenter_FW
0xffa2aed4,ISChangeOPENtoCLOSE_FW
0xff8750a8,IsControlEventActive_FW
0xffa2b2cc,ISControlStart_FW
0xffa2b2dc,ISControlStop_FW
0xff846338,IsDUIDFixFlag_FW
0xffa884ac,IsEVFDrive_FW
0xffa887dc,IsEvfDriveMode_FW
0xffa87854,IsExStrobeChargeComp_FW
0xff846308,IsFactoryMode_FW
0xff857f1c,ISInitMotion_FW
0xff85778c,IsLensOutside_FW
0xff8ff274,IsLogOutType_FW
0xffa2b378,ISMDStart_FW
0xffa2b388,ISMDStop_FW
0xffa2aec0,ISMoveToMechaEdgeOPEN_FW
0xffa2b2ec,ISPanModeStart_FW
0xffa2b2fc,ISPanModeStop_FW
0xff8bd988,IsStrobeChargeCompleted
0xffa23020,IsZoomActuatorResetSensorPlusSide_FW
0xff93a2e4,j_BeepDrive_FW
0xffa8b148,j_ChangeToISCloseControl_FW
0xffa8b118,j_ClearISCalcZData_FW
0xff9d5e78,j_E2LatOn_FW
0xff9d4844,j_EF.IsChargeFull_FW
0xff93a604,j_exec_FW
0xff824500,j_ExMem.AllocCacheable_FW
0xff8244f8,j_ExMem.AllocUncacheable_FW
0xff824504,j_ExMem.FreeCacheable_FW
0xff8244fc,j_ExMem.FreeUncacheable_FW
0xff8244f4,j_ExMem.View_FW
0xff93a2e0,j_GetAdChValue_FW
0xff93a2dc,j_GetAdVBattBottom_FW
0xffa82588,j_GetAEIntegWinData_FW
0xff8bf774,j_GetBaseSv
0xff8454c4,j_GetBatteryTemperature_FW
0xff8454c0,j_GetCCDTemperature_FW
0xffa833e8,j_GetCdsPreGain_FW
0xffa83440,j_GetCdsPreGainReg_FW
0xffa837b8,j_GetCurrentAvValue_FW
0xffa89b50,j_GetCurrentCcdTemp_FW
0xffa835d8,j_GetCurrentExposureTime_FW
0xffa8525c,j_GetCurrentFocusLensPosition_FW
0xffa8525c,j_GetCurrentFocusPosition_FW
0xffa89b54,j_GetCurrentOptTemp_FW
0xffa835e0,j_GetCurrentShutterSpeed_FW
0xffa85220,j_GetCurrentTargetDistance_FW
0xffa84ba8,j_GetCurrentZoomLensPoint_FW
0xffa84ba4,j_GetCurrentZoomLensPosition_FW
0xffa84ba8,j_GetCurrentZoomPoint_FW
0xffa84ba4,j_GetCurrentZoomPosition_FW
0xff93a35c,j_GetDialEventId_FW
0xffa85218,j_GetFocusDefaultResetPosition_FW
0xffa2a570,j_GetFocusLensCurrentPosition_FW
0xffa2a648,j_GetFocusLensDriveVoltage_FW
0xffa2a6c0,j_GetFocusLensHoldVoltage_FW
0xffa2a578,j_GetFocusLensResetDefaultPosition_FW
0xffa2a574,j_GetFocusLensResetPosition_FW
0xffa2a6fc,j_GetFocusLensResetVoltage_FW
0xffa2a684,j_GetFocusLensSettingWaitVoltage_FW
0xffa2a938,j_GetFocusPiSensorLevel_FW
0xffa8521c,j_GetFocusResetPosition_FW
0xffa2b0f4,j_GetGyro10BitDACPitch_FW
0xffa2b0f8,j_GetGyro10BitDACYaw_FW
0xffa2b0c4,j_GetGyroDataPitch_FW
0xffa2b0c8,j_GetGyroDataYaw_FW
0xffa2b124,j_GetGyroHPFINOffsetPitch_FW
0xffa2b128,j_GetGyroHPFINOffsetYaw_FW
0xffa2b12c,j_GetGyroHPFINPitch_FW
0xffa2b130,j_GetGyroHPFINYaw_FW
0xffa2a7f8,j_GetIrisAv_FW
0xffa8b26c,j_GetISGyro10BitDACPitch_FW
0xffa8b274,j_GetISGyro10BitDACYaw_FW
0xffa8b24c,j_GetISGyroDataPitch_FW
0xffa8b254,j_GetISGyroDataYaw_FW
0xffa8b27c,j_GetISGyroHPFINOffsetPitch_FW
0xffa8b284,j_GetISGyroHPFINOffsetYaw_FW
0xffa8b25c,j_GetISGyroHPFINPitch_FW
0xffa8b264,j_GetISGyroHPFINYaw_FW
0xffa8af4c,j_GetISGyroPitchGain_FW
0xffa8af48,j_GetISGyroYawGain_FW
0xffa8aef0,j_GetISHallDevicePitchGain_FW
0xffa8aef8,j_GetISHallDevicePitchOffset_FW
0xffa8aeec,j_GetISHallDeviceYawGain_FW
0xffa8aef4,j_GetISHallDeviceYawOffset_FW
0xffa8b0b0,j_GetISLensDampAaxis_FW
0xffa8b0b4,j_GetISLensDampBaxis_FW
0xffa8af80,j_GetISPitchPWM_FW
0xffa8b080,j_GetISShiftLensPitchPosition_FW
0xffa8b084,j_GetISShiftLensYawPosition_FW
0xffa8af7c,j_GetISYawPWM_FW
0xffa2a8d8,j_GetLensErrorStatus_FW
0xffa2ab20,j_GetMechaShutterStatus_FW
0xffa892d0,j_GetMovieJpegVRAMHPixelsSize_FW
0xffa892d4,j_GetMovieJpegVRAMVPixelsSize_FW
0xff8454bc,j_GetOpticalTemperature_FW
0xff93a344,j_GetSDDetect_FW
0xff93a348,j_GetSDProtect_FW
0xff93a330,j_GetSwitchStatus_FW
0xffa8a128,j_GetVBatVoltage_FW
0xffa88a14,j_GetVRAMHPixelsSize_FW
0xffa88a18,j_GetVRAMVPixelsSize_FW
0xffa2361c,j_GetZoomActuatorCurrentPosition_FW
0xffa2ae64,j_GetZoomLensCurrentPoint_FW
0xffa2ae8c,j_GetZoomLensCurrentPosition_FW
0xffa2ae94,j_GetZoomLensMechaEdgePosition_FW
0xffa2ae90,j_GetZoomLensTelePoint_FW
0xffa2a95c,j_GetZoomPiSensorLevel_FW
0xff8df354,j_InitializeDCPClassFunctions_FW
0xffa2a8d4,j_IsLensOutside_FW
0xffa23620,j_IsZoomActuatorResetSensorPlusSide_FW
0xff93a2ec,j_LEDDrive_FW
0xff9da4e4,j_LiveImageTool.GetDzoomPosition_FW
0xff823f98,j_Lseek_FW
0xff93a578,j_MemoryChecker_FW
0xff93a574,j_MonSelEvent_FW
0xffa8b07c,j_MoveISLensToCentralPosition_FW
0xff8244f0,j_NewTaskShell_FW
0xff93a5ec,j_Peek16_FW
0xff93a5e8,j_Peek32_FW
0xff93a5f0,j_Peek8_FW
0xff93a570,j_Printf_FW
0xff8758f8,j_PTM_AllReset_FW
0xff875e08,j_PTM_BackupUIProperty_FW
0xff875d5c,j_PTM_GetWorkingCaptureMode_FW
0xff875dec,j_PTM_IsEnableItem_FW
0xff875dd8,j_PTM_NextItem_FW
0xff875ddc,j_PTM_PrevItem_FW
0xff875d60,j_PTM_SetCurrentItem_FW
0xff875df0,j_PTM_SetProprietyEnable_FW
0xff824470,j_PutsCameraLogEvent_FW
0xff823e38,j_Read_FW
0xffa8333c,j_ReloadCdsAdjustment_FW
0xffa879c4,j_ReloadColorAdjustment_FW
0xffa87864,j_ReloadEfAdjustment_FW
0xffa85214,j_ReloadFocusLensAdjustment_FW
0xffa837b4,j_ReloadIrisAdjustment_FW
0xffa8390c,j_ReloadNdFilterAdjustment_FW
0xffa84668,j_ReloadWBAdjustment_FW
0xffa84bc8,j_ReloadZoomAdjustment_FW
0xff93a590,j_SDump_FW
0xffa8b078,j_SearchBCentralPosition_FW
0xffa8b078,j_SearchISLensCentralPosition_FW
0xff824464,j_ShowCameraLog_FW
0xff824468,j_ShowCameraLogInfo_FW
0xffa8aee8,j_StartBDrive_FW
0xffa8b070,j_StartBPanDrive_FW
0xff824460,j_StartCameraLog_FW
0xffa8b068,j_StartISAdjustmentDrive_FW
0xffa8aee8,j_StartISDrive_FW
0xffa2aebc,j_StartISLocalAutoCenter_FW
0xffa2aeb8,j_StartISLocalHallAdjust_FW
0xffa8b070,j_StartISPanDrive_FW
0xffa8aee4,j_StopBDrive_FW
0xffa8b074,j_StopBPanDrive_FW
0xff82446c,j_StopCameraLog_FW
0xffa88a1c,j_StopContinuousVRAMData_FW
0xffa8b06c,j_StopISAdjustmentDrive_FW
0xffa8aee4,j_StopISDrive_FW
0xffa8b074,j_StopISPanDrive_FW
0xff81d7dc,j_strcmp_FW
0xff93b354,j_UIFS_Capture_FW
0xff93b358,j_UIFS_CaptureNoneStop_FW
0xff93b38c,j_UIFS_DeleteAllSound_FW
0xff93b284,j_UIFS_MoveZoomTo_FW
0xff93b35c,j_UIFS_StartMovieRecord_FW
0xff93b384,j_UIFS_StartRecordSound_FW
0xff93b360,j_UIFS_StopMovieRecord_FW
0xff93b388,j_UIFS_StopRecordSound_FW
0xff93b394,j_UIFS_WriteFirmInfoToFile_FW
0xff93a2e8,j_VbattGet_FW
0xff93a57c,j_VerifyByte_FW
0xff821f3c,kbd_p1_f
0xff821f48,kbd_p1_f_cont
0xff821770,kbd_p2_f
0xff842968,kbd_pwr_off
0xff842918,kbd_pwr_on
0xff821e38,kbd_read_keys
0xff842490,kbd_read_keys_r2
0xff8eb614,LcdCon_GetLcdAdjParameter_FW
0xff8eb9f4,LcdCon_GetLcdBackLightParameter_FW
0xff8eb824,LcdCon_GetLcdParameter_FW
0xff8eb69c,LcdCon_SaveLcdAdjParameter_FW
0xff8eba78,LcdCon_SaveLcdBackLightParameter_FW
0xff8eb8ac,LcdCon_SaveLcdParameter_FW
0xff8eb574,LcdCon_SetLcdAdjParameter_FW
0xff8eb96c,LcdCon_SetLcdBackLightBrightness_FW
0xff8eb99c,LcdCon_SetLcdBackLightParameter_FW
0xff8eb520,LcdCon_SetLcdDriver_FW
0xff8eb6b8,LcdCon_SetLcdParameter_FW
0xff8eb65c,LcdCon_ShowLcdAdjParameter_FW
0xff8eba38,LcdCon_ShowLcdBackLightParameter_FW
0xff8eb86c,LcdCon_ShowLcdParameter_FW
0xffa621e8,LCDMsg_ChangeColor_FW
0xffa62004,LCDMsg_Create_FW
0xffa61d00,LCDMsg_Delete_FW
0xffa61cc0,LCDMsg_Move_FW
0xffa62104,LCDMsg_SetNum_FW
0xffa62114,LCDMsg_SetStr_FW
0xffa620b4,LCDMsg_SwDisp_FW
0xff842068,LEDDrive
0xff842068,LEDDrive_FW
0xff9da474,LiveImageTool.ChangeDzoom_FW
0xff9da404,LiveImageTool.DzoomTele_FW
0xff9da424,LiveImageTool.DzoomWide_FW
0xff8c83e8,LiveImageTool.GetDzoomPosition_FW
0xff9da4e8,LiveImageTool.Jump_FW
0xff9da454,LiveImageTool.Pause_FW
0xff9da464,LiveImageTool.Resume_FW
0xff9d9dc0,LiveImageTool.StartEVF_FW
0xff9d9e3c,LiveImageTool.StartEVFFocusJet_FW
0xff9d9eb8,LiveImageTool.StartEVFMF_FW
0xff9da30c,LiveImageTool.StartEVFMovHD_FW
0xff9da198,LiveImageTool.StartEVFMovQQVGA_FW
0xff9da020,LiveImageTool.StartEVFMovQVGA60_FW
0xff9da0dc,LiveImageTool.StartEVFMovQVGA_FW
0xff9d9f4c,LiveImageTool.StartEVFMovVGA_FW
0xff9da254,LiveImageTool.StartEVFMovXGA_FW
0xff9da3d4,LiveImageTool.StartMjpegMaking_FW
0xff9da444,LiveImageTool.StopDzoom_FW
0xff9da3c4,LiveImageTool.StopEVF_FW
0xff9da3f4,LiveImageTool.StopMjpegMaking_FW
0xff84748c,LoadAdjustmentTable_FW
0xff8476cc,LoadAdjustmentValue_FW
0xff8fe7e4,LoadDataFromAdjTableBin_FW
0xffa89f04,LoadFactoryNumber_FW
0xff8fe6e0,LoadParamDataFromAdjTableBin_FW
0xff866150,LoadScript_FW
0xffa8a034,LoadSerialNumber_FW
0xff866a50,LocalTime
0xff875438,LockMainPower
0xff875438,LockMainPower_FW
0xff86a35c,LogCameraEvent
0xff823ed0,Lseek
0xff823ed0,lseek
0xff823ed0,Lseek_FW
0xffa2eb14,MakeBootDisk_FW
0xff8236b0,MakeDirectory_Fut
0xffa2eb28,MakeScriptDisk_FW
0xff8139c4,malloc
0xff8284bc,malloc_strictly
0xff93a118,Mecha.Create_FW
0xff93a170,MechaReset_FW
0xff93a17c,MechaTerminate_FW
0xff93a0d8,MechaUnRegisterEventProcedure_FW
0xff81d844,memcmp
0xff81d844,memcmp_FW
0xff894328,memcpy
0xff894328,memcpy_FW
0xffa2db44,MemoryChecker_FW
0xff9b160c,memset
0xff9b160c,memset_FW
0xff810bd0,memShow_FW
0xff826870,MenuIn
0xff8269a0,MenuOut
0xff824134,mkdir
0xff894b94,mktime_ext
0xffa2e480,MonSelEvent_FW
0xff872c7c,MoveControllerToTopOfZOrder_FW
0xffa29b6c,MoveCZToPoint_FW
0xffa29bd4,MoveCZToTele_FW
0xffa29ba4,MoveCZToWide_FW
0xffa9cb44,MoveDCMotorCCW_FW
0xffa9cad4,MoveDCMotorCW_FW
0xffa2a0ec,MoveFocusActuator_FW
0xffa855a8,MoveFocusDistance_FW
0xffa855a8,MoveFocusLensToDistance
0xffa855a8,MoveFocusLensToDistance_FW
0xffa8548c,MoveFocusLensToPosition_FW
0xffa85370,MoveFocusLensToPositionWithMaxSpeed_FW
0xffa853b4,MoveFocusLensToPositionWithSpeed_FW
0xffa29d5c,MoveFocusLensToTerminate_FW
0xffa8528c,MoveFocusLensToTerminatePosition_FW
0xffa29db8,MoveFocusLensWithDistance_FW
0xffa29ec4,MoveFocusLensWithPosition_FW
0xffa29fd8,MoveFocusLensWithPositionWithoutBacklash_FW
0xffa854dc,MoveFocusPosition_FW
0xffa8528c,MoveFocusToTerminate_FW
0xffa8389c,MoveIrisFullClose_FW
0xffa83868,MoveIrisFullOpen_FW
0xffa83768,MoveIrisToAv_FW
0xffa2a7a0,MoveIrisToTerminatePosition_FW
0xffa2a7a8,MoveIrisWithAv
0xffa2a7a8,MoveIrisWithAv_FW
0xffa2a7d0,MoveIrisWithAvWithoutBacklash_FW
0xffa8aebc,MoveISLensToBottomLimitPosition_FW
0xff8584e8,MoveISLensToCentralPosition_FW
0xffa8aea8,MoveISLensToLeftLimitPosition_FW
0xffa8ae94,MoveISLensToRightLimitPosition_FW
0xffa8aed0,MoveISLensToTopLimitPosition_FW
0xffa2a854,MoveLensToFirstPoint_FW
0xffa2a89c,MoveLensToTerminatePoint_FW
0xff8253fc,MoveOpticalZoomAt
0xffa235b4,MoveZoomActuator_FW
0xffa2adf4,MoveZoomLensToMechaEdge_FW
0xffa84fd4,MoveZoomLensToMechaEnd_FW
0xffa84de0,MoveZoomLensToPoint_FW
0xffa84da4,MoveZoomLensToPosition_FW
0xffa850c8,MoveZoomLensToPositionByManual_FW
0xffa2adb4,MoveZoomLensToTerminatePosition_FW
0xffa2ad2c,MoveZoomLensWithPoint
0xffa2ad2c,MoveZoomLensWithPoint_FW
0xffa2ad70,MoveZoomLensWithPosition_FW
0xffa84de0,MoveZoomPoint_FW
0xffa84da4,MoveZoomPosition_FW
0xff86ca50,NewTaskShell
0xff86cab0,NewTaskShell_FW
0xff93ecdc,NR_GetDarkSubType
0xff93ecdc,NR_GetDarkSubType_FW
0xff93ed1c,NR_GetDefectCorrectType_FW
0xff93ec68,NR_SetDarkSubType
0xff93ec68,NR_SetDarkSubType_FW
0xff93ecb0,NR_SetDefectCorrectType_FW
0xff93ed5c,NR_SetLotasPonyType_FW
0xff93a320,OffPrintPhySw_FW
0xffa84530,OneShotWhigeBalance_FW
0xffa84530,OneTypeWhiteBalance_FW
0xff93a310,OnPrintPhySw_FW
0xff823d68,Open
0xff819dfc,open
0xff823d68,Open_FW
0xff81c740,OpenConsole_FW
0xffa133dc,OpenFastDir
0xffa2aa78,OpenMechaShutter_FW
0xffa83a18,OpenMShutter_FW
0xff824474,OpLog.Create_FW
0xff86b180,OpLog.Get_FW
0xff86b23c,OpLog.Play_FW
0xff86a928,OpLog.ReadFromROM_FW
0xff86a9a8,OpLog.ReadFromSD_FW
0xff86b1a0,OpLog.Show_FW
0xff86b370,OpLog.Start_FW
0xff86a8fc,OpLog.Stop_FW
0xff86b158,OpLog.WriteToROM_FW
0xff86ad50,OpLog.WriteToSD_FW
0xff8fedf8,OutputLogToFile_FW
0xff878454,PB2Rec
0xffa2e3c8,Peek16_FW
0xffa2e3c0,Peek32_FW
0xffa2e3d0,Peek8_FW
0xff9cccd0,PointDefDetect_FW
0xff9cce64,PointKizuCheck_FW
0xff93a5c8,Poke16_FW
0xff93a5b8,Poke32_FW
0xff93a5d8,Poke8_FW
0xff8732bc,PostEventShootSeqToUI_FW
0xff8731f8,PostLogicalEventForNotPowerType
0xff8731f8,PostLogicalEventForNotPowerType_FW
0xff873244,PostLogicalEventToUI
0xff873244,PostLogicalEventToUI_FW
0xff827eb4,PostMessageQueue
0xff81bc30,PostMessageQueueStrictly
0xffa87f54,PreFixAE_FW
0xff8476f0,PrintAdjTableMap_FW
0xffa81a18,PrintAllAEIntegData_FW
0xff866144,Printf_FW
0xff8feb68,PrintFaexeVersioin_FW
0xff8feb34,PrintFirmVersion_FW
0xffa87344,PrintMultiWinScanTable_FW
0xffa872b0,PrintScanTable_FW
0xff85b660,PT_BatLvChange_Low_FW
0xff85b650,PT_BatLvChange_PreWeak_FW
0xff85b668,PT_BatLvChange_SysLow_FW
0xff85b658,PT_BatLvChange_Weak_FW
0xff85bb8c,PT_ChangeZoomSpeed_FW
0xff85b630,PT_CompleteCaptModeChange_FW
0xff85b640,PT_CompleteCharge_FW
0xff85b648,PT_CompleteFileWrite_FW
0xff85b5f8,PT_CompletePreCapt_FW
0xff85b618,PT_CompleteStopDigZoom_FW
0xff85b610,PT_CompleteStopZoom_FW
0xff85b620,PT_CompleteStoreLens_FW
0xff85b638,PT_CompleteSynchroWrite_FW
0xff85bbc0,PT_DoAELock_FW
0xff85bba0,PT_DoAFLock_FW
0xff85b92c,PT_EraseAllFile_FW
0xff85b728,PT_FinishBatteryTest_FW
0xff85b744,PT_GetBatteryLevel_FW
0xff85ba34,PT_GetLocalDateAndTimeString_FW
0xff85b808,PT_GetLowBatLv_FW
0xff85b758,PT_GetPreWeakBatLv_FW
0xff85b9bc,PT_GetPropertyCaseInt_FW
0xff85b860,PT_GetSysLowBatLv_FW
0xff85b97c,PT_GetSystemTime_FW
0xff85b7b0,PT_GetWeakBatLv_FW
0xff85ba94,PT_LCD_BkColorDef_FW
0xff85bbf0,PT_MFOff
0xff85bbf0,PT_MFOff_FW
0xff85bbe0,PT_MFOn
0xff85bbe0,PT_MFOn_FW
0xff85b954,PT_mod_FW
0xff85bb78,PT_MoveDigitalZoomAt_FW
0xff85bb58,PT_MoveDigitalZoomToTele_FW
0xff85bb68,PT_MoveDigitalZoomToWide
0xff85bb68,PT_MoveDigitalZoomToWide_FW
0xff85bb40,PT_MoveOpticalZoomAt
0xff85bb40,PT_MoveOpticalZoomAt_FW
0xff85bb18,PT_MoveOpticalZoomToTele_FW
0xff85bb2c,PT_MoveOpticalZoomToWide_FW
0xff85b628,PT_MovieRecordStopped_FW
0xff85b608,PT_NextShootAvailable_FW
0xff85b1c4,PT_PlaySound
0xff85ba78,PT_PlaySound_FW
0xff85b600,PT_RecreviewAvailable_FW
0xff85b990,PT_SetPropertyCaseInt_FW
0xff85b6ec,PT_StartBatteryTest_FW
0xff85bbd0,PT_UnlockAE_FW
0xff85bbb0,PT_UnlockAF_FW
0xff95cae8,PTM_AllReset_FW
0xff8758e8,PTM_AllResetToFactorySetting_FW
0xff95d814,PTM_BackupUIProperty_FW
0xff875d6c,PTM_GetCurrentItem
0xff875d6c,PTM_GetCurrentItem_FW
0xff95ce4c,PTM_GetWorkingCaptureMode_FW
0xff95d748,PTM_IsEnableItem_FW
0xff95d1fc,PTM_NextItem
0xff95d1fc,PTM_NextItem_FW
0xff95d204,PTM_PrevItem
0xff95d204,PTM_PrevItem_FW
0xff875e0c,PTM_RestoreUIProperty_FW
0xff875c44,PTM_SetCurrentCaptureMode_FW
0xff95ce64,PTM_SetCurrentItem
0xff95ce64,PTM_SetCurrentItem_FW
0xff95d500,PTM_SetPropertyEnable
0xff95d500,PTM_SetProprietyEnable_FW
0xffa2ab90,PutInNdFilter
0xffa83924,PutInNdFilter_FW
0xffa2abb4,PutOutNdFilter
0xffa8395c,PutOutNdFilter_FW
0xff86a040,PutsCameraLogEvent_FW
0xff9b1b14,qsort
0xff9d5d28,QuietImager_FW
0xff81d94c,rand
0xff81a094,Read
0xff81a094,Read_FW
0xffa13470,ReadFastDir
0xff813b78,realloc
0xffa1ae70,reboot_fw_update
0xff876e58,Rec2PB
0xffa2a9a4,ReceiveMechaCircuitDataAll_FW
0xff827d8c,ReceiveMessageQueue
0xff81bc04,ReceiveMessageQueueStrictly
0xff8478ec,RefreshAdjustmentTableMirror_FW
0xff9b1258,RefreshPhysicalScreen
0xffa87a80,RegistColorMatrix_FW
0xff869260,RegisterEventProcedure
0xff81b4d8,RegisterInterruptHandler
0xff9529bc,RegisterLanguageName_FW
0xff8281a4,ReleaseRecursiveLock
0xff8bfaec,ReloadCdsAdjustment_FW
0xff9dbe68,ReloadColorAdjustment_FW
0xffa8ab7c,ReloadDefectAdjustmentData_FW
0xff9d294c,ReloadEfAdjustment_FW
0xff92f0ec,ReloadFocusLensAdjustment_FW
0xff92fccc,ReloadIrisAdjustment_FW
0xff930fa0,ReloadNdFilterAdjustment_FW
0xffa8ab5c,ReloadShadingAdjustmentData_FW
0xff9cc618,ReloadWBAdjustment_FW
0xff9334d4,ReloadZoomAdjustment_FW
0xff823dd8,Remove
0xff9faa74,RemoveTransparentMemory_FW
0xff8235e8,RenameFile_Fut
0xffa85610,ResetFocus_FW
0xffa29c88,ResetFocusLens
0xffa29c88,ResetFocusLens_FW
0xffa2a77c,ResetIris_FW
0xffa84d08,ResetZoom_FW
0xffa2ac80,ResetZoomLens
0xffa2ac80,ResetZoomLens_FW
0xffa2acac,ResetZoomLensToFirst_FW
0xffa2acec,ResetZoomLensToTermiante_FW
0xffa84e1c,ResetZoomToAdjFirstPoint_FW
0xffa84e60,ResetZoomToAdjTerminatePoint_FW
0xffa84d3c,ResetZoomToFirst_FW
0xffa84d3c,ResetZoomToFirstPoint_FW
0xffa84d70,ResetZoomToTerminate_FW
0xffa84d70,ResetZoomToTerminatePoint_FW
0xff829de0,Restart
0xff86c0f8,RomCheckSum_FW
0xff81c3f8,RotateConsoleZOder_FW
0xff847690,SaveAdjustmentTable_FW
0xff8476a8,SaveAdjustmentValue_FW
0xffa89684,SaveBatSenseOffsetAdjustmentTable_FW
0xffa89c28,SaveBmpVRAMData_FW
0xffa8a12c,SaveFactoryReserveData_FW
0xffa89d68,SaveFromImage_FW
0xff9529b8,SaveLanguageNameList_FW
0xffa89cd8,SavePaletteData
0xffa89cd8,SavePaletteData_FW
0xffa2e178,SDump_FW
0xff8584a4,SearchBCentralPosition_FW
0xff8584a4,SearchISLensCentralPosition_FW
0xffa8635c,SelectAdjBPFilter_FW
0xffa2b30c,SelectPositionSignal_FW
0xffa2a980,SendMechaCircuitData_FW
0xff874d94,set_control_event
0xffa87ecc,SetAdj_AEMode_FW
0xffa82d64,SetAdjAEIntegSmearLimitter_FW
0xffa8637c,SetAdjAFWinPos_FW
0xffa8347c,SetAdjCdsMode_FW
0xffa87db8,SetAE_CdsGainValue_FW
0xffa87c7c,SetAE_ShutterSpeed
0xffa87c7c,SetAE_ShutterSpeed_FW
0xffa82d5c,SetAEIntegAverageOBData_FW
0xffa8235c,SetAEIntegralValueProperty_FW
0xffa822f8,SetAEIntegStrobeProperty_FW
0xffa82a34,SetAEIntegValueBit_FW
0xffa829e0,SetAEIntegWindowsMode_FW
0xff8754ac,SetAutoShutdownTime
0xff8754ac,SetAutoShutdownTime_FW
0xffa863bc,SetBPFilterForBP_FW
0xffa8338c,SetCDSGain_FW
0xffa83464,SetCDSGainStep_FW
0xffa8338c,SetCdsGainValue_FW
0xffa833b8,SetCdsPreGain_FW
0xffa83410,SetCdsPreGainReg_FW
0xff87c2b8,SetCurrentCaptureModeType
0xff87c2b8,SetCurrentCaptureModeType_FW
0xffa8969c,SetDate_FW
0xffa89898,SetDay_FW
0xffa9cbb4,SetDCMotorWaitTime_FW
0xffa82d74,SetDefaultAEIntegSmearLimitter_FW
0xff901324,SetDefaultRecParameter_FW
0xff901668,SetDefectRecParameter_FW
0xffa832f8,SetDeltaCDSGain_FW
0xff8462cc,SetDUIDFixFlag_FW
0xff827b08,SetEventFlag
0xffa8785c,SetExStrobeMode_FW
0xff8461d4,SetFactoryMode_FW
0xffa89ef4,SetFactorySerialNumber_FW
0xff8240bc,SetFileAttributes
0xff82406c,SetFileTimeStamp
0xffa2a2a4,SetFocusLensCondition_FW
0xffa2a290,SetFocusLensDefaultPullOutTable_FW
0xffa2a64c,SetFocusLensDriveVoltage_FW
0xffa2a6c4,SetFocusLensHoldVoltage_FW
0xffa2a448,SetFocusLensMaxSpeedLimit_FW
0xffa2a688,SetFocusLensSettingWaitVoltage_FW
0xffa2a1a8,SetFocusLensSpeed_FW
0xffa2a1d4,SetFocusLensSpeedTable_FW
0xffa2b0cc,SetGyro10BitDACPitch_FW
0xffa2b0e0,SetGyro10BitDACYaw_FW
0xffa2b150,SetGyroFilterChargeStart_FW
0xffa2b164,SetGyroFilterChargeStop_FW
0xffa2b0fc,SetGyroHPFINOffsetPitch_FW
0xffa2b110,SetGyroHPFINOffsetYaw_FW
0xffa89900,SetHour_FW
0xff8687c0,SetHPTimerAfterNow
0xff868840,SetHPTimerAfterTimeout
0xff93a34c,SetIgnoreAVJACK_FW
0xffa895c0,SetImageMode
0xffa89694,SetImageMode_FW
0xffa89670,SetInputVoltage_FW
0xffa8b0c0,SetISCutOffFreqIndex_FW
0xffa2aee4,SetISDriveAaxis_FW
0xffa2aef8,SetISDriveBaxis_FW
0xffa8b1e4,SetISGyro10BitDACPitch_FW
0xffa8b200,SetISGyro10BitDACYaw_FW
0xffa2af5c,SetISGyroGainAaxis_FW
0xffa2af70,SetISGyroGainBaxis_FW
0xffa8b21c,SetISGyroHPFINOffsetPitch_FW
0xffa8b238,SetISGyroHPFINOffsetYaw_FW
0xffa8aff0,SetISGyroPitchGain_FW
0xffa8b004,SetISGyroPitchOffset_FW
0xffa8afdc,SetISGyroYawGain_FW
0xffa8b000,SetISGyroYawOffset_FW
0xffa8b020,SetISHallDevicePitchGain_FW
0xffa8b048,SetISHallDevicePitchOffset_FW
0xffa8b00c,SetISHallDeviceYawGain_FW
0xffa8b034,SetISHallDeviceYawOffset_FW
0xffa2af34,SetISHallGainAaxis_FW
0xffa2af48,SetISHallGainBaxis_FW
0xffa2af0c,SetISHallOffsetAaxis_FW
0xffa2af20,SetISHallOffsetBaxis_FW
0xffa2b330,SetISHPFCutoff_FW
0xffa8b0c0,SetISHPFCutOffFreqIndex_FW
0xffa8b0d0,SetISLPFCutOffFreqAaxis_FW
0xffa8b0e0,SetISLPFCutOffFreqBaxis_FW
0xffa8afb4,SetISPitchPWM_FW
0xffa2b134,SetISTuningFlag_FW
0xffa8afc8,SetISYawPWM_FW
0xffa89b28,SetLangMenuType_FW
0xffa82d24,SetLineDefMarkThroughMode_FW
0xff875118,SetLogicalEventActive
0xffa8b0f4,SetLPFForParallelFilter_FW
0xffa2aad4,SetMechaShutterCloseDacSetting_FW
0xffa2aaf0,SetMechaShutterOpenDacSetting_FW
0xffa2ab0c,SetMechaShutterWaitTimeSetting_FW
0xffa89964,SetMinute_FW
0xffa8983c,SetMonth_FW
0xffa2abd8,SetNdDacSetting_FW
0xffa83384,SetObClamp_FW
0xffa83384,SetObClampValue_FW
0xffa844b0,SetOneShotWBParam_FW
0xffa844b0,SetOneTypeWBParam_FW
0xff95d814,SetParameterData
0xffa9ca50,SetPMByGpio_FW
0xff86ce8c,SetPropertyCase
0xff93a300,SetRawSWCheckMode_FW
0xffa845c4,SetReferenceWBGainForCalibration_FW
0xffa86080,SetScanLensIndex_FW
0xffa86188,SetScanWindowMode_FW
0xff875168,SetScriptMode
0xff875168,SetScriptMode_FW
0xff93a2b0,SetSDPwrPort_FW
0xffa899c8,SetSecond_FW
0xff90164c,SetSensitiveDefectRecParameter_FW
0xff90165c,SetSensitiveRecParameter_FW
0xffa8365c,SetShutterSpeed_FW
0xffa8360c,SetShutterSpeedWithMecha_FW
0xff81b518,SetSR
0xff828940,SetTimerAfter
0xff8289c0,SetTimerWhen
0xffa845f0,SetToolCorrectCoefficient_FW
0xff838a3c,SetUSBToDCPMode_FW
0xffa884a4,SetVideoOutType_FW
0xffa84584,SetWBYlStandardWidth_FW
0xffa82968,SetWhiteCoefficient_FW
0xffa897dc,SetYear_FW
0xffa235f4,SetZoomActuatorSpeedPPS_FW
0xffa85170,SetZoomLensEncoderPowerControl_FW
0xffa2ae5c,SetZoomLensSpeedMode_FW
0xffa8b058,SetZoomPointToIS_FW
0xffa2b2b8,SetZoomPosition_FW
0xff93a608,ShowAllTaskInfo_FW
0xff86a0f0,ShowCameraLog_FW
0xff86a084,ShowCameraLogInfo_FW
0xffa87c24,ShowCurrentExp_FW
0xff8473d0,ShowDefaultAdjTableVersion_FW
0xffa2a3d4,ShowFocusLensCurrentSpeedTable_FW
0xff95298c,ShowLanguageNameList_FW
0xff873310,ShowLogicalEventName_FW
0xff93a188,ShowMechaMacro_FW
0xff93a2f0,ShowPhySwStatus_FW
0xff93a334,ShowSDStatus_FW
0xff9fa9a4,ShowTransparentMemory_FW
0xff950260,ShutdownPlayModeMenu_FW
0xff950318,ShutdownPlayModeMenuWithoutPbRedraw_FW
0xff95019c,ShutdownRecModeMenu_FW
0xffa88184,SleepAE_FW
0xff8283ec,SleepTask
0xff8283ec,SleepTask_FW
0xff81d700,sprintf_FW
0xff81d940,srand
0xff85bc00,SS.Create_FW
0xff9b1b50,sscanf_FW
0xffa8647c,StartAdjAFService_FW
0xffa82ce8,StartAEIntegralService_FW
0xff8583d8,StartBDrive_FW
0xff8583e8,StartBPanDrive_FW
0xff86a138,StartCameraLog_FW
0xff93b364,StartClockMode_FW
0xffa86c84,StartCrwCustomScan_FW
0xffa86c00,StartCustomScan_FW
0xffa4b008,StartDirectTransferManager_FW
0xffa4bd04,StartDtConfirmMenu_FW
0xffaa289c,StartDtExecuteMenu_FW
0xffa8878c,StartEVFDrive_FW
0xffa88748,StartEVFDriveWithMode_FW
0xff846378,StartFactoryModeController_FW
0xff893fc8,StartGUISystem_FW
0xffa2b398,StartImStEventProc_FW
0xff8583d8,StartISAdjustmentDrive_FW
0xff8583d8,StartISDrive_FW
0xffa2aea8,StartISLocalAdjust_FW
0xff8583f8,StartISLocalAutoCenter_FW
0xff858438,StartISLocalHallAdjust_FW
0xff8583e8,StartISPanDrive_FW
0xff8ff25c,StartLogOut_FW
0xff95009c,StartPlayModeMenu_FW
0xff950104,StartRecModeMenu
0xff950104,StartRecModeMenu_FW
0xff81cf84,StartRedirectUART_FW
0xff9fb01c,StartSoundPlay_FW
0xff9fafe4,StartSoundRecord_FW
0xffa32308,StartTransferOrderMenu_FW
0xff86bc98,StartWDT_FW
0xff823f9c,stat
0xffa86808,StopAdjAFInteg_FW
0xffa865b8,StopAdjAFService_FW
0xffa82a5c,StopAEIntegralService_FW
0xff8583e0,StopBDrive_FW
0xff8583f0,StopBPanDrive_FW
0xff86a2fc,StopCameraLog_FW
0xff8c85e8,StopContinuousVRAMData_FW
0xffa86afc,StopCustomScan_FW
0xffa884d4,StopEVFDrive_FW
0xff8583e0,StopISAdjustmentDrive_FW
0xff8583e0,StopISDrive_FW
0xff8583f0,StopISPanDrive_FW
0xff8fef04,StopLogOut_FW
0xffa8791c,StopStrobeChargeForFA_FW
0xffa4bbbc,StoptDtConfirmMenu_FW
0xff86bcfc,StopWDT_FW
0xff894114,strcat
0xff89419c,strchr
0xff81d7dc,strcmp
0xff81d804,strcmp_FW
0xff81d7c4,strcpy
0xff81d7c4,strcpy_FW
0xff89459c,strftime
0xff81d820,strlen
0xff81d820,strlen_FW
0xff894150,strncmp
0xff82e1fc,strncpy
0xff8941c0,strrchr
0xff82e434,strtol
0xff82e238,strtolx
0xffa883f4,SwitchOffDisplay_FW
0xffa8842c,SwitchOnDisplay_FW
0xff93aca8,System.Create_FW
0xff93a618,System.Delete_FW
0xff93aca8,SystemEventInit_FW
0xff81b6ac,TakeSemaphore
0xff81b6ac,TakeSemaphore_FW
0xff81bbd8,TakeSemaphoreStrictly
0x000b9fec,task_AdditionAgent
0xff89df78,task_AfIntSrvTask
0xff82e514,task_AFTask
0xff8449bc,task_ASIF
0xff842cd4,task_AudioTsk
0xffa28ec8,task_AviEdit
0xffa25c10,task_AviRead
0xff937f08,task_AviWrite
0xff8416b8,task_BeepTask
0xff8ab6d4,task_BrtMsrTask
0xff829c54,task_Bye
0xff85dfc0,task_CaptSeq
0xff85dfc0,task_CaptSeqTask
0xff8150b4,task_ClockSave
0xff9dcdb8,task_CnctEntiRcv
0xff9dcee8,task_CnctEntiSnd
0xff9d328c,task_CntFlashTask
0xff878f40,task_CommonDrivers
0xff81bdd0,task_ConsoleSvr
0xffa2c078,task_CreateHeaderTask
0xffa8e0a0,task_CtgTotalTask
0xff8722b4,task_CtrlSrv
0xff92d664,task_CZ
0xff904018,task_dccdCalcTask
0xff9ea3b4,task_DCPClassTask
0xff9eb290,task_DcpTrnCtrl
0xff9eb3d0,task_DcpTrnTrns
0xffa18504,task_DecJpgRd
0xff8bb5f8,task_DetectMoveTask
0xff8bd228,task_DevelopModule
0xff9e0bbc,task_DirectOpEventQueueMngr
0xff90f6b0,task_DPOFTask
0xff8809e8,task_DSITask
0xff93e6a0,task_DvlpSeqTask
0xff8bd6c0,task_EFChargeT
0xffa9b0c4,task_EffctDrv
0xff8cb058,task_EntiCtrl
0xffa7df24,task_EvntExec
0xff86c99c,task_EvShel
0xff8b67e8,task_ExpDrv
0xff9ba770,task_ExpDrvSubTask
0xff8b67e8,task_ExpDrvTask
0xff880784,task_FaceFrame
0xff8f547c,task_Fencing
0xff9142c8,task_FileManMarkAllTask
0xffa0f380,task_FileScheduleTask
0xffa101b8,task_FileWrite
0xffa101b8,task_FileWriteTask
0xffa174a4,task_FilYuvMaker
0xffa1cc3c,task_FocusEvent
0xff9085bc,task_FolderCreateCheckTask
0xff918104,task_FORMAT_TASK_NAME
0xff918004,task_FORMAT_TASK_PROGRESS
0xff834e84,task_FramePosition
0xff84f6b8,task_FsIoNotifyTask
0xff837934,task_ImageSensorTask
0xff9279e0,task_ImgEdt
0xff854bd8,task_ImgPlayDrv
0xff92836c,task_ImgTrim
0xff878f08,task_InitFileModules
0xff933c8c,task_ISComTask
0xff857b78,task_ISMainTask
0xff842a40,task_JogDial
0xff841b08,task_LEDCon
0xff856344,task_LensController
0xff856de0,task_LensController
0xff81c488,task_LowConsole
0xffa2100c,task_MechaShutter
0xff908e04,task_MetaCtg
0xffa03c1c,task_MetaCtgPrsTask
0xff85f3c4,task_MovieCtrlTask
0xff93613c,task_MoviePlay
0xff859f88,task_MovieRecord
0xffa21970,task_Nd
0xff8ba64c,task_OBCtrlTask
0xff86a6e8,task_OpePlay
0xff821acc,task_PhySw
0xff8c8ab0,task_PrcssFil
0xff8d5f04,task_PreLoadTask
0xff85b670,task_PT_BatTestTask
0xff8d2c80,task_PTPSessionTASK
0xff9e99b8,task_RAPI_Task
0xff8dd038,task_RapiRevr
0xffa98450,task_ReadFileTask
0xffa114ec,task_ReadScheduleTask
0xff855da8,task_RedEyeCapt
0xff92a284,task_RedEyePly
0xff9deda8,task_ReqRecev
0xff842a40,task_RotaryEncoder
0xff852178,task_SD1stInit
0xff9e4138,task_SelectThumbCache
0xff9ddbd0,task_SesnDaem
0xff8cb63c,task_SesnMngr
0xff940d18,task_SoundPlay
0xff94037c,task_SoundRecord
0xff8c10a8,task_SsgMainTask
0xff8c12cc,task_SsgPeriodTask
0xff85d234,task_SsStartupTask
0xff86227c,task_SsTask
0xff81cc60,task_Startup
0xff82a4d0,task_StartupImage
0xff8c967c,task_SynchTask
0xff8c95f4,task_SyncPeriod
0xff820904,task_TempCheck
0xff8c4a28,task_TgTask
0xff845114,task_Thermometer
0xff8cc15c,task_TimerUtility
0xff8da638,task_TrnsCtrlTask
0xff81ce30,task_UartLog
0xff94136c,task_WavRead
0xff941d44,task_WavWrite
0xff8b972c,task_WBCtrl
0xff898fcc,task_WBIntegTask
0xff86bb24,task_WdtPrint
0xff86bbd8,task_WdtReset
0xffa22868,task_ZoomEvent
0xff93beac,TerminateAdjustmentSystem_FW
0xff84b588,Terminatedccd_FW
0xff84b588,TerminateDigicon_FW
0xffa8b318,TerminateMechaDevice_FW
0xff9fb098,TerminateSoundRec_FW
0xff84b0e0,TerminateTestRec_FW
0xff866f54,time
0xff827f50,TryPostMessageQueue
0xff827e38,TryReceiveMessageQueue
0xff81b658,TryTakeSemaphore
0xff881cac,TurnOffBackLight
0xff83e95c,TurnOffDisplay
0xffa2abb4,TurnOffNdFilter_FW
0xff8438f8,TurnOffVideoOutMode_FW
0xff881c94,TurnOnBackLight
0xff83e94c,TurnOnDisplay
0xffa2ab90,TurnOnNdFilter_FW
0xff8438c0,TurnOnVideoOutMode_FW
0xff93bd68,UI.Create_FW
0xff93bd68,UI_RegistDebugEventProc_FW
0xff93aef0,UI_ShowStateOfRecMode_FW
0xff875190,UiEvnt_StartDisguiseCradleStatus_FW
0xff8751a0,UiEvnt_StopDisguiseCradleStatus_FW
0xff96232c,UIFS_Capture_FW
0xff962434,UIFS_CaptureNoneStop_FW
0xff93b0ac,UIFS_ClosePopupStrobe_FW
0xff93b224,UIFS_ConnectVideo_FW
0xff88c398,UIFS_DeleteAllSound_FW
0xff93b254,UIFS_DisconnectVideo_FW
0xff93b374,UIFS_EndClockMode_FW
0xff93b398,UIFS_GetMovieRecoadableNumber_FW
0xff93b3e0,UIFS_GetStillShotableNumber_FW
0xff93b0dc,UIFS_MountExtFlash_FW
0xff9633f8,UIFS_MoveZoomTo_FW
0xff93b07c,UIFS_OpenPopupStrobe_FW
0xff93b13c,UIFS_PressTeleButton_FW
0xff93b1b0,UIFS_PressWideButton_FW
0xff93b28c,UIFS_RestartPostingUIEvent_FW
0xff93b334,UIFS_SetCaptureModeToISO3200_FW
0xff93b2f8,UIFS_SetCaptureModeToM_FW
0xff93b32c,UIFS_SetCaptureModeToMacro_FW
0xff93b290,UIFS_SetCaptureModeToP_FW
0xff93b2c4,UIFS_SetCaptureModeToTv_FW
0xff93b390,UIFS_SetCradleSetting_FW
0xff93b030,UIFS_SetDialMovieRec_FW
0xff93b058,UIFS_SetDialPlay_FW
0xff93aff0,UIFS_SetDialStillRec_FW
0xff93b364,UIFS_StartClockMode_FW
0xff87fd24,UIFS_StartMovieRecord_FW
0xff88c298,UIFS_StartRecordSound_FW
0xff87fd58,UIFS_StopMovieRecord_FW
0xff93b288,UIFS_StopPostingUIEvent_FW
0xff88c2d8,UIFS_StopRecordSound_FW
0xff93b10c,UIFS_UnmountExtFlash_FW
0xff93b178,UIFS_UnpressTeleButton_FW
0xff93b1ec,UIFS_UnpressWideButton_FW
0xff951064,UIFS_WriteFirmInfoToFile
0xff951064,UIFS_WriteFirmInfoToFile_FW
0xff883c94,UndisplayBusyOnScreen
0xff845ff4,UndisplayFactoryMode_FW
0xff86609c,UnLoadScript_FW
0xff825fa4,UnlockAE
0xff825bc8,UnlockAF
0xff87538c,UnlockMainPower
0xff87538c,UnlockMainPower_FW
0xffa87ab8,UnregistColorMatrix_FW
0xff81b4fc,UnregisterInterruptHandler
0xff962e40,UnsetZoomForMovie
0xff84f0fc,UpdateMBROnFlash
0xff82071c,VbattGet
0xff82071c,VbattGet_FW
0xffa2dbd8,VerifyByte_FW
0xff81d744,vsprintf
0xff93a5f4,Wait_FW
0xff827a40,WaitForAllEventFlag
0xff81bc88,WaitForAllEventFlagStrictly
0xff82799c,WaitForAnyEventFlag
0xff81bc5c,WaitForAnyEventFlagStrictly
0xff823e3c,Write
0xff823e3c,Write_FW
0xff8479f8,WRITEADJTABLETOFROM_FW
0xffa8af50,WriteGyroAdjustment_FW
0xffa8aefc,WriteHallDeviceAdjustment_FW
0xffa8af84,WritePWMAdjustment_FW
0xff922764,WriteSDCard
0xff942b08,WriteToRom_FW
