0x000c5f44,task_AdditionAgent
0x003f1b9c,DisableDispatch_low
0x003f1bc8,EnableDispatch_low
0x003f1c1c,get_self_task_id
0x003f2278,get_task_properties
0x003f5624,RegisterInterruptHandler
0x003f5694,UnregisterInterruptHandler
0x003f5740,GetSRAndDisableInterrupt
0x003f5744,SetSR
0x003f5764,EnableInterrupt
0x003f5778,CreateTask
0x003f5778,CreateTask_FW
0x003f5a04,ExitTask
0x003f5a04,ExitTask_FW
0x003f5a58,DebugAssert
0x003f7968,CreateBinarySemaphore
0x003f79d8,CreateCountingSemaphore
0x003f79d8,CreateCountingSemaphore_FW
0x003f7a38,DeleteSemaphore
0x003f7a38,DeleteSemaphore_FW
0x003f7a98,TryTakeSemaphore
0x003f7af0,TakeSemaphore
0x003f7af0,TakeSemaphore_FW
0x003f7bc8,GiveSemaphore
0x003f7bc8,GiveSemaphore_FW
0x003f7c04,GetSemaphoreValue
0x003f7c6c,CreateTaskStrictly
0x003f7ca4,CreateMessageQueueStrictly
0x003f7ccc,CreateEventFlagStrictly
0x003f7cf4,CreateBinarySemaphoreStrictly
0x003f7d1c,CreateCountingSemaphoreStrictly
0x003f7d44,CreateRecursiveLockStrictly
0x003f7d6c,TakeSemaphoreStrictly
0x003f7d98,ReceiveMessageQueueStrictly
0x003f7dc4,PostMessageQueueStrictly
0x003f7df0,WaitForAnyEventFlagStrictly
0x003f7e1c,WaitForAllEventFlagStrictly
0x003f7e48,AcquireRecursiveLockStrictly
0x003f7fcc,CreateEventFlag
0x003f802c,DeleteEventFlag
0x003f8080,CheckAnyEventFlag
0x003f80c8,CheckAllEventFlag
0x003f8110,WaitForAnyEventFlag
0x003f81fc,WaitForAllEventFlag
0x003f82c8,SetEventFlag
0x003f82fc,ClearEventFlag
0x003f8334,GetEventFlagValue
0x003f8388,CreateMessageQueue
0x003f8424,DeleteMessageQueue
0x003f84b8,ReceiveMessageQueue
0x003f85b0,TryReceiveMessageQueue
0x003f860c,PostMessageQueue
0x003f86d0,TryPostMessageQueue
0x003f8710,GetNumberOfPostedMessages
0x003f8784,CreateRecursiveLock
0x003f87dc,DeleteRecursiveLock
0x003f8830,AcquireRecursiveLock
0x003f8964,ReleaseRecursiveLock
0x003f89f4,DisableDispatch
0x003f8a50,SetValidSystemCalender
0x003f8a60,GetValidSystemCalender
0x003f8a80,IsInvalidTime
0x003f8a98,PauseTimeOfSystem
0x003f8aa8,ResumeTimeOfSystem
0x003f8d2c,SleepTask
0x003f8d2c,SleepTask_FW
0x003f8d78,EnableDispatch
0x003f9210,time
0x003f92c4,GetTimeOfSystem_FW
0x003f9a38,LocalTime
0x003fc384,_divmod_signed_int
0x003fc81c,_divmod_unsigned_int
0x003fcbc8,_log
0x003fd108,_log10
0x003fd280,_pow
0x003fe230,_safe_sqrt
0x003fe27c,_dadd
0x003fe554,_ddiv
0x003fea20,_dfix
0x003fead0,_dfixu
0x003feb58,_dflt
0x003feb88,_dfltu
0x003feb94,_dcmp
0x003fec1c,_dmul
0x003fedec,_dcmp_reverse
0x003fee8c,_drsb
0x003feea4,_sqrt
0x003ff018,_dsub
0x003ff39c,_f2d
0x003ff520,_fdiv
0x003ff704,_ffix
0x003ff778,_ffixu
0x003ff7d8,_fflt
0x003ff80c,_ffltu
0x003ff88c,_fmul
0x003ffd8c,_scalbn
0xff810b68,memShow_FW
0xff812a58,task_ClockSave
0xff813638,get_self_task_errno_pointer
0xff81369c,GetMemInfo
0xff813f04,open
0xff813fb4,close
0xff814158,Read
0xff814158,Read_FW
0xff814a48,err_init_task
0xff814b6c,_uartr_req
0xff814bfc,task_UartLog
0xff814da0,StartRedirectUART_FW
0xff814eb4,StopRedirectUART_FW
0xff81503c,sprintf_FW
0xff815058,strcpy
0xff815058,strcpy_FW
0xff815070,memcmp
0xff815070,memcmp_FW
0xff81516c,j_strcmp_FW
0xff81516c,strcmp
0xff815194,strcmp_FW
0xff8151b0,strlen
0xff8151b0,strlen_FW
0xff815298,malloc
0xff8152f0,free
0xff815ec0,AllocateUncacheableMemory
0xff815efc,FreeUncacheableMemory
0xff816090,_GetSystemTime
0xff8161c8,SetTimerAfter
0xff816234,SetTimerWhen
0xff816298,CancelTimer
0xff816b3c,RenameFile_Fut
0xff816bd0,DeleteFile_Fut,(stubs_entry_2.s)
0xff816c44,DeleteDirectory_Fut
0xff816c9c,Fopen_Fut
0xff816c9c,Fopen_Fut_FW
0xff816cdc,Fclose_Fut
0xff816cdc,Fclose_Fut_FW
0xff816d88,Fread_Fut
0xff816d88,Fread_Fut_FW
0xff816ddc,Fwrite_Fut
0xff816ddc,Fwrite_Fut_FW
0xff816e30,Fgets_Fut
0xff816e7c,Fseek_Fut
0xff816e7c,Fseek_Fut_FW
0xff816ec8,Feof_Fut
0xff816f04,Fflush_Fut
0xff81717c,Open
0xff81717c,Open_FW
0xff817244,Close
0xff817244,Close_FW
0xff817298,Write
0xff817298,Write_FW
0xff8172ec,j_Open_FW
0xff8172f0,j_Close_FW
0xff817368,Remove
0xff8173f0,j_Read_FW
0xff8173f4,j_Write_FW
0xff817460,Lseek
0xff817460,lseek
0xff817460,Lseek_FW
0xff817480,OpenForScrip_FW
0xff8174a8,stat
0xff8175d0,SetFileTimeStamp
0xff817648,SetFileAttributes
0xff8176e0,mkdir
0xff8178e8,j_StartCameraLog_FW
0xff8178ec,j_ShowCameraLog_FW
0xff8178f0,j_ShowCameraLogInfo_FW
0xff8178f4,j_StopCameraLog_FW
0xff8178f8,j_PutsCameraLogEvent_FW
0xff8178fc,OpLog.Create_FW
0xff817978,j_NewTaskShell_FW
0xff81797c,j_ExMem.View_FW
0xff817980,j_ExMem.AllocUncacheable_FW
0xff817984,j_ExMem.FreeUncacheable_FW
0xff817988,j_ExMem.AllocCacheable_FW
0xff81798c,j_ExMem.FreeCacheable_FW
0xff817990,ExMem_FW
0xff817c84,task_Startup
0xff817d98,vsprintf
0xff817dd8,strncpy
0xff81957c,task_StartupImage
0xff81a6c4,task_BatteryTask
0xff81abc8,GetVBatVoltage_FW
0xff81abc8,VbattGet
0xff81abc8,VbattGet_FW
0xff81b628,kbd_p2_f
0xff81b98c,task_PhySw
0xff81bd84,GetSwitchStatus_FW
0xff81bdf0,GetSDDetect_FW
0xff81bdf8,GetSDProtect
0xff81bdf8,GetSDProtect_FW
0xff81be1c,GetDialEventId_FW
0xff81be20,GetLcdPosition_FW
0xff81be28,GetBatteryCoverClose_FW
0xff81be30,IsHvSensorExist_FW
0xff81be38,GetPopupOpen_FW
0xff81be44,kbd_read_keys
0xff81be94,kbd_p1_f
0xff81bea0,kbd_p1_f_cont
0xff81bf80,EngDrvOut
0xff81bf98,EngDrvIn
0xff81bfa0,EngDrvRead
0xff81bfb4,EngDrvBits
0xff81c1d8,DisplayFactoryMode_FW
0xff81c1e4,UndisplayFactoryMode_FW
0xff81c1f0,task_bomStopPTPIPTask
0xff81c21c,StopPtpipServiceForFAWLAN_FW
0xff81c2dc,SetWLANFactoryMode_FW
0xff81c2e4,ClearWLANFactoryMode_FW
0xff81c2ec,SetSSIDForFAWLAN_FW
0xff81c634,SetDurianMode_FW
0xff81c674,ClearDurianMode_FW
0xff81c674,ClearFactoryMode_FW
0xff81c6b4,SetFactoryMode_FW
0xff81c6f4,ClearDUIDFixFlag_FW
0xff81c72c,SetDUIDFixFlag_FW
0xff81c848,ClearFactoryMasterFlag_FW
0xff81c854,SetFactoryMasterFlag_FW
0xff81c860,ClearFactoryMasterROMProtection_FW
0xff81c884,SetFactoryMasterROMProtection_FW
0xff81c8a8,IsFactoryMode_FW
0xff81c910,IsDUIDFixFlag_FW
0xff81c958,IsNormalCameraMode_FW
0xff81c970,StartFactoryModeController_FW
0xff81cb48,task_FsIoNotifyTask
0xff81f998,get_fstype
0xff81fa20,GetDrive_ClusterSize
0xff820240,GetDrive_TotalClusters
0xff82026c,GetDrive_FreeClusters
0xff821248,MoveOpticalZoomAt
0xff821478,SS.GetDigitalZoomPosition_FW
0xff8219fc,DoAFLock
0xff821a2c,UnlockAF
0xff821cec,EnterToCompensationEVF
0xff821d34,ExitFromCompensationEVF
0xff821d94,DoAELock
0xff821e24,UnlockAE
0xff822474,MenuIn
0xff8224a0,MenuOut
0xff823048,drysh_FW
0xff823100,ExMem.View_FW
0xff82358c,exmem_ualloc
0xff8235e8,ExMem.AllocUncacheable_FW
0xff8236d8,exmem_ufree
0xff823728,ExMem.FreeUncacheable_FW
0xff82373c,exmem_alloc
0xff8237a4,ExMem.AllocCacheable_FW
0xff8237b4,exmem_free
0xff823828,ExMem.FreeCacheable_FW
0xff823ac8,RegisterEventProcedure
0xff823bf0,ExecuteEventProcedure
0xff823c68,ExecuteEventProcedure_FW
0xff824528,ExportToEventProcedure_FW
0xff824534,CreateProxyOfEventProcedure_FW
0xff82458c,DeleteProxyOfEventProcedure_FW
0xff82460c,PutsCameraLogEvent_FW
0xff824650,ShowCameraLogInfo_FW
0xff8246bc,ShowCameraLog_FW
0xff82470c,StartCameraLog_FW
0xff8248d4,StopCameraLog_FW
0xff824934,LogCameraEvent
0xff824de0,task_OpePlay
0xff824f34,OpLog.Stop_FW
0xff824f60,OpLog.WriteToROM_FW
0xff824f90,j_OpLog.WriteToROM_FW
0xff824fc4,OpLog.ReadFromROM_FW
0xff82502c,OpLog.ReadFromSD_FW
0xff82546c,OpLog.WriteToSD_FW
0xff8259c0,OpLog.Get_FW
0xff8259e0,OpLog.GetUsrSet_FW
0xff825aa0,OpLog.Play_FW
0xff825cb8,OpLog.Start_FW
0xff825da4,OpLog.Terminate_FW
0xff82672c,task_EvShel
0xff8267e0,NewTaskShell
0xff826840,NewTaskShell_FW
0xff8269e0,TurnOffE1_FW
0xff826a8c,task_Bye
0xff826c3c,Restart
0xff8270c8,HardwareDefectWithRestart_FW
0xff82711c,HardwareDefect_FW
0xff827220,malloc_strictly
0xff827400,atol_FW
0xff82740c,strtolx
0xff827608,strtol
0xff82761c,strcat
0xff827658,strncmp
0xff8276a4,strchr
0xff832c1c,ExpCtrlTool_StartContiAE
0xff832d90,ExpCtrlTool_StopContiAE
0xff835638,task_WBCtrl
0xff837810,task_AFTask
0xff838a4c,GetMacroSupportZoomPoint_FW
0xff83a47c,ImagerActivate
0xff83ba78,task__imageSensorTask
0xff83c454,SetMontblancVSize_FW
0xff83c468,GetMontblancVSize_FW
0xff83f0f4,LiveImageTool.GetDzoomPosition_FW
0xff83fa30,GetVRAMHPixelsSize
0xff83fa30,GetVRAMHPixelsSize_FW
0xff83fa3c,GetVRAMVPixelsSize
0xff83fa3c,GetVRAMVPixelsSize_FW
0xff83fa48,GetMovieJpegVRAMHPixelsSize_FW
0xff83fa54,GetMovieJpegVRAMVPixelsSize_FW
0xff849254,UIFS_CancelStoreLensTimer_FW
0xff84948c,PB2Rec
0xff8494cc,Rec2PB
0xff849e18,task_InitFileModules
0xff849e50,task_CommonDrivers
0xff84d2b0,UIFS_StartMovieRecord_FW
0xff84d2d4,UIFS_StopMovieRecord_FW
0xff850460,UIFS_IsAvailableShots_FW
0xff850a40,UIFS_GetStillShotableNumber_FW
0xff850a44,UIFS_GetMovieRecoadableNumber_FW
0xff8537f4,DispCon_ShowColorBar_FW
0xff85384c,DispCon_ShowFiveStep_FW
0xff85392c,DispCon_ShowWhiteChart_FW
0xff853964,DispCon_ShowBlackChart_FW
0xff853980,DispCon_ShowBitmapColorBar
0xff853980,DispCon_ShowBitmapColorBar_FW
0xff8539dc,DispCon_ShowCustomColorBar_FW
0xff853a30,DispCon_SetDisplayType_FW
0xff853a50,DispCon_ShowColorChart_FW
0xff853a6c,DispCon_ShowWhiteLine_FW
0xff853c40,DispCon_ShowNStepsChart_FW
0xff853db0,DispCon_TurnOnDisplay_FW
0xff853db0,TurnOnDisplay
0xff853dc0,DispCon_TurnOffDisplay_FW
0xff853dc0,TurnOffDisplay
0xff853dd0,DispCon_TurnOnBackLight_FW
0xff853de0,DispCon_TurnOffBackLight_FW
0xff853df0,DispCon_SetMaxBackLightBrightness_FW
0xff853e7c,DispCon_SetVideoAdjParameter_FW
0xff853f04,DispCon_GetVideoAdjParameter_FW
0xff853f60,DispCon_ShowVideoAdjParameter_FW
0xff853f8c,DispCon_SaveVideoAdjParameter_FW
0xff854014,DispCon_SetLcdGainAdjParameter_FW
0xff8540d8,DispCon_GetLcdGainAdjParameter_FW
0xff854114,DispCon_ShowLcdGainAdjParameter_FW
0xff854124,DispCon_SaveLcdGainAdjParameter_FW
0xff854f28,GetAdVBattBottom_FW
0xff854f30,GetAdChValue
0xff854f30,GetAdChValue_FW
0xff856860,GetTimeFromRTC
0xff856b50,task_BeepTask
0xff856ed8,BeepDrive_FW
0xff856ef8,BeepDriveComp_FW
0xff85739c,Dcdc_Bl_Pwr_Ctrl_FW
0xff8576ac,Dcdc_reg_write_FW
0xff8576e8,Dcdc_reg_read_FW
0xff857d4c,task_LEDCon
0xff8586dc,kbd_read_keys_r2
0xff858e1c,GetKbdState
0xff858f98,task_RotaryEncoder
0xff85941c,WriteToRom_FW
0xff859478,EraseRom_FW
0xff859534,GetRomID_FW
0xff85977c,task_AudioTsk
0xff85ac04,TurnOnVideoOutMode_FW
0xff85ac3c,TurnOffVideoOutMode_FW
0xff85b250,GetInputAverageLevel_FW
0xff85b268,SetStereoSeparation_FW
0xff85c050,task_Thermometer
0xff85c248,GetCCDTemperature
0xff85c248,GetCCDTemperature_FW
0xff85c2c0,GetBatteryTemperature
0xff85c2c0,GetBatteryTemperature_FW
0xff85c338,GetOpticalTemperature
0xff85c338,GetOpticalTemperature_FW
0xff85c3ec,IsOpticalTemperature_FW
0xff85c420,IsCCDTemperature_FW
0xff85c454,IsBatteryTemperature_FW
0xff85c4a4,j_GetOpticalTemperature_FW
0xff85c4a8,j_GetCCDTemperature_FW
0xff85c4ac,j_GetBatteryTemperature_FW
0xff85c4b0,j_IsOpticalTemperature_FW
0xff85c4b4,j_IsCCDTemperature_FW
0xff85c4b8,j_IsBatteryTemperature_FW
0xff85e04c,task_FrameTask
0xff861b98,EraseAdjustmentArea_FW
0xff861bc4,DumpAdjMirror_FW
0xff861c78,GetAdjTableVersion_FW
0xff861cac,j_GetAdjTableVersion_FW
0xff861cb0,GetAdjTableMapVersion_FW
0xff861cc0,GetAdjTableValueVersion_FW
0xff861cd4,ShowDefaultAdjTableVersion_FW
0xff861d74,LoadAdjustmentTable_FW
0xff861d84,LoadDefectAdjTable_FW
0xff8620f8,SaveAdjustmentTable_FW
0xff862164,SaveDefectAdjTable_FW
0xff862180,SaveAdjustmentValue_FW
0xff8621b8,LoadAdjustmentValue_FW
0xff8621dc,PrintAdjTableMap_FW
0xff8624dc,CreateAdjustmentTableMirror_FW
0xff8624e4,RefreshAdjustmentTableMirror_FW
0xff8624ec,CreateDefectTableMirror_FW
0xff8624f4,RefreshDefectTableMirror_FW
0xff8624fc,j_CreateUserSettingMirror_FW
0xff862500,PrintAdjKabotanInfo_FW
0xff862590,WRITEADJTABLETOFROM_FW
0xff8625c4,j_WRITEADJTABLETOFROM_FW
0xff8625c8,WRITEADJUSTMENTDATATOFROM_FW
0xff8625fc,WRITEUSERSETTINGDATATOFROM_FW
0xff8629e0,GetDCPAdjOffset_FW
0xff862e7c,GetAdjustmentOffset_FW
0xff862e84,GetProductID_FW
0xff862ea0,GetAdjDataAreaAddress_FW
0xff862ebc,CreateUserSettingMirror_FW
0xff866f64,InitializeTestRec_FW
0xff866fd0,TerminateTestRec_FW
0xff867990,Initializedccd_FW
0xff867990,InitializeDigicon_FW
0xff867a9c,Terminatedccd_FW
0xff867a9c,TerminateDigicon_FW
0xff867b08,ExecuteDigicon_FW
0xff8681e0,Executedccd_FW
0xff868270,GetdccdImage_FW
0xff86845c,GetdccdFilterValue_FW
0xff868548,j_InitializeTestRec_FW
0xff86854c,j_TerminateTestRec_FW
0xff868550,ExecuteTestRec_FW
0xff868564,ExecuteTestRecCF_FW
0xff868564,ExecuteTestRecSD_FW
0xff86857c,SetTestRecMasterCxCy_FW
0xff8685c0,ExecuteTestRecWithInteg_FW
0xff8685d8,ExecuteTestRecSw1_FW
0xff868624,GetTestRecCrawAddress_FW
0xff868630,CalculateTestRecYUVData_FW
0xff868640,SetTestRecSkimmingYUV_FW
0xff868684,ExecuteTestRecDevelopProcess_FW
0xff868764,j_Initializedccd_FW
0xff868764,j_InitializeDigicon_FW
0xff868768,j_Terminatedccd_FW
0xff868768,j_TerminateDigicon_FW
0xff86876c,j_ExecuteDigicon_FW
0xff868770,j_Executedccd_FW
0xff868774,j_GetdccdImage_FW
0xff868778,j_GetdccdFilterValue_FW
0xff86877c,ResetRegistNoticeCBR_FW
0xff86878c,RegistFirmScanNoticeCBR_FW
0xff86c24c,task_MediaStatusMngr
0xff86e750,task_SD1stInit
0xff86efa0,task_RedEyeCapt
0xff872278,GetUsableAvRange
0xff8733a8,GetCurrentAvValue
0xff8733a8,GetCurrentAvValue_FW
0xff8733a8,GetIrisAv_FW
0xff873584,GetCurrentIrisPosition_FW
0xff873584,GetIrisCurrentPosition_FW
0xff873b34,IsLensOutside_FW
0xff873b58,task_LensController
0xff8750dc,GetFocusStartZoomPosition_FW
0xff875784,task_MechaAlarm
0xff875d40,task_ISMainTask
0xff876060,ISInitMotion_FW
0xff876878,GetISPWMFrequency_FW
0xff87691c,StartISLocalAutoCenter_FW
0xff87695c,StartISLocalHallAdjust_FW
0xff876c8c,GetGyroDataPitch_FW
0xff876ca8,GetGyroDataYaw_FW
0xff876cdc,GetGyro10BitDACPitch_FW
0xff876ce8,GetGyro10BitDACYaw_FW
0xff876d14,GetGyroHPFINOffsetPitch_FW
0xff876d30,GetGyroHPFINOffsetYaw_FW
0xff876d4c,GetGyroHPFINPitch_FW
0xff876d54,GetGyroHPFINYaw_FW
0xff87711c,GetDISModeParameter_FW
0xff877290,GetFixedPWMOutA_FW
0xff87729c,GetFixedPWMOutB_FW
0xff879044,task_SsStartupTask
0xff87a64c,task_CaptSeq
0xff87a64c,task_CaptSeqTask
0xff881cd8,SSFS_CompleteCaptModeChange_FW
0xff881cd8,SSFS_CompleteFileWrite_FW
0xff881cd8,SSFS_CompletePreCapt_FW
0xff881cd8,SSFS_CompleteShootPicture_FW
0xff881cd8,SSFS_CompleteStopDigZoom_FW
0xff881cd8,SSFS_CompleteStopZoom_FW
0xff881cd8,SSFS_CompleteSynchroWrite_FW
0xff881cd8,SSFS_ShootPicture_FW
0xff881d58,task_SsTask
0xff884824,GetLogToFile_FW
0xff884848,IsRomLogAvailable_FW
0xff88485c,EraseLogSector_FW
0xff885180,GetCurrentMachineTime
0xff88617c,ExecuteShutDownPropertyService_FW
0xff886370,get_resource_pointer
0xff88663c,UnLoadScript_FW
0xff886728,Printf_FW
0xff886738,LoadScript_FW
0xff8876b0,SetHPTimerAfterNow
0xff887730,SetHPTimerAfterTimeout
0xff8877b8,CancelHPTimer
0xff889194,task_WdtPrint
0xff889244,task_WdtReset
0xff889304,StartWDT_FW
0xff889364,StopWDT_FW
0xff889464,GetBuildDate_FW
0xff88946c,GetBuildTime_FW
0xff889474,GetFirmwareVersion_FW
0xff8894e4,GetInternalFirmwareVersion_FW
0xff889580,CheckSumAll_FW
0xff889768,RomCheckSum_FW
0xff889820,task_ConsoleSvr
0xff889e2c,RotateConsoleZOder_FW
0xff889ebc,task_LowConsole
0xff88a03c,CPrintf_FW
0xff88a094,CPutChar_FW
0xff88a0bc,GetCh_FW
0xff88a10c,GetStringWithPrompt_FW
0xff88a1ac,OpenConsole_FW
0xff88a2dc,CloseConsole_FW
0xff88adb0,SetPropertyCase
0xff88af50,GetPropertyCase
0xff88bcc4,task_CtrlSrv
0xff88c5bc,CreateController_FW
0xff88c69c,DeleteController_FW
0xff88c798,MoveControllerToTopOfZOrder_FW
0xff88c840,CtrlMan_ChangeZOrder_FW
0xff88c8d8,GetSelfControllerHandle_FW
0xff88cde4,PostLogicalEventForNotPowerType
0xff88cde4,PostLogicalEventForNotPowerType_FW
0xff88ce30,PostLogicalEventToUI
0xff88ce30,PostLogicalEventToUI_FW
0xff88cff0,PostEventShootSeqToUI_FW
0xff88d04c,ShowLogicalEventName_FW
0xff88eb60,set_control_event
0xff88eefc,IsControlEventActive_FW
0xff88ef6c,SetLogicalEventActive
0xff88ef6c,UiEvnt_SetLogicalEventActive_FW
0xff88efc0,SetScriptMode
0xff88efc0,SetScriptMode_FW
0xff88f034,UiEvnt_StartDisguiseCradleStatus_FW
0xff88f044,UiEvnt_StopDisguiseCradleStatus_FW
0xff88f180,UnlockMainPower
0xff88f180,UnlockMainPower_FW
0xff88f230,LockMainPower
0xff88f230,LockMainPower_FW
0xff88f2a8,SetAutoShutdownTime
0xff88f2a8,SetAutoShutdownTime_FW
0xff890a3c,PTM_AllResetToFactorySetting_FW
0xff890a4c,j_PTM_AllReset_FW
0xff890d50,PTM_SetCurrentCaptureMode_FW
0xff890eb8,j_PTM_GetWorkingCaptureMode_FW
0xff890ebc,j_PTM_SetCurrentItem_FW
0xff890ec8,PTM_GetCurrentItem
0xff890ec8,PTM_GetCurrentItem_FW
0xff890f34,j_PTM_NextItem_FW
0xff890f38,j_PTM_PrevItem_FW
0xff890f4c,j_PTM_IsEnableItem_FW
0xff890f50,j_PTM_SetProprietyEnable_FW
0xff890f68,j_PTM_BackupUIProperty_FW
0xff890f6c,PTM_RestoreUIProperty_FW
0xff891dfc,GUISrv_StartGUISystem
0xff891dfc,GUISrv_StartGUISystem_FW
0xff892d08,ScreenLock
0xff892d5c,ScreenUnlock
0xff8933d8,StartPlayModeMenu_FW
0xff8933f4,StartRecModeMenu
0xff8933f4,StartRecModeMenu_FW
0xff8934bc,ShutdownRecModeMenu_FW
0xff893670,ShutdownPlayModeMenu_FW
0xff893784,ShutdownPlayModeMenuWithoutPbRedraw_FW
0xff89c068,SetCurrentCaptureModeType
0xff89c068,SetCurrentCaptureModeType_FW
0xff89c0ec,GetCurrentCaptureModeType_FW
0xff89c818,task_FaceFrame
0xff89ea40,TurnOnBackLight
0xff89ea58,TurnOffBackLight
0xff89f1b4,PT_PlaySound
0xff8a1bf8,DisplayBusyOnScreen
0xff8a1d7c,UndisplayBusyOnScreen
0xff8a2454,mktime_ext
0xff8a24a0,strftime
0xff8a2bcc,memcpy
0xff8a2bcc,memcpy_FW
0xff8a2d18,strrchr
0xff8b530c,GetCurrentShutterSpeed
0xff8b530c,GetCurrentShutterSpeed_FW
0xff8b564c,GetCurrentExposureTime_FW
0xff8b9e60,task_WBIntegTask
0xff8bda50,DoMovieFrameCapture
0xff8c2814,task_BrtMsrTask
0xff8c6e8c,ExpCtrlTool.SetExpMode_FW
0xff8cb99c,task_ExpDrv
0xff8cb99c,task_ExpDrvTask
0xff8cd534,get_current_exp
0xff8dd73c,task_WBLPFace
0xff8e09e0,task_OBCtrlTask
0xff8e1a58,task_DetectMoveTask
0xff8e4388,task_DevelopModule
0xff8e4dd0,task_EFChargeT
0xff8e5114,EF.IsChargeFull_FW
0xff8e5114,IsStrobeChargeCompleted
0xff8e75ec,MovieAF.Suspend_FW
0xff8e7600,MovieAF.Resume_FW
0xff8e92c4,task_AfIntSrvTask
0xff903bb4,task_PrcssFil
0xff9052ec,j_GetBaseSv
0xff90579c,E2LatOn_FW
0xff9058ec,ActivateImager_FW
0xff905984,ActivateImagerXOne_FW
0xff905a6c,QuietImager_FW
0xff905b58,CancelImager_FW
0xff905b7c,ChangeImagerToWholeParallel_FW
0xff905b84,ChangeImagerToWholeParallelBP_FW
0xff905b8c,ChangeImagerToWholeParallelBPOne_FW
0xff905b94,ChangeImagerToCombiParallel_FW
0xff905b9c,ChangeImagerToWideDraft_FW
0xff905ba4,ChangeImagerToFocusJet_FW
0xff905bac,ChangeImagerToMangoPudding_FW
0xff905bb4,ChangeImagerToSuperWideDraft_FW
0xff905bbc,ChangeImagerToHoneyFlash_FW
0xff905bc4,ChangeImagerToMillefeAdjust_FW
0xff905bcc,ChangeImagerToDigiconMode_FW
0xff905bcc,ChangeImagerToOITA_XAVIER_FW
0xff905bd4,ChangeImagerToAlternateDraft_FW
0xff905bdc,ChangeImagerToUltraGhostQ_FW
0xff905be4,ChangeImagerToMontblancWhole_FW
0xff905bec,ChangeImagerToMontblancMillefe_FW
0xff905bf4,ChangeImagerToMontblancMovie_FW
0xff905bfc,ChangeImagerToHarleyDavidson_FW
0xff905c04,ChangeImagerToMachDashV_FW
0xff905c0c,ChangeImagerToFantaJungle_FW
0xff905c14,ChangeImagerToHoneyFlashDark_FW
0xff905c1c,ChangeImagerToRoadKing_FW
0xff905c2c,ChangeImagerToFalconJump_FW
0xff905c34,ChangeImagerToSpriteSunshine_FW
0xff905c3c,ChangeImagerToHealthyVegetable_FW
0xff905c44,ChangeImagerToElectraGlide_FW
0xff905c70,j_E2LatOn_FW
0xff906f08,j_j_GetBaseSv
0xff9078cc,task_SsgMainTask
0xff907a90,task_SsgPeriodTask
0xff90cde8,task__tgTask
0xff90df88,task_LiveImageTask
0xff914c44,task_SyncPeriod
0xff914ccc,task_SynchTask
0xff916980,get_ptp_buf_size
0xff9169f8,task_TimerUtility
0xff9180f0,handle_PTP_OC_0x9805
0xff918620,handle_PTP_OC_0x9804
0xff918744,handle_PTP_OC_0x9803
0xff9189bc,handle_PTP_OC_0x9802
0xff918ddc,handle_PTP_OC_0x9801
0xff91a360,handle_PTP_OC_ResetDevicePropValue
0xff91a5b4,handle_PTP_OC_SetDevicePropValue
0xff91a734,handle_PTP_OC_GetDevicePropValue
0xff91a854,handle_PTP_OC_GetDevicePropDesc
0xff91b22c,handle_PTP_OC_CANON_CheckEvent
0xff91bce8,task_PTPSessionTASK
0xff91c370,handle_PTP_OC_CloseSession
0xff91c424,handle_PTP_OC_OpenSession
0xff91e5a4,task_NormalThumbCache
0xff91eb50,handle_PTP_OC_GetStorageIDs
0xff91ec48,handle_PTP_OC_GetStorageInfo
0xff91f33c,handle_PTP_OC_GetObject
0xff91f440,handle_PTP_OC_GetThumb
0xff91f510,handle_PTP_OC_GetPartialObject
0xff91f638,handle_PTP_OC_SetObjectProtection
0xff91f6dc,handle_PTP_OC_GetObjectInfo
0xff91f7bc,handle_PTP_OC_CANON_GetPartialObjectInfo
0xff91fa24,handle_PTP_OC_CANON_GetPartialObjectEx
0xff91fc60,handle_PTP_OC_CANON_GetObjectAttributes
0xff91fcfc,handle_PTP_OC_CANON_SetObjectArchive
0xff91fd90,handle_PTP_OC_CANON_SendObjectInfoByPath
0xff91fd90,handle_PTP_OC_SendObjectInfo
0xff920128,handle_PTP_OC_0x904c
0xff920420,handle_PTP_OC_CANON_GetObjectHandleByName
0xff92055c,handle_PTP_OC_CANON_SetObjectTime
0xff9205d4,handle_PTP_OC_DeleteObject
0xff920738,handle_PTP_OC_FormatStore
0xff920828,handle_PTP_OC_0x9038
0xff920914,handle_PTP_OC_0x9039
0xff920a08,handle_PTP_OC_0x903a
0xff920ac4,handle_PTP_OC_0x903b
0xff920b04,handle_PTP_OC_0x904b
0xff920c4c,handle_PTP_OC_GetNumObjects
0xff920d3c,handle_PTP_OC_GetObjectHandles
0xff920f84,handle_PTP_OC_CANON_GetObjectInfoEx
0xff92126c,handle_PTP_OC_CANON_SendObjectByPath
0xff92126c,handle_PTP_OC_SendObject
0xff9214ac,handle_PTP_OC_CANON_SendPartialObject
0xff92168c,handle_PTP_OC_0x9060
0xff921730,handle_PTP_OC_0x9062
0xff9225d0,task_TrnsCtrlTask
0xff927b18,ExecuteResetFactoryWithRomWrite_FW
0xff927b30,ExecuteResetFactory_FW
0xff927b48,j_ExecuteShutDownPropertyService_FW
0xff92abd8,UIFS_GetNumOfOptZoomPos_FW
0xff92acfc,UIFS_MoveZoomTo_FW
0xff9300e8,UIFS_Capture_FW
0xff9301bc,UIFS_CaptureNoneStop_FW
0xff9359fc,LcdCon_SetLcdBackLightBrightness_FW
0xff935a30,LcdCon_SetLcdBackLightParameter_FW
0xff935a94,LcdCon_GetLcdBackLightParameter_FW
0xff935ae0,LcdCon_ShowLcdBackLightParameter_FW
0xff935b20,LcdCon_SaveLcdBackLightParameter_FW
0xff935d10,LcdCon_SetLcdDriver_FW
0xff935d88,LcdCon_SetLcdAdjParameter_FW
0xff935e50,LcdCon_GetLcdAdjParameter_FW
0xff935ea0,LcdCon_ShowLcdAdjParameter_FW
0xff935ee0,LcdCon_SaveLcdAdjParameter_FW
0xff935efc,LcdCon_SetLcdParameter_FW
0xff936090,LcdCon_GetLcdParameter_FW
0xff9360e0,LcdCon_ShowLcdParameter_FW
0xff936120,LcdCon_SaveLcdParameter_FW
0xff936168,task_LcdConTask
0xff936258,LcdCon_StartLcdPeriodicalSetting_FW
0xff93628c,LcdCon_StopLcdPeriodicalSetting_FW
0xff938a34,GetDriverInfoEvent_FW
0xff938c68,GetLatestHVPosition_FW
0xff938f4c,task_ASIF
0xff939758,Edet.Delete_FW
0xff939770,Edet.Create_FW
0xff939c08,task_ChaseFrame
0xff93c594,task_DispFace
0xff93cf94,EngApp.Delete_FW
0xff93cfe8,EngApp.Create_FW
0xff94092c,task_SceneDetectTask
0xff9411c8,task_ChaseTask
0xff9415bc,Scene.ForbidContiSceneDetect_FW
0xff9415ec,Scene.TestSunset_FW
0xff94161c,Scene.TestBabySmile_FW
0xff941650,Scene.TestBabySleep_FW
0xff941684,Scene.TestHumanSmile_FW
0xff9416b8,Scene.TestHumanSleep_FW
0xff9416ec,Scene.TestKidMove_FW
0xff94353c,task_MotionVector
0xff948104,task_CorctTask
0xff948b04,task_DefMarkRomCopyTask
0xff94bd1c,task_Fencing
0xff9582e4,PrintAllAEIntegData_FW
0xff958d80,AbortAEIntegralValue_FW
0xff958db4,j_AbortAEIntegralValue_FW
0xff958dd4,SetAEIntegStrobeProperty_FW
0xff958e60,SetAEIntegCorrectProperty_FW
0xff958eb4,SetAEIntegralValueProperty_FW
0xff958ee8,SetAEIntegralGetaTime_FW
0xff95931c,GetAEIntegWinData_FW
0xff95932c,j_GetAEIntegWinData_FW
0xff959330,GetAEIntegWinDataWithMode_FW
0xff95941c,GetAEIntegralValueWithFix_FW
0xff959540,GetAllAEIntegralAllValueWithFix_FW
0xff959610,GetOnlyAEIntegData_FW
0xff959680,SetWhiteCoefficient_FW
0xff9596f4,SetAEIntegWindowsMode_FW
0xff959754,SetAEIntegValueBit_FW
0xff959774,GetAEIntegValueBit_FW
0xff959780,GetAEIntegralServiceMode_FW
0xff95978c,StopAEIntegralService_FW
0xff9598ec,j_StopAEIntegralService_FW
0xff959aa4,StartAEIntegralService_FW
0xff959ab0,SetLineDefMarkThroughMode_FW
0xff959ae0,SetAEIntegAverageOBData_FW
0xff959b7c,SetAdjAEIntegSmearLimitter_FW
0xff959ba0,SetDefaultAEIntegSmearLimitter_FW
0xff959bb4,AttachIntegCrawData_FW
0xff95a264,MoveIrisToAv_FW
0xff95a310,ReloadIrisAdjustment_FW
0xff95a324,ReloadGetaAdjustment_FW
0xff95a338,j_GetCurrentAvValue_FW
0xff95a33c,GetCurrentAvCoefficient_FW
0xff95a354,j_GetCurrentAvCoefficient_FW
0xff95a424,j_GetCurrentIrisPosition_FW
0xff95a430,MoveIrisFullOpen_FW
0xff95a468,MoveIrisFullClose_FW
0xff95a4a0,ResetIrisPosition_FW
0xff95a4d8,GetIrisPRResetPosition_FW
0xff95a4e0,MoveIrisWithTerminatePosition_FW
0xff95a518,MoveIrisMechaPositionWithBacklash_FW
0xff95a558,MoveIrisMechaPositionWithoutBacklash_FW
0xff95a598,MoveIrisToAvWithoutBacklash_FW
0xff95a5e4,GetUsableMinAv
0xff95a5e4,GetUsableMinAv_FW
0xff95a5fc,j_GetUsableMinAv_FW
0xff95a600,GetUsableMaxAv
0xff95a600,GetUsableMaxAv_FW
0xff95a618,j_GetUsableMaxAv_FW
0xff95a660,LoadParamDataFromAdjTableBin_FW
0xff95a760,LoadDataFromAdjTableBin_FW
0xff95a84c,DeviceUniqueIDCheckSum_FW
0xff95a99c,SaveFactoryIDData_FW
0xff95a9bc,LoadFactoryIDData_FW
0xff95ab6c,PrintFirmVersion_FW
0xff95aba0,PrintFaexeVersioin_FW
0xff95abb0,CreateFADBGSingalID_FW
0xff95abc0,FADBGSingal_FW
0xff95ac70,FADBGPrintf_FW
0xff95adf0,FAPrintf_FW
0xff95ae40,OutputLogToFile_FW
0xff95af4c,StopLogOut_FW
0xff95b26c,GetLogData_FW
0xff95b274,GetLogDataOnlyAddMemory_FW
0xff95b27c,ActivateAdjLog_FW
0xff95b290,InactivateAdjLog_FW
0xff95b2a4,StartLogOut_FW
0xff95b2b4,IsLogOutType_FW
0xff95b2c0,GetCurrentMaximumLogSize_FW
0xff95d2c4,SetDefaultRecParameter_FW
0xff95d76c,EnableDebugLogMode_FW
0xff95d780,DisableDebugLogMode_FW
0xff95f720,task_dccdCalcTask
0xff961580,GetImageFolder
0xff965cc8,task_MetaCtg
0xff96c32c,task_DPOFTask
0xff96e24c,File.ClearExifInfo_FW
0xff96e404,File.Delete_AllImg_FW
0xff96e570,File.Create_FW
0xff9726e4,task_FileScheduleTask
0xff97e5dc,task_ImgPlayDrv
0xff981e84,StartCzTuning_FW
0xff981e8c,MoveCzPeakPositon_FW
0xff981e94,CzDebugPrint_FW
0xff981e94,SetCzDebugFocusMode_FW
0xff981e94,SetCzDebugSubjectDistance_FW
0xff981ea8,CzDebugPrintToFile_FW
0xff983394,GetFocusLensPullInMaxSpeed_FW
0xff983818,GetCurrentTargetDistance_FW
0xff983818,GetFocusLensSubjectDistance
0xff983880,GetCurrentFocusLensPosition_FW
0xff983880,GetCurrentFocusPosition_FW
0xff983bfc,GetFocusLensSubjectDistanceFromLens,(stubs_entry_2.s)
0xff983ca8,GetFocusLensAvCoefficient_FW
0xff983d2c,IsFocusLensOutSidePosition_FW
0xff983d50,GetFocusResetPosition_FW
0xff983dbc,GetFocusDefaultResetPosition_FW
0xff9844c8,task_IrisEvent
0xff985278,EnableIrisActuator_FW
0xff98529c,DisableIrisActuator_FW
0xff9852c0,ResetIrisActuator_FW
0xff9856a0,GetIrisSpecOpenPosition_FW
0xff9856b0,GetIrisSpecClosePosition_FW
0xff985c98,task_IrisCycleEvent
0xff986794,GetIrisDriveVoltage_FW
0xff9867a4,GetIrisDriveVoltageLow_FW
0xff9867d4,GetIrisSettingWaitVoltage_FW
0xff9867f4,GetIrisHoldVoltage_FW
0xff986844,GetLensErrorStatus_FW
0xff986908,task_MechaAlarm
0xff986de8,task_MechaCom
0xff987e88,GetZoomPiSensorLevel_FW
0xff987ed0,GetFocusPiSensorLevel_FW
0xff988a8c,task_MechaCPUTransfer
0xff98916c,GetMechaShutterMoveTime_FW
0xff989194,GetMechaShutterStatus_FW
0xff9896a8,GetCurrentZoomLensPosition_FW
0xff9896a8,GetCurrentZoomPosition_FW
0xff9896a8,GetZoomLensCurrentPosition_FW
0xff989758,GetCurrentZoomLensPoint_FW
0xff989758,GetCurrentZoomPoint_FW
0xff989758,GetZoomLensCurrentPoint
0xff989758,GetZoomLensCurrentPoint_FW
0xff989c2c,GetZoomLensTelePoint_FW
0xff989c2c,GetZoomTelePoint_FW
0xff98a020,IsZoomLensOutSidePosition_FW
0xff98a388,GetZoomLensMechaEdgePosition_FW
0xff98a38c,GetZoomDrivingTime_FW
0xff98b304,GetZoomResetSensorLevel_FW
0xff98dd54,task_TmgGen
0xff98f82c,task_MovieRecord
0xff9907fc,MechaUnRegisterEventProcedure_FW
0xff990854,Mecha.Create_FW
0xff9908c4,MechaReset_FW
0xff9908d0,MechaTerminate_FW
0xff9908dc,ShowMechaMacro_FW
0xff9909e0,DispDev_EnableEventProc_FW
0xff990a24,SetSDPwrPort_FW
0xff990a44,j_GetAdVBattBottom_FW
0xff990a48,j_GetAdChValue_FW
0xff990a4c,j_BeepDrive_FW
0xff990a50,j_BeepDriveComp_FW
0xff990a54,j_SetStereoSeparation_FW
0xff990a5c,j_VbattGet_FW
0xff990a60,LEDDrive
0xff990a60,LEDDrive_FW
0xff990ab4,ShowPhySwStatus_FW
0xff990ac4,SetRawSWCheckMode_FW
0xff990ad4,OnPrintPhySw_FW
0xff990ae4,OffPrintPhySw_FW
0xff990af4,j_GetSwitchStatus_FW
0xff990af8,ShowSDStatus_FW
0xff990b08,j_GetSDDetect_FW
0xff990b0c,j_GetSDProtect_FW
0xff990b10,SetIgnoreAVJACK_FW
0xff990b20,j_GetDialEventId_FW
0xff990b24,j_GetLcdPosition_FW
0xff990b28,j_GetBatteryCoverClose_FW
0xff990b2c,j_IsHvSensorExist_FW
0xff990b30,j_GetDriverInfoEvent_FW
0xff990b34,GetTimeFromRTC_FW
0xff990b48,EraseSignature_FW
0xff990b58,j_GetPopupOpen_FW
0xff990b5c,Driver.Create_FW
0xff990b5c,Driver_EnableEventProc_FW
0xff990f88,SetPropertyCase_FW
0xff990fa0,GetPropertyCase_FW
0xff99100c,mod_FW
0xff991028,GetDateAndTime_FW
0xff9910cc,j_Printf_FW
0xff9910d0,j_MonSelEvent_FW
0xff9910d4,j_MemoryChecker_FW
0xff9910d8,j_VerifyByte_FW
0xff9910dc,j_SDump_FW
0xff9910e0,Dump_FW
0xff9910f0,Dump32_FW
0xff991104,Poke32_FW
0xff991114,Poke16_FW
0xff991124,Poke8_FW
0xff991134,j_Peek32_FW
0xff991138,j_Peek16_FW
0xff99113c,j_Peek8_FW
0xff991140,Wait_FW
0xff991150,j_exec_FW
0xff991154,ShowAllTaskInfo_FW
0xff991164,System.Delete_FW
0xff99182c,System.Create_FW
0xff991b34,SS.MoveOpticalZoomToTele_FW
0xff991b48,SS.MoveOpticalZoomToWide_FW
0xff991b5c,PT_MoveOpticalZoomAt
0xff991b5c,SS.MoveOpticalZoomAt_FW
0xff991b7c,SS.MoveDigitalZoomToTele_FW
0xff991b8c,PT_MoveDigitalZoomToWide
0xff991b8c,SS.MoveDigitalZoomToWide_FW
0xff991b9c,SS.MoveDigitalZoomAt_FW
0xff991bb4,SS.GetDigitalZoomTele_FW
0xff991bc8,j_SS.GetDigitalZoomPosition_FW
0xff991bcc,SS.ChangeZoomSpeed_FW
0xff991be0,SS.DoAFLock_FW
0xff991bf0,SS.UnlockAF_FW
0xff991c00,SS.DoAELock_FW
0xff991c10,SS.UnlockAE_FW
0xff991c20,SS.MFOn_FW
0xff991c20,SS_MFOn
0xff991c30,SS.MFOff_FW
0xff991c30,SS_MFOff
0xff991c40,SS.Create_FW
0xff991c94,InitializeAdjustmentSystem_FW
0xff991ccc,TerminateAdjustmentSystem_FW
0xff991d04,InitializeAdjustmentFunction_FW
0xff991d2c,FA.Delete_FW
0xff991d40,FA.Create_FW
0xff991d64,DispDev.Create_FW
0xff991ed0,SaveBmpVRAMData_FW
0xff9922c4,SavePaletteData
0xff9922c4,SavePaletteData_FW
0xff992490,Capture.Create_FW
0xff9924d4,EngineDriver.Create_FW
0xff99251c,EngApp.CreatePub_FW
0xff9927a8,NR_SetLotasPonyType_FW
0xff9927bc,NR_SetDoubleNRType_FW
0xff995150,task_WbSeqTask
0xff99581c,task_DvlpSeqTask
0xff9974b4,EpilogShow_FW
0xff9977ac,EpilogFile_FW
0xff9977d8,task_Epilog
0xff997818,EpilogMenu_FW
0xff998094,HwOcReadICAPCounter
0xff99daa0,AdditionAgentRAM_FW
0xff9a53f0,PTM_AllReset_FW
0xff9a5748,PTM_GetWorkingCaptureMode_FW
0xff9a5760,PTM_SetCurrentItem
0xff9a5760,PTM_SetCurrentItem_FW
0xff9a5aa8,PTM_NextItem
0xff9a5aa8,PTM_NextItem_FW
0xff9a5ab0,PTM_PrevItem
0xff9a5ab0,PTM_PrevItem_FW
0xff9a5dfc,PTM_SetPropertyEnable
0xff9a5dfc,PTM_SetProprietyEnable_FW
0xff9a606c,PTM_IsEnableItem_FW
0xff9a6140,PTM_BackupUIProperty_FW
0xff9a6140,SetParameterData
0xff9a61dc,GetParameterData
0xff9a6490,UIFS_IsAvailableMovieRecOptZoom_FW
0xff9a6498,UIFS_IsAvailableMovieRecDigZoom_FW
0xff9a64a0,UIFS_IsAvailableServoAF_FW
0xff9a64a8,UIFS_IsAvailableRecMenuAFMode_FW
0xff9a64b0,UIFS_IsAutoPopupDownStrobe_FW
0xff9a64b8,UIFS_IsAvailableAvTvMode_FW
0xff9a660c,UIFS_SetDialStillRec_FW
0xff9a662c,UIFS_SetDialMovieRec_FW
0xff9a666c,UIFS_SetDialPlay_FW
0xff9a668c,UIFS_OpenPopupStrobe_FW
0xff9a66bc,UIFS_ClosePopupStrobe_FW
0xff9a66ec,UIFS_MountExtFlash_FW
0xff9a671c,UIFS_UnmountExtFlash_FW
0xff9a674c,UIFS_ConnectVideo_FW
0xff9a677c,UIFS_DisconnectVideo_FW
0xff9a67ac,j_UIFS_MoveZoomTo_FW
0xff9a67b0,j_UIFS_GetNumOfOptZoomPos_FW
0xff9a67b4,UIFS_StopPostingUIEvent_FW
0xff9a67b8,UIFS_RestartPostingUIEvent_FW
0xff9a67bc,UIFS_PostModeDial_FW
0xff9a67e4,j_UIFS_Capture_FW
0xff9a67e8,j_UIFS_CaptureNoneStop_FW
0xff9a67ec,j_UIFS_StartMovieRecord_FW
0xff9a67f0,j_UIFS_StopMovieRecord_FW
0xff9a67f4,UIFS_StartClockMode_FW
0xff9a6804,UIFS_EndClockMode_FW
0xff9a6814,UIFS_SetCradleSetting_FW
0xff9a6818,j_UIFS_WriteFirmInfoToFile_FW
0xff9a681c,j_UIFS_GetMovieRecoadableNumber_FW
0xff9a6820,j_UIFS_GetStillShotableNumber_FW
0xff9a6824,UIFS_ChangeShootState_FW
0xff9a6848,UIFS_ShootSeqToUI_FW
0xff9a686c,UIFS_GetLastPath_FW
0xff9a68a4,UIFS_GetAvItemCount_FW
0xff9a6914,UIFS_GetTvItemCount_FW
0xff9a6a5c,UIFS_GetAvItem_FW
0xff9a6a94,UIFS_GetTvItem_FW
0xff9a6acc,UIFS_GetCurrentAvString_FW
0xff9a6b4c,UIFS_GetCurrentTvString_FW
0xff9a6bd0,j_UIFS_IsAvailableShots_FW
0xff9a6bd4,j_UIFS_GetNumberOfDisplayedImage_FW
0xff9a6bd8,j_UIFS_PlayTrimExecuteAllImageSize_FW
0xff9a6bdc,UIFS_WirelessExecuteSendForever_FW
0xff9a6be4,j_UIFS_CancelStoreLensTimer_FW
0xff9a6be8,j_UIFS_DisplayFirmUpdateView_FW
0xff9a6bec,UI.CreatePublic_FW
0xff9a7738,UI_ShowStateOfRecMode_FW
0xff9a774c,UI.Create_FW
0xff9a774c,UI_RegistDebugEventProc_FW
0xff9ab3f0,CreateDialogBox
0xff9abad0,DisplayDialogBox
0xff9afaec,add_ui_to_dialog
0xff9b0244,get_string_by_id
0xff9c501c,UIFS_WriteFirmInfoToFile
0xff9c501c,UIFS_WriteFirmInfoToFile_FW
0xff9c8240,FmtMenu_ExecuteQuickFormat_FW
0xff9c9010,UIFS_DisplayFirmUpdateView_FW
0xff9e069c,UIFS_GetNumberOfDisplayedImage_FW
0xffa1bca4,task_DSITask
0xffa232dc,sscanf_FW
0xffa23430,srand
0xffa2343c,rand
0xffa2346c,memset
0xffa2346c,memset_FW
0xffa234e8,realloc
0xffa28c80,apex2us
0xffa2feac,NR_SetDarkSubType
0xffa2feac,NRTBL.SetDarkSubType_FW
0xffa2fec8,NR_GetDarkSubType
0xffa2fec8,NRTBL.GetDarkSubType_FW
0xffa2ff1c,NRTBL.SetDefectCorrectType_FW
0xffa2ff38,NRTBL.GetDefectCorrectType_FW
0xffa2ff8c,NRTBL.SetTassenType_FW
0xffa4a7e8,PointDefDetect_FW
0xffa4a984,MergeAndConvertDefect_FW
0xffa4aca8,PointKizuCheck_FW
0xffa4ad1c,SensDefCrowdCheck_FW
0xffa4ad4c,CrossDefDetect_FW
0xffa4ae90,LineDefDetect_FW
0xffa4af44,LineKizuCheck_FW
0xffa4af84,CrowdLineDetect_FW
0xffa4b0cc,CrowdLineKizuCheck_FW
0xffa4b10c,MixPixDetect_FW
0xffa4b318,GetDefectCrawInfo_FW
0xffa4b378,GetDefectAllResultData_FW
0xffa4b3c4,GetDefectPartResultData_FW
0xffa4b44c,SetDefectDebugInfo_FW
0xffa4b4ac,GetDefectHistgramInfo_FW
0xffa4b4e0,GetDefectTvAdj_FW
0xffa4b620,SetDefectRecParam_FW
0xffa4b768,ChangeDefectRecParam_FW
0xffa4b784,ExecuteDefectRec_FW
0xffa4b7bc,ExecuteDefectRecAndSaveImage_FW
0xffa4b830,ExecuteDefectRecWithGrade_FW
0xffa4b86c,ExecuteDefectRecAndSaveImageWithGrade_FW
0xffa4b8e4,InitializeDefectRec_FW
0xffa4b900,TerminateDefectRec_FW
0xffa4b920,DevelopTool.DevelopTest_FW
0xffa54dbc,task__cntFlashTask
0xffa56ca8,EF.StartEFCharge_FW
0xffa56cf4,EF.StopEFCharge_FW
0xffa56d04,EF.SetEFChargeTimeOut_FW
0xffa56d20,EF.SetChargeOnTime_FW
0xffa56d28,EF.StartInternalPreFlash_FW
0xffa56d60,EF.StartInternalMainFlash_FW
0xffa56de4,EF.FlashWithoutSync_FW
0xffa56e04,EF.SetMainFlashTime_FW
0xffa56e18,j_EF.IsChargeFull_FW
0xffa56e1c,EF.AdjPreFlash_FW
0xffa56e58,EF.SetChargeMode_FW
0xffa5e7d8,AFTool.GetEVal_FW
0xffa5e9f0,j_GetMacroSupportZoomPoint_FW
0xffa65d04,GetBaseSv
0xffa68838,SetPTGDefaultData_FW
0xffa6884c,SetTassenAdjSGMode_FW
0xffa68d98,LiveImageTool.StartEVF_FW
0xffa68da4,LiveImageTool.StartEVFFocusJet_FW
0xffa68db0,LiveImageTool.StartEVFMF_FW
0xffa68ea0,LiveImageTool.StartEVFMovVGA_FW
0xffa68eb4,LiveImageTool.StartEVFMovQVGA_FW
0xffa68ec8,LiveImageTool.StartEVFMovVGA_HS_FW
0xffa68ed0,LiveImageTool.StartEVFMovQVGA_HS_FW
0xffa68ed8,LiveImageTool.StartEVFMovHD_FW
0xffa68eec,LiveImageTool.StartEVFMovFULLHD_FW
0xffa68ef4,LiveImageTool.StartEVFMovFULLHD60P_FW
0xffa68efc,LiveImageTool.StopEVF_FW
0xffa68f0c,LiveImageTool.DzoomTele_FW
0xffa68f2c,LiveImageTool.DzoomWide_FW
0xffa68f78,LiveImageTool.StopDzoom_FW
0xffa68f88,LiveImageTool.Pause_FW
0xffa68f98,LiveImageTool.Resume_FW
0xffa68fa8,LiveImageTool.ChangeDzoom_FW
0xffa6901c,j_LiveImageTool.GetDzoomPosition_FW
0xffa69020,LiveImageTool.Jump_FW
0xffa6903c,LiveImageTool.Dister_FW
0xffa6af74,handle_PTP_OC_0x9051
0xffa6af74,handle_PTP_OC_0x905d
0xffa6b078,handle_PTP_OC_0x905b
0xffa6b1f8,handle_PTP_OC_0x905a
0xffa6b350,handle_PTP_OC_0x9059
0xffa6b484,handle_PTP_OC_0x9058
0xffa6b6c0,handle_PTP_OC_0x9057
0xffa6b7f4,handle_PTP_OC_0x9053
0xffa6b8e8,handle_PTP_OC_0x9052
0xffa6b9c0,handle_PTP_OC_0x9050
0xffa6b9c0,handle_PTP_OC_0x905c
0xffa6c378,task_PTPtoFAPI_EventProcTask_Try
0xffa6c420,task_PTPtoFAPI_EventProcTask_Block
0xffa6ced0,add_ptp_handler
0xffa6d93c,handle_PTP_OC_CANON_ChangeUSBProtocol
0xffa6ea24,get_ptp_file_buf
0xffa82678,GetFaceAuthBinAddr_FW
0xffa82680,GetFaceAuthBinSize_FW
0xffa82688,IsOKFaceAuthBinFile_FW
0xffa88fc8,EngDrvOut_FW
0xffa88fe4,EngDrvIn_FW
0xffa88fec,EngDrvRead_FW
0xffa88ff4,EngDrvBits_FW
0xffa89010,EngDrvReadDump_FW
0xffa89bec,task_CorrectLiveTassenTask
0xffa9a620,GetCurrentAdjImgDriveType_FW
0xffa9a638,GetCurrentImgDrvMode_FW
0xffa9a658,ConvertAEIntegDrvTypeToAdjImgDriveType_FW
0xffa9a6a4,ConvertAdjImgDrvModeToAdjImgDriveType_FW
0xffa9a70c,ChangeAdjImgDrvMode_FW
0xffa9a738,ChangeAEIntegDrvTypeToAdjImgDriveType_FW
0xffa9a784,GetCurrentCcdTemp_FW
0xffa9a7a0,j_GetCurrentCcdTemp_FW
0xffa9a7a4,GetCurrentOptTemp_FW
0xffa9a7d0,j_GetCurrentOptTemp_FW
0xffa9a7d4,GetCameraInformationData_FW
0xffa9a810,j_GetCameraInformationData_FW
0xffa9a938,InitializeSoundDevForRecEvent_FW
0xffa9a948,SetNCParamForAdjEvent_FW
0xffa9a958,RecSoundForNCAdjEvent_FW
0xffa9a968,SetNoiseAddParamForZoomNCEvent_FW
0xffa9a978,ReloadZoomNCProfileEvent_FW
0xffa9a988,SetZoomNCEffectiveEvent_FW
0xffa9a998,ClearSoundDevForRecEvent_FW
0xffa9aa9c,GetZoomLensResetPlus_FW
0xffa9ad50,j_GetCurrentZoomLensPosition_FW
0xffa9ad50,j_GetCurrentZoomPosition_FW
0xffa9ad58,j_GetCurrentZoomLensPoint_FW
0xffa9ad58,j_GetCurrentZoomPoint_FW
0xffa9ad5c,GetCurrentZoomLensDirection_FW
0xffa9ad78,j_GetCurrentZoomLensDirection_FW
0xffa9ad80,ReloadZoomAdjustment_FW
0xffa9ae44,j_GetZoomTelePoint_FW
0xffa9ae4c,j_GetZoomResetSensorLevel_FW
0xffa9ae8c,j_GetZoomDrivingTime_FW
0xffa9af78,ClearZoomDriveParam_FW
0xffa9b180,j_IsZoomLensOutSidePosition_FW
0xffa9b18c,StopZoomEmergency_FW
0xffa9b198,SetZoomResetState_FW
0xffa9b1e4,ResetZoom_FW
0xffa9b21c,ResetZoomToFirst_FW
0xffa9b21c,ResetZoomToFirstPoint_FW
0xffa9b254,ResetZoomToTerminate_FW
0xffa9b254,ResetZoomToTerminatePoint_FW
0xffa9b28c,MoveZoomLensToPosition_FW
0xffa9b28c,MoveZoomPosition_FW
0xffa9b2cc,MoveZoomLensToPoint_FW
0xffa9b2cc,MoveZoomPoint_FW
0xffa9b30c,MoveComputerZoomToPoint_FW
0xffa9b34c,ResetZoomToAdjFirstPoint_FW
0xffa9b410,ResetZoomToAdjTerminatePoint_FW
0xffa9b458,SetZoomLensEncoderPowerControl_FW
0xffa9b46c,SetZoomSpeedMode_FW
0xffa9b4d4,GetZoomDefaultDriveParam_FW
0xffa9b4f8,SetZoomDriveParam_FW
0xffa9b534,GetZoomResetDriveParam_FW
0xffa9b558,SetZoomResetDriveParam_FW
0xffa9b594,GetZoomNormalDriveParam_FW
0xffa9b5b8,SetZoomNormalDriveParam_FW
0xffa9b6d4,GetZoomDefaultCommonDriveParam_FW
0xffa9b700,SetZoomCommonDriveParam_FW
0xffa9b790,ClearZoomCommonDriveParam_FW
0xffa9b7c0,j_GetZoomLensResetPlus_FW
0xffa9b85c,MoveZoomLensToMechaEnd_FW
0xffa9b968,MoveZoomLensToPositionByManual_FW
0xffa9ba6c,SetFaexeEventTableActivation_FW
0xffa9bb44,ShowTransparentMemory_FW
0xffa9bb64,DumpTransparentMemoryItem_FW
0xffa9bba4,AddTransparentMemory_FW
0xffa9bbdc,AttachToTransparentMemory_FW
0xffa9bc14,RemoveTransparentMemory_FW
0xffa9bc34,GetTransparentMemorySize_FW
0xffa9bc44,GetTransparentMemory_FW
0xffa9bc88,GetTransparentMemoryPosition_FW
0xffa9c1e4,InitializeSoundRec_FW
0xffa9c234,TerminateSoundRec_FW
0xffa9c260,j_InitializeSoundRec_FW
0xffa9c264,j_TerminateSoundRec_FW
0xffa9c268,StartSoundRecord_FW
0xffa9c29c,StartSoundPlay_FW
0xffa9c394,InitializeFAGeneralTest_FW
0xffa9c3a8,TerminateFAGeneralTest_FW
0xffa9c3bc,InitializeFAExtendFile_FW
0xffa9c3cc,TerminateFAExtendFile_FW
0xffa9c560,StartTestRecLog_FW
0xffa9c578,StopTestRecLog_FW
0xffa9f03c,getImageDirName
0xffaa00c0,task_MetaInspiTask
0xffaa5798,task_MetaCtgPrsTask
0xffaaccfc,task_FileManMarkAllTask
0xffaad890,task_FORMAT_TASK_PROGRESS
0xffaada70,task_FORMAT_TASK_NAME
0xffab5b4c,task_FileWrite
0xffab5b4c,task_FileWriteTask
0xffab6d00,closedir
0xffab6d50,OpenFastDir
0xffab6ea4,ReadFastDir
0xffab7858,task_FilYuvMaker
0xffab8628,task_DecJpgRd
0xffabb8dc,task_ImgPlyTask
0xffabba90,task_ImgPlyLowTask
0xffac13c0,task_FocusEvent
0xffac3ce8,GetFocusLensResetPosition_FW
0xffac3cf8,GetFocusLensResetDefaultPosition_FW
0xffac4700,GetFocusLensCurrentPosition_FW
0xffac4704,GetFocusLensCurrentPositionWithMotor_FW
0xffac4708,GetFocusLensDriveVoltage_FW
0xffac4794,GetFocusLensSettingWaitVoltage_FW
0xffac47e0,GetFocusLensHoldVoltage_FW
0xffac482c,GetFocusLensGainSlope_FW
0xffac5bb0,task_MechaShutter
0xffac6838,task_ZoomActuatorSpeedCheck
0xffac6a10,task_ZoomEvent
0xffac73f8,IsZoomActuatorResetSensorPlusSide_FW
0xffac7b0c,MoveZoomActuator_FW
0xffac7b54,SetZoomActuatorSpeedPPS_FW
0xffac7b74,GetZoomActuatorSpeedPPS_FW
0xffac7b80,j_GetZoomActuatorCurrentPosition_FW
0xffac7b84,j_IsZoomActuatorResetSensorPlusSide_FW
0xffac7c54,GetZoomActuatorCurrentPosition_FW
0xffac8d5c,GetZoomLensCurrentPosition
0xffac9eb4,task_MechaNCTask
0xffacc610,task_MovPlay
0xffacff14,task_MovWrite
0xffad4f78,task_MovEdit
0xffad56fc,MoveCZToPoint_FW
0xffad573c,MoveCZToWide_FW
0xffad576c,MoveCZToTele_FW
0xffad579c,MoveCZToPointByOVF_FW
0xffad57d4,StopCZ_FW
0xffad5800,GetCZStillHighSpeed_FW
0xffad5808,GetCZStillLowSpeed_FW
0xffad5810,GetCZMovieHighSpeed_FW
0xffad5818,GetCZMovieLowSpeed_FW
0xffad5820,GetCZStillDefaultSpeed_FW
0xffad5828,GetCZMovieDefaultSpeed_FW
0xffad58fc,GetFocusLensIrisCoefficient_FW
0xffad5920,ResetFocusLens
0xffad5920,ResetFocusLens_FW
0xffad597c,EscapeFocusLens_FW
0xffad59f4,MoveFocusLensToTerminate_FW
0xffad5a50,MoveFocusLensWithDistance_FW
0xffad5b7c,MoveFocusLensWithPosition_FW
0xffad5cc0,MoveFocusLensWithPositionImmediateReturn_FW
0xffad5da8,MoveFocusLensWithPositionWithoutBacklash_FW
0xffad5ee0,MoveFocusLensWithPositionWithCompBacklash_FW
0xffad603c,MoveFocusActuator_FW
0xffad614c,SetFocusActuatorHoldVoltage_FW
0xffad6160,SetFocusActuatorSlopeHoldVoltage_FW
0xffad617c,SetFocusLensSpeed_FW
0xffad6200,SetFocusLensSpeedTable_FW
0xffad62b0,SetFocusLensAccelerationTable_FW
0xffad63b4,SetFocusLensSlowdownTable_FW
0xffad642c,SetFocusLensDefaultPullOutTable_FW
0xffad6440,SetFocusLensCondition_FW
0xffad6528,ShowFocusLensCurrentSpeedTable_FW
0xffad658c,SetFocusLensMaxSpeedLimit_FW
0xffad659c,CancelFocusLensMaxSpeedLimit_FW
0xffad65ac,EnableFocusLens_FW
0xffad65f8,DisableFocusLens_FW
0xffad6648,EnableFocusLensGainLockWithVoltage_FW
0xffad6674,DisableFocusLensGainLock_FW
0xffad6684,EnableFocusLensSlopeGain_FW
0xffad6698,DisableFocusLensSlopeGain_FW
0xffad66a8,EnableFocusLensWaveLock_FW
0xffad66c4,DisableFocusLensWaveLock_FW
0xffad66d4,j_GetFocusLensCurrentPosition_FW
0xffad66d8,j_GetFocusLensCurrentPositionWithMotor_FW
0xffad66dc,j_GetFocusLensResetPosition_FW
0xffad66e0,j_GetFocusLensResetDefaultPosition_FW
0xffad66e4,GetFocusLensSubjectDistance_FW
0xffad6700,GetFocusLensSubjectDistanceNumber_FW
0xffad6760,GetFocusLensPositionRatio_FW
0xffad6768,GetFocusLensLoadSubjectDistance_FW
0xffad6788,ChangeFocusDistanceToPosition_FW
0xffad6790,GetFocusLensLoadCamTable_FW
0xffad67bc,j_GetFocusLensDriveVoltage_FW
0xffad67c0,SetFocusLensDriveVoltage_FW
0xffad67f8,j_GetFocusLensSettingWaitVoltage_FW
0xffad67fc,SetFocusLensSettingWaitVoltage_FW
0xffad6834,j_GetFocusLensHoldVoltage_FW
0xffad6838,SetFocusLensHoldVoltage_FW
0xffad6870,j_GetFocusLensResetVoltage_FW
0xffad6874,j_GetFocusLensGainSlope_FW
0xffad6878,SetFocusLensGainSlope_FW
0xffad68b0,GetFocusLensMoveMaxPosition_FW
0xffad68c8,GetFocusLensMoveMinPosition_FW
0xffad68e0,j_GetFocusLensPullInMaxSpeed_FW
0xffad68e4,GetFocusLensMoveRangeOfTelePoint_FW
0xffad694c,FocusLensStopQuickly_FW
0xffad69c4,GetFocusLensCarrierFrequency_FW
0xffad69d4,SetFocusLensCarrierFrequency_FW
0xffad6a0c,MoveFocusLensChangeCarrierFrequency_FW
0xffad6b8c,j_GetFocusLensAvCoefficient_FW
0xffad6be4,ResetIris_FW
0xffad6c0c,MoveIrisToStandbyPosition_FW
0xffad6c34,MoveIrisWithAv
0xffad6c34,MoveIrisWithAv_FW
0xffad6c68,MoveIrisWithAvAndSpeed_FW
0xffad6cac,MoveIrisToPositionWithBacklash_FW
0xffad6ce0,MoveIrisToTerminatePosition_FW
0xffad6d08,MoveIrisToFullOpen_FW
0xffad6d30,MoveIrisToFullClose_FW
0xffad6d58,j_GetIrisAv_FW
0xffad6d5c,j_GetIrisCurrentPosition_FW
0xffad6d60,MoveIrisWithAvWithoutBacklash_FW
0xffad6d94,MoveIrisToPositionWithoutBacklash_FW
0xffad6dc8,MoveIrisWithAvAndSpeedWithoutBacklash_FW
0xffad6e0c,EnableIris_FW
0xffad6e30,DisableIris_FW
0xffad6e54,j_GetIrisSpecOpenPosition_FW
0xffad6e58,j_GetIrisSpecClosePosition_FW
0xffad6e5c,j_GetIrisDriveVoltage_FW
0xffad6e60,SetIrisDriveVoltage_FW
0xffad6e74,j_GetIrisDriveVoltageLow_FW
0xffad6e78,SetIrisDriveVoltageLow_FW
0xffad6e8c,j_GetIrisSettingWaitVoltage_FW
0xffad6e90,SetIrisSettingWaitVoltage_FW
0xffad6ea4,j_GetIrisHoldVoltage_FW
0xffad6ea8,SetIrisHoldVoltage_FW
0xffad6ebc,ChangeIrisSpeed_FW
0xffad6ee4,MoveIrisWithAvAndAvSpeed_FW
0xffad6f28,MoveIrisWithAvAndAvSpeedWithoutBacklash_FW
0xffad6fc8,MoveLensToFirstPoint_FW
0xffad7018,MoveLensToTerminatePoint_FW
0xffad7050,j_IsLensOutside_FW
0xffad7054,j_GetLensErrorStatus_FW
0xffad7058,j_GetFocusStartZoomPosition_FW
0xffad705c,EnableLensError_FW
0xffad706c,DisableLensError_FW
0xffad707c,SetLensOutsideFlag_FW
0xffad7090,ShowMechaCondition_FW
0xffad7220,WriteMechaLogToRom_FW
0xffad7230,WriteMechaLogToFile_FW
0xffad7254,EnableMechaCircuit_FW
0xffad7264,DisableMechaCircuit_FW
0xffad7274,EnableFocusPiCircuit_FW
0xffad7284,DisableFocusPiCircuit_FW
0xffad7294,j_GetFocusPiSensorLevel_FW
0xffad7298,EnableZoomPiCircuit_FW
0xffad72a8,DisableZoomPiCircuit_FW
0xffad72b8,j_GetZoomPiSensorLevel_FW
0xffad72bc,EnableZoomEncoderCircuit_FW
0xffad72cc,DisableZoomEncoderCircuit_FW
0xffad72dc,SendMechaCircuitData_FW
0xffad7300,ReceiveMechaCircuitDataAll_FW
0xffad73b0,CloseMechaShutter_FW
0xffad73d4,OpenMechaShutter_FW
0xffad73f8,CloseMechaShutterWithTiming_FW
0xffad7430,SetMechaShutterCloseDacSetting_FW
0xffad744c,GetMechaShutterCloseDacSetting_FW
0xffad7480,SetMechaShutterOpenDacSetting_FW
0xffad749c,GetMechaShutterOpenDacSetting_FW
0xffad74d0,SetMechaShutterWaitTimeSetting_FW
0xffad74e4,j_GetMechaShutterStatus_FW
0xffad74e8,j_GetMechaShutterMoveTime_FW
0xffad74ec,SetMechaShutterMoveTime_FW
0xffad7520,EnableZoomLensEncoderPowerControl_FW
0xffad7530,DisableZoomLensEncoderPowerControl_FW
0xffad75a4,ResetZoomLens
0xffad75a4,ResetZoomLens_FW
0xffad75d0,ResetZoomLensToFirst_FW
0xffad7610,ResetZoomLensToTermiante_FW
0xffad7650,MoveZoomLensWithPoint
0xffad7650,MoveZoomLensWithPoint_FW
0xffad769c,MoveZoomLensWithPointImmediateReturn_FW
0xffad76c0,WaitMoveZoomLensComplete_FW
0xffad76ec,MoveZoomLensWithPosition_FW
0xffad7738,MoveZoomLensToTerminatePosition_FW
0xffad7778,MoveZoomLensToMechaEdge_FW
0xffad7814,SetZoomLensSpeedMode_FW
0xffad7828,GetZoomLensDriveAmpereDac_FW
0xffad7830,SetZoomLensDriveAmpereDac_FW
0xffad7850,EnableZoomLensSpeedControl_FW
0xffad7864,DisableZoomLensSpeedControl_FW
0xffad7878,EnableZoomLensElectricControl_FW
0xffad788c,DisableZoomLensElectricControl_FW
0xffad78a0,j_GetZoomLensCurrentPoint_FW
0xffad78a4,j_GetZoomLensCurrentPosition_FW
0xffad78a8,j_GetZoomLensTelePoint_FW
0xffad78ac,j_GetZoomLensMechaEdgePosition_FW
0xffad78b0,ChangeZoomLensPointToMagnification_FW
0xffad78c0,ChangeZoomLensMagnificationToPoint_FW
0xffad78d0,ISAutoCenter_FW
0xffad78e0,StartISLocalAdjust_FW
0xffad78f0,j_StartISLocalHallAdjust_FW
0xffad78f4,j_StartISLocalAutoCenter_FW
0xffad78f8,ISMoveToMechaEdgeOPEN_FW
0xffad7914,ISChangeOPENtoCLOSE_FW
0xffad7924,SetISDriveAaxis_FW
0xffad7940,SetISDriveBaxis_FW
0xffad795c,SetISHallOffsetAaxis_FW
0xffad7978,SetISHallOffsetBaxis_FW
0xffad7994,SetISHallOffsetbyAxisType_FW
0xffad79c0,SetISHallGainAaxis_FW
0xffad79dc,SetISHallGainBaxis_FW
0xffad79f8,SetISHallGainbyAxisType_FW
0xffad7a24,SetISGyroGainAaxis_FW
0xffad7a40,SetISGyroGainBaxis_FW
0xffad7a5c,SetISGyroGainbyAxisType_FW
0xffad7a88,GetISDriveAaxis_FW
0xffad7aa8,GetISDriveBaxis_FW
0xffad7ac8,GetISPositionAaxis_FW
0xffad7ae8,GetISPositionBaxis_FW
0xffad7b08,GetISHallOffsetAaxis_FW
0xffad7b28,GetISHallOffsetBaxis_FW
0xffad7b48,GetISHallOffsetbyAxisType_FW
0xffad7b7c,GetISHallGainAaxis_FW
0xffad7b9c,GetISHallGainBaxis_FW
0xffad7bbc,GetISHallGainbyAxisType_FW
0xffad7bf0,GetISGyroGainAaxis_FW
0xffad7d18,GetISGyroGainBaxis_FW
0xffad7d38,GetISGyroGainbyAxisType_FW
0xffad7d6c,j_GetGyroDataPitch_FW
0xffad7d70,j_GetGyroDataYaw_FW
0xffad7d74,SetGyro10BitDACPitch_FW
0xffad7d90,SetGyro10BitDACYaw_FW
0xffad7dac,j_GetGyro10BitDACPitch_FW
0xffad7db0,j_GetGyro10BitDACYaw_FW
0xffad7db4,SetGyroHPFINOffsetPitch_FW
0xffad7dd0,SetGyroHPFINOffsetYaw_FW
0xffad7dec,j_GetGyroHPFINOffsetPitch_FW
0xffad7df0,j_GetGyroHPFINOffsetYaw_FW
0xffad7df4,j_GetGyroHPFINPitch_FW
0xffad7df8,j_GetGyroHPFINYaw_FW
0xffad7dfc,SetISTuningFlag_FW
0xffad7e14,SetGyroFilterChargeStart_FW
0xffad7e2c,SetGyroFilterChargeStop_FW
0xffad7e44,GetGyroFilterCharge_FW
0xffad7e64,GetISFirmVersion_FW
0xffad7e8c,GetMechaDSPVersion_FW
0xffad7eb4,GetISParamVersion_FW
0xffad7edc,SetZoomPosition_FW
0xffad7ef4,ISControlStart_FW
0xffad7fa4,ISControlStop_FW
0xffad7fb4,ISPanModeStart_FW
0xffad7fc4,ISPanModeStop_FW
0xffad7fd4,SetISControlType_FW
0xffad7fec,FixISStatus_FW
0xffad8004,SetISStillStatus_FW
0xffad8014,SetISMovieStatus_FW
0xffad8024,ChangeParallelMode_FW
0xffad803c,SetLPFParallelBest_FW
0xffad8060,GetLPFParallelBest_FW
0xffad8090,SelectPositionSignal_FW
0xffad80a8,ClearISIComponent_FW
0xffad80b8,SetISHPFCutoff_FW
0xffad80d0,ClearISZData_FW
0xffad80e0,GetISHallOut1Amp_FW
0xffad8104,ISMDStart_FW
0xffad8114,ISMDStop_FW
0xffad8124,SetISLPFAaxis_FW
0xffad813c,SetISLPFBaxis_FW
0xffad8154,EnableISDriveError_FW
0xffad8164,DisableISDriveError
0xffad8164,DisableISDriveError_FW
0xffad8174,EnableISAutoGyroOffset_FW
0xffad8184,DisableISAutoGyroOffset_FW
0xffad8194,SetISHallAmpFirstGain_FW
0xffad81ac,GetISHallAmpFirstGain_FW
0xffad81d8,StartLoopGainCalc_FW
0xffad820c,GetLoopGainCalcData_FW
0xffad82e8,SetLoopGainAdjValue_FW
0xffad830c,GetLoopGainAdjValue_FW
0xffad8330,StopLoopGainCalc_FW
0xffad8340,GetISCrossTalkComp_FW
0xffad8394,SetISCrossTalkCompA1_FW
0xffad83b0,SetISCrossTalkCompA2_FW
0xffad83cc,SetISCrossTalkCompB1_FW
0xffad83e8,SetISCrossTalkCompB2_FW
0xffad8404,SetDISModeParam_FW
0xffad841c,GetDISModeParamType_FW
0xffad843c,DisableDISModeChange_FW
0xffad844c,EnableDISModeChange_FW
0xffad845c,SetISAdjData_FW
0xffad846c,SetISCenterShiftA_FW
0xffad8488,SetISCenterShiftB_FW
0xffad84a4,GetISCenterShiftA_FW
0xffad84c0,GetISCenterShiftB_FW
0xffad84dc,StartGyroNoiseChk_FW
0xffad84ec,GetGyroNoiseData_FW
0xffad8684,EnableMacroIS_FW
0xffad8694,DisableMacroIS_FW
0xffad86a4,StartMacroISContiMode_FW
0xffad86b4,StartMacroISAdjust_FW
0xffad86c4,StopMacroISAdjust_FW
0xffad86d4,GetMacroISEstimRadiusA_FW
0xffad86f0,GetMacroISEstimRadiusB_FW
0xffad870c,SetISFocusLensDistance_FW
0xffad871c,GetMacroISGainA_FW
0xffad8738,GetMacroISGainB_FW
0xffad8754,SetMacroISGainA_FW
0xffad8770,SetMacroISGainB_FW
0xffad878c,GetMacroISAngleAndVelocityA_FW
0xffad87bc,GetMacroISAngleAndVelocityB_FW
0xffad87ec,JumpToProgFirst_FW
0xffad87fc,DelaySet_FW
0xffad8814,SetFirmSRDYWait_FW
0xffad8830,SetFirmEndAddress_FW
0xffad8844,SetDspDataEndAddress_FW
0xffad8858,SetDspProgEndAddress_FW
0xffad886c,FirmTranster_FW
0xffad887c,DspDataTranster_FW
0xffad888c,DspProgTranster_FW
0xffad889c,GetCheckSum_FW
0xffad89a0,SetPoweredISON_FW
0xffad89b4,SetPoweredISOFF_FW
0xffad89c8,ISFixedPWMON_FW
0xffad89dc,ISFixedPWMOFF_FW
0xffad89f0,SetFixedPWMOutA_FW
0xffad8a0c,SetFixedPWMOutB_FW
0xffad8a28,j_GetFixedPWMOutA_FW
0xffad8a2c,j_GetFixedPWMOutB_FW
0xffad8a30,SetISPWMFreqAndFixed_FW
0xffad8a44,SetISPWMFrequency_FW
0xffad8a58,j_GetISPWMFrequency_FW
0xffad8a5c,StartISPWMFreqChangeTest_FW
0xffad8a6c,StopISPWMFreqChangeTest_FW
0xffad8a7c,ActivateISMD_FW
0xffad8a94,CommunicateMechaCPU_FW
0xffad8ad0,MechaCPUMemoryDump_FW
0xffad8af4,MechaCPUMemoryWrite_FW
0xffad8b20,StartImStEventProc_FW
0xffada08c,task_ShutterSoundTask
0xffada5c4,task_CreateHeaderTask
0xffadb484,task_DistTask
0xffadba24,task_ResizeTask
0xffadc508,task_JpegEncTask
0xffadcdfc,reboot_fw_update
0xffadd2e0,MemoryChecker_FW
0xffadd318,VerifyByte_FW
0xffadd4f4,SDump_FW
0xffadd714,FreeMemory
0xffadd714,FreeMemory_FW
0xffadd71c,AllocateMemory
0xffadd71c,AllocateMemory_FW
0xffadd73c,Peek32_FW
0xffadd744,Peek16_FW
0xffadd74c,Peek8_FW
0xffadd774,GetSystemTime
0xffadd774,GetSystemTime_FW
0xffadd788,exec_FW
0xffadd7f4,MonSelEvent_FW
0xffadd8b8,MakeBootDisk_FW
0xffadd8cc,MakeScriptDisk_FW
0xffaddb9c,task_ImagePlaySysConTask
0xffae01d4,task_ImageRetryConTask
0xffb27cd8,task_ReadMultiConTask
0xffb30140,UIFS_PlayTrimExecuteAllImageSize_FW
0xffb38bbc,LCDMsg_Move_FW
0xffb38c20,LCDMsg_Delete_FW
0xffb38ddc,LCDMsg_Create_FW
0xffb38e94,LCDMsg_SwDisp_FW
0xffb38f98,LCDMsg_SetNum_FW
0xffb38fb0,LCDMsg_SetStr_FW
0xffb3908c,LCDMsg_ChangeColor_FW
0xffb3a198,qsort
0xffb50a14,Bat_Calc_FW
0xffb50a14,CalculateBatSenseOffset_FW
0xffb5cb64,GetCdsGainValue_FW
0xffb5cb8c,SetDeltaCDSGain_FW
0xffb5cbd4,ReloadCdsAdjustment_FW
0xffb5cbe4,GetObClampValue_FW
0xffb5cc04,j_GetObClampValue_FW
0xffb5cc2c,SetObClamp_FW
0xffb5cc2c,SetObClampValue_FW
0xffb5cc34,j_GetCdsGainValue_FW
0xffb5cc38,SetCDSGain_FW
0xffb5cc38,SetCdsGainValue_FW
0xffb5cc84,SetCdsPreGainReg_FW
0xffb5cccc,GetCdsPreGainReg_FW
0xffb5ccd4,SetSensorPreGain_FW
0xffb5cce4,GetSensorPreGain_FW
0xffb5ccec,GetCurrentDriveBaseSvValue_FW
0xffb5cd0c,j_GetCurrentDriveBaseSvValue_FW
0xffb5ce00,SetCDSGainStep_FW
0xffb5ce34,SetAdjCdsMode_FW
0xffb5ce60,CancelAdjCdsMode_FW
0xffb5ce7c,IsAdjCdsMode_FW
0xffb5cec8,StopCaptureDrive_FW
0xffb5d7a8,CancelImageDrive_FW
0xffb5d7c0,StartCaptureDrive_FW
0xffb5d7c8,CaptureWithParam_FW
0xffb5d810,ChangeImageDrive_FW
0xffb5d824,GetCrwImageInfo_FW
0xffb5d8c4,ConvertTvToExposureTime_FW
0xffb5d8e8,j_GetCurrentExposureTime_FW
0xffb5d8f4,j_GetCurrentShutterSpeed_FW
0xffb5d920,SetShutterSpeedWithMecha_FW
0xffb5d97c,SetShutterSpeed_FW
0xffb5d9d4,GetUserSetShutterSPeed_FW
0xffb5d9e4,GetShutterSpeedRegularMaxLimit_FW
0xffb5d9fc,j_GetShutterSpeedRegularMaxLimit_FW
0xffb5da00,GetShutterSpeedRegularMinLimit_FW
0xffb5da18,j_GetShutterSpeedRegularMinLimit_FW
0xffb5da3c,GetFrameRateWithApex_FW
0xffb5dab8,ReloadNdFilterAdjustment_FW
0xffb5dad4,PutInNdFilter
0xffb5dad4,PutInNdFilter_FW
0xffb5db10,PutOutNdFilter
0xffb5db10,PutOutNdFilter_FW
0xffb5db9c,CloseMShutter_FW
0xffb5dbd8,OpenMShutter_FW
0xffb5e4f8,CalculatePeakFromLeastSquareResult_FW
0xffb5e520,CalculateLog2ToApex_FW
0xffb5e534,CalculatePow2FromApex_FW
0xffb5e544,CalcLog10
0xffb5e580,CalcLog10_FW
0xffb5e5a8,ConvertApexToApexStd_FW
0xffb5e5d8,ConvertApexStdToApex_FW
0xffb5e670,CalcSqrt_FW
0xffb5e69c,SetOneShotWBParam_FW
0xffb5e69c,SetOneTypeWBParam_FW
0xffb5e728,OneShotWhigeBalance_FW
0xffb5e728,OneTypeWhiteBalance_FW
0xffb5e77c,SetWBYlStandardWidth_FW
0xffb5e7bc,SetReferenceWBGainForCalibration_FW
0xffb5e7e4,SetToolCorrectCoefficient_FW
0xffb5e85c,ReloadWBAdjustment_FW
0xffb5eb8c,ConvertCxCyToWBGain_FW
0xffb5ec50,ConvertToPositionWithDistanceAndZoomPoint_FW
0xffb5ec6c,ConvertToPositionWithDistance_FW
0xffb5ec78,ReloadFocusLensAdjustment_FW
0xffb5ec8c,j_GetFocusDefaultResetPosition_FW
0xffb5ec94,j_GetFocusResetPosition_FW
0xffb5ec9c,j_GetCurrentTargetDistance_FW
0xffb5ecf8,j_GetCurrentFocusLensPosition_FW
0xffb5ecf8,j_GetCurrentFocusPosition_FW
0xffb5ed28,MoveFocusLensToTerminatePosition_FW
0xffb5ed28,MoveFocusToTerminate_FW
0xffb5ee10,MoveFocusLensToPositionWithMaxSpeed_FW
0xffb5ee58,MoveFocusLensToPositionWithSpeed_FW
0xffb5ef30,MoveFocusLensToPosition_FW
0xffb5ef80,MoveFocusPosition_FW
0xffb5f04c,MoveFocusDistance_FW
0xffb5f04c,MoveFocusLensToDistance
0xffb5f04c,MoveFocusLensToDistance_FW
0xffb5f0b8,ResetFocus_FW
0xffb5f290,j_IsFocusLensOutSidePosition_FW
0xffb5f2cc,SetFocusResetState_FW
0xffb5f394,SaveFocusResetPulse_FW
0xffb5fd38,SetScanLensIndex_FW
0xffb5fe48,SetScanWindowMode_FW
0xffb600a0,SelectAdjBPFilter_FW
0xffb600cc,SetAdjAFWinPos_FW
0xffb60140,SetBPFilterForBP_FW
0xffb60178,CancelBPFilterForBP_FW
0xffb60390,StartAdjAFService_FW
0xffb604e0,StopAdjAFService_FW
0xffb60674,GetAdjAFInteg_FW
0xffb60718,StopAdjAFInteg_FW
0xffb60728,StartAdjAFInteg_FW
0xffb60744,SetAdjAFIntegCrwAdd_FW
0xffb60e6c,StopCustomScan_FW
0xffb60e7c,StartCustomScan_FW
0xffb60eec,StartCrwCustomScan_FW
0xffb61790,CalculatePeakPosByLS_FW
0xffb617e8,CalculateInterpolationByLS_FW
0xffb6182c,ReloadAFAdjustment_FW
0xffb61908,PrintScanTable_FW
0xffb61b54,PrintMultiWinScanTable_FW
0xffb61efc,GetExStrobeID_FW
0xffb61f0c,IsExStrobeChargeComp_FW
0xffb61f18,SetExStrobeMode_FW
0xffb61f24,CancelExStrobeMode_FW
0xffb61f30,ReloadEfAdjustment_FW
0xffb61f74,ChargeStrobe_FW
0xffb61fac,ChargeStrobeForFA_FW
0xffb61ff8,StopStrobeChargeForFA_FW
0xffb62018,ExecuteInternalPreFlash_FW
0xffb620b8,ReloadColorAdjustment_FW
0xffb6217c,RegistColorMatrix_FW
0xffb621b4,j_RegistColorMatrix_FW
0xffb621c4,UnregistColorMatrix_FW
0xffb62348,ShowCurrentExp_FW
0xffb62398,SetAE_ShutterSpeed
0xffb62398,SetAE_ShutterSpeed_FW
0xffb6245c,FocusAEWithCompensation_FW
0xffb624d8,SetAE_CdsGainValue_FW
0xffb624e4,j_SetAE_CdsGainValue_FW
0xffb625a4,FixAEWithCompensation_FW
0xffb62608,SetAdj_AEMode_FW
0xffb6265c,CancelAdj_AEMode_FW
0xffb62698,PreFixAE_FW
0xffb62824,AfAEWithAperturePriority_FW
0xffb6287c,AdjAEWithAperturePriority_FW
0xffb628d4,SleepAE_FW
0xffb62a2c,AfAEWithCompensation_FW
0xffb62b30,GetVideoOutType
0xffb62b30,GetVideoOutType_FW
0xffb62b80,SwitchOffDisplay_FW
0xffb62bcc,SwitchOnDisplay_FW
0xffb62bdc,j_GetVideoOutType_FW
0xffb62be0,SetVideoOutType
0xffb62c1c,SetVideoOutType_FW
0xffb62c30,IsEVFDrive_FW
0xffb62c58,j_IsEVFDrive_FW
0xffb62c90,StopEVFDrive_FW
0xffb630d0,StartEVFDriveWithMode_FW
0xffb63114,StartEVFDrive_FW
0xffb63170,IsEvfDriveMode_FW
0xffb633e8,GetSumYOfVRAMCenterLine_FW
0xffb63454,j_GetVRAMHPixelsSize_FW
0xffb6345c,j_GetVRAMVPixelsSize_FW
0xffb63464,StopContinuousVRAMData_FW
0xffb634ec,GetContinuousVRAMData_FW
0xffb63bcc,GetPixelsOfViewangle_FW
0xffb63c68,GetContinuousVRAMDataWithRingBuffer_FW
0xffb63d00,j_GetMovieJpegVRAMHPixelsSize_FW
0xffb63d08,j_GetMovieJpegVRAMVPixelsSize_FW
0xffb63e34,GetContinuousMovieJpegVRAMData_FW
0xffb63eac,ChangeDistortionSetForLiveImage_FW
0xffb6403c,SetImageMode
0xffb640ec,Bat_VIN_FW
0xffb640ec,SetInputVoltage_FW
0xffb64100,Bat_Save_FW
0xffb64100,SaveBatSenseOffsetAdjustmentTable_FW
0xffb64110,SetImageMode_FW
0xffb64118,CalcLowBatteryOffsetValue_FW
0xffb64140,SetDate
0xffb64140,SetDate_FW
0xffb642a4,SetYear_FW
0xffb64304,SetMonth_FW
0xffb64360,SetDay_FW
0xffb643c8,SetHour_FW
0xffb6442c,SetMinute_FW
0xffb64490,SetSecond_FW
0xffb644f4,GetYear_FW
0xffb64524,GetMonth_FW
0xffb64550,GetDay_FW
0xffb64578,GetHour_FW
0xffb645a0,GetMinute_FW
0xffb645c8,GetSecond_FW
0xffb645f0,SetLangMenuType_FW
0xffb64644,SaveFromImage_FW
0xffb64808,SetFactorySerialNumber_FW
0xffb64880,LoadFactoryNumber_FW
0xffb64960,j_LoadFactoryNumber_FW
0xffb64964,LoadSerialNumber_FW
0xffb64a48,j_LoadSerialNumber_FW
0xffb64a54,GetLastVBatADLevel_FW
0xffb64a5c,j_GetVBatVoltage_FW
0xffb64a60,SaveFactoryReserveData_FW
0xffb64b6c,SetProductVolume_FW
0xffb64bd4,j_GetDCPAdjOffset_FW
0xffb64bd8,SetWindowSystemDrawSetting_FW
0xffb64d80,ReloadDefectAdjustmentData_FW
0xffb64d90,ReloadFROMDefectAdjustmentData_FW
0xffb64da4,ReloadShadingAdjustmentData_FW
0xffb64db8,SetWBTemperature_FW
0xffb64ec4,DevelopStillPicture_FW
0xffb64fb4,InitializeMechaDevice_FW
0xffb64ff0,TerminateMechaDevice_FW
0xffb65068,CreateJumptable
0xffb66df0,HitISLensAgainstTopEdge_FW
0xffb66e08,HitISLensAgainstBottomEdge_FW
0xffb66e20,HitISLensAgainstLeftEdge_FW
0xffb66e38,HitISLensAgainstRightEdge_FW
0xffb66e50,HitISLensToMechaEdge_FW
0xffb66e68,MoveISLensToRightLimitPosition_FW
0xffb66e80,MoveISLensToLeftLimitPosition_FW
0xffb66e98,MoveISLensToBottomLimitPosition_FW
0xffb66eb0,MoveISLensToTopLimitPosition_FW
0xffb66ec8,MoveISLensToLimitPosition_FW
0xffb66ee0,SearchBCentralPosition_FW
0xffb66ee0,SearchISLensCentralPosition_FW
0xffb66ef0,StopBDrive_FW
0xffb66ef0,StopISAdjustmentDrive_FW
0xffb66ef0,StopISDrive_FW
0xffb66f00,StartBDrive_FW
0xffb66f00,StartISAdjustmentDrive_FW
0xffb66f00,StartISDrive_FW
0xffb66f10,StopBPanDrive_FW
0xffb66f10,StopISPanDrive_FW
0xffb66f20,SetISControllMode_FW
0xffb66f38,StartBPanDrive_FW
0xffb66f38,StartISPanDrive_FW
0xffb66f48,WriteHallDeviceAdjustment_FW
0xffb66f58,WriteGyroAdjustment_FW
0xffb66fd0,WritePWMAdjustment_FW
0xffb67038,SetISPitchPWM_FW
0xffb6704c,SetISYawPWM_FW
0xffb67060,SetISLensDriveValue_FW
0xffb67078,SetISGyroYawGain_FW
0xffb6708c,SetISGyroPitchGain_FW
0xffb670a0,SetISLensGyroGain_FW
0xffb670b8,SetISHallDeviceYawGain_FW
0xffb670cc,SetISHallDevicePitchGain_FW
0xffb670e0,SetISLensHallGain_FW
0xffb670f8,SetISHallDeviceYawOffset_FW
0xffb6710c,SetISHallDevicePitchOffset_FW
0xffb67120,SetISLensHallOffset_FW
0xffb67138,SetZoomPointToIS_FW
0xffb6718c,GetISHallOffsetDACValue_FW
0xffb67194,GetISLensEViAaxis_FW
0xffb671a0,GetISLensEViBaxis_FW
0xffb671ac,GetISLensCorrectedEViAaxis_FW
0xffb671b8,GetISLensCorrectedEViBaxis_FW
0xffb671c4,GetISLensDampAaxis_FW
0xffb671cc,GetISLensDampBaxis_FW
0xffb671d4,SetISLPFCutOffFreqAaxis_FW
0xffb671e0,SetISLPFCutOffFreqBaxis_FW
0xffb671ec,SetLPFForParallelFilter_FW
0xffb67208,SetISCutOffFreqIndex_FW
0xffb67208,SetISHPFCutOffFreqIndex_FW
0xffb6721c,ChangeFilterMode_FW
0xffb67230,HitISMechaEdgeInOpenControl_FW
0xffb6724c,ChangeToISCloseControl_FW
0xffb6725c,SetISGyroHPFINOffsetPitch_FW
0xffb67268,SetISGyroHPFINOffsetYaw_FW
0xffb67274,SetISGyroOffsetHPFINData_FW
0xffb67284,SetISGyro10BitDACPitch_FW
0xffb67290,SetISGyro10BitDACYaw_FW
0xffb6729c,SetISGyroOffset10BitDACData_FW
0xffb672ac,GetISGyroDataPitch_FW
0xffb672b4,GetISGyroDataYaw_FW
0xffb672bc,GetISGyroData_FW
0xffb672c4,GetISGyroHPFINPitch_FW
0xffb672cc,GetISGyroHPFINYaw_FW
0xffb672d4,GetISHPFINGyroData_FW
0xffb672dc,GetISGyro10BitDACPitch_FW
0xffb672e4,GetISGyro10BitDACYaw_FW
0xffb672ec,GetISGyroOffset10BitDACData_FW
0xffb672f4,GetISGyroHPFINOffsetPitch_FW
0xffb672fc,GetISGyroHPFINOffsetYaw_FW
0xffb67304,GetISGyroOffsetHPFINData_FW
0xffb6730c,SetISGyroFilterCharge_FW
0xffb67320,SetISTuningMode_FW
0xffb67338,SetISTuningOff_FW
0xffb6734c,SetISGyroCompensationMode_FW
0xffb67368,CalcLoopGain_FW
0xffb673d8,GetLoopGainCalcData_FW
0xffb67410,SetLoopGain_FW
0xffb67434,GetLoopGain_FW
0xffb6743c,SetISLensPWMMode_FW
0xffb67450,SetDISModeParameter_FW
0xffb67470,GetGyroFilterChargeStatus_FW
0xffb67484,j_GetDISModeParameter_FW
0xffb67488,SetISCrossTalkCompCoeff_FW
0xffb674ac,GetISCrossTalkCompCoeff_FW
0xffb674b4,StartISAdjustMacro_FW
0xffb674c4,StopISAdjustMacro_FW
0xffb674d4,GetMacroISGain_FW
0xffb674dc,SetMacroISGain_FW
0xffb67500,GetMacroISEstimateRadius_FW
0xffb67508,GetMacroISEstimateVelocity_FW
0xffb6753c,SetISMacroMode_FW
0xffb67550,NotifyISMacroDistance_FW
0xffb67560,GetISHallDevicePitchOffset_FW
0xffb67568,GetISHallDeviceYawOffset_FW
0xffb67570,GetISLensHallOffset_FW
0xffb67578,GetISHallDevicePitchGain_FW
0xffb67580,GetISHallDeviceYawGain_FW
0xffb67588,GetISLensHallGain_FW
0xffb67590,GetISPitchPWM_FW
0xffb67598,GetISYawPWM_FW
0xffb675a0,GetISLensDriveValue_FW
0xffb675a8,GetISShiftLensPitchPosition_FW
0xffb675b0,GetISShiftLensYawPosition_FW
0xffb675b8,GetISLensPositionValue_FW
0xffb675c0,GetISGyroPitchGain_FW
0xffb67614,GetISGyroYawGain_FW
0xffb6761c,GetISLensGyroGain_FW
0xffb67624,ClearISCalcZData_FW
0xffb67634,CancelLoopGainCalc_FW
0xffb67644,ReloadISAdjustment_FW
0xffb67654,MoveISLensToCentralPosition_FW
0xffb6a26c,task_CtgTotalTask
0xffb7a130,task_ReadScheduleTask
0xffb84ea4,SetPMByGpio_FW
0xffb84ebc,ClearPMByGpio_FW
0xffb84ed4,ClearPMByFs_FW
0xffb84ee4,MoveDCMotorCW_FW
0xffb84f74,MoveDCMotorCCW_FW
0xffb85004,SetDCMotorWaitTime_FW
0xffb85a68,GetFocusLensResetVoltage_FW
0xffb89108,task_MovRead
0xffba1948,task_ReadFileTask
