0xffb89c04,_dadd
0xffb8a61c,_dcmp
0xffb8aa94,_dcmp_reverse
0xffb89f10,_ddiv
0xffb8a4a8,_dfix
0xffb8a558,_dfixu
0xffb8a5e0,_dflt
0xffb8a610,_dfltu
0xffb876ec,_divmod_signed_int
0xffb89bbc,_divmod_unsigned_int
0xffb8a6a4,_dmul
0xffb8ab34,_drsb
0xffb8acf8,_dsub
0xffb8b0ac,_f2d
0xffb8b258,_fdiv
0xffb8b47c,_ffix
0xffb8b4f0,_ffixu
0xffb8b550,_fflt
0xffb8b584,_ffltu
0xffb8b604,_fmul
0xff83bb9c,_GetSystemTime
0xffb88f7c,_log
0xffb87c08,_log10
0xffb87d78,_pow
0xffb88d28,_safe_sqrt
0xffb8bb4c,_scalbn
0xffb8ab84,_sqrt
0xff81fccc,_uartr_req
0xff94a728,AbortAEIntegralValue_FW
0xff88de48,AcquireRecursiveLock
0xff83b7f8,AcquireRecursiveLockStrictly
0xff94c584,ActivateAdjLog_FW
0xff900a88,ActivateImager_FW
0xff900b14,ActivateImagerXOne_FW
0xffa72bb4,add_ptp_handler
0xffa2b22c,add_ui_to_dialog
0xff994548,AdditionAgentRAM_FW
0xffa97924,AddTransparentMemory_FW
0xffb4c190,AdjAEWithAperturePriority_FW
0xffb4c14c,AfAEWithAperturePriority_FW
0xffb4c33c,AfAEWithCompensation_FW
0xffa64b0c,AFTool.GetEVal_FW
0xffae57a0,AllocateMemory
0xffae57a0,AllocateMemory_FW
0xff83b8f0,AllocateUncacheableMemory
0xffa34f88,apex2us
0xff8b54a4,atol_FW
0xff94b494,AttachIntegCrawData_FW
0xffa9795c,AttachToTransparentMemory_FW
0xffb3d8ec,Bat_Calc_FW
0xffb4d878,Bat_Save_FW
0xffb4d864,Bat_VIN_FW
0xff860680,BeepDrive_FW
0xff8606a0,BeepDriveComp_FW
0xffb46fb0,CalcLog10
0xffb46fec,CalcLog10_FW
0xffb51e40,CalcLoopGain_FW
0xffb470dc,CalcSqrt_FW
0xffb3d8ec,CalculateBatSenseOffset_FW
0xffb46f8c,CalculateLog2ToApex_FW
0xffb46f50,CalculatePeakFromLeastSquareResult_FW
0xffb46fa0,CalculatePow2FromApex_FW
0xff86f2a8,CalculateTestRecYUVData_FW
0xffb4bf68,CancelAdj_AEMode_FW
0xffb45b84,CancelAdjCdsMode_FW
0xffb4a054,CancelBPFilterForBP_FW
0xffb4b8c4,CancelExStrobeMode_FW
0xffae01f4,CancelFocusLensMaxSpeedLimit_FW
0xff8917c8,CancelHPTimer
0xff900d88,CancelImageDrive_FW
0xff900c90,CancelImager_FW
0xff87fe18,CancelLoopGainCalc_FW
0xff83bdb8,CancelTimer
0xff9896c0,Capture.Create_FW
0xffb45e04,CaptureWithParam_FW
0xffa97354,ChangeAdjImgDrvMode_FW
0xffa97380,ChangeAEIntegDrvTypeToAdjImgDriveType_FW
0xffa53168,ChangeCrossThresholdTable_FW
0xffa532e8,ChangeDefectRecParam_FW
0xffb4d634,ChangeDistortionSetForLiveImage_FW
0xffb51a9c,ChangeFilterMode_FW
0xffae03a8,ChangeFocusDistanceToPosition_FW
0xffa5302c,ChangeGradeTable_FW
0xffb45e18,ChangeImageDrive_FW
0xff900d1c,ChangeImagerToAlternateDraft_FW
0xff900ccc,ChangeImagerToCombiParallel_FW
0xff900d14,ChangeImagerToDigiconMode_FW
0xff900d3c,ChangeImagerToFastBP_FW
0xff900cdc,ChangeImagerToFocusJet_FW
0xff900d54,ChangeImagerToFocusJetHD_FW
0xff900d44,ChangeImagerToHarleyDavidson_FW
0xff900d04,ChangeImagerToHoneyFlash_FW
0xff900d6c,ChangeImagerToHoneyFlashDark_FW
0xff900d64,ChangeImagerToHoneyFlashHD_FW
0xff900d74,ChangeImagerToHoneyHDFlashDark_FW
0xff900cf4,ChangeImagerToJetDraft_FW
0xff900cfc,ChangeImagerToJumboDraft_FW
0xff900ce4,ChangeImagerToMangoPudding_FW
0xff900d5c,ChangeImagerToMangoPuddingHD_FW
0xff900d0c,ChangeImagerToMillefeAdjust_FW
0xff900d34,ChangeImagerToMontblancMillefe_FW
0xff900d2c,ChangeImagerToMontblancWhole_FW
0xff900d14,ChangeImagerToOITA_XAVIER_FW
0xff900d7c,ChangeImagerToRoadKing_FW
0xff900cec,ChangeImagerToSuperWideDraft_FW
0xff900d24,ChangeImagerToUltraGhostQ_FW
0xff900cb4,ChangeImagerToWholeParallel_FW
0xff900cbc,ChangeImagerToWholeParallelBP_FW
0xff900cc4,ChangeImagerToWholeParallelBPOne_FW
0xff900cd4,ChangeImagerToWideDraft_FW
0xff900d4c,ChangeImagerToWideDraftHD_FW
0xffae0788,ChangeIrisSpeed_FW
0xffae223c,ChangeParallelMode_FW
0xff87f8e8,ChangeToISCloseControl_FW
0xffae0fac,ChangeZoomLensMagnificationToPoint_FW
0xffae0fa4,ChangeZoomLensPointToMagnification_FW
0xffb4b900,ChargeStrobe_FW
0xffb4b934,ChargeStrobeForFA_FW
0xff88d9cc,CheckAllEventFlag
0xff88d984,CheckAnyEventFlag
0xff894cbc,CheckSumAll_FW
0xff836fec,ClearDUIDFixFlag_FW
0xff836f7c,ClearDurianMode_FW
0xff88dbec,ClearEventFlag
0xff836f7c,ClearFactoryMode_FW
0xff87fbf8,ClearISCalcZData_FW
0xffae22b0,ClearISIComponent_FW
0xffae22d4,ClearISZData_FW
0xffac4dac,ClearPMByFs_FW
0xffac4d84,ClearPMByGpio_FW
0xffb48544,ClearZoomCommonDriveParam_FW
0xff97c6e4,ClearZoomDriveParam_FW
0xff838060,Close
0xff81ab8c,close
0xff838060,Close_FW
0xff81f734,CloseConsole_FW
0xffab9060,closedir
0xffae0be0,CloseMechaShutter_FW
0xffae0c28,CloseMechaShutterWithTiming_FW
0xffb465fc,CloseMShutter_FW
0xffa972ec,ConvertAdjImgDrvModeToAdjImgDriveType_FW
0xffa972a0,ConvertAEIntegDrvTypeToAdjImgDriveType_FW
0xffb47044,ConvertApexStdToApex_FW
0xffb47014,ConvertApexToApexStd_FW
0xffb475e0,ConvertCxCyToWBGain_FW
0xffb48d7c,ConvertToPositionWithDistanceAndZoomPoint_FW
0xffb45f70,ConvertTvToExposureTime_FW
0xff81f490,CPrintf_FW
0xff81f4ec,CPutChar_FW
0xff86a8f0,CreateAdjustmentTableMirror_FW
0xff83b0d0,CreateBinarySemaphore
0xff83b6b0,CreateBinarySemaphoreStrictly
0xff899bec,CreateController_FW
0xff83b138,CreateCountingSemaphore
0xff83b138,CreateCountingSemaphore_FW
0xff83b6d4,CreateCountingSemaphoreStrictly
0xff86a900,CreateDefectTableMirror_FW
0xffa28ca8,CreateDialogBox
0xff88d8dc,CreateEventFlag
0xff83b68c,CreateEventFlagStrictly
0xff94bec4,CreateFADBGSingalID_FW
0xffb502c0,CreateJumptable
0xff83ad0c,CreateMessageQueue
0xff83b668,CreateMessageQueueStrictly
0xff892b24,CreateProxyOfEventProcedure_FW
0xff88dda8,CreateRecursiveLock
0xff83b6f8,CreateRecursiveLockStrictly
0xff81e8a0,CreateTask
0xff81e8a0,CreateTask_FW
0xff83b634,CreateTaskStrictly
0xffa53040,CrossDefDetect_FW
0xff972708,CzDebugPrint_FW
0xff972710,CzDebugPrintToFile_FW
0xff81eb78,DebugAssert
0xff899ca8,DeleteController_FW
0xff837abc,DeleteDirectory_Fut
0xff88d934,DeleteEventFlag
0xff8379d8,DeleteFile_Fut
0xff83ad90,DeleteMessageQueue
0xff892b7c,DeleteProxyOfEventProcedure_FW
0xff88ddf8,DeleteRecursiveLock
0xff83b190,DeleteSemaphore
0xff83b190,DeleteSemaphore_FW
0xffb50124,DevelopStillPicture_FW
0xffa557a0,DevelopTool.DevelopTest_FW
0xff94bc2c,DeviceUniqueIDCheckSum_FW
0xff94e628,DisableDebugLogMode_FW
0xff83b3b0,DisableDispatch
0xff812aac,DisableDispatch_low
0xffae0250,DisableFocusLens_FW
0xffae02d0,DisableFocusLensGainLock_FW
0xffae02fc,DisableFocusLensWaveLock_FW
0xffae0a44,DisableFocusPiCircuit_FW
0xff973528,DisableFocusPullInMaxSpeed_FW
0xff861f40,DisableHDMIPower
0xffae0764,DisableIris_FW
0xffac89d0,DisableIrisActuator_FW
0xffae242c,DisableISAutoGyroOffset_FW
0xffae240c,DisableISDriveError
0xffae240c,DisableISDriveError_FW
0xffae09a0,DisableLensError_FW
0xffae0a24,DisableMechaCircuit_FW
0xffae0b28,DisablePrismInPiCircuit_FW
0xffae0b4c,DisablePrismOutPiCircuit_FW
0xffae0b04,DisableSlavePiCircuit_FW
0xffb48ca4,DisableZoomDrvWaveformByLens_FW
0xffae0a8c,DisableZoomEncoderCircuit_FW
0xffae0d04,DisableZoomLensEncoderPowerControl_FW
0xffb48c74,DisableZoomPiByLens_FW
0xffae0a68,DisableZoomPiCircuit_FW
0xffae1380,DisableZoomSlave_FW
0xffae1344,DisableZoomSlaveSynchro_FW
0xffb48c38,DisableZoomVoltageByLens_FW
0xffb48b84,DisableZoomWithIndex_FW
0xff85da94,DispCon_GetLcdGainAdjParameter_FW
0xff85d878,DispCon_GetVideoAdjParameter_FW
0xff85dae0,DispCon_SaveLcdGainAdjParameter_FW
0xff85d954,DispCon_SaveVideoAdjParameter_FW
0xff85d49c,DispCon_SetDisplayType_FW
0xff85da40,DispCon_SetLcdGainAdjParameter_FW
0xff85d760,DispCon_SetMaxBackLightBrightness_FW
0xff85d7e0,DispCon_SetVideoAdjParameter_FW
0xff85d368,DispCon_ShowBitmapColorBar
0xff85d368,DispCon_ShowBitmapColorBar_FW
0xff85d34c,DispCon_ShowBlackChart_FW
0xff85d09c,DispCon_ShowColorBar_FW
0xff85d4bc,DispCon_ShowColorChart_FW
0xff85d410,DispCon_ShowCustomColorBar_FW
0xff85d15c,DispCon_ShowFiveStep_FW
0xff85dafc,DispCon_ShowHdChart_FW
0xff85dad0,DispCon_ShowLcdGainAdjParameter_FW
0xff85d8fc,DispCon_ShowVideoAdjParameter_FW
0xff85d2f8,DispCon_ShowWhiteChart_FW
0xff85d4e0,DispCon_ShowWhiteLine_FW
0xff85d750,DispCon_TurnOffBackLight_FW
0xff85d730,DispCon_TurnOffDisplay_FW
0xff85d740,DispCon_TurnOnBackLight_FW
0xff85d720,DispCon_TurnOnDisplay_FW
0xff989650,DispDev.Create_FW
0xff9873cc,DispDev_EnableEventProc_FW
0xff8afa60,DisplayBusyOnScreen
0xffa29734,DisplayDialogBox
0xff836b68,DisplayFactoryMode_FW
0xff839868,DoAELock
0xff839670,DoAFLock
0xff8c20ec,DoMovieFrameCapture
0xff9874d0,Driver.Create_FW
0xff9874d0,Driver_EnableEventProc_FW
0xff815f58,drysh_FW
0xff987878,Dump32_FW
0xff987868,Dump_FW
0xff86a07c,DumpAdjMirror_FW
0xffa978e4,DumpTransparentMemoryItem_FW
0xff900798,E2LatOn_FW
0xff861c00,EdidDump_FW
0xffa61ad8,EF.AdjPreFlash_FW
0xff8e5d34,EF.IsChargeFull_FW
0xffa61b1c,EF.SetChargeMode_FW
0xffa619e8,EF.SetEFChargeTimeOut_FW
0xffa61b30,EF.SetFlashTime_FW
0xffa61ac0,EF.SetMainFlashTime_FW
0xffa61988,EF.StartEFCharge_FW
0xffa61a38,EF.StartInternalMainFlash_FW
0xffa619fc,EF.StartInternalPreFlash_FW
0xffa619d8,EF.StopEFCharge_FW
0xff94e614,EnableDebugLogMode_FW
0xff83b5e0,EnableDispatch
0xff812ad8,EnableDispatch_low
0xffae0204,EnableFocusLens_FW
0xffae029c,EnableFocusLensGainLockWithVoltage_FW
0xffae02e0,EnableFocusLensWaveLock_FW
0xffae0a34,EnableFocusPiCircuit_FW
0xffb49404,EnableFocusPullInMaxSpeed_FW
0xff861f38,EnableHDMIPower
0xff81e898,EnableInterrupt
0xffae0740,EnableIris_FW
0xffac89ac,EnableIrisActuator_FW
0xffae241c,EnableISAutoGyroOffset_FW
0xffae23fc,EnableISDriveError_FW
0xffae0990,EnableLensError_FW
0xffae0a14,EnableMechaCircuit_FW
0xffae0b18,EnablePrismInPiCircuit_FW
0xffae0b3c,EnablePrismOutPiCircuit_FW
0xffae0af4,EnableSlavePiCircuit_FW
0xffb48c94,EnableZoomDrvWaveformByLens_FW
0xffae0a7c,EnableZoomEncoderCircuit_FW
0xffae0cf4,EnableZoomLensEncoderPowerControl_FW
0xffb48c6c,EnableZoomPiByLens_FW
0xffae0a58,EnableZoomPiCircuit_FW
0xffae1354,EnableZoomSlave_FW
0xffae1334,EnableZoomSlaveSynchro_FW
0xffb48c0c,EnableZoomVoltageByLens_FW
0xffb48b48,EnableZoomWithIndex_FW
0xff92a190,EngApp.Create_FW
0xff92a164,EngApp.Delete_FW
0xff835a70,EngDrvBits
0xffa8e2cc,EngDrvBits_FW
0xff835a54,EngDrvIn
0xffa8e2bc,EngDrvIn_FW
0xff835a3c,EngDrvOut
0xffa8e2a0,EngDrvOut_FW
0xff835a5c,EngDrvRead
0xffa8e2c4,EngDrvRead_FW
0xffa8e2f0,EngDrvReadDump_FW
0xff989700,EngineDriver.Create_FW
0xff839770,EnterToCompensationEVF
0xff86a070,EraseAdjustmentArea_FW
0xff98f82c,EraseLogSector_FW
0xff88ef2c,EraseSectorOfRom_FW
0xff987854,EraseSignature_FW
0xff815fd4,err_init_task
0xffadfa80,EscapeFocusLens_FW
0xffae580c,exec_FW
0xff86fba0,Executedccd_FW
0xffa532f8,ExecuteDefectRec_FW
0xffa5330c,ExecuteDefectRecAndSaveImage_FW
0xff86f4a4,ExecuteDigicon_FW
0xff8920e0,ExecuteEventProcedure
0xff892158,ExecuteEventProcedure_FW
0xffb4b9a0,ExecuteInternalPreFlash_FW
0xff9b2074,ExecuteResetFactoryWithRomWrite_FW
0xff86eac8,ExecuteTestRec_FW
0xff86eadc,ExecuteTestRecCF_FW
0xff86eb58,ExecuteTestRecDevelopProcess_FW
0xff86eadc,ExecuteTestRecSD_FW
0xff86eb0c,ExecuteTestRecSw1_FW
0xff86eaf4,ExecuteTestRecWithInteg_FW
0xff8397b4,ExitFromCompensationEVF
0xff81eb30,ExitTask
0xff81eb30,ExitTask_FW
0xff89097c,ExMem.AllocCacheable_FW
0xff8907c0,ExMem.AllocUncacheable_FW
0xff890a04,ExMem.FreeCacheable_FW
0xff890900,ExMem.FreeUncacheable_FW
0xff8902d4,ExMem.View_FW
0xff890914,exmem_alloc
0xff89098c,exmem_free
0xff8385e0,ExMem_FW
0xff890764,exmem_ualloc
0xff8908b4,exmem_ufree
0xff8c8810,ExpCtrlTool.SetExpMode_FW
0xff847d34,ExpCtrlTool_StartContiAE
0xff847ec0,ExpCtrlTool_StopContiAE
0xff892b18,ExportToEventProcedure_FW
0xff98962c,FA.Create_FW
0xff989618,FA.Delete_FW
0xff94bf74,FADBGPrintf_FW
0xff94bed4,FADBGSingal_FW
0xff94c0f4,FAPrintf_FW
0xff837b54,Fclose_Fut
0xff837b54,Fclose_Fut_FW
0xff837d40,Feof_Fut
0xff837d7c,Fflush_Fut
0xff837ca8,Fgets_Fut
0xffb4bed0,FixAEWithCompensation_FW
0xff9a4e3c,FmtMenu_ExecuteQuickFormat_FW
0xffb4bda4,FocusAEWithCompensation_FW
0xff837b14,Fopen_Fut
0xff837b14,Fopen_Fut_FW
0xff837c00,Fread_Fut
0xff837c00,Fread_Fut_FW
0xff814244,free
0xffae5798,FreeMemory
0xffae5798,FreeMemory_FW
0xff83b930,FreeUncacheableMemory
0xff837cf4,Fseek_Fut
0xff837cf4,Fseek_Fut_FW
0xff837c54,Fwrite_Fut
0xff837c54,Fwrite_Fut_FW
0xff8ce488,get_current_exp
0xff87586c,get_fstype
0xff912520,get_ptp_buf_size
0xffa745dc,get_ptp_file_buf
0xff88ebe0,get_resource_pointer
0xff819d94,get_self_task_errno_pointer
0xff812b2c,get_self_task_id
0xffa2b91c,get_string_by_id
0xff813aec,get_task_properties
0xff85ee60,GetAdChValue
0xff85ee60,GetAdChValue_FW
0xffb4a4a4,GetAdjAFInteg_FW
0xff86a0d4,GetAdjTableMapVersion_FW
0xff86a0e4,GetAdjTableValueVersion_FW
0xff86a0a0,GetAdjTableVersion_FW
0xff85ee58,GetAdVBattBottom_FW
0xff94b110,GetAEIntegralServiceMode_FW
0xff94adb0,GetAEIntegralValueWithFix_FW
0xff94b104,GetAEIntegValueBit_FW
0xff94aa30,GetAEIntegWinData_FW
0xff94acc8,GetAEIntegWinDataWithMode_FW
0xff94aed4,GetAllAEIntegralAllValueWithFix_FW
0xff978a08,GetBarrelEncoderCurrentPosition_FW
0xff9789c4,GetBarrelEncoderTargetPosition_FW
0xff978b9c,GetBarrelEncoderValue_FW
0xffa673b0,GetBaseSv
0xff834b7c,GetBatteryCoverClose_FW
0xff86839c,GetBatteryTemperature
0xff86839c,GetBatteryTemperature_FW
0xff86b058,GetBpDBAdjustmentOffset_FW
0xff894ba0,GetBuildDate_FW
0xff894ba8,GetBuildTime_FW
0xffa97414,GetCameraInformationData_FW
0xffb4fd50,GetCaptureInfoData_FW
0xff868328,GetCCDTemperature
0xff868328,GetCCDTemperature_FW
0xffb459dc,GetCdsGainValue_FW
0xffb45ab0,GetCdsPreGain_FW
0xffb45b08,GetCdsPreGainReg_FW
0xff81f518,GetCh_FW
0xffb4d5bc,GetContinuousMovieJpegVRAMData_FW
0xffb4cc60,GetContinuousVRAMData_FW
0xffb4d3fc,GetContinuousVRAMDataWithRingBuffer_FW
0xffb45e20,GetCrwImageInfo_FW
0xffa97274,GetCurrentAdjImgDriveType_FW
0xff9752d0,GetCurrentAvValue
0xff9752d0,GetCurrentAvValue_FW
0xff8a5a3c,GetCurrentCaptureModeType_FW
0xffa973cc,GetCurrentCcdTemp_FW
0xff8ba4f4,GetCurrentExposureTime_FW
0xff9738cc,GetCurrentFocusLensPosition_FW
0xff9738cc,GetCurrentFocusPosition_FW
0xffa97280,GetCurrentImgDrvMode_FW
0xff97548c,GetCurrentIrisPosition_FW
0xff88ca78,GetCurrentMachineTime
0xff94c5d0,GetCurrentMaximumLogSize_FW
0xffa973e8,GetCurrentOptTemp_FW
0xff8ba21c,GetCurrentShutterSpeed
0xff8ba21c,GetCurrentShutterSpeed_FW
0xff973864,GetCurrentTargetDistance_FW
0xffb47b2c,GetCurrentZoomLensDirection_FW
0xff97aed8,GetCurrentZoomLensPoint_FW
0xffb47b20,GetCurrentZoomLensPosition_FW
0xffb48b08,GetCurrentZoomLensPositionByLens_FW
0xff97aed8,GetCurrentZoomPoint_FW
0xffb47b20,GetCurrentZoomPosition_FW
0xff9877a0,GetDateAndTime_FW
0xffb4dc7c,GetDay_FW
0xff86b060,GetDccdAdjustmentOffset_FW
0xff86fcac,GetdccdFilterValue_FW
0xff86fc18,GetdccdImage_FW
0xff86adac,GetDCPAdjOffset_FW
0xffa5317c,GetDefectCrawInfo_FW
0xff834b70,GetDialEventId_FW
0xff8757e8,GetDrive_ClusterSize
0xff875848,GetDrive_FreeClusters
0xff87581c,GetDrive_TotalClusters
0xff86ae44,GetDurianAdjustmentOffset_FW
0xff88dc24,GetEventFlagValue
0xffb4b8b0,GetExStrobeID_FW
0xff894bb0,GetFirmwareVersion_FW
0xff973da0,GetFocusDefaultResetPosition_FW
0xffac797c,GetFocusLensCurrentPosition_FW
0xffac79a8,GetFocusLensDriveVoltage_FW
0xffac7a70,GetFocusLensHoldVoltage_FW
0xffae03b0,GetFocusLensLoadCamTable_FW
0xffae0344,GetFocusLensLoadSubjectDistance_FW
0xffae049c,GetFocusLensMoveMaxPosition_FW
0xffae04b4,GetFocusLensMoveMinPosition_FW
0xffae033c,GetFocusLensPositionRatio_FW
0xff9734d8,GetFocusLensPullInMaxSpeed_FW
0xffac71f4,GetFocusLensResetDefaultPosition_FW
0xffac71e4,GetFocusLensResetPosition_FW
0xffb6acc4,GetFocusLensResetVoltage_FW
0xffac7a24,GetFocusLensSettingWaitVoltage_FW
0xff973864,GetFocusLensSubjectDistance
0xffae0318,GetFocusLensSubjectDistance_FW
0xff973cb8,GetFocusLensSubjectDistanceFromLens
0xffae0334,GetFocusLensSubjectDistanceNumber_FW
0xff9776ac,GetFocusPiSensorLevel_FW
0xff973d34,GetFocusResetPosition_FW
0xffb493d4,GetFocusResetPositionOfBothWay_FW
0xff87e9cc,GetFocusStartZoomPosition_FW
0xffb460c4,GetFrameRateWithApex_FW
0xff87fabc,GetGyro10BitDACPitch_FW
0xff87fac8,GetGyro10BitDACYaw_FW
0xff87fa6c,GetGyroDataPitch_FW
0xff87fa88,GetGyroDataYaw_FW
0xffae211c,GetGyroFilterCharge_FW
0xffb51f24,GetGyroFilterChargeStatus_FW
0xff87faf4,GetGyroHPFINOffsetPitch_FW
0xff87fb10,GetGyroHPFINOffsetYaw_FW
0xff87fb2c,GetGyroHPFINPitch_FW
0xff87fb88,GetGyroHPFINYaw_FW
0xffb4dca4,GetHour_FW
0xffaa0010,getImageDirName
0xff952d68,GetImageFolder
0xff9752d0,GetIrisAv_FW
0xff97548c,GetIrisCurrentPosition_FW
0xffb463bc,GetIrisPRResetPosition_FW
0xffae2558,GetISCrossTalkComp_FW
0xffb51fd4,GetISCrossTalkCompCoeff_FW
0xffae1e34,GetISDriveAaxis_FW
0xffae1e54,GetISDriveBaxis_FW
0xffae213c,GetISFirmVersion_FW
0xff87fabc,GetISGyro10BitDACPitch_FW
0xff87fac8,GetISGyro10BitDACYaw_FW
0xff87fa6c,GetISGyroDataPitch_FW
0xff87fa88,GetISGyroDataYaw_FW
0xffae1f34,GetISGyroGainAaxis_FW
0xffae1f54,GetISGyroGainBaxis_FW
0xff87faf4,GetISGyroHPFINOffsetPitch_FW
0xff87fb10,GetISGyroHPFINOffsetYaw_FW
0xff87fb2c,GetISGyroHPFINPitch_FW
0xff87fb88,GetISGyroHPFINYaw_FW
0xff87fa24,GetISGyroPitchGain_FW
0xffb5178c,GetISGyroPitchOffset_FW
0xff87fa30,GetISGyroYawGain_FW
0xffb51784,GetISGyroYawOffset_FW
0xffae2450,GetISHallAmpFirstGain_FW
0xff87fa0c,GetISHallDevicePitchGain_FW
0xff87f970,GetISHallDevicePitchOffset_FW
0xff87fa18,GetISHallDeviceYawGain_FW
0xff87fa00,GetISHallDeviceYawOffset_FW
0xffae1ef4,GetISHallGainAaxis_FW
0xffae1f14,GetISHallGainBaxis_FW
0xffae1eb4,GetISHallOffsetAaxis_FW
0xffae1ed4,GetISHallOffsetBaxis_FW
0xffae22e4,GetISHallOut1Amp_FW
0xff8807e4,GetISLensCorrectedEViAaxis_FW
0xff88083c,GetISLensCorrectedEViBaxis_FW
0xff88077c,GetISLensDampAaxis_FW
0xff880788,GetISLensDampBaxis_FW
0xff8807ac,GetISLensEViAaxis_FW
0xff8807c8,GetISLensEViBaxis_FW
0xffae218c,GetISParamVersion_FW
0xff87fa3c,GetISPitchPWM_FW
0xffae1e74,GetISPositionAaxis_FW
0xffae1e94,GetISPositionBaxis_FW
0xff87fa54,GetISShiftLensPitchPosition_FW
0xff87fa60,GetISShiftLensYawPosition_FW
0xff87fa48,GetISYawPWM_FW
0xff8633c4,GetKbdState
0xffb4e714,GetLastVBatADLevel_FW
0xff929d78,GetLatestHVPosition_FW
0xff834b74,GetLcdPosition_FW
0xff975e9c,GetLensErrorStatus_FW
0xff94c574,GetLogData_FW
0xff94c57c,GetLogDataOnlyAddMemory_FW
0xff98f804,GetLogToFile_FW
0xffb51efc,GetLoopGain_FW
0xffae2524,GetLoopGainAdjValue_FW
0xffae24b4,GetLoopGainCalcData_FW
0xffb51eb0,GetLoopGainCalcData_FW
0xffae226c,GetLPFParallelBest_FW
0xff84ceac,GetMacroSupportZoomPoint_FW
0xffae2164,GetMechaDSPVersion_FW
0xff979160,GetMechaShutterMoveTime_FW
0xff979188,GetMechaShutterStatus_FW
0xff81a264,GetMemInfo
0xffb4dccc,GetMinute_FW
0xffb4dc50,GetMonth_FW
0xff854048,GetMovieJpegVRAMHPixelsSize_FW
0xff854054,GetMovieJpegVRAMVPixelsSize_FW
0xff83b064,GetNumberOfPostedMessages
0xffb45a4c,GetObClampValue_FW
0xff94afa8,GetOnlyAEIntegData_FW
0xff868410,GetOpticalTemperature
0xff868410,GetOpticalTemperature_FW
0xff9b1d3c,GetParameterData
0xffb4d358,GetPixelsOfViewangle_FW
0xffae1d18,GetPrismInPiPosition_FW
0xff97761c,GetPrismInPiSensorLevel_FW
0xffae1d20,GetPrismOutPiPosition_FW
0xff977624,GetPrismOutPiSensorLevel_FW
0xff895de8,GetPropertyCase
0xff834b4c,GetSDDetect_FW
0xff834b54,GetSDProtect
0xff834b54,GetSDProtect_FW
0xffb4dcf4,GetSecond_FW
0xff899f68,GetSelfControllerHandle_FW
0xff83b344,GetSemaphoreValue
0xffb46070,GetShutterSpeedRegularMaxLimit_FW
0xffb46088,GetShutterSpeedRegularMinLimit_FW
0xff9776f4,GetSlavePiSensorLevel_FW
0xff81e874,GetSRAndDisableInterrupt
0xff81f568,GetStringWithPrompt_FW
0xffb4cb74,GetSumYOfVRAMCenterLine_FW
0xff834ae0,GetSwitchStatus_FW
0xffae57f8,GetSystemTime
0xffae57f8,GetSystemTime_FW
0xff86d8d8,GetTestRecCrawAddress_FW
0xff890058,GetTimeOfSystem_FW
0xffa979c8,GetTransparentMemory_FW
0xffa97a0c,GetTransparentMemoryPosition_FW
0xffa979b4,GetTransparentMemorySize_FW
0xffb4fcd8,GetUnpackCrwIntegralMultiValueForShading_FW
0xffb4f908,GetUnpackCrwIntegralValue_FW
0xffb4fb90,GetUnpackCrwIntegralValueForColorShading_FW
0xffb4f928,GetUnpackCrwIntegralValueForShading_FW
0xffb464d4,GetUsableMaxAv
0xffb464d4,GetUsableMaxAv_FW
0xffb464bc,GetUsableMinAv
0xffb464bc,GetUsableMinAv_FW
0xffb46060,GetUserSetShutterSPeed_FW
0xff833308,GetVBatVoltage_FW
0xffb4c4fc,GetVideoOutType
0xffb4c4fc,GetVideoOutType_FW
0xff854030,GetVRAMHPixelsSize
0xff854030,GetVRAMHPixelsSize_FW
0xff85403c,GetVRAMVPixelsSize
0xff85403c,GetVRAMVPixelsSize_FW
0xffb4dc20,GetYear_FW
0xff97a248,GetZoomActuatorCurrentPosition_FW
0xff97a224,GetZoomActuatorSpeedPPS_FW
0xffb48b40,GetZoomAdjResetPositionByLens_FW
0xffb48368,GetZoomDefaultCommonDriveParam_FW
0xffb48284,GetZoomDefaultDriveParam_FW
0xff97b728,GetZoomDrivingTime_FW
0xff97aed8,GetZoomLensCurrentPoint
0xff97aed8,GetZoomLensCurrentPoint_FW
0xffacd28c,GetZoomLensCurrentPosition
0xff97ac04,GetZoomLensCurrentPosition_FW
0xff97b724,GetZoomLensMechaEdgePosition_FW
0xffae1d10,GetZoomLensPiPosition_FW
0xffb477f4,GetZoomLensResetPlus_FW
0xff97acb0,GetZoomLensTelePoint_FW
0xffb48c4c,GetZoomMaxSpeedByLens_FW
0xffb4831c,GetZoomNormalDriveParam_FW
0xff97750c,GetZoomPiSensorLevel_FW
0xffb482d0,GetZoomResetDriveParam_FW
0xffb48b10,GetZoomResetPositionByLens_FW
0xffb48c84,GetZoomResetSensorChangeLevelByLens_FW
0xff97c6d8,GetZoomResetSensorLevel_FW
0xffb48c7c,GetZoomResetSensorLevelByLens_FW
0xff97e4d8,GetZoomSlaveCurrentPosition_FW
0xff97e740,GetZoomSlaveDirection_FW
0xff97ed00,GetZoomSlaveDriveVoltage_FW
0xfface468,GetZoomSlaveResetDefaultPosition_FW
0xfface458,GetZoomSlaveResetPosition_FW
0xff97acb0,GetZoomTelePoint_FW
0xff98059c,GetZoomTWBarrelPiPosition_FW
0xff980580,GetZoomTWBarrelResetSensorPulse_FW
0xff9805e4,GetZoomTWCurrentBarrelPosition_FW
0xff97ee74,GetZoomTWCurrentPosition_FW
0xffad0e3c,GetZoomTWDriveVoltage_FW
0xffad0688,GetZoomTWResetDefaultPosition_FW
0xffad0678,GetZoomTWResetPosition_FW
0xff83b30c,GiveSemaphore
0xff83b30c,GiveSemaphore_FW
0xff8b3520,GUISrv_StartGUISystem
0xff8b3520,GUISrv_StartGUISystem_FW
0xff91f108,handle_PTP_OC_0x9038
0xff91f1f8,handle_PTP_OC_0x9039
0xff91f2ec,handle_PTP_OC_0x903a
0xff91f3ac,handle_PTP_OC_0x903b
0xff91f3ec,handle_PTP_OC_0x904b
0xff91e9f0,handle_PTP_OC_0x904c
0xffa7204c,handle_PTP_OC_0x9050
0xffa70e78,handle_PTP_OC_0x9051
0xffa71fb0,handle_PTP_OC_0x9052
0xffa716dc,handle_PTP_OC_0x9053
0xffa715a4,handle_PTP_OC_0x9057
0xffa71368,handle_PTP_OC_0x9058
0xffa7123c,handle_PTP_OC_0x9059
0xffa710e4,handle_PTP_OC_0x905a
0xffa70f7c,handle_PTP_OC_0x905b
0xffa7204c,handle_PTP_OC_0x905c
0xffa70e78,handle_PTP_OC_0x905d
0xff91ff74,handle_PTP_OC_0x9060
0xff920018,handle_PTP_OC_0x9062
0xff9154d0,handle_PTP_OC_0x9801
0xff915048,handle_PTP_OC_0x9802
0xff914e08,handle_PTP_OC_0x9803
0xff914ce4,handle_PTP_OC_0x9804
0xff914664,handle_PTP_OC_0x9805
0xffa73618,handle_PTP_OC_CANON_ChangeUSBProtocol
0xff917b20,handle_PTP_OC_CANON_CheckEvent
0xff919618,handle_PTP_OC_CANON_GetCustomizeData
0xff91975c,handle_PTP_OC_CANON_GetCustomizeItemInfo
0xff91982c,handle_PTP_OC_CANON_GetCustomizeSpec
0xff91e534,handle_PTP_OC_CANON_GetObjectAttributes
0xff91ecfc,handle_PTP_OC_CANON_GetObjectHandleByName
0xff91f870,handle_PTP_OC_CANON_GetObjectInfoEx
0xff91e254,handle_PTP_OC_CANON_GetPartialObjectEx
0xff91dff8,handle_PTP_OC_CANON_GetPartialObjectInfo
0xff91fb48,handle_PTP_OC_CANON_SendObjectByPath
0xff91e698,handle_PTP_OC_CANON_SendObjectInfoByPath
0xff91fd84,handle_PTP_OC_CANON_SendPartialObject
0xff9194f4,handle_PTP_OC_CANON_SetCustomizeData
0xff91e5d8,handle_PTP_OC_CANON_SetObjectArchive
0xff91ee38,handle_PTP_OC_CANON_SetObjectTime
0xff918d1c,handle_PTP_OC_CloseSession
0xff91eeb4,handle_PTP_OC_DeleteObject
0xff91f014,handle_PTP_OC_FormatStore
0xff91707c,handle_PTP_OC_GetDevicePropDesc
0xff916f60,handle_PTP_OC_GetDevicePropValue
0xff91f570,handle_PTP_OC_GetNumObjects
0xff91da50,handle_PTP_OC_GetObject
0xff91f664,handle_PTP_OC_GetObjectHandles
0xff91df18,handle_PTP_OC_GetObjectInfo
0xff91dd44,handle_PTP_OC_GetPartialObject
0xff91d268,handle_PTP_OC_GetStorageIDs
0xff91d360,handle_PTP_OC_GetStorageInfo
0xff91dc70,handle_PTP_OC_GetThumb
0xff918dd4,handle_PTP_OC_OpenSession
0xff916b88,handle_PTP_OC_ResetDevicePropValue
0xff91fb48,handle_PTP_OC_SendObject
0xff91e698,handle_PTP_OC_SendObjectInfo
0xff916ddc,handle_PTP_OC_SetDevicePropValue
0xff91de70,handle_PTP_OC_SetObjectProtection
0xff89c988,HardwareDefect_FW
0xff89c938,HardwareDefectWithRestart_FW
0xff861bb4,HdmiHpd5VOutput_FW
0xff861cc8,HdmiRegDump_FW
0xff861ae8,HdmiSimulateModeStart_FW
0xff861ac0,HdmiSimulateModeStop_FW
0xffb517cc,HitISLensAgainstBottomEdge_FW
0xffb517b8,HitISLensAgainstLeftEdge_FW
0xffb517a4,HitISLensAgainstRightEdge_FW
0xffb517e0,HitISLensAgainstTopEdge_FW
0xffb51ac4,HitISMechaEdgeInOpenControl_FW
0xff98fd24,HwOcReadICAPCounter
0xff861b98,i2c_read_event_FW
0xff861b50,i2c_write_event_FW
0xff84e8d4,ImagerActivate
0xff94c598,InactivateAdjLog_FW
0xff9895f0,InitializeAdjustmentFunction_FW
0xff989580,InitializeAdjustmentSystem_FW
0xff979038,InitializeBarrelEncoder_FW
0xff86f3a4,Initializedccd_FW
0xffb4fefc,InitializeDefectAdjustment_FW
0xffb334b0,InitializeDefectRec_FW
0xff86f3a4,InitializeDigicon_FW
0xffb50218,InitializeMechaDevice_FW
0xffa97fc0,InitializeSoundRec_FW
0xff86e798,InitializeTestRec_FW
0xffb45b9c,IsAdjCdsMode_FW
0xffae1d48,ISAutoCenter_FW
0xff868524,IsBatteryTemperature_FW
0xff8684f0,IsCCDTemperature_FW
0xffae1d84,ISChangeOPENtoCLOSE_FW
0xff89c3b0,IsControlEventActive_FW
0xffae21c8,ISControlStart_FW
0xffae21d8,ISControlStop_FW
0xff8370a0,IsDUIDFixFlag_FW
0xffb4c630,IsEVFDrive_FW
0xffb4c9a4,IsEvfDriveMode_FW
0xffb4b8b8,IsExStrobeChargeComp_FW
0xff837060,IsFactoryMode_FW
0xff973d10,IsFocusLensOutSidePosition_FW
0xff834b84,IsHvSensorExist_FW
0xff87f0d8,ISInitMotion_FW
0xff87c968,IsLensOutside_FW
0xff94c5c4,IsLogOutType_FW
0xffae23b4,ISMDStart_FW
0xffae23c4,ISMDStop_FW
0xffae1d70,ISMoveToMechaEdgeOPEN_FW
0xff8370e8,IsNormalCameraMode_FW
0xff8684bc,IsOpticalTemperature_FW
0xffae21e8,ISPanModeStart_FW
0xffae21f8,ISPanModeStop_FW
0xff8e5d34,IsStrobeChargeCompleted
0xff979acc,IsZoomActuatorResetSensorPlusSide_FW
0xff97b254,IsZoomLensOutSidePosition_FW
0xffb48bc0,IsZoomLensOutSideWithIndex_FW
0xff987440,j_BeepDrive_FW
0xff987444,j_BeepDriveComp_FW
0xffb45ce0,j_CancelImageDrive_FW
0xffb51dd4,j_CancelLoopGainCalc_FW
0xffb51ad4,j_ChangeToISCloseControl_FW
0xffb51aa4,j_ClearISCalcZData_FW
0xffb47ed4,j_ClearZoomDriveParam_FW
0xffb49400,j_DisableFocusPullInMaxSpeed_FW
0xff900da8,j_E2LatOn_FW
0xffa61ad4,j_EF.IsChargeFull_FW
0xff9878d8,j_exec_FW
0xff8385d8,j_ExMem.AllocCacheable_FW
0xff8385d0,j_ExMem.AllocUncacheable_FW
0xff8385dc,j_ExMem.FreeCacheable_FW
0xff8385d4,j_ExMem.FreeUncacheable_FW
0xff8385cc,j_ExMem.View_FW
0xff98743c,j_GetAdChValue_FW
0xff987438,j_GetAdVBattBottom_FW
0xff94acc4,j_GetAEIntegWinData_FW
0xff978b6c,j_GetBarrelEncoderCurrentPosition_FW
0xff978b84,j_GetBarrelEncoderTargetPosition_FW
0xff8fff90,j_GetBaseSv
0xff9874c8,j_GetBatteryCoverClose_FW
0xff86857c,j_GetBatteryTemperature_FW
0xffa97450,j_GetCameraInformationData_FW
0xff868578,j_GetCCDTemperature_FW
0xffb45ad8,j_GetCdsPreGain_FW
0xffb45b30,j_GetCdsPreGainReg_FW
0xffb46248,j_GetCurrentAvValue_FW
0xffb45f90,j_GetCurrentExposureTime_FW
0xffb48df8,j_GetCurrentFocusLensPosition_FW
0xffb48df8,j_GetCurrentFocusPosition_FW
0xffb46314,j_GetCurrentIrisPosition_FW
0xffb45f98,j_GetCurrentShutterSpeed_FW
0xffb48da0,j_GetCurrentTargetDistance_FW
0xffb47b28,j_GetCurrentZoomLensPoint_FW
0xffb47b28,j_GetCurrentZoomPoint_FW
0xffb4e898,j_GetDCPAdjOffset_FW
0xff9874c0,j_GetDialEventId_FW
0xffb48d98,j_GetFocusDefaultResetPosition_FW
0xffae030c,j_GetFocusLensCurrentPosition_FW
0xffae03e4,j_GetFocusLensDriveVoltage_FW
0xffae045c,j_GetFocusLensHoldVoltage_FW
0xffae04cc,j_GetFocusLensPullInMaxSpeed_FW
0xffae0314,j_GetFocusLensResetDefaultPosition_FW
0xffae0310,j_GetFocusLensResetPosition_FW
0xffae0498,j_GetFocusLensResetVoltage_FW
0xffae0420,j_GetFocusLensSettingWaitVoltage_FW
0xffae0a54,j_GetFocusPiSensorLevel_FW
0xffb48d9c,j_GetFocusResetPosition_FW
0xffae098c,j_GetFocusStartZoomPosition_FW
0xffae1fa4,j_GetGyro10BitDACPitch_FW
0xffae1fa8,j_GetGyro10BitDACYaw_FW
0xffae1f74,j_GetGyroDataPitch_FW
0xffae1f78,j_GetGyroDataYaw_FW
0xffae1fd4,j_GetGyroHPFINOffsetPitch_FW
0xffae1fd8,j_GetGyroHPFINOffsetYaw_FW
0xffae1fdc,j_GetGyroHPFINPitch_FW
0xffae1fe0,j_GetGyroHPFINYaw_FW
0xffae06ac,j_GetIrisAv_FW
0xffae06b0,j_GetIrisCurrentPosition_FW
0xffb51c98,j_GetISGyro10BitDACPitch_FW
0xffb51ca0,j_GetISGyro10BitDACYaw_FW
0xffb51c78,j_GetISGyroDataPitch_FW
0xffb51c80,j_GetISGyroDataYaw_FW
0xffb51ca8,j_GetISGyroHPFINOffsetPitch_FW
0xffb51cb0,j_GetISGyroHPFINOffsetYaw_FW
0xffb51c88,j_GetISGyroHPFINPitch_FW
0xffb51c90,j_GetISGyroHPFINYaw_FW
0xffb518a8,j_GetISGyroPitchGain_FW
0xffb518a4,j_GetISGyroYawGain_FW
0xffb51860,j_GetISHallDevicePitchGain_FW
0xffb51868,j_GetISHallDevicePitchOffset_FW
0xffb5185c,j_GetISHallDeviceYawGain_FW
0xffb51864,j_GetISHallDeviceYawOffset_FW
0xffb51a34,j_GetISLensCorrectedEViAaxis_FW
0xffb51a38,j_GetISLensCorrectedEViBaxis_FW
0xffb51a3c,j_GetISLensDampAaxis_FW
0xffb51a40,j_GetISLensDampBaxis_FW
0xffb51a2c,j_GetISLensEViAaxis_FW
0xffb51a30,j_GetISLensEViBaxis_FW
0xffb51924,j_GetISPitchPWM_FW
0xffb51a24,j_GetISShiftLensPitchPosition_FW
0xffb51a28,j_GetISShiftLensYawPosition_FW
0xffb51920,j_GetISYawPWM_FW
0xff9874c4,j_GetLcdPosition_FW
0xffae0988,j_GetLensErrorStatus_FW
0xffae0c88,j_GetMechaShutterMoveTime_FW
0xffae0c84,j_GetMechaShutterStatus_FW
0xffb4d490,j_GetMovieJpegVRAMHPixelsSize_FW
0xffb4d494,j_GetMovieJpegVRAMVPixelsSize_FW
0xff868574,j_GetOpticalTemperature_FW
0xffae0b38,j_GetPrismInPiSensorLevel_FW
0xffae0b5c,j_GetPrismOutPiSensorLevel_FW
0xff9874a8,j_GetSDDetect_FW
0xff9874ac,j_GetSDProtect_FW
0xffae0b14,j_GetSlavePiSensorLevel_FW
0xff987494,j_GetSwitchStatus_FW
0xffb4e71c,j_GetVBatVoltage_FW
0xffb4cbdc,j_GetVRAMHPixelsSize_FW
0xffb4cbe0,j_GetVRAMVPixelsSize_FW
0xff97a230,j_GetZoomActuatorCurrentPosition_FW
0xffb47e60,j_GetZoomDrivingTime_FW
0xffae0f94,j_GetZoomLensCurrentPoint_FW
0xffae0f98,j_GetZoomLensCurrentPosition_FW
0xffae0fa0,j_GetZoomLensMechaEdgePosition_FW
0xffae0f9c,j_GetZoomLensTelePoint_FW
0xffae0a78,j_GetZoomPiSensorLevel_FW
0xffb47e20,j_GetZoomResetSensorLevel_FW
0xffae130c,j_GetZoomSlaveCurrentPosition_FW
0xffae1330,j_GetZoomSlaveDirection_FW
0xffae1310,j_GetZoomSlaveDriveVoltage_FW
0xffae1328,j_GetZoomSlaveResetDefaultPosition_FW
0xffae132c,j_GetZoomSlaveResetPosition_FW
0xffb47e1c,j_GetZoomTelePoint_FW
0xffae1cf4,j_GetZoomTWBarrelPiPosition_FW
0xffae1cf8,j_GetZoomTWBarrelResetSensorPulse_FW
0xffae1cfc,j_GetZoomTWCurrentBarrelPosition_FW
0xffae1cdc,j_GetZoomTWCurrentPosition_FW
0xffae1af4,j_GetZoomTWDriveVoltage_FW
0xffae1b0c,j_GetZoomTWResetDefaultPosition_FW
0xffae1b10,j_GetZoomTWResetPosition_FW
0xffa5335c,j_InitializeDefectRec_FW
0xff868588,j_IsBatteryTemperature_FW
0xff868584,j_IsCCDTemperature_FW
0xffb49378,j_IsFocusLensOutSidePosition_FW
0xff9874cc,j_IsHvSensorExist_FW
0xffae0984,j_IsLensOutside_FW
0xff868580,j_IsOpticalTemperature_FW
0xff97a234,j_IsZoomActuatorResetSensorPlusSide_FW
0xffb4804c,j_IsZoomLensOutSidePosition_FW
0xff987450,j_LEDDrive_FW
0xffa6a798,j_LiveImageTool.GetDzoomPosition_FW
0xff98784c,j_MemoryChecker_FW
0xff987848,j_MonSelEvent_FW
0xffb51a20,j_MoveISLensToCentralPosition_FW
0xff8385c8,j_NewTaskShell_FW
0xff893750,j_OpLog.WriteToROM_FW
0xff9878c0,j_Peek16_FW
0xff9878bc,j_Peek32_FW
0xff9878c4,j_Peek8_FW
0xff987844,j_Printf_FW
0xff880ae4,j_PT_GetDigitalZoomPosition_FW
0xff89cbb8,j_PTM_AllReset_FW
0xff89d0cc,j_PTM_BackupUIProperty_FW
0xff89d020,j_PTM_GetWorkingCaptureMode_FW
0xff89d0b0,j_PTM_IsEnableItem_FW
0xff89d09c,j_PTM_NextItem_FW
0xff89d0a0,j_PTM_PrevItem_FW
0xff89d024,j_PTM_SetCurrentItem_FW
0xff89d0b4,j_PTM_SetProprietyEnable_FW
0xff838560,j_PutsCameraLogEvent_FW
0xff8380ec,j_Read_FW
0xffb4b2d8,j_ReloadAFAdjustment_FW
0xffb45a48,j_ReloadCdsAdjustment_FW
0xffb4ba28,j_ReloadColorAdjustment_FW
0xffb4b8c8,j_ReloadEfAdjustment_FW
0xffb48d94,j_ReloadFocusLensAdjustment_FW
0xffb46244,j_ReloadGetaAdjustment_FW
0xffb472c0,j_ReloadWBAdjustment_FW
0xffb47b48,j_ReloadZoomAdjustment_FW
0xff987864,j_SDump_FW
0xffb51a1c,j_SearchBCentralPosition_FW
0xffb51a1c,j_SearchISLensCentralPosition_FW
0xffb493b0,j_SetFocusResetState_FW
0xff987448,j_SetStereoSeparation_FW
0xffb48058,j_SetZoomResetState_FW
0xff838554,j_ShowCameraLog_FW
0xff838558,j_ShowCameraLogInfo_FW
0xffb51858,j_StartBDrive_FW
0xffb51a14,j_StartBPanDrive_FW
0xff838550,j_StartCameraLog_FW
0xffb51a0c,j_StartISAdjustmentDrive_FW
0xffb51858,j_StartISDrive_FW
0xffae1d6c,j_StartISLocalAutoCenter_FW
0xffae1d68,j_StartISLocalHallAdjust_FW
0xffb51a14,j_StartISPanDrive_FW
0xffb51854,j_StopBDrive_FW
0xffb51a18,j_StopBPanDrive_FW
0xff83855c,j_StopCameraLog_FW
0xffb4cbe4,j_StopContinuousVRAMData_FW
0xffb51a10,j_StopISAdjustmentDrive_FW
0xffb51854,j_StopISDrive_FW
0xffb51a18,j_StopISPanDrive_FW
0xff82070c,j_strcmp_FW
0xffa53360,j_TerminateDefectRec_FW
0xff9885d8,j_UIFS_Capture_FW
0xff9885dc,j_UIFS_CaptureNoneStop_FW
0xff988a38,j_UIFS_GetNumberOfDisplayedImage_FW
0xff988a34,j_UIFS_IsAvailableShots_FW
0xff9885a4,j_UIFS_MoveZoomTo_FW
0xff988a3c,j_UIFS_PlayTrimExecuteAllImageSize_FW
0xff9885e0,j_UIFS_StartMovieRecord_FW
0xff9885e4,j_UIFS_StopMovieRecord_FW
0xff98860c,j_UIFS_WriteFirmInfoToFile_FW
0xff98744c,j_VbattGet_FW
0xff987850,j_VerifyByte_FW
0xff834c04,kbd_p1_f
0xff834c10,kbd_p1_f_cont
0xff834424,kbd_p2_f
0xff834b8c,kbd_read_keys
0xff862c10,kbd_read_keys_r2
0xff926bc8,LcdCon_GetLcdAdjParameter_FW
0xff92683c,LcdCon_GetLcdBackLightParameter_FW
0xff926dd4,LcdCon_GetLcdParameter_FW
0xff926c50,LcdCon_SaveLcdAdjParameter_FW
0xff9268c0,LcdCon_SaveLcdBackLightParameter_FW
0xff926e5c,LcdCon_SaveLcdParameter_FW
0xff926b28,LcdCon_SetLcdAdjParameter_FW
0xff9267b4,LcdCon_SetLcdBackLightBrightness_FW
0xff9267e4,LcdCon_SetLcdBackLightParameter_FW
0xff926ad4,LcdCon_SetLcdDriver_FW
0xff926c6c,LcdCon_SetLcdParameter_FW
0xff926c10,LcdCon_ShowLcdAdjParameter_FW
0xff926880,LcdCon_ShowLcdBackLightParameter_FW
0xff926e1c,LcdCon_ShowLcdParameter_FW
0xff85e030,LcdCon_StartLcdPeriodicalSetting_FW
0xff85e080,LcdCon_StopLcdPeriodicalSetting_FW
0xffb0d2c4,LCDMsg_ChangeColor_FW
0xffb0d0fc,LCDMsg_Create_FW
0xffb0cdfc,LCDMsg_Delete_FW
0xffb0cdbc,LCDMsg_Move_FW
0xffb0d1ec,LCDMsg_SetNum_FW
0xffb0d1fc,LCDMsg_SetStr_FW
0xffb0d19c,LCDMsg_SwDisp_FW
0xff8626a8,LEDDrive
0xff862770,LEDDrive_FW
0xffa6a728,LiveImageTool.ChangeDzoom_FW
0xffa6a7b0,LiveImageTool.Dister_FW
0xffa6a6b8,LiveImageTool.DzoomTele_FW
0xffa6a6d8,LiveImageTool.DzoomWide_FW
0xff853504,LiveImageTool.GetDzoomPosition_FW
0xffa6a79c,LiveImageTool.Jump_FW
0xffa6a708,LiveImageTool.Pause_FW
0xffa6a718,LiveImageTool.Resume_FW
0xffa6a490,LiveImageTool.StartEVF_FW
0xffa6a49c,LiveImageTool.StartEVFFocusJet_FW
0xffa6a4a8,LiveImageTool.StartEVFMF_FW
0xffa6a5ec,LiveImageTool.StartEVFMovHD_FW
0xffa6a628,LiveImageTool.StartEVFMovQQVGA_FW
0xffa6a614,LiveImageTool.StartEVFMovQVGA60_FW
0xffa6a5c4,LiveImageTool.StartEVFMovQVGA_FW
0xffa6a5b0,LiveImageTool.StartEVFMovVGA_FW
0xffa6a63c,LiveImageTool.StartEVFMovXGA_FW
0xffa6a688,LiveImageTool.StartMjpegMaking_FW
0xffa6a6f8,LiveImageTool.StopDzoom_FW
0xffa6a678,LiveImageTool.StopEVF_FW
0xffa6a6a8,LiveImageTool.StopMjpegMaking_FW
0xff86a19c,LoadAdjustmentTable_FW
0xff86a600,LoadAdjustmentValue_FW
0xff94bb30,LoadDataFromAdjTableBin_FW
0xff86a1d4,LoadDefectAdjTable_FW
0xffb4e550,LoadFactoryNumber_FW
0xff94ba2c,LoadParamDataFromAdjTableBin_FW
0xff88f1ec,LoadScript_FW
0xffb4e630,LoadSerialNumber_FW
0xff88f9c8,LocalTime
0xff861bb8,LockHdmiState_FW
0xff89c6e4,LockMainPower
0xff89c6e4,LockMainPower_FW
0xff8930b8,LogCameraEvent
0xff83817c,Lseek
0xff83817c,lseek
0xff83817c,Lseek_FW
0xffae5d54,MakeBootDisk_FW
0xff837a4c,MakeDirectory_Fut
0xffae5d68,MakeScriptDisk_FW
0xff8141e8,malloc
0xff83b844,malloc_strictly
0xff987248,Mecha.Create_FW
0xff9872a0,MechaReset_FW
0xff9872ac,MechaTerminate_FW
0xff98720c,MechaUnRegisterEventProcedure_FW
0xff820750,memcmp
0xff820750,memcmp_FW
0xff84110c,memcpy
0xff84110c,memcpy_FW
0xffae5308,MemoryChecker_FW
0xffa33f84,memset
0xffa33f84,memset_FW
0xff810dc8,memShow_FW
0xff839ea4,MenuIn
0xff839ed0,MenuOut
0xffa52c18,MergeAndConvertDefect_FW
0xff8384fc,mkdir
0xff8b5cf4,mktime_ext
0xffae5880,MonSelEvent_FW
0xffb4817c,MoveComputerZoomToPoint_FW
0xff899e28,MoveControllerToTopOfZOrder_FW
0xff972700,MoveCzPeakPositon_FW
0xffadf8d8,MoveCZToPoint_FW
0xffadf970,MoveCZToPointByOVF_FW
0xffadf940,MoveCZToTele_FW
0xffadf910,MoveCZToWide_FW
0xffac4e2c,MoveDCMotorCCW_FW
0xffac4dbc,MoveDCMotorCW_FW
0xffadfe88,MoveFocusActuator_FW
0xffb49140,MoveFocusDistance_FW
0xffb49140,MoveFocusLensToDistance
0xffb49140,MoveFocusLensToDistance_FW
0xffb49028,MoveFocusLensToPosition_FW
0xffb48f0c,MoveFocusLensToPositionWithMaxSpeed_FW
0xffb48f50,MoveFocusLensToPositionWithSpeed_FW
0xffadfaf8,MoveFocusLensToTerminate_FW
0xffb48e28,MoveFocusLensToTerminatePosition_FW
0xffadfb54,MoveFocusLensWithDistance_FW
0xffadfc60,MoveFocusLensWithPosition_FW
0xffadfd74,MoveFocusLensWithPositionWithoutBacklash_FW
0xffb49078,MoveFocusPosition_FW
0xffb48e28,MoveFocusToTerminate_FW
0xffb46354,MoveIrisFullClose_FW
0xffb46320,MoveIrisFullOpen_FW
0xffb463f8,MoveIrisMechaPositionWithBacklash_FW
0xffb46434,MoveIrisMechaPositionWithoutBacklash_FW
0xffb46198,MoveIrisToAv_FW
0xffb46470,MoveIrisToAvWithoutBacklash_FW
0xffae0684,MoveIrisToFullClose_FW
0xffae065c,MoveIrisToFullOpen_FW
0xffae0608,MoveIrisToPositionWithBacklash_FW
0xffae06e0,MoveIrisToPositionWithoutBacklash_FW
0xffae0580,MoveIrisToStandbyPosition_FW
0xffae0634,MoveIrisToTerminatePosition_FW
0xffae05a8,MoveIrisWithAv
0xffae05a8,MoveIrisWithAv_FW
0xffae05d4,MoveIrisWithAvAndSpeed_FW
0xffae070c,MoveIrisWithAvAndSpeedWithoutBacklash_FW
0xffae06b4,MoveIrisWithAvWithoutBacklash_FW
0xffb463c4,MoveIrisWithTerminatePosition_FW
0xffb5182c,MoveISLensToBottomLimitPosition_FW
0xff87f8a0,MoveISLensToCentralPosition_FW
0xffb51818,MoveISLensToLeftLimitPosition_FW
0xffb51804,MoveISLensToRightLimitPosition_FW
0xffb51840,MoveISLensToTopLimitPosition_FW
0xffae09c4,MoveLensToAllReset_FW
0xffae0904,MoveLensToFirstPoint_FW
0xffae094c,MoveLensToTerminatePoint_FW
0xffae0cc0,MoveMechaShutterStanbyPosition_FW
0xff839168,MoveOpticalZoomAt
0xff97a1c8,MoveZoomActuator_FW
0xffae0eec,MoveZoomLensToMechaEdge_FW
0xffb4864c,MoveZoomLensToMechaEnd_FW
0xffb48140,MoveZoomLensToPoint_FW
0xffb48104,MoveZoomLensToPosition_FW
0xffb48a7c,MoveZoomLensToPositionByLens_FW
0xffb4872c,MoveZoomLensToPositionByManual_FW
0xffb48acc,MoveZoomLensToSinkByLens_FW
0xffae0eac,MoveZoomLensToTerminatePosition_FW
0xffae0e24,MoveZoomLensWithPoint
0xffae0e24,MoveZoomLensWithPoint_FW
0xffae0e68,MoveZoomLensWithPosition_FW
0xffb48140,MoveZoomPoint_FW
0xffb48104,MoveZoomPosition_FW
0xffae1078,MoveZoomSlaveActuator_FW
0xffae104c,MoveZoomSlaveToTerminate_FW
0xffae1154,MoveZoomSlaveWithPosition_FW
0xffae1230,MoveZoomSlaveWithPositionWithoutBacklash_FW
0xffae15cc,MoveZoomTWActuator_FW
0xffae15a0,MoveZoomTWToTerminate_FW
0xffae193c,MoveZoomTWWithEncoderPositionWithoutBacklash_FW
0xffae1a18,MoveZoomTWWithEncoderPositionWithoutSynchro_FW
0xffae16a8,MoveZoomTWWithPosition_FW
0xffae1784,MoveZoomTWWithPositionWithoutBacklash_FW
0xffae1860,MoveZoomTWWithPositionWithoutSynchro_FW
0xff895804,NewTaskShell
0xff895864,NewTaskShell_FW
0xff98d994,NR_GetDarkSubType
0xff98d994,NR_GetDarkSubType_FW
0xff98da04,NR_GetDefectCorrectType_FW
0xff98d8d4,NR_SetDarkSubType
0xff98d8d4,NR_SetDarkSubType_FW
0xff98d968,NR_SetDefectCorrectType_FW
0xff98da58,NR_SetDoubleNRType_FW
0xff98da44,NR_SetLotasPonyType_FW
0xff98d9d4,NR_SetTassenType_FW
0xff987484,OffPrintPhySw_FW
0xffb47188,OneShotWhigeBalance_FW
0xffb47188,OneTypeWhiteBalance_FW
0xff987474,OnPrintPhySw_FW
0xff837ff4,Open
0xff81aadc,open
0xff837ff4,Open_FW
0xff81f5c8,OpenConsole_FW
0xffab90b0,OpenFastDir
0xff83819c,OpenForScrip_FW
0xffae0c04,OpenMechaShutter_FW
0xffae0c8c,OpenMechaShutterToFullOpen_FW
0xffb46634,OpenMShutter_FW
0xff838564,OpLog.Create_FW
0xff894040,OpLog.Get_FW
0xff894060,OpLog.Play_FW
0xff893760,OpLog.ReadFromROM_FW
0xff8937ac,OpLog.ReadFromSD_FW
0xff894190,OpLog.Start_FW
0xff8936f4,OpLog.Stop_FW
0xff893720,OpLog.WriteToROM_FW
0xff893bec,OpLog.WriteToSD_FW
0xff94c144,OutputLogToFile_FW
0xff89f768,PB2Rec
0xffae57c8,Peek16_FW
0xffae57c0,Peek32_FW
0xffae57d0,Peek8_FW
0xffa529dc,PointDefDetect_FW
0xffa52f9c,PointKizuCheck_FW
0xff98789c,Poke16_FW
0xff98788c,Poke32_FW
0xff9878ac,Poke8_FW
0xff89a508,PostEventShootSeqToUI_FW
0xff89a444,PostLogicalEventForNotPowerType
0xff89a444,PostLogicalEventForNotPowerType_FW
0xff89a490,PostLogicalEventToUI
0xff89a490,PostLogicalEventToUI_FW
0xff83af6c,PostMessageQueue
0xff83b774,PostMessageQueueStrictly
0xffb4bfb8,PreFixAE_FW
0xff86a910,PrintAdjKabotanInfo_FW
0xff86a624,PrintAdjTableMap_FW
0xff949e84,PrintAllAEIntegData_FW
0xff88f1e0,Printf_FW
0xff94beb4,PrintFaexeVersioin_FW
0xff94be80,PrintFirmVersion_FW
0xffb4b3a8,PrintMultiWinScanTable_FW
0xffb4b314,PrintScanTable_FW
0xff880ae8,PT_ChangeZoomSpeed_FW
0xff880940,PT_CompleteCaptModeChange_FW
0xff880950,PT_CompleteCharge_FW
0xff880958,PT_CompleteFileWrite_FW
0xff880908,PT_CompletePreCapt_FW
0xff880928,PT_CompleteStopDigZoom_FW
0xff880920,PT_CompleteStopZoom_FW
0xff880930,PT_CompleteStoreLens_FW
0xff880948,PT_CompleteSynchroWrite_FW
0xff880b1c,PT_DoAELock_FW
0xff880afc,PT_DoAFLock_FW
0xff880968,PT_EraseAllFile_FW
0xff8393d0,PT_GetDigitalZoomPosition_FW
0xff880ad0,PT_GetDigitalZoomTele_FW
0xff8809e4,PT_GetPropertyCaseInt_FW
0xff880b4c,PT_MFOff
0xff880b4c,PT_MFOff_FW
0xff880b3c,PT_MFOn
0xff880b3c,PT_MFOn_FW
0xff880990,PT_mod_FW
0xff880abc,PT_MoveDigitalZoomAt_FW
0xff880a9c,PT_MoveDigitalZoomToTele_FW
0xff880aac,PT_MoveDigitalZoomToWide
0xff880aac,PT_MoveDigitalZoomToWide_FW
0xff880a84,PT_MoveOpticalZoomAt
0xff880a84,PT_MoveOpticalZoomAt_FW
0xff880a5c,PT_MoveOpticalZoomToTele_FW
0xff880a70,PT_MoveOpticalZoomToWide_FW
0xff880938,PT_MovieRecordStopped_FW
0xff880918,PT_NextShootAvailable_FW
0xff88a830,PT_PlaySound
0xff880910,PT_RecreviewAvailable_FW
0xff8809b8,PT_SetPropertyCaseInt_FW
0xff880960,PT_ShootPicture_FW
0xff880b2c,PT_UnlockAE_FW
0xff880b0c,PT_UnlockAF_FW
0xff9b1000,PTM_AllReset_FW
0xff89cba8,PTM_AllResetToFactorySetting_FW
0xff9b1ca8,PTM_BackupUIProperty_FW
0xff89d030,PTM_GetCurrentItem
0xff89d030,PTM_GetCurrentItem_FW
0xff9b1360,PTM_GetWorkingCaptureMode_FW
0xff9b1be0,PTM_IsEnableItem_FW
0xff9b1690,PTM_NextItem
0xff9b1690,PTM_NextItem_FW
0xff9b1698,PTM_PrevItem
0xff9b1698,PTM_PrevItem_FW
0xff89d0d0,PTM_RestoreUIProperty_FW
0xff89cf50,PTM_SetCurrentCaptureMode_FW
0xff9b1378,PTM_SetCurrentItem
0xff9b1378,PTM_SetCurrentItem_FW
0xff9b199c,PTM_SetPropertyEnable
0xff9b199c,PTM_SetProprietyEnable_FW
0xffb46540,PutInNdFilter
0xffb46540,PutInNdFilter_FW
0xffb46578,PutOutNdFilter
0xffb46578,PutOutNdFilter_FW
0xff892d94,PutsCameraLogEvent_FW
0xffb2e30c,qsort
0xff900be4,QuietImager_FW
0xffa340c4,rand
0xff81ad74,Read
0xff81ad74,Read_FW
0xffab9204,ReadFastDir
0xffa34000,realloc
0xffabe624,reboot_fw_update
0xff89e010,Rec2PB
0xffae0ac0,ReceiveMechaCircuitDataAll_FW
0xff83ae20,ReceiveMessageQueue
0xff83b748,ReceiveMessageQueueStrictly
0xff86a8f8,RefreshAdjustmentTableMirror_FW
0xff86a908,RefreshDefectTableMirror_FW
0xff8b3d28,RefreshPhysicalScreen
0xffb4bae4,RegistColorMatrix_FW
0xff891fb4,RegisterEventProcedure
0xff81e838,RegisterInterruptHandler
0xff86fea0,RegistFirmScanNoticeCBR_FW
0xff88df68,ReleaseRecursiveLock
0xff84e02c,ReloadAFAdjustment_FW
0xff900254,ReloadCdsAdjustment_FW
0xffa6d7e4,ReloadColorAdjustment_FW
0xffb4feb8,ReloadDefectAdjustmentData_FW
0xffa5f54c,ReloadEfAdjustment_FW
0xff973e0c,ReloadFocusLensAdjustment_FW
0xff975744,ReloadGetaAdjustment_FW
0xffb461e4,ReloadIrisAdjustment_FW
0xffb51e08,ReloadISAdjustment_FW
0xffb46528,ReloadNdFilterAdjustment_FW
0xffb4fe98,ReloadShadingAdjustmentData_FW
0xff8dfa3c,ReloadWBAdjustment_FW
0xff97b464,ReloadZoomAdjustment_FW
0xff838094,Remove
0xffa97994,RemoveTransparentMemory_FW
0xff837944,RenameFile_Fut
0xffb491a8,ResetFocus_FW
0xffadfa24,ResetFocusLens
0xffadfa24,ResetFocusLens_FW
0xffae0524,ResetIris_FW
0xffac89f4,ResetIrisActuator_FW
0xffb46388,ResetIrisPosition_FW
0xff86f69c,ResetRegistNoticeCBR_FW
0xffb48068,ResetZoom_FW
0xffb48a40,ResetZoomByLens_FW
0xffae0d78,ResetZoomLens
0xffae0d78,ResetZoomLens_FW
0xffae0da4,ResetZoomLensToFirst_FW
0xffae0de4,ResetZoomLensToTermiante_FW
0xffae0fb4,ResetZoomSlave_FW
0xffb481b8,ResetZoomToAdjFirstPoint_FW
0xffb481fc,ResetZoomToAdjTerminatePoint_FW
0xffb4809c,ResetZoomToFirst_FW
0xffb4809c,ResetZoomToFirstPoint_FW
0xffb480d0,ResetZoomToTerminate_FW
0xffb480d0,ResetZoomToTerminatePoint_FW
0xffae1574,ResetZoomTW_FW
0xff83d0dc,Restart
0xff894eac,RomCheckSum_FW
0xff81f280,RotateConsoleZOder_FW
0xff86a540,SaveAdjustmentTable_FW
0xff86a5c8,SaveAdjustmentValue_FW
0xffb4d878,SaveBatSenseOffsetAdjustmentTable_FW
0xffb4dea8,SaveBmpVRAMData_FW
0xff86a5b0,SaveDefectAdjTable_FW
0xffb4e720,SaveFactoryReserveData_FW
0xffb4e2e8,SaveFromImage_FW
0xffb4e250,SavePaletteData
0xffb4e250,SavePaletteData_FW
0xff92fef8,Scene.ForbidContiSceneDetect_FW
0xff92ff24,Scene.TestSunset_FW
0xff8b4eec,ScreenLock
0xff8b4f50,ScreenUnlock
0xffae5578,SDump_FW
0xff87f838,SearchBCentralPosition_FW
0xff87f838,SearchISLensCentralPosition_FW
0xffb49fd4,SelectAdjBPFilter_FW
0xffae229c,SelectPositionSignal_FW
0xffae0a9c,SendMechaCircuitData_FW
0xffa52ff8,SensDefCrowdCheck_FW
0xff89c010,set_control_event
0xffb4bf30,SetAdj_AEMode_FW
0xff94b474,SetAdjAEIntegSmearLimitter_FW
0xffb4a51c,SetAdjAFIntegCrwAdd_FW
0xffb49ff4,SetAdjAFWinPos_FW
0xffb45b6c,SetAdjCdsMode_FW
0xffb4c380,SetAdjExpWithBv_FW
0xffb4be1c,SetAE_CdsGainValue_FW
0xffb4bce0,SetAE_ShutterSpeed
0xffb4bce0,SetAE_ShutterSpeed_FW
0xff94b46c,SetAEIntegAverageOBData_FW
0xff94a808,SetAEIntegCorrectProperty_FW
0xff94a8ac,SetAEIntegralGetaTime_FW
0xff94a868,SetAEIntegralValueProperty_FW
0xff94a77c,SetAEIntegStrobeProperty_FW
0xff94b0e8,SetAEIntegValueBit_FW
0xff94b094,SetAEIntegWindowsMode_FW
0xff89c758,SetAutoShutdownTime
0xff89c758,SetAutoShutdownTime_FW
0xff978b70,SetBarrelEncoderCurrentPosition_FW
0xff978b88,SetBarrelEncoderTargetPosition_FW
0xffb4a034,SetBPFilterForBP_FW
0xffb45a7c,SetCDSGain_FW
0xffb45b54,SetCDSGainStep_FW
0xffb45a7c,SetCdsGainValue_FW
0xffb45aa8,SetCdsPreGain_FW
0xffb45b00,SetCdsPreGainReg_FW
0xff8a5a00,SetCurrentCaptureModeType
0xff8a5a00,SetCurrentCaptureModeType_FW
0xffb4d890,SetDate
0xffb4d890,SetDate_FW
0xffb4da8c,SetDay_FW
0xffac4e9c,SetDCMotorWaitTime_FW
0xff94b484,SetDefaultAEIntegSmearLimitter_FW
0xff94e414,SetDefaultRecParameter_FW
0xffa531e4,SetDefectRecParam_FW
0xffb45a04,SetDeltaCDSGain_FW
0xff837024,SetDUIDFixFlag_FW
0xff836f44,SetDurianMode_FW
0xff88dbb8,SetEventFlag
0xffb4b8c0,SetExStrobeMode_FW
0xff836fb4,SetFactoryMode_FW
0xffb4e540,SetFactorySerialNumber_FW
0xffa9749c,SetFaexeEventTableActivation_FW
0xff838358,SetFileAttributes
0xff8382fc,SetFileTimeStamp
0xffae0040,SetFocusLensCondition_FW
0xffae002c,SetFocusLensDefaultPullOutTable_FW
0xffae03e8,SetFocusLensDriveVoltage_FW
0xffae0460,SetFocusLensHoldVoltage_FW
0xffae01e4,SetFocusLensMaxSpeedLimit_FW
0xffae0424,SetFocusLensSettingWaitVoltage_FW
0xffadff44,SetFocusLensSpeed_FW
0xffadff70,SetFocusLensSpeedTable_FW
0xffac7978,SetFocusResetState_FW
0xffae1f7c,SetGyro10BitDACPitch_FW
0xffae1f90,SetGyro10BitDACYaw_FW
0xffae1ffc,SetGyroFilterChargeStart_FW
0xffae2014,SetGyroFilterChargeStop_FW
0xffae1fac,SetGyroHPFINOffsetPitch_FW
0xffae1fc0,SetGyroHPFINOffsetYaw_FW
0xffb4daf4,SetHour_FW
0xff8916c0,SetHPTimerAfterNow
0xff891740,SetHPTimerAfterTimeout
0xff9874b0,SetIgnoreAVJACK_FW
0xffb4d7b4,SetImageMode
0xffb4d888,SetImageMode_FW
0xffb4d864,SetInputVoltage_FW
0xffae2208,SetISControlType_FW
0xffae25a8,SetISCrossTalkCompA1_FW
0xffae25bc,SetISCrossTalkCompA2_FW
0xffae25d0,SetISCrossTalkCompB1_FW
0xffae25e4,SetISCrossTalkCompB2_FW
0xffb51fb0,SetISCrossTalkCompCoeff_FW
0xffb51a4c,SetISCutOffFreqIndex_FW
0xffae1d94,SetISDriveAaxis_FW
0xffae1da8,SetISDriveBaxis_FW
0xffb51c10,SetISGyro10BitDACPitch_FW
0xffb51c2c,SetISGyro10BitDACYaw_FW
0xffb51d38,SetISGyroCompensationMode_FW
0xffb51cc0,SetISGyroFilterCharge_FW
0xffae1e0c,SetISGyroGainAaxis_FW
0xffae1e20,SetISGyroGainBaxis_FW
0xffb51c48,SetISGyroHPFINOffsetPitch_FW
0xffb51c64,SetISGyroHPFINOffsetYaw_FW
0xffb51994,SetISGyroPitchGain_FW
0xffb519a8,SetISGyroPitchOffset_FW
0xffb51980,SetISGyroYawGain_FW
0xffb519a4,SetISGyroYawOffset_FW
0xffae243c,SetISHallAmpFirstGain_FW
0xffb519c4,SetISHallDevicePitchGain_FW
0xffb519ec,SetISHallDevicePitchOffset_FW
0xffb519b0,SetISHallDeviceYawGain_FW
0xffb519d8,SetISHallDeviceYawOffset_FW
0xffae1de4,SetISHallGainAaxis_FW
0xffae1df8,SetISHallGainBaxis_FW
0xffae1dbc,SetISHallOffsetAaxis_FW
0xffae1dd0,SetISHallOffsetBaxis_FW
0xffae22c0,SetISHPFCutoff_FW
0xffb51a4c,SetISHPFCutOffFreqIndex_FW
0xffb51f18,SetISLensPWMMode_FW
0xffae23d4,SetISLPFAaxis_FW
0xffae23e8,SetISLPFBaxis_FW
0xffb51a5c,SetISLPFCutOffFreqAaxis_FW
0xffb51a6c,SetISLPFCutOffFreqBaxis_FW
0xffae222c,SetISMovieStatus_FW
0xffb51958,SetISPitchPWM_FW
0xffae221c,SetISStillStatus_FW
0xffae1fe4,SetISTuningFlag_FW
0xffb51d00,SetISTuningMode_FW
0xffb51d18,SetISTuningOff_FW
0xffb5196c,SetISYawPWM_FW
0xffb4dd1c,SetLangMenuType_FW
0xffae09b0,SetLensOutsideFlag_FW
0xff94b440,SetLineDefMarkThroughMode_FW
0xff89c420,SetLogicalEventActive
0xffb51ee4,SetLoopGain_FW
0xffae2508,SetLoopGainAdjValue_FW
0xffb51a80,SetLPFForParallelFilter_FW
0xffae2250,SetLPFParallelBest_FW
0xffae0c60,SetMechaShutterCloseDacSetting_FW
0xffae0c68,SetMechaShutterOpenDacSetting_FW
0xffae0cb0,SetMechaShutterStanbyPosition_FW
0xffae0c70,SetMechaShutterWaitTimeSetting_FW
0xffb4db58,SetMinute_FW
0xffb4da30,SetMonth_FW
0xffb45a74,SetObClamp_FW
0xffb45a74,SetObClampValue_FW
0xffb47108,SetOneShotWBParam_FW
0xffb47108,SetOneTypeWBParam_FW
0xff9b1ca8,SetParameterData
0xffac4d74,SetPMByGpio_FW
0xffb4e830,SetProductVolume_FW
0xff895cc0,SetPropertyCase
0xff987464,SetRawSWCheckMode_FW
0xffb4721c,SetReferenceWBGainForCalibration_FW
0xffb49cf8,SetScanLensIndex_FW
0xffb49e00,SetScanWindowMode_FW
0xff89c470,SetScriptMode
0xff89c470,SetScriptMode_FW
0xff98740c,SetSDPwrPort_FW
0xffb4dbbc,SetSecond_FW
0xffb46014,SetShutterSpeed_FW
0xffb45fc4,SetShutterSpeedWithMecha_FW
0xff81e878,SetSR
0xff8665a4,SetStereoSeparation_FW
0xff86f310,SetTestRecSkimmingYUV_FW
0xff83bcd4,SetTimerAfter
0xff83bd54,SetTimerWhen
0xffb47248,SetToolCorrectCoefficient_FW
0xffb4c5cc,SetVideoOutType
0xffb4c628,SetVideoOutType_FW
0xffb471dc,SetWBYlStandardWidth_FW
0xff94b01c,SetWhiteCoefficient_FW
0xffb4d9d0,SetYear_FW
0xff97a208,SetZoomActuatorSpeedPPS_FW
0xffb484bc,SetZoomCommonDriveParam_FW
0xffb4829c,SetZoomDriveParam_FW
0xffb48240,SetZoomLensEncoderPowerControl_FW
0xffae0f58,SetZoomLensSpeedMode_FW
0xffb48c54,SetZoomMaxSpeedByLens_FW
0xffb48334,SetZoomNormalDriveParam_FW
0xffb519fc,SetZoomPointToIS_FW
0xffae21b4,SetZoomPosition_FW
0xffb482e8,SetZoomResetDriveParam_FW
0xffae1d00,SetZoomResetDriverPositionCounter_FW
0xff97c798,SetZoomResetState_FW
0xffae144c,SetZoomSlaveAccelerationTable_FW
0xffae1314,SetZoomSlaveDriveVoltage_FW
0xffae1504,SetZoomSlaveSlowdownTable_FW
0xffae13ac,SetZoomSlaveSpeedTable_FW
0xffae1bb4,SetZoomTWAccelerationTable_FW
0xffae1ce0,SetZoomTWCurrentPosition_FW
0xffae1af8,SetZoomTWDriveVoltage_FW
0xffae1c6c,SetZoomTWSlowdownTable_FW
0xffae1b14,SetZoomTWSpeedTable_FW
0xff9878dc,ShowAllTaskInfo_FW
0xff892e44,ShowCameraLog_FW
0xff892dd8,ShowCameraLogInfo_FW
0xffb4bc88,ShowCurrentExp_FW
0xff86a0f8,ShowDefaultAdjTableVersion_FW
0xffae0170,ShowFocusLensCurrentSpeedTable_FW
0xffae07a8,ShowIrisShutterAvTvTable_FW
0xff89a564,ShowLogicalEventName_FW
0xff9872b8,ShowMechaMacro_FW
0xff987454,ShowPhySwStatus_FW
0xff987498,ShowSDStatus_FW
0xffa978c4,ShowTransparentMemory_FW
0xff896c48,ShutdownPlayModeMenu_FW
0xff896dcc,ShutdownPlayModeMenuWithoutPbRedraw_FW
0xff896a04,ShutdownRecModeMenu_FW
0xffb4c1e8,SleepAE_FW
0xff83b574,SleepTask
0xff83b574,SleepTask_FW
0xff820674,sprintf_FW
0xffa340b8,srand
0xff880b5c,SS.Create_FW
0xffa340f4,sscanf_FW
0xffb4a50c,StartAdjAFInteg_FW
0xffb4a1c4,StartAdjAFService_FW
0xff94b434,StartAEIntegralService_FW
0xff87f750,StartBDrive_FW
0xff87f768,StartBPanDrive_FW
0xff892e94,StartCameraLog_FW
0xffb45dfc,StartCaptureDrive_FW
0xffb4ab54,StartCrwCustomScan_FW
0xffb4aadc,StartCustomScan_FW
0xffb4ac34,StartCustomScanWithComingAndGoing_FW
0xffb4acd8,StartCustomScanWithComingAndGoingForFaexe_FW
0xff9726f8,StartCzTuning_FW
0xffb4c954,StartEVFDrive_FW
0xffb4c910,StartEVFDriveWithMode_FW
0xff837100,StartFactoryModeController_FW
0xffae25f8,StartImStEventProc_FW
0xff87f750,StartISAdjustmentDrive_FW
0xff87f750,StartISDrive_FW
0xffae1d58,StartISLocalAdjust_FW
0xff87f78c,StartISLocalAutoCenter_FW
0xff87f7cc,StartISLocalHallAdjust_FW
0xff87f768,StartISPanDrive_FW
0xff94c5ac,StartLogOut_FW
0xffae2478,StartLoopGainCalc_FW
0xff896960,StartPlayModeMenu_FW
0xff89697c,StartRecModeMenu
0xff89697c,StartRecModeMenu_FW
0xff81feb0,StartRedirectUART_FW
0xffa97f88,StartSoundPlay_FW
0xffa97f50,StartSoundRecord_FW
0xff894a4c,StartWDT_FW
0xff8381c4,stat
0xffb4a4b0,StopAdjAFInteg_FW
0xffb4a2d4,StopAdjAFService_FW
0xff94b11c,StopAEIntegralService_FW
0xff87f75c,StopBDrive_FW
0xff87f774,StopBPanDrive_FW
0xff893058,StopCameraLog_FW
0xffb45c9c,StopCaptureDrive_FW
0xff85412c,StopContinuousVRAMData_FW
0xffb4aa74,StopCustomScan_FW
0xffb4c658,StopEVFDrive_FW
0xff87f75c,StopISAdjustmentDrive_FW
0xff87f75c,StopISDrive_FW
0xff87f774,StopISPanDrive_FW
0xff94c250,StopLogOut_FW
0xffae2548,StopLoopGainCalc_FW
0xffb4b980,StopStrobeChargeForFA_FW
0xff894ab0,StopWDT_FW
0xffb48bc8,StopZoomByLens_FW
0xffb48054,StopZoomEmergency_FW
0xff8b54b0,strcat
0xff8140b4,strchr
0xff82070c,strcmp
0xff820734,strcmp_FW
0xff8206f4,strcpy
0xff8206f4,strcpy_FW
0xff8b56fc,strftime
0xff814100,strlen
0xff814100,strlen_FW
0xff814068,strncmp
0xff81402c,strncpy
0xff8140d8,strrchr
0xff8413ec,strtol
0xff8411f0,strtolx
0xffb4c558,SwitchOffDisplay_FW
0xffb4c590,SwitchOnDisplay_FW
0xff987fa8,System.Create_FW
0xff9878ec,System.Delete_FW
0xff83b23c,TakeSemaphore
0xff83b23c,TakeSemaphore_FW
0xff83b71c,TakeSemaphoreStrictly
0xff84fb94,task__ImageSensorTask
0x000b1e00,task_AdditionAgent
0xff8e8278,task_AfIntSrvTask
0xff84c2ac,task_AFTask
0xff867834,task_ASIF
0xff863d80,task_AudioTsk
0xff9316bc,task_AutoShutterMan
0xffade354,task_AviRead
0xff832c1c,task_BatteryTask
0xff8602fc,task_BeepTask
0xff8c5728,task_BrtMsrTask
0xff83cf40,task_Bye
0xff88365c,task_CaptSeq
0xff88365c,task_CaptSeqTask
0xffa53748,task_ChaseFrame
0xff816124,task_ClockSave
0xffa5feb0,task_CntFlashTask
0xff8a0218,task_CommonDrivers
0xff81ec58,task_ConsoleSvr
0xff98bd18,task_CreateHeaderTask
0xffb5411c,task_CtgTotalTask
0xff89945c,task_CtrlSrv
0xff950618,task_dccdCalcTask
0xffabbd90,task_DecJpgRd
0xff8e17b4,task_DetectMoveTask
0xff8e4970,task_DevelopModule
0xffa54200,task_DispFace
0xff9593ac,task_DPOFTask
0xff8aae20,task_DSITask
0xff884dc4,task_DvlpSeqTask
0xff8e59dc,task_EFChargeT
0xffb68298,task_EfctConLowTask
0xffb680fc,task_EfctConTask
0xff895750,task_EvShel
0xff8ccab4,task_ExpDrv
0xff8ccab4,task_ExpDrvTask
0xff8aaa68,task_FaceFrame
0xff94719c,task_Fencing
0xff95d4ac,task_FileManMarkAllTask
0xffab60dc,task_FileScheduleTask
0xffab70d8,task_FileWrite
0xffab70d8,task_FileWriteTask
0xffabafa4,task_FilYuvMaker
0xffac518c,task_FocusEvent
0xffab87e0,task_FORMAT_TASK_NAME
0xffab85f8,task_FORMAT_TASK_PROGRESS
0xff8721b0,task_FsIoNotifyTask
0xff86106c,task_HdmiDriverTask
0xffac31c8,task_ImgDLight
0xff9692e8,task_ImgEdt
0xff879fe0,task_ImgPlayDrv
0xff96a230,task_ImgTrim
0xff8a01e0,task_InitFileModules
0xffac7ad8,task_IrisEvent
0xff87ee30,task_ISMainTask
0xff85dc30,task_LcdConTask
0xff8622c8,task_LEDCon
0xff87ca0c,task_LensController
0xff87d964,task_LensController
0xff90d5bc,task_LiveImageTask
0xff81f310,task_LowConsole
0xff97613c,task_MechaCom
0xffad1024,task_MechaNCTask
0xffacb1cc,task_MechaShutter
0xff953ed0,task_MetaCtg
0xffaa4444,task_MetaCtgPrsTask
0xffaa53fc,task_MetaInspiTask
0xff92c64c,task_MotionVector
0xffadd074,task_MovEdit
0xff98672c,task_MovieRecord
0xffad5b88,task_MovPlay
0xffad3870,task_MovRead
0xffad8eb0,task_MovWrite
0xff91cbb0,task_NormalThumbCache
0xff8e02c4,task_OBCtrlTask
0xff89354c,task_OpePlay
0xff834754,task_PhySw
0xff90f488,task_PrcssFil
0xff918680,task_PTPSessionTASK
0xffa72174,task_PTPtoFAPI_EventProcTask
0xffb7e684,task_ReadFileTask
0xffafdef8,task_ReadMultiConTask
0xffb61178,task_ReadScheduleTask
0xff87b398,task_RedEyeCapt
0xff96c460,task_RedEyePly
0xff863668,task_RotaryEncoder
0xff92f3c0,task_SceneDetectTask
0xff875bb0,task_SD1stInit
0xff83d9ac,task_ShutdownImage
0xffae34e0,task_ShutterSoundTask
0xff901c78,task_SsgMainTask
0xff901e28,task_SsgPeriodTask
0xff88252c,task_SsStartupTask
0xff88a1e4,task_SsTask
0xff81faf0,task_Startup
0xff83d970,task_StartupImage
0xff910844,task_SynchTask
0xff9107b0,task_SyncPeriod
0xff905fa4,task_TgTask
0xff868130,task_Thermometer
0xff912b10,task_TimerUtility
0xff984764,task_TmgGen
0xff92096c,task_TrnsCtrlTask
0xff81fd5c,task_UartLog
0xff849bc8,task_WBCtrl
0xff8be8a4,task_WBIntegTask
0xff8dcf74,task_WBLPFace
0xff8948d8,task_WdtPrint
0xff89498c,task_WdtReset
0xff979258,task_ZoomEvent
0xff97c7cc,task_ZoomSlaveEvent
0xff97dad0,task_ZoomSlaveSynchro
0xffacebe4,task_ZoomTWEvent
0xff97ef38,task_ZoomTWSynchro
0xff9895b8,TerminateAdjustmentSystem_FW
0xff979048,TerminateBarrelEncoder_FW
0xff86f450,Terminatedccd_FW
0xffb4ff0c,TerminateDefectAdjustment_FW
0xffb3351c,TerminateDefectRec_FW
0xff86f450,TerminateDigicon_FW
0xffb50250,TerminateMechaDevice_FW
0xffa98010,TerminateSoundRec_FW
0xff86e800,TerminateTestRec_FW
0xff88ffa8,time
0xff83b024,TryPostMessageQueue
0xff83aee8,TryReceiveMessageQueue
0xff83b1e8,TryTakeSemaphore
0xff8ac5bc,TurnOffBackLight
0xff85d730,TurnOffDisplay
0xff83ce8c,TurnOffE1_FW
0xff865ed0,TurnOffVideoOutMode_FW
0xff8ac5a4,TurnOnBackLight
0xff85d720,TurnOnDisplay
0xff865ea0,TurnOnVideoOutMode_FW
0xff98948c,UI.Create_FW
0xff98948c,UI_RegistDebugEventProc_FW
0xff989478,UI_ShowStateOfRecMode_FW
0xff89c420,UiEvnt_SetLogicalEventActive_FW
0xff89c4e0,UiEvnt_StartDisguiseCradleStatus_FW
0xff89c4f0,UiEvnt_StopDisguiseCradleStatus_FW
0xff9b8ad8,UIFS_Capture_FW
0xff9b8bac,UIFS_CaptureNoneStop_FW
0xff9886a0,UIFS_ChangeShootState_FW
0xff9884b4,UIFS_ClosePopupStrobe_FW
0xff988544,UIFS_ConnectVideo_FW
0xff988574,UIFS_DisconnectVideo_FW
0xff9885f8,UIFS_EndClockMode_FW
0xff9887d0,UIFS_GetAvItem_FW
0xff988720,UIFS_GetAvItemCount_FW
0xff988930,UIFS_GetCurrentAvString_FW
0xff9889b0,UIFS_GetCurrentTvString_FW
0xff9886e8,UIFS_GetLastPath_FW
0xff988610,UIFS_GetMovieRecoadableNumber_FW
0xff9eb0a8,UIFS_GetNumberOfDisplayedImage_FW
0xff988658,UIFS_GetStillShotableNumber_FW
0xff9888f4,UIFS_GetTvItem_FW
0xff988778,UIFS_GetTvItemCount_FW
0xff98823c,UIFS_IsAutoPopupDownStrobe_FW
0xff988244,UIFS_IsAvailableAvTvMode_FW
0xff988224,UIFS_IsAvailableMovieRecDigZoom_FW
0xff98821c,UIFS_IsAvailableMovieRecOptZoom_FW
0xff988234,UIFS_IsAvailableRecMenuAFMode_FW
0xff98822c,UIFS_IsAvailableServoAF_FW
0xff8a85c8,UIFS_IsAvailableShots_FW
0xff9884e4,UIFS_MountExtFlash_FW
0xff9b9d98,UIFS_MoveZoomTo_FW
0xff988484,UIFS_OpenPopupStrobe_FW
0xffa03328,UIFS_PlayTrimExecuteAllImageSize_FW
0xff9885b0,UIFS_PostModeDial_FW
0xff9885ac,UIFS_RestartPostingUIEvent_FW
0xff9883e8,UIFS_SetCaptureModeToP_FW
0xff988608,UIFS_SetCradleSetting_FW
0xff98842c,UIFS_SetDialMovieRec_FW
0xff988464,UIFS_SetDialPlay_FW
0xff9883c8,UIFS_SetDialStillRec_FW
0xff9886c4,UIFS_ShootSeqToUI_FW
0xff9885e8,UIFS_StartClockMode_FW
0xff8a9e70,UIFS_StartMovieRecord_FW
0xff8a9e94,UIFS_StopMovieRecord_FW
0xff9885a8,UIFS_StopPostingUIEvent_FW
0xff988514,UIFS_UnmountExtFlash_FW
0xff9a13a4,UIFS_WriteFirmInfoToFile
0xff9a13a4,UIFS_WriteFirmInfoToFile_FW
0xff8afbd8,UndisplayBusyOnScreen
0xff836b74,UndisplayFactoryMode_FW
0xff88f0f4,UnLoadScript_FW
0xff83988c,UnlockAE
0xff8396a8,UnlockAF
0xff89c638,UnlockMainPower
0xff89c638,UnlockMainPower_FW
0xffb4bb1c,UnregistColorMatrix_FW
0xff81e85c,UnregisterInterruptHandler
0xff875668,UpdateMBROnFlash
0xff833308,VbattGet
0xff833308,VbattGet_FW
0xffae5398,VerifyByte_FW
0xff8206b8,vsprintf
0xff9878c8,Wait_FW
0xff88daf8,WaitForAllEventFlag
0xff83b7cc,WaitForAllEventFlagStrictly
0xff88da14,WaitForAnyEventFlag
0xff83b7a0,WaitForAnyEventFlagStrictly
0xff8380f0,Write
0xff8380f0,Write_FW
0xff86a99c,WRITEADJTABLETOFROM_FW
0xff86a9c0,WRITEADJUSTMENTDATATOFROM_FW
0xffb518ac,WriteGyroAdjustment_FW
0xffb5186c,WriteHallDeviceAdjustment_FW
0xffae09f8,WriteMechaLogToFile_FW
0xffae09f0,WriteMechaLogToRom_FW
0xffb51928,WritePWMAdjustment_FW
0xff962f74,WriteSDCard
0xff88ee9c,WriteToRom_FW
