0x0010b928,task_AdditionAgent
0x006b1b10,DisableDispatch_low
0x006b1b3c,EnableDispatch_low
0x006b1b90,get_self_task_id
0x006b21d4,get_task_properties
0x006b8324,WriteSDCard
0x006b89b4,task_SD1stInit
0x006d9bd0,_divmod_signed_int
0x006db22c,_divmod_unsigned_int
0x006dc020,_log
0x006dc560,_log10
0x006dc6d8,_pow
0x006dd688,_safe_sqrt
0x006dd84c,_dadd
0x006ddb24,_ddiv
0x006ddff0,_dfix
0x006de0a0,_dfixu
0x006de128,_dflt
0x006de1d4,_dfltu
0x006de1e0,_dcmp
0x006de268,_dmul
0x006de438,_dcmp_reverse
0x006de4d8,_drsb
0x006de4f0,_sqrt
0x006de664,_dsub
0x006de9e8,_f2d
0x006deb6c,_fdiv
0x006ded50,_ffix
0x006dedc4,_ffixu
0x006dee24,_fflt
0x006dee58,_ffltu
0x006deed8,_fmul
0x006df3d8,_scalbn
0xff0201bc,icache_flush_and_enable
0xff0201e4,icache_disable_and_flush
0xff02020c,dcache_flush_and_enable
0xff020234,dcache_clean_flush_and_disable
0xff020284,dcache_flush_range
0xff0202a0,dcache_clean_range
0xff020300,dcache_clean_flush_range
0xff020384,icache_flush_range
0xff020c2c,memShow_FW
0xff022b20,task_ClockSave
0xff0234d8,get_self_task_errno_pointer
0xff023548,GetMemInfo
0xff024004,Read
0xff024004,Read_FW
0xff0248d0,err_init_task
0xff024a04,_uartr_req
0xff024aa4,task_UartLog
0xff024c48,StartRedirectUART_FW
0xff024d5c,StopRedirectUART_FW
0xff024ec0,RegisterInterruptHandler
0xff024f5c,UnregisterInterruptHandler
0xff0250a4,GetSRAndDisableInterrupt
0xff0250a8,SetSR
0xff0250c8,EnableInterrupt
0xff025140,CreateTask
0xff025140,CreateTask_FW
0xff0254b0,ExitTask
0xff0254b0,ExitTask_FW
0xff025500,DebugAssert
0xff02558c,sprintf_FW
0xff0255a8,strcpy
0xff0255a8,strcpy_FW
0xff0255c0,memcmp
0xff0255c0,memcmp_FW
0xff0256bc,j_strcmp_FW
0xff0256bc,strcmp
0xff0256e4,strcmp_FW
0xff025700,strlen
0xff025700,strlen_FW
0xff0257e8,malloc
0xff025840,free
0xff026c5c,RenameFile_Fut
0xff026d64,DeleteDirectory_Fut
0xff026dbc,Fopen_Fut
0xff026dbc,Fopen_Fut_FW
0xff026dfc,Fclose_Fut
0xff026dfc,Fclose_Fut_FW
0xff026ea8,Fread_Fut
0xff026ea8,Fread_Fut_FW
0xff026efc,Fwrite_Fut
0xff026efc,Fwrite_Fut_FW
0xff026f50,Fgets_Fut
0xff026f9c,Fseek_Fut
0xff026f9c,Fseek_Fut_FW
0xff026fe8,Feof_Fut
0xff027024,Fflush_Fut
0xff0273b0,Open
0xff0273b0,Open_FW
0xff027414,Close
0xff027414,Close_FW
0xff027638,Remove
0xff0276c0,j_Read_FW
0xff0276c4,j_Write_FW
0xff027724,Lseek
0xff027724,lseek
0xff027724,Lseek_FW
0xff027744,OpenForScrip_FW
0xff02776c,stat
0xff027878,SetFileTimeStamp
0xff0278f0,SetFileAttributes
0xff027988,mkdir
0xff027b80,Write
0xff027b80,Write_FW
0xff027be0,j_StartCameraLog_FW
0xff027be4,j_ShowCameraLog_FW
0xff027be8,j_ShowCameraLogInfo_FW
0xff027bec,j_StopCameraLog_FW
0xff027bf0,j_PutsCameraLogEvent_FW
0xff027bf4,OpLog.Create_FW
0xff027c70,j_NewTaskShell_FW
0xff027c74,j_ExMem.View_FW
0xff027c78,ExMem_FW
0xff027ed0,task_Startup
0xff027fc8,AllocateUncacheableMemory
0xff028004,FreeUncacheableMemory
0xff0280ac,CreateBinarySemaphore
0xff028130,CreateCountingSemaphore
0xff028130,CreateCountingSemaphore_FW
0xff028190,DeleteSemaphore
0xff028190,DeleteSemaphore_FW
0xff028204,TryTakeSemaphore
0xff028254,TakeSemaphore
0xff028254,TakeSemaphore_FW
0xff028338,GiveSemaphore
0xff028338,GiveSemaphore_FW
0xff028388,GetSemaphoreValue
0xff02840c,CreateTaskStrictly_alt
0xff028444,CreateTaskStrictly
0xff02847c,CreateMessageQueueStrictly
0xff0284a4,CreateEventFlagStrictly
0xff0284cc,CreateBinarySemaphoreStrictly
0xff0284f4,CreateCountingSemaphoreStrictly
0xff02851c,CreateRecursiveLockStrictly
0xff02856c,TakeSemaphoreStrictly
0xff028598,ReceiveMessageQueueStrictly
0xff0285c4,PostMessageQueueStrictly
0xff0285f0,WaitForAnyEventFlagStrictly
0xff028630,WaitForAllEventFlagStrictly
0xff02865c,AcquireRecursiveLockStrictly
0xff028804,_GetSystemTime
0xff028978,SetTimerAfter
0xff0289e4,SetTimerWhen
0xff028a48,CancelTimer
0xff028bf4,vsprintf
0xff028c34,strncpy
0xff029e9c,RegComEventProc_FW
0xff02a22c,UndisplayBusyOnScreen
0xff02a3e0,task_StartupImage
0xff02b94c,task_BatteryTask
0xff02be78,GetVBatVoltage_FW
0xff02be78,VbattGet
0xff02be78,VbattGet_FW
0xff02c800,kbd_p2_f
0xff02cbd0,task_PhySw
0xff02d040,GetSwitchStatus_FW
0xff02d0ac,GetSDDetect_FW
0xff02d0b4,GetSDProtect
0xff02d0b4,GetSDProtect_FW
0xff02d0d8,GetDialEventId_FW
0xff02d0e0,GetLcdPosition_FW
0xff02d0e8,GetBatteryCoverClose_FW
0xff02d0f0,IsHvSensorExist_FW
0xff02d0f8,GetPopupOpen_FW
0xff02d104,kbd_read_keys
0xff02d154,kbd_p1_f
0xff02d160,kbd_p1_f_cont
0xff02d244,EngDrvOut
0xff02d25c,EngDrvIn
0xff02d264,EngDrvRead
0xff02d278,EngDrvBits
0xff02d538,DisplayFactoryMode_FW
0xff02d544,UndisplayFactoryMode_FW
0xff02d698,IsFAWLANRunning_FW
0xff02d6a4,IsFAConnectUSB_FW
0xff02d6b0,task_bomStopPTPIPTask
0xff02d6e0,StopPtpipServiceForFAWLAN_FW
0xff02db98,SetWLANFactoryMode_FW
0xff02dbd8,ClearWLANFactoryMode_FW
0xff02dc18,SetSSIDForFAWLAN_FW
0xff02dc74,DummyUSBConnection_FW
0xff02e01c,SetDurianMode_FW
0xff02e05c,ClearDurianMode_FW
0xff02e05c,ClearFactoryMode_FW
0xff02e09c,SetFactoryMode_FW
0xff02e0dc,ClearDUIDFixFlag_FW
0xff02e114,SetDUIDFixFlag_FW
0xff02e208,ClearFactoryMasterFlag_FW
0xff02e214,SetFactoryMasterFlag_FW
0xff02e220,ClearFactoryMasterROMProtection_FW
0xff02e244,SetFactoryMasterROMProtection_FW
0xff02e268,IsMountLens_FW
0xff02e294,IsFactoryMode_FW
0xff02e314,IsDUIDFixFlag_FW
0xff02e35c,IsNormalCameraMode_FW
0xff02e374,StartFactoryModeController_FW
0xff02e594,task_FsIoNotifyTask
0xff0313cc,get_fstype
0xff031454,GetDrive_ClusterSize
0xff031b8c,GetDrive_TotalClusters
0xff031bb8,GetDrive_FreeClusters
0xff032118,MakeSDCardBootable
0xff032c40,MoveOpticalZoomAt
0xff032ec8,SS.GetDigitalZoomPosition_FW
0xff033264,DoAFLock
0xff033294,UnlockAF
0xff03354c,EnterToCompensationEVF
0xff0335a0,ExitFromCompensationEVF
0xff033624,DoAELock
0xff0336b4,UnlockAE
0xff033e2c,MenuIn
0xff033e58,MenuOut
0xff0348e4,SS.SetAvailShot_FW
0xff034914,SS.TSMonShootOut_FW
0xff034b18,drysh_FW
0xff034c28,ExMem.View_FW
0xff0355fc,RegisterEventProcedure
0xff035724,ExecuteEventProcedure
0xff03579c,ExecuteEventProcedure_FW
0xff03605c,ExportToEventProcedure_FW
0xff036068,CreateProxyOfEventProcedure_FW
0xff0360c0,DeleteProxyOfEventProcedure_FW
0xff03614c,PutsCameraLogEvent_FW
0xff0361ac,ShowCameraLogInfo_FW
0xff036218,ShowCameraLog_FW
0xff036268,StartCameraLog_FW
0xff036430,StopCameraLog_FW
0xff036490,LogCameraEvent
0xff036950,task_OpePlay
0xff036aa4,OpLog.Stop_FW
0xff036ad0,OpLog.WriteToROM_FW
0xff036b00,j_OpLog.WriteToROM_FW
0xff036b34,OpLog.ReadFromROM_FW
0xff036b9c,OpLog.ReadFromSD_FW
0xff036fd4,OpLog.WriteToSD_FW
0xff037524,OpLog.Get_FW
0xff037544,OpLog.GetUsrSet_FW
0xff037604,OpLog.Play_FW
0xff03781c,OpLog.Start_FW
0xff037908,OpLog.Terminate_FW
0xff038280,task_EvShel
0xff038334,NewTaskShell
0xff038394,NewTaskShell_FW
0xff038534,TurnOffE1_FW
0xff0385d8,task_Bye
0xff0387ac,Restart
0xff038bc8,HardwareDefect_FW
0xff038cac,malloc_strictly
0xff038f28,CreateEventFlag
0xff038f88,DeleteEventFlag
0xff038ff0,CheckAnyEventFlag
0xff03904c,CheckAllEventFlag
0xff0390a8,WaitForAnyEventFlag
0xff03919c,WaitForAllEventFlag
0xff039268,SetEventFlag
0xff0392b0,ClearEventFlag
0xff0392fc,GetEventFlagValue
0xff039384,CreateMessageQueue
0xff039434,DeleteMessageQueue
0xff0394d4,ReceiveMessageQueue
0xff0395c8,TryReceiveMessageQueue
0xff039650,PostMessageQueue
0xff039714,TryPostMessageQueue
0xff039768,GetNumberOfPostedMessages
0xff039810,CreateRecursiveLock
0xff039868,DeleteRecursiveLock
0xff0398d0,AcquireRecursiveLock
0xff039a3c,ReleaseRecursiveLock
0xff039bd4,SetValidSystemCalender
0xff039be4,GetValidSystemCalender
0xff039c04,IsInvalidTime
0xff039c1c,PauseTimeOfSystem
0xff039c2c,ResumeTimeOfSystem
0xff039e80,SleepTask
0xff039e80,SleepTask_FW
0xff03a22c,time
0xff03a2e0,GetTimeOfSystem_FW
0xff03a87c,atol_FW
0xff03a888,strtolx
0xff03aa84,strtol
0xff03aa98,strcat
0xff03aad4,strncmp
0xff03ab20,strchr
0xff045d84,ExpCtrlTool_StartContiAE
0xff046104,ExpCtrlTool_StopContiAE
0xff04abc0,task_AFTask
0xff04c24c,GetMacroSupportZoomPoint_FW
0xff04de64,ImagerActivate
0xff04df40,ClearImageDrive_FW
0xff04f4fc,task__imageSensorTask
0xff04fd4c,SetMontblancVSize_FW
0xff04fd60,GetMontblancVSize_FW
0xff052910,LiveImageTool.GetDzoomPosition_FW
0xff052d34,GetVRAMHPixelsSize
0xff052d34,GetVRAMHPixelsSize_FW
0xff052d40,GetVRAMVPixelsSize
0xff052d40,GetVRAMVPixelsSize_FW
0xff052d4c,GetMovieJpegVRAMHPixelsSize_FW
0xff052d58,GetMovieJpegVRAMVPixelsSize_FW
0xff052f30,task_WBCtrl
0xff05465c,NFCEvt.IsExternalNfcWrite_FW
0xff054670,NFCEvt.IsNfcStart_FW
0xff054684,task_NfcCon_EvtTask
0xff054708,NFCEvt.Create_FW
0xff056c50,handle_PTP_OC_CloseSession
0xff056d04,handle_PTP_OC_OpenSession
0xff05c840,InitializeWLAN_FW
0xff05c85c,TerminateWLAN_FW
0xff05c92c,LeaveWLANNetwork_FW
0xff05e034,task_RedirectUARTTask
0xff05e27c,task_fprintSNRTask
0xff05e6ec,task_fprintRCTask
0xff05ebe0,task_LachesisTest
0xff05f8b4,PB2Rec
0xff05f914,Rec2PB
0xff061dd8,UIFS_CancelStoreLensTimer_FW
0xff062d2c,task_InitFileModules
0xff062d6c,task_CommonDrivers
0xff063c4c,DispSwCon_TurnOffDisplay_FW
0xff0676b8,UiToCom_SetDebug_FW
0xff0687bc,UIFS_StartMovieRecord_FW
0xff0687e0,UIFS_StopMovieRecord_FW
0xff06c52c,UIFS_IsAvailableShots_FW
0xff06cae4,UIFS_GetStillShotableNumber_FW
0xff06cae8,UIFS_GetMovieRecoadableNumber_FW
0xff06fab0,DispCon_ShowColorBar_FW
0xff06fb1c,DispCon_ShowFiveStep_FW
0xff06fc10,DispCon_ShowWhiteChart_FW
0xff06fc5c,DispCon_ShowBlackChart_FW
0xff06fc78,DispCon_ShowBitmapColorBar
0xff06fc78,DispCon_ShowBitmapColorBar_FW
0xff06fcd4,DispCon_ShowCustomColorBar_FW
0xff06fd28,DispCon_SetDisplayType_FW
0xff06fd48,DispCon_ShowColorChart_FW
0xff06fd64,DispCon_ShowWhiteLine_FW
0xff06ff38,DispCon_ShowNStepsChart_FW
0xff070088,DispCon_TurnOnDisplay_FW
0xff070088,TurnOnDisplay
0xff070098,DispCon_TurnOffDisplay_FW
0xff070098,TurnOffDisplay
0xff0700a8,DispCon_TurnOnBackLight_FW
0xff0700b0,DispCon_TurnOffBackLight_FW
0xff0700b8,DispCon_SetMaxBackLightBrightness_FW
0xff070138,DispCon_SetVideoAdjParameter_FW
0xff0701c0,DispCon_GetVideoAdjParameter_FW
0xff07021c,DispCon_ShowVideoAdjParameter_FW
0xff070248,DispCon_SaveVideoAdjParameter_FW
0xff070358,DispCon_SetLcdGainAdjParameter_FW
0xff0703a8,DispCon_GetLcdGainAdjParameter_FW
0xff0703e4,DispCon_ShowLcdGainAdjParameter_FW
0xff0703f4,DispCon_SaveLcdGainAdjParameter_FW
0xff071260,GetAdVBattBottom_FW
0xff071268,GetAdChValue
0xff071268,GetAdChValue_FW
0xff072dc4,task_BeepTask
0xff07314c,BeepDrive_FW
0xff07316c,BeepDriveComp_FW
0xff073304,GetTimeFromRTC
0xff074310,task_LEDCon
0xff074dbc,kbd_read_keys_r2
0xff07553c,GetKbdState
0xff075704,WriteToRom_FW
0xff0757b8,EraseRom_FW
0xff0758bc,GetRomID_FW
0xff075bbc,task_AudioTsk
0xff076ffc,TurnOnVideoOutMode_FW
0xff077034,TurnOffVideoOutMode_FW
0xff077a98,GetInputAverageLevel_FW
0xff077aa4,GetNowInputAverageLevel_FW
0xff078e60,task_Thermometer
0xff079058,GetCCDTemperature
0xff079058,GetCCDTemperature_FW
0xff0790cc,GetBatteryTemperature
0xff0790cc,GetBatteryTemperature_FW
0xff079140,GetOpticalTemperature
0xff079140,GetOpticalTemperature_FW
0xff0791ec,GetCCDMilliTemperature_FW
0xff07926c,GetBatteryMilliTemperature_FW
0xff0792ec,GetOpticalMilliTemperature_FW
0xff0793b8,IsOpticalTemperature_FW
0xff0793ec,IsCCDTemperature_FW
0xff079420,IsBatteryTemperature_FW
0xff079470,j_GetOpticalTemperature_FW
0xff079474,j_GetCCDTemperature_FW
0xff079478,j_GetBatteryTemperature_FW
0xff07947c,j_GetOpticalMilliTemperature_FW
0xff079480,j_GetCCDMilliTemperature_FW
0xff079484,j_GetBatteryMilliTemperature_FW
0xff079488,j_IsOpticalTemperature_FW
0xff07948c,j_IsCCDTemperature_FW
0xff079490,j_IsBatteryTemperature_FW
0xff07b334,task_FrameTask
0xff07f4c8,EraseAdjustmentArea_FW
0xff07f504,DumpAdjMirror_FW
0xff07f52c,GetAdjTableVersion_FW
0xff07f560,j_GetAdjTableVersion_FW
0xff07f564,GetAdjTableMapVersion_FW
0xff07f574,GetAdjTableValueVersion_FW
0xff07f588,ShowDefaultAdjTableVersion_FW
0xff07f628,LoadAdjustmentTable_FW
0xff07f638,LoadDefectAdjTable_FW
0xff07f9d0,SaveAdjustmentTable_FW
0xff07fa3c,SaveDefectAdjTable_FW
0xff07fa58,SaveAdjustmentValue_FW
0xff07fa90,LoadAdjustmentValue_FW
0xff07fab4,PrintAdjTableMap_FW
0xff07fe70,CreateAdjustmentTableMirror_FW
0xff07fe78,RefreshAdjustmentTableMirror_FW
0xff07fe80,CreateDefectTableMirror_FW
0xff07ff38,RefreshDefectTableMirror_FW
0xff07ff40,j_CreateUserSettingMirror_FW
0xff07ff44,PrintAdjKabotanInfo_FW
0xff07ffd4,WRITEADJTABLETOFROM_FW
0xff080008,j_WRITEADJTABLETOFROM_FW
0xff08000c,WRITEADJUSTMENTDATATOFROM_FW
0xff080040,WRITEUSERSETTINGDATATOFROM_FW
0xff080464,GetDCPAdjOffset_FW
0xff080a58,GetAdjustmentOffset_FW
0xff080a60,GetProductID_FW
0xff080a7c,GetAdjDataAreaAddress_FW
0xff080a84,GetAdjDurianFlagSize_FW
0xff080a8c,SetErasingSensorCleaningArea_FW
0xff080b00,CreateUserSettingMirror_FW
0xff084dd4,InitializeTestRec_FW
0xff084e3c,TerminateTestRec_FW
0xff0858d0,Initializedccd_FW
0xff0858d0,InitializeDigicon_FW
0xff0859e4,Terminatedccd_FW
0xff0859e4,TerminateDigicon_FW
0xff085a50,ExecuteDigicon_FW
0xff086170,Executedccd_FW
0xff086304,GetdccdImage_FW
0xff0863a0,GetdccdFilterValue_FW
0xff086498,j_InitializeTestRec_FW
0xff08649c,j_TerminateTestRec_FW
0xff0864a0,ExecuteTestRec_FW
0xff0864b4,ExecuteSubCameraTestRec_FW
0xff0864bc,ExecuteTestRecCF_FW
0xff0864bc,ExecuteTestRecSD_FW
0xff0864d4,SetTestRecMasterCxCy_FW
0xff0865d4,ExecuteTestRecWithInteg_FW
0xff0865ec,ExecuteTestRecSw1_FW
0xff086638,GetTestRecCrawAddress_FW
0xff086644,CalculateTestRecYUVData_FW
0xff086654,SetTestRecSkimmingYUV_FW
0xff086698,ExecuteTestRecDevelopProcess_FW
0xff0866e4,j_Initializedccd_FW
0xff0866e4,j_InitializeDigicon_FW
0xff0866e8,j_Terminatedccd_FW
0xff0866e8,j_TerminateDigicon_FW
0xff0866ec,j_ExecuteDigicon_FW
0xff0866f0,j_Executedccd_FW
0xff0866f4,j_GetdccdImage_FW
0xff0866f8,j_GetdccdFilterValue_FW
0xff0866fc,ResetRegistNoticeCBR_FW
0xff08670c,RegistFirmScanNoticeCBR_FW
0xff08aa2c,task_MediaStatusMngr
0xff08c0b4,task_RedEyeCapt
0xff090988,GetCzDebugFocusMode_FW
0xff0913d0,GetUsableAvRange
0xff09250c,GetCurrentAvValue
0xff09250c,GetCurrentAvValue_FW
0xff09250c,GetIrisAv_FW
0xff0926f8,GetCurrentIrisPosition_FW
0xff0926f8,GetIrisCurrentPosition_FW
0xff092da4,task_LensController
0xff093958,IsLensOutside_FW
0xff09397c,GetFocusStartZoomPosition_FW
0xff093988,GetMechaCondition_FW
0xff095844,task_ISMainTask
0xff095c18,ISInitMotion_FW
0xff0967dc,GetISPWMFreqData_FW
0xff0967dc,GetISPWMFrequency_FW
0xff0967e4,GetISPWMPeriod_FW
0xff096894,StartISLocalAutoCenter_FW
0xff0968dc,StartISLocalHallAdjust_FW
0xff096e18,GetGyroDataPitch_FW
0xff096e40,GetGyroDataYaw_FW
0xff096e80,GetGyro10BitDACPitch_FW
0xff096e8c,GetGyro10BitDACYaw_FW
0xff096e98,GetGyroHPFINOffsetPitch_FW
0xff096ea4,GetGyroHPFINOffsetYaw_FW
0xff096eb0,GetGyroHPFINPitch_FW
0xff096ebc,GetGyroHPFINYaw_FW
0xff097294,GetDISModeParameter_FW
0xff09742c,GetFixedPWMOutA_FW
0xff097438,GetFixedPWMOutB_FW
0xff0996d0,task_SsStartupTask
0xff09ab90,task_CaptSeq
0xff09ab90,task_CaptSeqTask
0xff0a43cc,SSFS_CompleteCaptModeChange_FW
0xff0a43cc,SSFS_CompleteFileWrite_FW
0xff0a43cc,SSFS_CompletePreCapt_FW
0xff0a43cc,SSFS_CompleteShootPicture_FW
0xff0a43cc,SSFS_CompleteStopDigZoom_FW
0xff0a43cc,SSFS_CompleteStopZoom_FW
0xff0a43cc,SSFS_CompleteSynchroWrite_FW
0xff0a43cc,SSFS_ShootPicture_FW
0xff0a444c,task_SsTask
0xff0a6da0,GetLogToFile_FW
0xff0a6dc4,IsRomLogAvailable_FW
0xff0a6dd8,EraseLogSector_FW
0xff0a785c,EpilogShow_FW
0xff0a7b54,EpilogFile_FW
0xff0a7b80,task_Epilog
0xff0a7bc0,EpilogMenu_FW
0xff0a86cc,GetCurrentMachineTime
0xff0a96a0,ExecuteShutDownPropertyService_FW
0xff0a98a8,get_resource_pointer
0xff0a9b74,UnLoadScript_FW
0xff0a9c60,Printf_FW
0xff0a9c70,LoadScript_FW
0xff0aaca4,SetHPTimerAfterNow
0xff0aad24,SetHPTimerAfterTimeout
0xff0aadac,CancelHPTimer
0xff0ac788,task_WdtPrint
0xff0ac870,task_WdtReset
0xff0ac930,StartWDT_FW
0xff0ac990,StopWDT_FW
0xff0acaa0,RomIntegrityCheck_FW
0xff0acac8,GetBuildDate_FW
0xff0acad0,PrintBuildDate_FW
0xff0acadc,GetBuildTime_FW
0xff0acae4,PrintBuildTime_FW
0xff0acaf0,GetFirmwareVersion_FW
0xff0acaf8,PrintFirmwareVersion_FW
0xff0acb6c,GetInternalFirmwareVersion_FW
0xff0acb74,PrintInternalFirmwareVersion_FW
0xff0acc14,CheckSumAll_FW
0xff0ace6c,GetChipVersion_FW
0xff0ace74,RomCheckSum_FW
0xff0acf2c,task_ConsoleSvr
0xff0ad538,RotateConsoleZOder_FW
0xff0ad5c8,task_LowConsole
0xff0ad748,CPrintf_FW
0xff0ad7a0,CPutChar_FW
0xff0ad7c8,GetCh_FW
0xff0ad818,GetStringWithPrompt_FW
0xff0ad8b8,OpenConsole_FW
0xff0ad9e8,CloseConsole_FW
0xff0ae510,SetPropertyCase
0xff0ae6e4,GetPropertyCase
0xff0af470,task_CtrlSrv
0xff0afd48,CreateController_FW
0xff0afe28,DeleteController_FW
0xff0aff24,MoveControllerToTopOfZOrder_FW
0xff0affcc,CtrlMan_ChangeZOrder_FW
0xff0b0064,GetSelfControllerHandle_FW
0xff0b05fc,GetLogicalEventName_FW
0xff0b0658,PostLogicalEventForNotPowerType
0xff0b0658,PostLogicalEventForNotPowerType_FW
0xff0b06b0,PostLogicalEventToUI
0xff0b06b0,PostLogicalEventToUI_FW
0xff0b0890,PostEventShootSeqToUI_FW
0xff0b08e4,ShowLogicalEventName_FW
0xff0b09e4,set_control_event
0xff0b0d04,IsControlEventActive_FW
0xff0b0d74,SetLogicalEventActive
0xff0b0d74,UiEvnt_SetLogicalEventActive_FW
0xff0b0e0c,SetScriptMode
0xff0b0e0c,SetScriptMode_FW
0xff0b0ef0,UiEvnt_StartDisguiseCradleStatus_FW
0xff0b0f00,UiEvnt_StopDisguiseCradleStatus_FW
0xff0b117c,UnlockMainPower
0xff0b117c,UnlockMainPower_FW
0xff0b1224,LockMainPower
0xff0b1224,LockMainPower_FW
0xff0b1298,SetAutoShutdownTime
0xff0b1298,SetAutoShutdownTime_FW
0xff0b29e4,PTM_AllResetToFactorySetting_FW
0xff0b29f4,j_PTM_AllReset_FW
0xff0b2cf8,PTM_SetCurrentCaptureMode_FW
0xff0b2e70,j_PTM_GetWorkingCaptureMode_FW
0xff0b2e74,j_PTM_SetCurrentItem_FW
0xff0b2e80,PTM_GetCurrentItem
0xff0b2e80,PTM_GetCurrentItem_FW
0xff0b2eec,j_PTM_NextItem_FW
0xff0b2ef0,j_PTM_PrevItem_FW
0xff0b2f04,j_PTM_IsEnableItem_FW
0xff0b2f0c,j_PTM_SetProprietyEnable_FW
0xff0b2f24,j_PTM_BackupUIProperty_FW
0xff0b2f28,PTM_RestoreUIProperty_FW
0xff0b3d3c,GUISrv_StartGUISystem
0xff0b3d3c,GUISrv_StartGUISystem_FW
0xff0b4e80,ScreenLock
0xff0b4ed4,ScreenUnlock
0xff0b55a4,StartPlayModeMenu_FW
0xff0b55d0,StartRecModeMenu
0xff0b55d0,StartRecModeMenu_FW
0xff0b5698,ShutdownRecModeMenu_FW
0xff0b5974,ShutdownPlayModeMenu_FW
0xff0b5a44,ShutdownPlayModeMenuWithoutPbRedraw_FW
0xff0bfe50,SetCurrentCaptureModeType
0xff0bfe50,SetCurrentCaptureModeType_FW
0xff0bfe7c,GetCurrentCaptureModeType_FW
0xff0c3360,PT_PlaySound
0xff0c7d64,DisplayBusyOnScreen
0xff0c8e60,LocalTime
0xff0c90ec,mktime_ext
0xff0c916c,strftime
0xff0c9920,srand
0xff0c992c,rand
0xff0c995c,memcpy
0xff0c995c,memcpy_FW
0xff0c9aa8,strrchr
0xff0d609c,DoMovieFrameCapture
0xff0d78fc,task_OBCtrlTask
0xff0d80b8,task_DetectMoveTask
0xff0daa64,task_DevelopModule
0xff0db360,task_EFChargeT
0xff0db6c0,EF.IsChargeFull_FW
0xff0db6c0,IsStrobeChargeCompleted
0xff0e1efc,task_BrtMsrTask
0xff0e566c,task_BrtCalcTask
0xff0f0d90,ExpCtrlTool.SetExpMode_FW
0xff0f0de0,ExpCtrlTool.SoundDevTest_FW
0xff0f6564,task_ExpDrv
0xff0f6564,task_ExpDrvTask
0xff0f8900,get_current_exp
0xff0ffb08,MovieAF.Suspend_FW
0xff0ffb1c,MovieAF.Resume_FW
0xff101f3c,task_AfIntSrvTask
0xff11e2e8,AFTool.GetEVal_FW
0xff11e4a0,j_GetMacroSupportZoomPoint_FW
0xff11e4a4,SetLockPosNonCorrectFlag_FW
0xff11e4c4,GetDarkFixedFocusPosition_FW
0xff11e4e0,AFTool.StoreAFixPosition_FW
0xff11e510,AFTool.SetAFLogType_FW
0xff11e518,AFTool.SetDebugAFSequence_FW
0xff11fc84,task_GapMan
0xff121a08,E2LatOn_FW
0xff121b1c,ActivateImager_FW
0xff121bb4,ActivateImagerXOne_FW
0xff121c9c,QuietImager_FW
0xff121d88,CancelImager_FW
0xff121dac,ChangeImagerToRegularDrive_FW
0xff121db4,ChangeImagerToWholeParallel_FW
0xff121dbc,ChangeImagerToWholeParallelBP_FW
0xff121dc4,ChangeImagerToWideDraftFinancier_FW
0xff121dcc,ChangeImagerToCombiParallel_FW
0xff121dd4,ChangeImagerToWideDraft_FW
0xff121ddc,ChangeImagerToFocusJet_FW
0xff121de4,ChangeImagerToMangoPudding_FW
0xff121dec,ChangeImagerToSuperWideDraft_FW
0xff121df4,ChangeImagerToHoneyFlash_FW
0xff121dfc,ChangeImagerToMillefeAdjust_FW
0xff121e04,ChangeImagerToDigiconMode_FW
0xff121e04,ChangeImagerToOITA_XAVIER_FW
0xff121e0c,ChangeImagerToAlternateDraft_FW
0xff121e14,ChangeImagerToUltraGhostQ_FW
0xff121e1c,ChangeImagerToMontblancWhole_FW
0xff121e24,ChangeImagerToMontblancMillefe_FW
0xff121e2c,ChangeImagerToMontblancMovie_FW
0xff121e34,ChangeImagerToHarleyDavidson_FW
0xff121e3c,ChangeImagerToMachDashV_FW
0xff121e44,ChangeImagerToFantaJungle_FW
0xff121e4c,ChangeImagerToHoneyFlashDark_FW
0xff121e54,ChangeImagerToRoadKing_FW
0xff121e5c,ChangeImagerToLCWideDraft_FW
0xff121e64,ChangeImagerToFalconJump_FW
0xff121e6c,ChangeImagerToSpriteSunshine_FW
0xff121e74,ChangeImagerToHealthyVegetable_FW
0xff121e7c,ChangeImagerToElectraGlide_FW
0xff121e84,ChangeImagerToVeryFastWideDraft_FW
0xff121e8c,ChangeImagerToVeryFastMangoPudding_FW
0xff121e94,ChangeImagerToHarleySunshine_FW
0xff121e9c,ChangeImagerToRoadQueen_FW
0xff121ea4,ChangeImagerToHarleyDavidsonNepal_FW
0xff121eac,ChangeImagerToRoadKingNepal_FW
0xff121eb4,ChangeImagerToSuperWideNepal_FW
0xff121ebc,ChangeImagerToLasVegasMagic_FW
0xff121ec4,ChangeImagerToEsperRocketH_FW
0xff121ecc,ChangeImagerToElectraGlideNepal_FW
0xff121ed4,ChangeImagerToHarleySunshineNepal_FW
0xff121edc,ChangeImagerToEsperRocketHNepal_FW
0xff121ee4,ChangeImagerToAstroMetamorphose_FW
0xff121f10,j_E2LatOn_FW
0xff121f14,ChangeAutoSlowShutterEnable_FW
0xff1231b4,j_GetBaseSv
0xff124020,task_SsgMainTask
0xff1241f0,task_SsgPeriodTask
0xff128d94,task__tgTask
0xff12d900,task_LiveImageTask
0xff12e82c,GetCurrentShutterSpeed
0xff12e82c,GetCurrentShutterSpeed_FW
0xff12ebe8,GetCurrentExposureTime_FW
0xff12efb8,task_SyncPeriod
0xff12f05c,task_SynchTask
0xff133100,task_WBIntegTask
0xff1435e8,task_WBLPFace
0xff14801c,get_ptp_buf_size
0xff148094,task_TimerUtility
0xff149538,task_NfcConTask
0xff14a1ac,ClearNFCSystemArea_FW
0xff14a5e8,ResetNFCSystemArea_FW
0xff14a938,WriteNFCUserArea_FW
0xff14acf0,ClearNFCOptUnitAssemblyAreaData_FW
0xff14b4d4,handle_PTP_OC_0x9805
0xff14ba04,handle_PTP_OC_0x9804
0xff14bb28,handle_PTP_OC_0x9803
0xff14bda0,handle_PTP_OC_0x9802
0xff14c1c0,handle_PTP_OC_0x9801
0xff14cb6c,handle_PTP_OC_0x9051
0xff14cb6c,handle_PTP_OC_0x905d
0xff14cc70,handle_PTP_OC_0x905b
0xff14cdf0,handle_PTP_OC_0x905a
0xff14cf68,handle_PTP_OC_0x9059
0xff14d09c,handle_PTP_OC_0x9058
0xff14d2f8,handle_PTP_OC_0x9057
0xff14d42c,handle_PTP_OC_0x9053
0xff14d520,handle_PTP_OC_0x9052
0xff14d5f8,handle_PTP_OC_0x9050
0xff14d5f8,handle_PTP_OC_0x905c
0xff14dfd0,task_PTPtoFAPI_EventProcTask_Try
0xff14e078,task_PTPtoFAPI_EventProcTask_Block
0xff14f004,handle_PTP_OC_CANON_EOS_PCHDDCapacity
0xff14f054,handle_PTP_OC_CANON_EOS_GetCameraSupport
0xff14f16c,handle_PTP_OC_CANON_EOS_SetDevicePropValueEx
0xff14f308,handle_PTP_OC_CANON_EOS_RequestDevicePropValue
0xff14f538,handle_PTP_OC_CANON_EOS_GetEvent
0xff15365c,handle_PTP_OC_CANON_EOS_SetEventMode
0xff15373c,handle_PTP_OC_CANON_EOS_SetUILock
0xff15378c,handle_PTP_OC_CANON_EOS_ResetUILock
0xff1537dc,handle_PTP_OC_CANON_EOS_KeepDeviceOn
0xff15382c,handle_PTP_OC_CANON_EOS_SetRequestOLCInfoGroup
0xff15387c,handle_PTP_OC_CANON_GetMACAddress
0xff153b2c,handle_PTP_OC_CANON_EOS_GetStorageIDs
0xff153c24,handle_PTP_OC_CANON_EOS_GetStorageInfo
0xff153e1c,handle_PTP_OC_CANON_EOS_GetObjectInfo
0xff153efc,handle_PTP_OC_CANON_EOS_DeleteObject
0xff153fd0,handle_PTP_OC_CANON_EOS_FormatStore
0xff1541a8,handle_PTP_OC_CANON_EOS_GetPartialObject
0xff154530,handle_PTP_OC_CANON_EOS_GetObjectInfoEx
0xff15480c,handle_PTP_OC_CANON_EOS_GetThumbEx
0xff154aa4,handle_PTP_OC_CANON_EOS_SetObjectAttributes
0xff154b6c,handle_PTP_OC_CANON_EOS_TransferComplete
0xff154bbc,handle_PTP_OC_CANON_EOS_CancelTransfer
0xff154c0c,handle_PTP_OC_CANON_EOS_GetPartialObjectEx
0xff154d8c,handle_PTP_OC_CANON_EOS_EndGetPartialObjectEx
0xff154ebc,handle_PTP_OC_CANON_EOS_GetCTGInfo
0xff155274,handle_PTP_OC_CANON_EOS_SetRating
0xff155328,handle_PTP_OC_CANON_EOS_NotifyEstimateNumberofImport
0xff1553c0,handle_PTP_OC_CANON_EOS_NotifyNumberofImported
0xff155470,handle_PTP_OC_CANON_EOS_NotifySizeOfPartialDataTransfer
0xff1556d8,handle_PTP_OC_CANON_EOS_NotifyFinish
0xff1557a8,handle_PTP_OC_CANON_EOS_RequestInnerDevelopStart
0xff1559a8,handle_PTP_OC_CANON_EOS_RequestInnerDevelopEnd
0xff155a6c,handle_PTP_OC_CANON_GetGpsMobilelinkObjectInfo
0xff155ca0,handle_PTP_OC_CANON_SendGpsTagInfo
0xff156b8c,handle_PTP_OC_0x902f
0xff156c04,handle_PTP_OC_CANON_EOS_SetRemoteMode
0xff156cb8,handle_PTP_OC_CANON_EOS_RemoteReleaseOn
0xff156e20,handle_PTP_OC_CANON_EOS_RemoteReleaseOff
0xff156eb8,handle_PTP_OC_CANON_EOS_GetViewFinderData
0xff1585fc,add_ptp_handler
0xff158d1c,handle_PTP_OC_ResetDevicePropValue
0xff158f6c,handle_PTP_OC_SetDevicePropValue
0xff1590ec,handle_PTP_OC_GetDevicePropValue
0xff15920c,handle_PTP_OC_GetDevicePropDesc
0xff159be0,handle_PTP_OC_CANON_CheckEvent
0xff15a714,task_PTPSessionTASK
0xff15b0e8,handle_PTP_OC_CANON_ChangeUSBProtocol
0xff15ccb8,task_NormalThumbCache
0xff15d278,handle_PTP_OC_GetStorageIDs
0xff15d370,handle_PTP_OC_GetStorageInfo
0xff15dc70,handle_PTP_OC_GetObject
0xff15ddf8,handle_PTP_OC_GetThumb
0xff15dec8,handle_PTP_OC_GetPartialObject
0xff15e074,handle_PTP_OC_SetObjectProtection
0xff15e118,handle_PTP_OC_GetObjectInfo
0xff15e1f8,handle_PTP_OC_CANON_GetPartialObjectInfo
0xff15e474,handle_PTP_OC_CANON_GetPartialObjectEx
0xff15e724,handle_PTP_OC_CANON_GetObjectAttributes
0xff15e7c0,handle_PTP_OC_CANON_SetObjectArchive
0xff15e854,handle_PTP_OC_CANON_SendObjectInfoByPath
0xff15e854,handle_PTP_OC_SendObjectInfo
0xff15ebb0,handle_PTP_OC_0x904c
0xff15eea8,handle_PTP_OC_CANON_GetObjectHandleByName
0xff15efe4,handle_PTP_OC_CANON_SetObjectTime
0xff15f05c,handle_PTP_OC_DeleteObject
0xff15f1d4,handle_PTP_OC_FormatStore
0xff15f2c4,handle_PTP_OC_0x9038
0xff15f3b0,handle_PTP_OC_0x9039
0xff15f4a4,handle_PTP_OC_0x903a
0xff15f560,handle_PTP_OC_0x903b
0xff15f5a0,handle_PTP_OC_0x904b
0xff15f734,handle_PTP_OC_GetNumObjects
0xff15f824,handle_PTP_OC_GetObjectHandles
0xff15fa30,handle_PTP_OC_CANON_GetObjectInfoEx
0xff15fd18,handle_PTP_OC_CANON_SendObjectByPath
0xff15fd18,handle_PTP_OC_SendObject
0xff15ff58,handle_PTP_OC_CANON_SendPartialObject
0xff160148,handle_PTP_OC_0x9060
0xff1601ec,handle_PTP_OC_0x9062
0xff1610cc,task_TrnsCtrlTask
0xff161e24,handle_PTP_OC_CANON_GetRootCertificateSpec
0xff161ed8,handle_PTP_OC_CANON_GetRootCertificateData
0xff161ffc,handle_PTP_OC_0x906e
0xff16215c,handle_PTP_OC_CANON_SetRootCertificateData
0xff16ca94,task_ComWireless
0xff170df4,task_IMLApp
0xff1732a4,task_ImageSyncController
0xff178324,task_PtpipController
0xff178878,task_PtpipPacketDetector
0xff178eb8,ConnectPtpIPService_FW
0xff178ec4,DisconnectPtpIPService_FW
0xff1798d0,RequestDisconnectPTPIP_FW
0xff1799c8,RequestConnectPTPIP_FW
0xff179a04,RequestConnectPTPIPDef_FW
0xff179ab4,RegisterNotifyConnectPTPIP_FW
0xff179ab4,RegisterNotifyPTPIP_FW
0xff179adc,RegisterResponseConnectPTPIP_FW
0xff179adc,RegisterResponsePTPIP_FW
0xff179b04,TerminatePTPIPTransportResponder_FW
0xff179ba0,InitializePTPIPTransportResponder_FW
0xff17a734,task_WebServiceApp
0xff17bd58,ExecuteInitFactorySetting_FW
0xff17bd8c,j_ExecuteShutDownPropertyService_FW
0xff17e898,UIFS_MoveZoomTo_FW
0xff17ed68,UIFS_GetNumOfOptZoomPos_FW
0xff17eea0,UIFS_MoveZoomToPositionWithTaskSwCtrlServ_FW
0xff184fd0,UIFS_Capture_FW
0xff1850c8,UIFS_CaptureNoneStop_FW
0xff18aa90,LcdCon_SetLcdBackLightBrightness_FW
0xff18aac8,LcdCon_SetLcdBackLightParameter_FW
0xff18ab2c,LcdCon_GetLcdBackLightParameter_FW
0xff18ab78,LcdCon_ShowLcdBackLightParameter_FW
0xff18abb8,LcdCon_SaveLcdBackLightParameter_FW
0xff18adf4,LcdCon_SetLcdDriver_FW
0xff18ae68,LcdCon_SetLcdAdjParameter_FW
0xff18af2c,LcdCon_GetLcdAdjParameter_FW
0xff18af7c,LcdCon_ShowLcdAdjParameter_FW
0xff18afbc,LcdCon_SaveLcdAdjParameter_FW
0xff18afd8,LcdCon_SetLcdParameter_FW
0xff18b168,LcdCon_GetLcdParameter_FW
0xff18b1b8,LcdCon_ShowLcdParameter_FW
0xff18b1f8,LcdCon_SaveLcdParameter_FW
0xff18da60,GetDriverInfoEvent_FW
0xff18e294,GetLatestHVPosition_FW
0xff18e4fc,task_AACTask
0xff18ed40,task_ASIF
0xff18f56c,Edet.Delete_FW
0xff18f588,Edet.Create_FW
0xff18fa24,task_ChaseFrame
0xff191f98,task_DispFace
0xff1932d0,Scene.ForbidContiSceneDetect_FW
0xff193300,Scene.TestSunset_FW
0xff193330,Scene.TestBabySmile_FW
0xff193364,Scene.TestBabySleep_FW
0xff193398,Scene.TestHumanSmile_FW
0xff1933cc,Scene.TestHumanSleep_FW
0xff193400,Scene.TestKidMove_FW
0xff1939c0,task_EncRemoteEVFJpgTask
0xff193be0,EngApp.Delete_FW
0xff193c34,EngApp.Create_FW
0xff1952d0,task_SceneDetectTask
0xff195ac0,task_ChaseTask
0xff19b14c,task_MotionVector
0xff1a02a8,task_CorctTask
0xff1a0e2c,task_DefMarkRomCopyTask
0xff1a383c,task_Fencing
0xff1b0978,PrintAllAEIntegData_FW
0xff1b1534,AbortAEIntegralValue_FW
0xff1b1568,j_AbortAEIntegralValue_FW
0xff1b1588,SetAEIntegStrobeProperty_FW
0xff1b1614,SetAEIntegCorrectProperty_FW
0xff1b1668,SetAEIntegralValueProperty_FW
0xff1b169c,SetAEIntegralGetaTime_FW
0xff1b1aa4,GetAEIntegWinData_FW
0xff1b1ab4,j_GetAEIntegWinData_FW
0xff1b1ab8,GetAEIntegWinDataWithMode_FW
0xff1b1ba4,GetAEIntegralValueWithFix_FW
0xff1b1cc8,GetAllAEIntegralAllValueWithFix_FW
0xff1b1d98,GetOnlyAEIntegData_FW
0xff1b1e08,SetWhiteCoefficient_FW
0xff1b1e7c,SetAEIntegWindowsMode_FW
0xff1b1edc,SetAEIntegValueBit_FW
0xff1b1efc,GetAEIntegValueBit_FW
0xff1b1f08,GetAEIntegralServiceMode_FW
0xff1b1f14,StopAEIntegralService_FW
0xff1b2078,j_StopAEIntegralService_FW
0xff1b222c,StartAEIntegralService_FW
0xff1b2238,SetLineDefMarkThroughMode_FW
0xff1b2268,SetAEIntegAverageOBData_FW
0xff1b2304,SetAdjAEIntegSmearLimitter_FW
0xff1b2328,SetDefaultAEIntegSmearLimitter_FW
0xff1b233c,AttachIntegCrawData_FW
0xff1b24fc,GetCrawDataAddr_FW
0xff1b2978,MoveIrisToAv_FW
0xff1b29c8,j_GetCurrentAvValue_FW
0xff1b2a90,MoveIrisFullOpen_FW
0xff1b2ac8,MoveIrisFullClose_FW
0xff1b2b00,ResetIrisPosition_FW
0xff1b2b38,MoveIrisWithTerminatePosition_FW
0xff1b2b70,MoveIrisMechaPositionWithBacklash_FW
0xff1b2bb0,MoveIrisMechaPositionWithoutBacklash_FW
0xff1b2bf0,MoveIrisToAvWithoutBacklash_FW
0xff1b2c3c,GetUsableMinAv
0xff1b2c3c,GetUsableMinAv_FW
0xff1b2c54,j_GetUsableMinAv_FW
0xff1b2c58,GetUsableMaxAv
0xff1b2c58,GetUsableMaxAv_FW
0xff1b2c70,j_GetUsableMaxAv_FW
0xff1b2c78,j_GetCurrentIrisPosition_FW
0xff1b2cdc,ReloadIrisAdjustment_FW
0xff1b2cf0,ReloadGetaAdjustment_FW
0xff1b2d00,GetCurrentAvCoefficient_FW
0xff1b2d18,j_GetCurrentAvCoefficient_FW
0xff1b2d60,LoadParamDataFromAdjTableBin_FW
0xff1b2e78,LoadDataFromAdjTableBin_FW
0xff1b2f70,DeviceUniqueIDCheckSum_FW
0xff1b33d0,LoadDUIDCheckSum_FW
0xff1b33f4,SaveDUID_FW
0xff1b3410,LoadDUID_FW
0xff1b3418,SaveDUIDCheckSum_FW
0xff1b342c,j_LoadDUIDCheckSum_FW
0xff1b3430,SaveFactoryAdjData_FW
0xff1b344c,LoadFactoryAdjData_FW
0xff1b345c,SaveHistoryAdjData_FW
0xff1b3478,LoadHistoryAdjData_FW
0xff1b3488,SaveFactoryIDData_FW
0xff1b34a8,LoadFactoryIDData_FW
0xff1b3668,PrintFirmVersion_FW
0xff1b369c,PrintFaexeVersioin_FW
0xff1b36ac,CreateFADBGSingalID_FW
0xff1b36bc,FADBGSingal_FW
0xff1b37b4,FADBGPrintf_FW
0xff1b38f8,FAPrintf_FW
0xff1b3948,OutputLogToFile_FW
0xff1b3a54,StopLogOut_FW
0xff1b3d88,GetLogData_FW
0xff1b3d90,GetLogDataOnlyAddMemory_FW
0xff1b3d98,ActivateAdjLog_FW
0xff1b3dac,InactivateAdjLog_FW
0xff1b3dc0,StartLogOut_FW
0xff1b3dd0,IsLogOutType_FW
0xff1b3ddc,GetCurrentMaximumLogSize_FW
0xff1b5e50,SetDefaultRecParameter_FW
0xff1b5f00,SetEFLensLightFalloffCompTestRecParam_FW
0xff1b5f08,SetEFLensChromatismCompTestRecParam_FW
0xff1b5f10,SetEFLensDefaultCompTestRecParam_FW
0xff1b5f18,PrintEFLensCompTestRecParam_FW
0xff1b5f20,SetPictureStyleTypeTestRecParam_FW
0xff1b5f28,SetPictureStyleSharpnessTestRecParam_FW
0xff1b5f30,SetPictureStyleContrastTestRecParam_FW
0xff1b5f38,SetPictureStyleSaturationTestRecParam_FW
0xff1b5f40,SetPictureStyleColortoneTestRecParam_FW
0xff1b5f48,SetPictureStyleDefaultTestRecParam_FW
0xff1b5f50,PrintPictureStyleTestRecParam_FW
0xff1b65d0,EnableDebugLogMode_FW
0xff1b65e4,DisableDebugLogMode_FW
0xff1b873c,task_dccdCalcTask
0xff1bacf8,GetImageFolder
0xff1bf570,task_MetaCtg
0xff1c6f8c,task_DPOFTask
0xff1c8ee0,File.ClearExifInfo_FW
0xff1c9098,File.Delete_AllImg_FW
0xff1c9208,File.SetSACustomEffect_FW
0xff1c97d0,File.Create_FW
0xff1ccbc8,task_ImageStoreTask
0xff1ce564,task_FileScheduleTask
0xff1d9b0c,task_ImgPlyTask
0xff1dcb1c,GetFocusLensPullInMaxSpeed_FW
0xff1dcf0c,GetCurrentTargetDistance_FW
0xff1dcf0c,GetFocusLensSubjectDistance
0xff1dcf74,GetCurrentFocusLensPosition_FW
0xff1dcf74,GetCurrentFocusPosition_FW
0xff1dd39c,GetFocusLensAvCoefficient_FW
0xff1dd420,IsFocusLensOutSidePosition_FW
0xff1dd444,GetFocusResetPosition_FW
0xff1dd4b0,GetFocusDefaultResetPosition_FW
0xff1ddbf8,task_IrisEvent
0xff1dee68,GetIrisSpecOpenPosition_FW
0xff1dee78,GetIrisSpecClosePosition_FW
0xff1df488,task_IrisCycleEvent
0xff1e01ec,GetIrisDriveVoltage_FW
0xff1e01fc,GetIrisDriveVoltageLow_FW
0xff1e022c,GetIrisHoldVoltage_FW
0xff1e0894,GetIrisGainSlope_FW
0xff1e08e4,GetLensErrorStatus_FW
0xff1e0a30,task_ControlLog
0xff1e12b8,GetZoomPiSensorLevel_FW
0xff1e1300,GetFocusPiSensorLevel_FW
0xff1e1c3c,task_MechaCPUTransfer
0xff1e2668,GetMechaShutterMoveTime_FW
0xff1e2690,GetMechaShutterStatus_FW
0xff1e26a8,ReloadMechaShutterAdjustment_FW
0xff1e2864,GetZoomLensResetWidePosition_FW
0xff1e2bd4,GetCurrentZoomLensPosition_FW
0xff1e2bd4,GetCurrentZoomPosition_FW
0xff1e2bd4,GetZoomLensCurrentPosition_FW
0xff1e2c84,GetCurrentZoomLensPoint_FW
0xff1e2c84,GetCurrentZoomPoint_FW
0xff1e2c84,GetZoomLensCurrentPoint
0xff1e2c84,GetZoomLensCurrentPoint_FW
0xff1e3130,GetZoomLensTelePoint_FW
0xff1e3130,GetZoomTelePoint_FW
0xff1e34d4,IsZoomLensOutSidePosition_FW
0xff1e3840,GetZoomLensMechaEdgePosition_FW
0xff1e3844,GetZoomDrivingTime_FW
0xff1e386c,GetZoomLensMinimumSpeedMoveLimitTime_FW
0xff1e46e0,GetZoomPiDefaultPosition_FW
0xff1e4708,GetZoomResetSensorLevel_FW
0xff1e481c,GetZoomLensDriveResetAmpereDac_FW
0xff1e4918,GetZoomPiChangePosition_FW
0xff1e4a2c,GetZoomLensSinkPosition_FW
0xff1e4bec,IsUnitFirmMode_FW
0xff1e4c54,task_MechaNCTask
0xff1e869c,task_EISMainTask
0xff1ea880,task_TmgGen
0xff1ecdbc,task_MovieRecord
0xff1eeba8,task_MoviePlay
0xff1f3aa0,task_MovieEditor
0xff1f42e0,MechaUnRegisterEventProcedure_FW
0xff1f4340,Mecha.Create_FW
0xff1f43b8,MechaReset_FW
0xff1f43c4,MechaTerminate_FW
0xff1f43d0,ShowMechaMacro_FW
0xff1f442c,GetMechaAdjParamData_FW
0xff1f46f8,DispDev_EnableEventProc_FW
0xff1f473c,SetSDPwrPort_FW
0xff1f475c,j_GetAdVBattBottom_FW
0xff1f4760,j_GetAdChValue_FW
0xff1f4764,j_BeepDrive_FW
0xff1f4768,j_BeepDriveComp_FW
0xff1f476c,SetStereoSeparation_FW
0xff1f4778,j_VbattGet_FW
0xff1f477c,LEDDrive
0xff1f477c,LEDDrive_FW
0xff1f47d0,ShowPhySwStatus_FW
0xff1f47e0,SetRawSWCheckMode_FW
0xff1f47f0,OnPrintPhySw_FW
0xff1f4800,OffPrintPhySw_FW
0xff1f4810,j_GetSwitchStatus_FW
0xff1f4814,ShowSDStatus_FW
0xff1f4824,j_GetSDDetect_FW
0xff1f4828,j_GetSDProtect_FW
0xff1f482c,SetIgnoreAVJACK_FW
0xff1f483c,j_GetDialEventId_FW
0xff1f4840,j_GetLcdPosition_FW
0xff1f4844,j_GetBatteryCoverClose_FW
0xff1f4848,j_IsHvSensorExist_FW
0xff1f484c,j_GetDriverInfoEvent_FW
0xff1f4850,GetTimeFromRTC_FW
0xff1f4864,EraseSignature_FW
0xff1f4870,j_GetPopupOpen_FW
0xff1f4874,Driver.Create_FW
0xff1f4874,Driver_EnableEventProc_FW
0xff1f4c54,SetPropertyCase_FW
0xff1f4c6c,GetPropertyCase_FW
0xff1f4cd8,mod_FW
0xff1f4cf4,GetDateAndTime_FW
0xff1f4d98,j_Printf_FW
0xff1f4d9c,j_MonSelEvent_FW
0xff1f4da0,j_MemoryChecker_FW
0xff1f4da4,j_VerifyByte_FW
0xff1f4da8,j_SDump_FW
0xff1f4dac,Dump_FW
0xff1f4dbc,Dump32_FW
0xff1f4dd0,Poke32_FW
0xff1f4de0,Poke16_FW
0xff1f4df0,Poke8_FW
0xff1f4e00,j_Peek32_FW
0xff1f4e04,j_Peek16_FW
0xff1f4e08,j_Peek8_FW
0xff1f4e0c,Wait_FW
0xff1f4e1c,j_exec_FW
0xff1f4e20,ShowAllTaskInfo_FW
0xff1f4e30,System.Delete_FW
0xff1f54f8,System.Create_FW
0xff1f58bc,SS.MoveOpticalZoomToTele_FW
0xff1f58d0,SS.MoveOpticalZoomToWide_FW
0xff1f58e4,PT_MoveOpticalZoomAt
0xff1f58e4,SS.MoveOpticalZoomAt_FW
0xff1f5904,SS.MoveDigitalZoomToTele_FW
0xff1f5914,PT_MoveDigitalZoomToWide
0xff1f5914,SS.MoveDigitalZoomToWide_FW
0xff1f5924,SS.MoveDigitalZoomAt_FW
0xff1f593c,SS.GetDigitalZoomTele_FW
0xff1f5950,j_SS.GetDigitalZoomPosition_FW
0xff1f5954,SS.ChangeZoomSpeed_FW
0xff1f5968,SS.DoAFLock_FW
0xff1f5978,SS.UnlockAF_FW
0xff1f5988,SS.DoAELock_FW
0xff1f5998,SS.UnlockAE_FW
0xff1f59a8,SS.MFOn_FW
0xff1f59a8,SS_MFOn
0xff1f59b8,SS.MFOff_FW
0xff1f59b8,SS_MFOff
0xff1f59c8,SS.Create_FW
0xff1f5a1c,InitializeAdjustmentSystem_FW
0xff1f5a54,TerminateAdjustmentSystem_FW
0xff1f5a8c,InitializeAdjustmentFunction_FW
0xff1f5ab4,FA.Delete_FW
0xff1f5ac8,FA.Create_FW
0xff1f5aec,DispDev.Create_FW
0xff1f5c58,SaveBmpVRAMData_FW
0xff1f604c,SavePaletteData
0xff1f604c,SavePaletteData_FW
0xff1f6218,Capture.Create_FW
0xff1f625c,EngineDriver.Create_FW
0xff1f62a4,EngApp.CreatePub_FW
0xff1f649c,NR_SetDoubleNRType_FW
0xff1f8368,task_ShutterSoundTask
0xff1f9080,task_WbSeqTask
0xff1f97e8,task_DvlpSeqTask
0xff1fbd08,HwOcReadICAPCounter
0xff2015f8,AdditionAgentRAM_FW
0xff20c448,PTM_AllReset_FW
0xff20c718,PTM_GetWorkingCaptureMode_FW
0xff20c730,PTM_SetCurrentItem
0xff20c730,PTM_SetCurrentItem_FW
0xff20ca80,PTM_NextItem
0xff20ca80,PTM_NextItem_FW
0xff20ca88,PTM_PrevItem
0xff20ca88,PTM_PrevItem_FW
0xff20ce58,PTM_SetPropertyEnable
0xff20ce58,PTM_SetProprietyEnable_FW
0xff20d0c4,PTM_IsEnableItem_FW
0xff20d220,PTM_BackupUIProperty_FW
0xff20d220,SetParameterData
0xff20d2c0,GetParameterData
0xff20d5b0,UIFS_CtrlManControllerAnytimeTop_FW
0xff20d5b8,UIFS_IsAvailableMovieRecOptZoom_FW
0xff20d5c0,UIFS_IsAvailableMovieRecDigZoom_FW
0xff20d5c8,UIFS_IsAvailableServoAF_FW
0xff20d5d0,UIFS_IsAvailableRecMenuAFMode_FW
0xff20d5d8,UIFS_IsAutoPopupDownStrobe_FW
0xff20d5e0,UIFS_IsAvailableAvTvMode_FW
0xff20d5e8,UIFS_IsAvailablePowerZoom_FW
0xff20d730,UIFS_SetDialStillRec_FW
0xff20d750,UIFS_SetDialMovieRec_FW
0xff20d788,UIFS_SetDialPlay_FW
0xff20d7a8,UIFS_OpenPopupStrobe_FW
0xff20d7d8,UIFS_ClosePopupStrobe_FW
0xff20d808,UIFS_MountExtFlash_FW
0xff20d838,UIFS_UnmountExtFlash_FW
0xff20d868,UIFS_ConnectVideo_FW
0xff20d898,UIFS_DisconnectVideo_FW
0xff20d8c8,j_UIFS_MoveZoomTo_FW
0xff20d8cc,j_UIFS_MoveZoomToPositionWithTaskSwCtrlServ_FW
0xff20d8d0,j_UIFS_GetNumOfOptZoomPos_FW
0xff20d8d4,UIFS_StopPostingUIEvent_FW
0xff20d8d8,UIFS_RestartPostingUIEvent_FW
0xff20d8dc,UIFS_PostModeDial_FW
0xff20d914,j_UIFS_Capture_FW
0xff20d918,j_UIFS_CaptureNoneStop_FW
0xff20d91c,j_UIFS_StartMovieRecord_FW
0xff20d920,j_UIFS_StopMovieRecord_FW
0xff20d924,UIFS_StartClockMode_FW
0xff20d934,UIFS_EndClockMode_FW
0xff20d944,UIFS_SetCradleSetting_FW
0xff20d948,j_UIFS_WriteFirmInfoToFile_FW
0xff20d94c,j_UIFS_GetMovieRecoadableNumber_FW
0xff20d950,j_UIFS_GetStillShotableNumber_FW
0xff20d954,UIFS_ChangeShootState_FW
0xff20d978,UIFS_GetLastPath_FW
0xff20d9b0,UIFS_GetAvItemCount_FW
0xff20da20,UIFS_GetTvItemCount_FW
0xff20da94,UIFS_GetAvItem_FW
0xff20db94,UIFS_GetTvItem_FW
0xff20dbcc,UIFS_GetCurrentAvString_FW
0xff20dc4c,UIFS_GetCurrentTvString_FW
0xff20dcd0,j_UIFS_IsAvailableShots_FW
0xff20dcd4,UIFS_IsOperationEvent_FW
0xff20dd10,j_UIFS_StartMoviePlay_FW
0xff20dd14,j_UIFS_GetNumberOfDisplayedImage_FW
0xff20dd18,j_UIFS_PlayTrimExecuteAllImageSize_FW
0xff20dd1c,j_UIFS_WirelessExecuteSendForever_FW
0xff20dd20,j_UIFS_CancelStoreLensTimer_FW
0xff20dd24,UIFS_DisplayFirmUpdateView_FW
0xff20dd30,RequestShutdown_FW
0xff20dd54,UIFS_LockMainPowerAndDisplayOff_FW
0xff20dd60,UI.CreatePublic_FW
0xff20e9fc,UI_ShowStateOfRecMode_FW
0xff20ea10,UI.Create_FW
0xff20ea10,UI_RegistDebugEventProc_FW
0xff2107cc,CreateDialogBox
0xff210ef0,DisplayDialogBox
0xff2154c0,add_ui_to_dialog
0xff215bf4,get_string_by_id
0xff22d680,UIFS_WriteFirmInfoToFile
0xff22d680,UIFS_WriteFirmInfoToFile_FW
0xff230d30,FmtMenu_ExecuteQuickFormat_FW
0xff24e170,UIFS_StartMoviePlay_FW
0xff2522ac,UIFS_GetNumberOfDisplayedImage_FW
0xff260de8,UIFS_WirelessExecuteSendForever_FW
0xff265128,task_FaceFrame
0xff26e328,LCDMsg_SetStr_FW
0xff26e470,LCDMsg_SetNum_FW
0xff26e544,LCDMsg_SwDisp_FW
0xff26e5c8,LCDMsg_Move_FW
0xff26e67c,LCDMsg_MoveRatio_FW
0xff26e708,LCDMsg_ChangeColor_FW
0xff26e7ec,LCDMsg_Delete_FW
0xff26e93c,LCDMsg_Create_FW
0xff26ea44,LCDRect_Move_FW
0xff26eb10,LCDRect_MoveRatio_FW
0xff26ec04,LCDRect_Resize_FW
0xff26ecb8,LCDRect_ResizeRatio_FW
0xff26eda8,LCDRect_ChangeColor_FW
0xff26ee7c,LCDRect_SwDisp_FW
0xff26ef88,LCDRect_Create_FW
0xff26f06c,LCDRect_Delete_FW
0xff28efac,task_DSITask
0xff2a9d68,sscanf_FW
0xff2aa3c0,qsort
0xff2aa420,memset
0xff2aa420,memset_FW
0xff2aa49c,realloc
0xff2b6ba4,NR_SetDarkSubType
0xff2b6ba4,NRTBL.SetDarkSubType_FW
0xff2b6bc0,NRTBL.SetDefectCorrectType_FW
0xff2b6bdc,NRTBL.SetTassenType_FW
0xff2b7f34,PointDefDetect_FW
0xff2b8108,MergeAndConvertDefect_FW
0xff2b8388,PointKizuCheck_FW
0xff2b83dc,SensDefCrowdCheck_FW
0xff2b840c,CrossDefDetect_FW
0xff2b8500,LineDefDetect_FW
0xff2b85d0,LineKizuCheck_FW
0xff2b8610,CrowdLineDetect_FW
0xff2b8790,CrowdLineKizuCheck_FW
0xff2b87d0,MixPixDetect_FW
0xff2b89dc,GetDefectCrawInfo_FW
0xff2b8a60,GetDefectAllResultData_FW
0xff2b8aac,GetDefectPartResultData_FW
0xff2b8b34,SetDefectDebugInfo_FW
0xff2b8bf0,GetDefectHistgramInfo_FW
0xff2b8c24,MarkPointDefData_FW
0xff2b8c2c,GetDefectTvAdj_FW
0xff2b8cb4,GetDefectRecParamForCorrelationTest_FW
0xff2b8d70,SetDefectRecParam_FW
0xff2b8ee8,ChangeDefectRecParam_FW
0xff2b8f40,ExecuteDefectRec_FW
0xff2b8f7c,ExecuteDefectRecAndSaveImage_FW
0xff2b9000,ExecuteDefectRecWithGrade_FW
0xff2b9044,ExecuteDefectRecAndSaveImageWithGrade_FW
0xff2b90d0,InitializeDefectRec_FW
0xff2b90ec,TerminateDefectRec_FW
0xff2b90fc,MakeDefectTurnTable_FW
0xff2b913c,ClearDefectTurnTable_FW
0xff2b914c,GetDefectTurnTableParam_FW
0xff2b91bc,GetWaitTemperatureDriveType_FW
0xff2b91e8,ChangeDefectSpecParam_FW
0xff2b9204,GetDefectErrorInfo_FW
0xff2b9224,VStripeCheck_FW
0xff2b92f8,VStripeTassenThrough_FW
0xff2be99c,DevelopTool.DevelopTest_FW
0xff2bf9ec,task__cntFlashTask
0xff2c1da4,EF.StartEFCharge_FW
0xff2c1e08,EF.StopEFCharge_FW
0xff2c1e18,EF.SetEFChargeTimeOut_FW
0xff2c1e34,EF.SetChargeOnTime_FW
0xff2c1e4c,EF.GetEFY_FW
0xff2c1eec,EF.GetEFY2_FW
0xff2c1ef8,EF.GetEFModAddPixelGain_FW
0xff2c1f00,j_EF.GetAdjustPreSvOffset_FW
0xff2c1f04,j_EF.GetEFModExamDriveType_FW
0xff2c1f08,j_EF.IsIrisTypeKosaiShibori_FW
0xff2c1f0c,EF.StartInternalPreFlash_FW
0xff2c1f4c,EF.StartInternalMainFlash_FW
0xff2c1fd4,EF.FlashWithoutSync_FW
0xff2c1ff4,EF.FlashForColorTempEvaluation_FW
0xff2c1ffc,EF.SetMainFlashTime_FW
0xff2c2010,j_EF.IsChargeFull_FW
0xff2c2014,EF.AdjPreFlash_FW
0xff2c2050,EF.SetChargeMode_FW
0xff2c919c,task_ExpDrvSubTask
0xff2e2cb8,GetBaseSv
0xff2e458c,SetPTGDefaultData_FW
0xff2e45a0,SetTassenAdjSGMode_FW
0xff2e73ec,LiveImageTool.StartEVF_FW
0xff2e73f8,LiveImageTool.StartEVFFocusJet_FW
0xff2e7404,LiveImageTool.StartEVFMF_FW
0xff2e7410,LiveImageTool.StartEVFMovFULLHD_FW
0xff2e7424,LiveImageTool.StartEVFMovFULLHD30P_FW
0xff2e7438,LiveImageTool.StartEVFMovFULLHD60P_FW
0xff2e744c,LiveImageTool.StartEVFMovHD_FW
0xff2e7460,LiveImageTool.StartEVFMovHD60P_FW
0xff2e7474,LiveImageTool.StartEVFMovQVGA_FW
0xff2e7488,LiveImageTool.StartEVFMovQVGA_HS_FW
0xff2e7490,LiveImageTool.StartEVFMovVGA_FW
0xff2e74a4,LiveImageTool.StartEVFMovVGA_HS_FW
0xff2e74b8,LiveImageTool.StopEVF_FW
0xff2e74f8,LiveImageTool.DzoomTele_FW
0xff2e7518,LiveImageTool.DzoomWide_FW
0xff2e7538,LiveImageTool.StopDzoom_FW
0xff2e7548,LiveImageTool.Pause_FW
0xff2e7550,LiveImageTool.Resume_FW
0xff2e7558,LiveImageTool.ChangeDzoom_FW
0xff2e7590,j_LiveImageTool.GetDzoomPosition_FW
0xff2e7594,LiveImageTool.Jump_FW
0xff2e75b0,LiveImageTool.Dister_FW
0xff2ef70c,apex2us
0xff2ef990,ShutterTool.SetTv_FW
0xff2ef9a4,ShutterTool.SetTvWithErrMode_FW
0xff2ef9bc,ShutterTool.SetTvAfterDriveChange_FW
0xff2ef9ec,ShutterTool.SetTvAndFrameRateType_FW
0xff2efbb0,ShutterTool.CheckTv_FW
0xff2efbec,ShutterTool.CheckTvWithErrMode_FW
0xff2efcb4,ShutterTool.SetExpTime_FW
0xff2efcc0,ShutterTool.SetExpTimeWithErrMode_FW
0xff2efcd0,ShutterTool.SetExpTimeAndFrameRateType_FW
0xff2efe24,ShutterTool.CheckExpTime_FW
0xff2efe44,ShutterTool.CheckExpTimeWithErrMode_FW
0xff2efe60,ShutterTool.GetCurTv_FW
0xff2efebc,ShutterTool.GetCurExpTime_FW
0xff2efedc,ShutterTool.GetLimOfTv_FW
0xff2eff0c,ShutterTool.GetLimOfTvRegular_FW
0xff2eff3c,ShutterTool.GetLimOfExpTime_FW
0xff2eff6c,ShutterTool.GetLimOfExpTimeRegular_FW
0xff2eff9c,ShutterTool.SetTvForFix_FW
0xff2effc8,ShutterTool.SetExpTimeForFix_FW
0xff2effec,ShutterTool.GetLimOfTvForFix_FW
0xff2f0008,ShutterTool.GetLimOfTvForFixWithAv_FW
0xff302490,get_ptp_file_buf
0xff3083a8,task_PingManager
0xff30de88,task_WSSAPP
0xff3174b0,task_AACDrvTask
0xff325594,GetFaceAuthBinAddr_FW
0xff32559c,GetFaceAuthBinSize_FW
0xff3255a4,IsOKFaceAuthBinFile_FW
0xff326d2c,EngDrvOut_FW
0xff326d48,EngDrvIn_FW
0xff326d50,EngDrvRead_FW
0xff326d58,EngDrvBits_FW
0xff326d74,EngDrvReadDump_FW
0xff327a04,task_CorrectLiveTassenTask
0xff33ef28,GetCurrentAdjImgDriveType_FW
0xff33ef40,GetCurrentImgDrvMode_FW
0xff33ef60,ConvertAEIntegDrvTypeToAdjImgDriveType_FW
0xff33efac,ConvertAdjImgDrvModeToAdjImgDriveType_FW
0xff33f014,ChangeAdjImgDrvMode_FW
0xff33f040,ChangeAEIntegDrvTypeToAdjImgDriveType_FW
0xff33f08c,j_InitializeWLAN_FW
0xff33f090,j_TerminateWLAN_FW
0xff33f0bc,JoinWLANNetwork_FW
0xff33f234,PingWLANNetwork_FW
0xff33f244,j_LeaveWLANNetwork_FW
0xff33f248,StartFAWLANService_FW
0xff33f250,StopFAWLANService_FW
0xff33f264,GetWLANMACAddress_FW
0xff33f28c,WriteWLANMACAddressToFROM_FW
0xff33f324,GetWLANEepromNum_FW
0xff33f430,GetCurrentCcdTemp_FW
0xff33f44c,j_GetCurrentCcdTemp_FW
0xff33f450,GetCurrentOptTemp_FW
0xff33f47c,j_GetCurrentOptTemp_FW
0xff33f480,GetCameraInformationData_FW
0xff33f4bc,j_GetCameraInformationData_FW
0xff33f4c0,GetTotalShootCount_FW
0xff33f588,j_GetTotalShootCount_FW
0xff33f6e0,InitializeSoundDevForRecEvent_FW
0xff33f6f0,SetNCParamForAdjEvent_FW
0xff33f700,RecSoundForNCAdjEvent_FW
0xff33f710,SetNoiseAddParamForZoomNCEvent_FW
0xff33f720,ReloadZoomNCProfileEvent_FW
0xff33f730,SetZoomNCEffectiveEvent_FW
0xff33f740,ClearSoundDevForRecEvent_FW
0xff33f760,GetModeDialState_FW
0xff33f81c,GetModeDialName_FW
0xff33f830,IsSDDetect_FW
0xff33f880,j_IsSDDetect_FW
0xff33f888,InitializeNFCAdjustment_FW
0xff33f894,j_ClearNFCSystemArea_FW
0xff33f89c,WriteNFCSystemArea_FW
0xff33f8b0,j_WriteNFCUserArea_FW
0xff33f8d0,WriteNFCUserAreaWithInitNFCAdj_FW
0xff33f8dc,j_ResetNFCSystemArea_FW
0xff33f958,GetNFCSystemAreaData_FW
0xff33fae0,GetNFCUserAreaData_FW
0xff33fb20,CheckNFCTagWithCount_FW
0xff33fb30,CheckNFCExternalWrite_FW
0xff33fb64,j_CheckNFCExternalWrite_FW
0xff33fc24,GetNFCOptUnitAssemblyAreaData_FW
0xff33fc68,WriteNFCOptUnitAssemblyAreaData_FW
0xff33fc7c,j_ClearNFCOptUnitAssemblyAreaData_FW
0xff33fc88,WriteNFCSystemAreaForOptUnitAssembly_FW
0xff33fd7c,j_WriteNFCSystemAreaForOptUnitAssembly_FW
0xff33fdb8,GetBatteryVoltage_FW
0xff33fdd8,j_GetBatteryVoltage_FW
0xff33fe6c,SetFaexeEventTableActivation_FW
0xff340014,GetZoomLensResetPlus_FW
0xff340320,j_GetCurrentZoomLensPosition_FW
0xff340320,j_GetCurrentZoomPosition_FW
0xff340328,j_GetCurrentZoomLensPoint_FW
0xff340328,j_GetCurrentZoomPoint_FW
0xff34032c,GetCurrentZoomLensDirection_FW
0xff340348,j_GetCurrentZoomLensDirection_FW
0xff340350,ReloadZoomAdjustment_FW
0xff340414,j_GetZoomTelePoint_FW
0xff34041c,j_GetZoomResetSensorLevel_FW
0xff34045c,j_GetZoomDrivingTime_FW
0xff340574,ClearZoomDriveParam_FW
0xff3407fc,j_IsZoomLensOutSidePosition_FW
0xff340808,StopZoomEmergency_FW
0xff340814,SetZoomResetState_FW
0xff340860,ResetZoom_FW
0xff340898,ResetZoomToFirst_FW
0xff340898,ResetZoomToFirstPoint_FW
0xff3408d0,ResetZoomToTerminate_FW
0xff3408d0,ResetZoomToTerminatePoint_FW
0xff340908,MoveZoomLensToPosition_FW
0xff340908,MoveZoomPosition_FW
0xff340948,MoveZoomLensToPoint_FW
0xff340948,MoveZoomPoint_FW
0xff340988,MoveComputerZoomToPoint_FW
0xff3409c8,MoveComputerZoomToPointWithSpeed_FW
0xff340a74,ResetZoomToAdjFirstPoint_FW
0xff340abc,ResetZoomToAdjTerminatePoint_FW
0xff340b04,SetZoomLensEncoderPowerControl_FW
0xff340b18,SetZoomSpeedMode_FW
0xff340b80,GetZoomDefaultDriveParam_FW
0xff340ba4,SetZoomDriveParam_FW
0xff340ce0,GetZoomResetDriveParam_FW
0xff340d04,SetZoomResetDriveParam_FW
0xff340d40,GetZoomNormalDriveParam_FW
0xff340d64,SetZoomNormalDriveParam_FW
0xff340da0,GetZoomDefaultCommonDriveParam_FW
0xff340dcc,SetZoomCommonDriveParam_FW
0xff340e5c,ClearZoomCommonDriveParam_FW
0xff340e8c,j_GetZoomLensResetPlus_FW
0xff340f28,MoveZoomLensToMechaEnd_FW
0xff341034,MoveZoomLensToPositionByManual_FW
0xff341114,SetZoomAmpereLimitOffTimeForAdjustZoom_FW
0xff341128,j_GetZoomPiDefaultPosition_FW
0xff34112c,j_GetZoomPiChangePosition_FW
0xff3411ac,ShowTransparentMemory_FW
0xff3411cc,DumpTransparentMemoryItem_FW
0xff34120c,AddTransparentMemory_FW
0xff341244,AttachToTransparentMemory_FW
0xff34127c,RemoveTransparentMemory_FW
0xff34129c,GetTransparentMemorySize_FW
0xff3412ac,GetTransparentMemory_FW
0xff3412f0,GetTransparentMemoryPosition_FW
0xff34184c,InitializeSoundRec_FW
0xff34189c,TerminateSoundRec_FW
0xff3418c8,j_InitializeSoundRec_FW
0xff3418cc,j_TerminateSoundRec_FW
0xff3418d0,StartSoundRecord_FW
0xff341904,StartSoundPlay_FW
0xff3419fc,InitializeFAGeneralTest_FW
0xff341a10,TerminateFAGeneralTest_FW
0xff341a24,InitializeFAExtendFile_FW
0xff341a34,TerminateFAExtendFile_FW
0xff341bc8,StartTestRecLog_FW
0xff341be0,StopTestRecLog_FW
0xff3446f0,getImageDirName
0xff3459bc,task_MetaInspiTask
0xff34baec,task_MetaCtgPrsTask
0xff352f2c,task_FileManMarkAllTask
0xff3531d0,task_SetGeoTagExecution
0xff353d10,task_FORMAT_TASK_PROGRESS
0xff353f10,task_FORMAT_TASK_NAME
0xff35dd00,task_FileWrite
0xff35dd00,task_FileWriteTask
0xff35ef30,task_ReadScheduleTask
0xff36244c,closedir
0xff36249c,OpenFastDir
0xff3625f0,ReadFastDir
0xff362fec,task_FilYuvMaker
0xff363dbc,task_DecJpgRd
0xff3674f4,task_ImgPlyDC
0xff3676a8,task_ImgPlyDCLow
0xff36e148,task_FocusEvent
0xff370de0,GetFocusLensResetPosition_FW
0xff370df0,GetFocusLensResetDefaultPosition_FW
0xff3716fc,GetFocusLensCurrentPosition_FW
0xff371700,GetFocusLensCurrentPositionWithMotor_FW
0xff371704,GetFocusLensDriveVoltage_FW
0xff371770,GetFocusLensHoldVoltage_FW
0xff3717b8,GetFocusLensGainSlope_FW
0xff3734ac,task_MechaAlarm
0xff373acc,task_MechaShutter
0xff3748c0,task_ZoomEvent
0xff374b98,task_ZoomSpeedLog
0xff374ff4,GetZoomActuatorCurrentPosition_FW
0xff37502c,GetZoomActuatorSpeedPPS_FW
0xff3751c8,IsZoomActuatorResetSensorPlusSide_FW
0xff376c40,GetZoomLensCurrentPosition
0xff379bd8,task_MovieRead
0xff37c6dc,task_MovieWriter
0xff37e088,EnableMechaCircuit_FW
0xff37e098,DisableMechaCircuit_FW
0xff37e0a8,EnableFocusPiCircuit_FW
0xff37e0b8,DisableFocusPiCircuit_FW
0xff37e0c8,j_GetFocusPiSensorLevel_FW
0xff37e0cc,EnableZoomPiCircuit_FW
0xff37e0dc,DisableZoomPiCircuit_FW
0xff37e0ec,j_GetZoomPiSensorLevel_FW
0xff37e0f0,EnableZoomEncoderCircuit_FW
0xff37e100,DisableZoomEncoderCircuit_FW
0xff37e110,SendMechaCircuitData_FW
0xff37e134,ReceiveMechaCircuitData_FW
0xff37e15c,ReceiveMechaCircuitDataAll_FW
0xff37e190,EnableResetGpio_FW
0xff37e1ac,DisableResetGpio_FW
0xff37e228,MoveCZToPoint_FW
0xff37e268,MoveCZToWide_FW
0xff37e298,MoveCZToTele_FW
0xff37e2c8,MoveCZToPointByOVF_FW
0xff37e300,StopCZ_FW
0xff37e32c,GetCZStillHighSpeed_FW
0xff37e334,GetCZStillLowSpeed_FW
0xff37e33c,GetCZMovieHighSpeed_FW
0xff37e344,GetCZMovieLowSpeed_FW
0xff37e34c,GetCZStillDefaultSpeed_FW
0xff37e354,GetCZMovieDefaultSpeed_FW
0xff37e35c,IsAvailableCZSpeed_FW
0xff37e364,GetCZFramingAssistStillSpeed_FW
0xff37e36c,GetCZFramingAssistAutoHighSpeed_FW
0xff37e374,GetCZFramingAssistAutoLowSpeed_FW
0xff37e37c,StartCzTuning_FW
0xff37e398,MoveCzPeakPositon_FW
0xff37e3a8,SetCzDebugSubjectDistance_FW
0xff37e3bc,j_GetCzDebugFocusMode_FW
0xff37e3c0,SetCzDebugFocusMode_FW
0xff37e3d4,SetCzDebugSoundMeasurementMode_FW
0xff37e3e8,CzDebugPrintToFile_FW
0xff37e3f8,CzDebugPrint_FW
0xff37e40c,StartCzLog_FW
0xff37e420,StopAndSaveCzLog_FW
0xff37e470,ForceCzRecordingMovie_FW
0xff37e484,ClearCzRecordingMovie_FW
0xff37e4a8,j_IsUnitFirmMode_FW
0xff37e550,GetFocusLensIrisCoefficient_FW
0xff37e570,ResetFocusLens
0xff37e570,ResetFocusLens_FW
0xff37e5cc,EscapeFocusLens_FW
0xff37e644,MoveFocusLensToTerminate_FW
0xff37e6a0,MoveFocusLensToTerminateWithKeepExciting_FW
0xff37e6fc,MoveFocusLensWithDistance_FW
0xff37e7b8,MoveFocusLensWithPosition_FW
0xff37e87c,MoveFocusLensWithPositionWithNonStepOut_FW
0xff37e940,MoveFocusLensWithFinalPosition_FW
0xff37ea10,MoveFocusLensWithPositionImmediateReturn_FW
0xff37ea84,MoveFocusLensWithPositionWithoutBacklash_FW
0xff37eb48,MoveFocusLensWithFinalPositionWithNonStepOutWithoutBacklash_FW
0xff37ec0c,MoveFocusLensWithFinalPositionWithoutBacklash_FW
0xff37ecd0,MoveFocusLensTowardPosition_FW
0xff37ed94,MoveFocusLensWithPositionWithCompBacklash_FW
0xff37ee7c,MoveFocusActuator_FW
0xff37ef84,SetFocusActuatorHoldVoltage_FW
0xff37ef98,SetFocusActuatorSlopeHoldVoltage_FW
0xff37efb4,SetFocusLensSpeed_FW
0xff37f034,SetFocusLensSpeedTable_FW
0xff37f0ec,SetFocusLensAccelerationTable_FW
0xff37f1f8,SetFocusLensSlowdownTable_FW
0xff37f274,SetFocusLensDefaultPullOutTable_FW
0xff37f288,SetFocusLensCondition_FW
0xff37f374,ShowFocusLensCurrentSpeedTable_FW
0xff37f3dc,SetFocusLensMaxSpeedLimit_FW
0xff37f3ec,CancelFocusLensMaxSpeedLimit_FW
0xff37f3fc,EnableFocusLens_FW
0xff37f448,DisableFocusLens_FW
0xff37f498,EnableFocusLensSilentMode_FW
0xff37f4c4,DisableFocusLensSilentMode_FW
0xff37f4f0,j_GetFocusLensCurrentPosition_FW
0xff37f4f4,j_GetFocusLensCurrentPositionWithMotor_FW
0xff37f4f8,j_GetFocusLensResetPosition_FW
0xff37f4fc,j_GetFocusLensResetDefaultPosition_FW
0xff37f500,GetFocusLensSubjectDistance_FW
0xff37f51c,GetFocusLensSubjectDistanceNumber_FW
0xff37f524,GetFocusLensPositionRatio_FW
0xff37f52c,GetFocusLensLoadSubjectDistance_FW
0xff37f54c,ChangeFocusDistanceToPosition_FW
0xff37f5ac,GetFocusLensLoadCamTable_FW
0xff37f5d8,j_GetFocusLensDriveVoltage_FW
0xff37f5dc,SetFocusLensDriveVoltage_FW
0xff37f614,j_GetFocusLensHoldVoltage_FW
0xff37f618,SetFocusLensHoldVoltage_FW
0xff37f650,j_GetFocusLensResetVoltage_FW
0xff37f654,j_GetFocusLensGainSlope_FW
0xff37f658,SetFocusLensGainSlope_FW
0xff37f690,GetFocusLensMoveMaxPosition_FW
0xff37f6a8,GetFocusLensMoveMinPosition_FW
0xff37f6c0,j_GetFocusLensPullInMaxSpeed_FW
0xff37f6c4,GetFocusLensMoveRangeOfTelePoint_FW
0xff37f72c,FocusLensStopQuickly_FW
0xff37f7a4,GetFocusLensCarrierFrequency_FW
0xff37f7c4,SetFocusLensCarrierFrequency_FW
0xff37f7fc,MoveFocusLensChangeCarrierFrequency_FW
0xff37f928,j_GetFocusLensAvCoefficient_FW
0xff37f92c,ShowFocusLensIrisCoefficientCheckSum_FW
0xff37fa30,ChangeFocusLensStopSettingType_FW
0xff37fa44,GetFocusLensFinalStopSettingTime_FW
0xff37fa98,MoveLensToFirstPoint_FW
0xff37fae8,MoveLensToTerminatePoint_FW
0xff37fb20,j_IsLensOutside_FW
0xff37fb24,j_GetLensErrorStatus_FW
0xff37fb28,j_GetFocusStartZoomPosition_FW
0xff37fb2c,EnableLensError_FW
0xff37fb3c,DisableLensError_FW
0xff37fb4c,SetLensOutsideFlag_FW
0xff37fb60,ShowMechaCondition_FW
0xff37fbf0,j_GetMechaCondition_FW
0xff37fcf4,WriteMechaLogToRom_FW
0xff37fd04,WriteMechaLogToFile_FW
0xff37fd74,CloseMechaShutter_FW
0xff37fda0,OpenMechaShutter_FW
0xff37fdcc,CloseMechaShutterWithTiming_FW
0xff37fe0c,SetMechaShutterCloseDacSetting_FW
0xff37fe28,GetMechaShutterCloseDacSetting_FW
0xff37fe5c,SetMechaShutterOpenDacSetting_FW
0xff37fe78,GetMechaShutterOpenDacSetting_FW
0xff37feac,SetMechaShutterWaitTimeSetting_FW
0xff37fec0,j_GetMechaShutterStatus_FW
0xff37fec4,j_GetMechaShutterMoveTime_FW
0xff37fec8,SetMechaShutterMoveTime_FW
0xff37ff1c,j_InitializeMechaUnitExeTest_FW
0xff37ff20,j_TerminateMechaUnitExeTest_FW
0xff37ff24,GetMechaExtendTableReserveArea_FW
0xff37ff84,ResetIris_FW
0xff37ffac,MoveIrisToStandbyPosition_FW
0xff37ffd4,MoveIrisWithAv
0xff37ffd4,MoveIrisWithAv_FW
0xff380008,MoveIrisWithAvAndSpeed_FW
0xff38004c,MoveIrisToPositionWithBacklash_FW
0xff380080,MoveIrisToTerminatePosition_FW
0xff3800a8,MoveIrisToFullOpen_FW
0xff3800d0,MoveIrisToFullClose_FW
0xff3800f8,j_GetIrisAv_FW
0xff3800fc,j_GetIrisCurrentPosition_FW
0xff380100,MoveIrisWithAvWithoutBacklash_FW
0xff380134,MoveIrisToPositionWithoutBacklash_FW
0xff380168,MoveIrisWithAvAndSpeedWithoutBacklash_FW
0xff3801ac,EnableIris_FW
0xff3801d0,DisableIris_FW
0xff3801f4,EnableIrisSilentMode_FW
0xff380204,DisableIrisSilentMode_FW
0xff380214,j_GetIrisGainSlope_FW
0xff380218,SetIrisGainSlope_FW
0xff38022c,j_GetIrisSpecOpenPosition_FW
0xff380230,j_GetIrisSpecClosePosition_FW
0xff380234,j_GetIrisDriveVoltage_FW
0xff380238,SetIrisDriveVoltage_FW
0xff38024c,j_GetIrisDriveVoltageLow_FW
0xff380250,SetIrisDriveVoltageLow_FW
0xff380264,j_GetIrisHoldVoltage_FW
0xff380268,SetIrisHoldVoltage_FW
0xff38027c,ChangeIrisSpeed_FW
0xff380298,MoveIrisWithAvAndAvSpeed_FW
0xff3802dc,MoveIrisWithAvAndAvSpeedWithoutBacklash_FW
0xff380320,GetIrisAvHysteresisOfPosition_FW
0xff380330,EnableIrisActuator_FW
0xff380354,DisableIrisActuator_FW
0xff380378,ResetIrisActuator_FW
0xff380410,ResetZoomLens
0xff380410,ResetZoomLens_FW
0xff38043c,ResetZoomLensToFirst_FW
0xff38047c,ResetZoomLensToTerminate_FW
0xff3804bc,MoveZoomLensWithPoint
0xff3804bc,MoveZoomLensWithPoint_FW
0xff380508,MoveZoomLensWithPointImmediateReturn_FW
0xff38052c,WaitMoveZoomLensComplete_FW
0xff380558,MoveZoomLensWithPosition_FW
0xff3805a4,MoveZoomLensWithPositionStart_FW
0xff3805c8,MoveZoomLensToTerminatePosition_FW
0xff380638,MoveZoomLensToMechaEdge_FW
0xff3806a0,StopZoomLens_FW
0xff3806bc,SetZoomLensSpeedMode_FW
0xff3806d0,GetZoomLensDriveAmpereDac_FW
0xff3806d8,SetZoomLensDriveAmpereDac_FW
0xff3806f8,j_GetZoomLensDriveResetAmpereDac_FW
0xff3806fc,SetZoomLensDriveResetAmpereDac_FW
0xff380718,j_GetZoomLensResetWidePosition_FW
0xff38071c,j_GetZoomLensSinkPosition_FW
0xff380720,EnableZoomLensSpeedControl_FW
0xff380734,DisableZoomLensSpeedControl_FW
0xff380748,EnableZoomLensElectricControl_FW
0xff38075c,DisableZoomLensElectricControl_FW
0xff380770,j_GetZoomLensCurrentPoint_FW
0xff380774,j_GetZoomLensCurrentPosition_FW
0xff380778,j_GetZoomLensTelePoint_FW
0xff38077c,j_GetZoomLensMechaEdgePosition_FW
0xff380780,EnableZoomLensEncoderPowerControl_FW
0xff380790,DisableZoomLensEncoderPowerControl_FW
0xff3807a0,ChangeZoomPointToPosition_FW
0xff3807b0,ChangeZoomLensPointToMagnification_FW
0xff3807c0,ChangeZoomLensMagnificationToPoint_FW
0xff3807d0,SetZoomAmpereLimitOffTime_FW
0xff3807ec,j_GetZoomAmpereLimitOffTime_FW
0xff3807f0,SetZoomLensMoveTimeLimit_FW
0xff380804,j_GetZoomLensMinimumSpeedMoveLimitTime_FW
0xff380808,SetZoomLensCurrentPosition_FW
0xff380824,SetZoomLensResetMoveTimeLimit_FW
0xff380844,SetZoomLensSpeedChangeMaxTime_FW
0xff380858,SetZoomLensSpeedChangeRate_FW
0xff380878,MoveZoomLensWithPositionAndSpeedChange_FW
0xff3809a0,RegisterZoomLensPositionPassedCBR_FW
0xff3809c4,UnRegisterZoomLensPositionPassedCBR_FW
0xff380bb0,DcmWowFla_FW
0xff380c6c,DcmWowFlaForSD_FW
0xff380fc4,DcmTfMeasure_FW
0xff381080,DcmTfMeasureForSD_FW
0xff3811bc,StartZoomLensSpeedLog_FW
0xff3811e0,StopAndSaveZoomLensSpeedLog_FW
0xff3812f8,MoveZoomActuator_FW
0xff38134c,SetZoomActuatorSpeedPPS_FW
0xff381368,j_GetZoomActuatorSpeedPPS_FW
0xff38136c,j_GetZoomActuatorCurrentPosition_FW
0xff381370,j_IsZoomActuatorResetSensorPlusSide_FW
0xff381374,EnableZoomActuatorSpeedLog_FW
0xff381384,DisableZoomActuatorSpeedLog_FW
0xff381394,SetZoomSpeedCheckStopTime_FW
0xff3813b0,SetZoomPermitTargetMaxSpeedPPS_FW
0xff3813f4,ISAutoCenter_FW
0xff381404,StartISLocalAdjust_FW
0xff381414,j_StartISLocalHallAdjust_FW
0xff381418,j_StartISLocalAutoCenter_FW
0xff38141c,ISMoveToMechaEdgeOPEN_FW
0xff381438,ISChangeOPENtoCLOSE_FW
0xff381448,SetISDriveAaxis_FW
0xff381464,SetISDriveBaxis_FW
0xff381480,SetISHallOffsetAaxis_FW
0xff38149c,SetISHallOffsetBaxis_FW
0xff3814b8,SetISHallOffsetbyAxisType_FW
0xff3814e4,SetISHallGainAaxis_FW
0xff381500,SetISHallGainBaxis_FW
0xff38151c,SetISHallGainbyAxisType_FW
0xff381548,GetISDriveAaxis_FW
0xff381568,GetISDriveBaxis_FW
0xff381588,GetISPositionAaxis_FW
0xff3815a8,GetISPositionBaxis_FW
0xff3815c8,GetISHallOffsetAaxis_FW
0xff3815e8,GetISHallOffsetBaxis_FW
0xff381608,GetISHallOffsetbyAxisType_FW
0xff38163c,GetISHallOffsetDacBitNum_FW
0xff38165c,GetISHallGainAaxis_FW
0xff38167c,GetISHallGainBaxis_FW
0xff38169c,GetISHallGainbyAxisType_FW
0xff3817dc,SetISControlType_FW
0xff3817f4,FixISStatus_FW
0xff38180c,SetISStillStatus_FW
0xff38181c,SelectPositionSignal_FW
0xff381834,ClearISIComponent_FW
0xff381844,GetISHallOut1Amp_FW
0xff381868,GetISHallOut2Amp_FW
0xff38188c,ISMDStart_FW
0xff38189c,ISMDStop_FW
0xff3818ac,EnableISDriveError_FW
0xff3818bc,DisableISDriveError
0xff3818bc,DisableISDriveError_FW
0xff3818cc,SetISHallAmpFirstGain_FW
0xff3818e4,GetISHallAmpFirstGain_FW
0xff381910,StartISLoopGainCalc_FW
0xff381944,GetISLoopGainCalcData_FW
0xff38199c,SetISLoopGainAdjValue_FW
0xff3819c0,GetISLoopGainAdjValue_FW
0xff3819e4,StopISLoopGainCalc_FW
0xff3819f4,GetISCrossTalkComp_FW
0xff381ad4,SetISCrossTalkCompA1_FW
0xff381af0,SetISCrossTalkCompA2_FW
0xff381b0c,SetISCrossTalkCompB1_FW
0xff381b28,SetISCrossTalkCompB2_FW
0xff381b44,SetDISModeParam_FW
0xff381b5c,GetDISModeParamType_FW
0xff381b7c,DisableDISModeChange_FW
0xff381b8c,EnableDISModeChange_FW
0xff381b9c,SetISCenterShiftA_FW
0xff381bb8,SetISCenterShiftB_FW
0xff381bd4,GetISCenterShiftA_FW
0xff381bf0,GetISCenterShiftB_FW
0xff381c0c,SetPoweredISON_FW
0xff381c20,SetPoweredISOFF_FW
0xff381c34,ISFixedPWMON_FW
0xff381c48,ISFixedPWMOFF_FW
0xff381c5c,SetFixedPWMOutA_FW
0xff381c78,SetFixedPWMOutB_FW
0xff381c94,j_GetFixedPWMOutA_FW
0xff381c98,j_GetFixedPWMOutB_FW
0xff381c9c,SetISPWMFreqAndFixed_FW
0xff381cb0,SetISPWMFrequency_FW
0xff381cc4,j_GetISPWMFrequency_FW
0xff381cc8,j_GetISPWMPeriod_FW
0xff381ccc,StartISPWMFreqChangeTest_FW
0xff381cd4,StopISPWMFreqChangeTest_FW
0xff381cdc,SetWaitTime_FW
0xff381cf8,GetWaitTime_FW
0xff381d18,SetSlowWaitTime_FW
0xff381d34,GetSlowWaitTime_FW
0xff381db8,SetMoveEdgeWaitTime_FW
0xff381dd4,GetMoveEdgeWaitTime_FW
0xff381df4,GetDisSupportStatus_FW
0xff381dfc,GetISCenterDrivebyAxisType_FW
0xff381e30,SetISGyroGainAaxis_FW
0xff381e4c,SetISGyroGainBaxis_FW
0xff381e68,SetISGyroGainbyAxisType_FW
0xff381e94,GetISGyroGainAaxis_FW
0xff381eb4,GetISGyroGainBaxis_FW
0xff381ed4,GetISGyroGainbyAxisType_FW
0xff381f08,j_GetGyroDataPitch_FW
0xff381f0c,j_GetGyroDataYaw_FW
0xff381f10,SetGyro10BitDACPitch_FW
0xff381f2c,SetGyro10BitDACYaw_FW
0xff381f48,j_GetGyro10BitDACPitch_FW
0xff381f4c,j_GetGyro10BitDACYaw_FW
0xff381f50,SetGyroHPFINOffsetPitch_FW
0xff381f6c,SetGyroHPFINOffsetYaw_FW
0xff381f88,j_GetGyroHPFINOffsetPitch_FW
0xff381f8c,j_GetGyroHPFINOffsetYaw_FW
0xff381f90,j_GetGyroHPFINPitch_FW
0xff381f94,j_GetGyroHPFINYaw_FW
0xff381f98,SetISTuningFlag_FW
0xff381fb0,SetGyroFilterChargeStart_FW
0xff381fb8,SetGyroFilterChargeStop_FW
0xff382034,GetGyroFilterCharge_FW
0xff382054,GetISFirmVersion_FW
0xff38207c,GetMechaDSPVersion_FW
0xff3820a4,GetISParamVersion_FW
0xff3820cc,SetZoomPosition_FW
0xff3820e4,ISControlStart_FW
0xff3820f4,ISControlStop_FW
0xff382104,ISPanModeStart_FW
0xff382114,ISPanModeStop_FW
0xff382124,ChangeParallelMode_FW
0xff38213c,SetLPFParallelBest_FW
0xff382160,GetLPFParallelBest_FW
0xff382190,SetISHPFCutoff_FW
0xff3821a8,ClearISZData_FW
0xff3821b8,SetISLPFAaxis_FW
0xff3821d0,SetISLPFBaxis_FW
0xff3821e8,EnableISAutoGyroOffset_FW
0xff3821f8,DisableISAutoGyroOffset_FW
0xff382208,SetISAdjData_FW
0xff382218,EnableMacroIS_FW
0xff3822b8,DisableMacroIS_FW
0xff3822c8,StartMacroISContiMode_FW
0xff3822d8,StartMacroISAdjust_FW
0xff3822e8,StopMacroISAdjust_FW
0xff3822f8,GetMacroISEstimRadiusA_FW
0xff382314,GetMacroISEstimRadiusB_FW
0xff382330,SetISFocusLensDistance_FW
0xff382340,GetMacroISGainA_FW
0xff38235c,GetMacroISGainB_FW
0xff382378,SetMacroISGainA_FW
0xff382394,SetMacroISGainB_FW
0xff3823b0,GetMacroISAngleAndVelocityA_FW
0xff3823e0,GetMacroISAngleAndVelocityB_FW
0xff382410,MechaCPUMemoryDump_FW
0xff382434,MechaCPUMemoryWrite_FW
0xff382460,ISMemoryWrite_FW
0xff382488,ISActive_FW
0xff38249c,StartImStEventProc_FW
0xff382cd4,task_CreateHeaderTask
0xff383060,task_DistTask
0xff383600,task_ResizeTask
0xff384254,task_JpegEncTask
0xff3849a8,reboot_fw_update
0xff384e60,MemoryChecker_FW
0xff384e94,VerifyByte_FW
0xff385818,CamInfo_Debug_FW
0xff385bf4,SDump_FW
0xff385e34,FreeMemory
0xff385e34,FreeMemory_FW
0xff385e3c,AllocateMemory
0xff385e3c,AllocateMemory_FW
0xff385e5c,Peek32_FW
0xff385e64,Peek16_FW
0xff385e6c,Peek8_FW
0xff385e74,GetSystemTime
0xff385e74,GetSystemTime_FW
0xff385e88,exec_FW
0xff385ef4,MonSelEvent_FW
0xff385fb8,MakeBootDisk_FW
0xff385fcc,MakeScriptDisk_FW
0xff386298,task_ImagePlaySysConTask
0xff388a50,task_ImageRetryConTask
0xff3ec890,task_ReadMultiConTask
0xff3f09e8,task_MrkSetTask
0xff3f5cbc,UIFS_PlayTrimExecuteAllImageSize_FW
0xff44c2a4,EF.GetAdjustPreSvOffset_FW
0xff44c2a8,EF.GetEFModExamDriveType_FW
0xff44c2bc,EF.IsIrisTypeKosaiShibori_FW
0xff45d5a4,Bat_Calc_FW
0xff45d5a4,CalculateBatSenseOffset_FW
0xff45d644,Bat_CalcSubCPU_FW
0xff45d644,CalculateBatSenseOffsetSubCPU_FW
0xff470320,StopCaptureDrive_FW
0xff470e78,CancelImageDrive_FW
0xff470f6c,StartCaptureDrive_FW
0xff470f74,CaptureWithParam_FW
0xff470fbc,ChangeImageDrive_FW
0xff470fd0,GetCrwImageInfo_FW
0xff47105c,GetRawBufferAdd_FW
0xff471088,ActivateImageDrive_FW
0xff4710e0,QuietImageDrive_FW
0xff47111c,j_ClearImageDrive_FW
0xff471120,GetCrwInfoData_FW
0xff471130,DoMemToMemDarkSubtraction_FW
0xff471138,SetSafImageReadOutType_FW
0xff47113c,SetSafImagePredictMode_FW
0xff471144,SetSafImageWindowHArea_FW
0xff47114c,EnableHeadDirectCapturePath_FW
0xff471150,DisableHeadDirectCapturePath_FW
0xff471158,SetLtkidsCorrectThroughMode_FW
0xff47115c,SetLtkidsRealtimeCorrectThroughMode_FW
0xff471160,SetSafPPPBypassMode_FW
0xff47117c,SetSafFPGABypassMode_FW
0xff471180,CorrectMvFrMem2MemAfterDefMark_FW
0xff471188,SetLvMagSkipNum_FW
0xff471190,SetLvMagCenterWindow_FW
0xff4711a0,GetLvMagWindowInfo_FW
0xff4711ac,ConvertTvToExposureTime_FW
0xff4711d0,j_GetCurrentExposureTime_FW
0xff4711dc,j_GetCurrentShutterSpeed_FW
0xff471208,SetShutterSpeedWithMecha_FW
0xff471264,SetShutterSpeed_FW
0xff4712bc,GetUserSetShutterSPeed_FW
0xff4712cc,GetShutterSpeedRegularMaxLimit_FW
0xff4712e4,j_GetShutterSpeedRegularMaxLimit_FW
0xff4712e8,GetShutterSpeedRegularMinLimit_FW
0xff471300,j_GetShutterSpeedRegularMinLimit_FW
0xff471324,GetFrameRateWithApex_FW
0xff471cc8,CalculatePeakFromLeastSquareResult_FW
0xff471cf0,CalculateLog2ToApex_FW
0xff471d04,CalculatePow2FromApex_FW
0xff471d20,CalcLog10
0xff471d5c,CalcLog10_FW
0xff471d84,ConvertApexToApexStd_FW
0xff471db4,ConvertApexStdToApex_FW
0xff471e4c,CalcSqrt_FW
0xff471e78,SetOneShotWBParam_FW
0xff471e78,SetOneTypeWBParam_FW
0xff471f04,OneShotWhigeBalance_FW
0xff471f04,OneTypeWhiteBalance_FW
0xff471f58,SetWBYlStandardWidth_FW
0xff471f98,SetReferenceWBGainForCalibration_FW
0xff471fc0,SetToolCorrectCoefficient_FW
0xff472038,ReloadWBAdjustment_FW
0xff472368,ConvertCxCyToWBGain_FW
0xff472430,GetExStrobeID_FW
0xff472440,IsExStrobeChargeComp_FW
0xff47244c,SetExStrobeMode_FW
0xff472458,CancelExStrobeMode_FW
0xff472464,ReloadEfAdjustment_FW
0xff4724a8,ChargeStrobe_FW
0xff4724e0,ChargeStrobeForFA_FW
0xff47252c,StopStrobeChargeForFA_FW
0xff47254c,ExecuteInternalPreFlash_FW
0xff4725ec,ReloadColorAdjustment_FW
0xff4726b0,RegistColorMatrix_FW
0xff4726e8,j_RegistColorMatrix_FW
0xff4726f8,UnregistColorMatrix_FW
0xff47287c,ShowCurrentExp_FW
0xff4728cc,SetAE_ShutterSpeed
0xff4728cc,SetAE_ShutterSpeed_FW
0xff472990,FocusAEWithCompensation_FW
0xff472a14,SetAE_CdsGainValue_FW
0xff472ad8,FixAEWithCompensation_FW
0xff472b3c,SetAdj_AEMode_FW
0xff472b90,CancelAdj_AEMode_FW
0xff472bcc,PreFixAE_FW
0xff472d58,AfAEWithAperturePriority_FW
0xff472db0,AdjAEWithAperturePriority_FW
0xff472e08,SleepAE_FW
0xff472f60,AfAEWithCompensation_FW
0xff473064,GetVideoOutType
0xff473064,GetVideoOutType_FW
0xff4730a4,SwitchOffDisplay_FW
0xff4730dc,SwitchOnDisplay_FW
0xff4730ec,j_GetVideoOutType_FW
0xff4730f0,SetVideoOutType
0xff47312c,SetVideoOutType_FW
0xff473140,IsEVFDrive_FW
0xff473168,j_IsEVFDrive_FW
0xff4731a0,StopEVFDrive_FW
0xff473668,StartEVFDriveWithMode_FW
0xff4736ac,StartEVFDrive_FW
0xff473708,IsEvfDriveMode_FW
0xff4739d4,GetSumYOfVRAMCenterLine_FW
0xff473a40,j_GetVRAMHPixelsSize_FW
0xff473a48,j_GetVRAMVPixelsSize_FW
0xff473a50,StopContinuousVRAMData_FW
0xff473ad8,GetContinuousVRAMData_FW
0xff4741b8,GetPixelsOfViewangle_FW
0xff474254,GetContinuousVRAMDataWithRingBuffer_FW
0xff4742ec,j_GetMovieJpegVRAMHPixelsSize_FW
0xff4742f4,j_GetMovieJpegVRAMVPixelsSize_FW
0xff474448,GetContinuousMovieJpegVRAMData_FW
0xff4744c0,ChangeDistortionSetForLiveImage_FW
0xff4744e8,ChangeElectronicRollISSetting_FW
0xff474684,SetImageMode
0xff474730,Bat_VIN_FW
0xff474730,SetInputVoltage_FW
0xff474744,Bat_Save_FW
0xff474744,SaveBatSenseOffsetAdjustmentTable_FW
0xff474754,SetImageMode_FW
0xff47475c,CalcLowBatteryOffsetValue_FW
0xff474794,SetDate
0xff474794,SetDate_FW
0xff47491c,SetYear_FW
0xff47497c,SetMonth_FW
0xff4749d8,SetDay_FW
0xff474a40,SetHour_FW
0xff474aa4,SetMinute_FW
0xff474b08,SetSecond_FW
0xff474b6c,GetYear_FW
0xff474b9c,GetMonth_FW
0xff474bc8,GetDay_FW
0xff474bf0,GetHour_FW
0xff474c18,GetMinute_FW
0xff474c40,GetSecond_FW
0xff474c68,SetLangMenuType_FW
0xff474cbc,SaveFromImage_FW
0xff474ccc,GetFromCountOfRom_FW
0xff474e88,SetFactorySerialNumber_FW
0xff474f00,LoadFactoryNumber_FW
0xff474fe0,j_LoadFactoryNumber_FW
0xff474fe4,LoadSerialNumber_FW
0xff4750c8,j_LoadSerialNumber_FW
0xff4750d4,GetLastVBatADLevel_FW
0xff4750dc,j_GetVBatVoltage_FW
0xff4750e0,SaveFactoryReserveData_FW
0xff4751ec,j_GetDCPAdjOffset_FW
0xff4751f0,SetWindowSystemDrawSetting_FW
0xff475204,GetEFUSEData_FW
0xff475218,j_GetEFUSEData_FW
0xff475220,TurnOffCamera_FW
0xff475230,task_FAPowerOff
0xff475278,FactoryPowerOffWithTimer_FW
0xff47528c,RegistFirmVer_FW
0xff4752e4,j_RegistFirmVer_FW
0xff4752e8,task_ResetFactoryWithShutdownTimer
0xff475334,FactoryResetWithShutdownTimer_FW
0xff4755a0,ReloadDefectAdjustmentData_FW
0xff4755b0,ReloadFROMDefectAdjustmentData_FW
0xff4755c4,ReloadShadingAdjustmentData_FW
0xff4755d4,SetWBTemperature_FW
0xff4756e4,DevelopStillPicture_FW
0xff4757c4,CloseMShutter_FW
0xff475800,OpenMShutter_FW
0xff475840,SetMShutterDacValue_FW
0xff475850,GetMShutterDacValue_FW
0xff47585c,j_ReloadMechaShutterAdjustment_FW
0xff475860,GetMShutterStatus_FW
0xff475864,j_GetMShutterStatus_FW
0xff4758cc,InitializeMechaDevice_FW
0xff475908,TerminateMechaDevice_FW
0xff475a30,CreateJumptable
0xff4771e4,GetCdsGainValue_FW
0xff47720c,SetDeltaCDSGain_FW
0xff477254,ReloadCdsAdjustment_FW
0xff477264,GetObClampValue_FW
0xff477284,j_GetObClampValue_FW
0xff4772ac,SetObClamp_FW
0xff4772ac,SetObClampValue_FW
0xff4772b4,j_GetCdsGainValue_FW
0xff4772b8,SetCDSGain_FW
0xff4772b8,SetCdsGainValue_FW
0xff477304,SetCdsPreGainReg_FW
0xff47734c,GetCdsPreGainReg_FW
0xff477354,SetSensorPreGain_FW
0xff477364,GetSensorPreGain_FW
0xff47736c,GetCurrentDriveBaseSvValue_FW
0xff47738c,j_GetCurrentDriveBaseSvValue_FW
0xff477480,SetCDSGainStep_FW
0xff4774b4,SetAdjCdsMode_FW
0xff4774e0,CancelAdjCdsMode_FW
0xff4774fc,IsAdjCdsMode_FW
0xff477578,ConvertToPositionWithDistanceAndZoomPoint_FW
0xff477594,ConvertToPositionWithDistance_FW
0xff4775a0,ReloadFocusLensAdjustment_FW
0xff4775b4,j_GetFocusDefaultResetPosition_FW
0xff4775bc,j_GetFocusResetPosition_FW
0xff4775c4,j_GetCurrentTargetDistance_FW
0xff477620,j_GetCurrentFocusLensPosition_FW
0xff477620,j_GetCurrentFocusPosition_FW
0xff477650,MoveFocusLensToTerminatePosition_FW
0xff477650,MoveFocusToTerminate_FW
0xff477738,MoveFocusLensToPositionWithMaxSpeed_FW
0xff477780,MoveFocusLensToPositionWithSpeed_FW
0xff477850,MoveFocusLensToPosition_FW
0xff4778a0,MoveFocusPosition_FW
0xff47796c,MoveFocusDistance_FW
0xff47796c,MoveFocusLensToDistance
0xff47796c,MoveFocusLensToDistance_FW
0xff4779d8,ResetFocus_FW
0xff477b54,j_IsFocusLensOutSidePosition_FW
0xff477b90,SetFocusResetState_FW
0xff477c58,SaveFocusResetPulse_FW
0xff477d60,ReloadNdFilterAdjustment_FW
0xff477d7c,PutInNdFilter
0xff477d7c,PutInNdFilter_FW
0xff477db8,PutOutNdFilter
0xff477db8,PutOutNdFilter_FW
0xff478748,SetScanLensIndex_FW
0xff478858,SetScanWindowMode_FW
0xff478ab0,SelectAdjBPFilter_FW
0xff478adc,SetAdjAFWinPos_FW
0xff478b50,SetBPFilterForBP_FW
0xff478b88,CancelBPFilterForBP_FW
0xff478d6c,StartAdjAFService_FW
0xff478eb0,StopAdjAFService_FW
0xff47902c,GetAdjAFInteg_FW
0xff4790d0,StopAdjAFInteg_FW
0xff4790e0,StartAdjAFInteg_FW
0xff4790fc,SetAdjAFIntegCrwAdd_FW
0xff479810,StopCustomScan_FW
0xff479820,StartCustomScan_FW
0xff479890,StartCrwCustomScan_FW
0xff47a188,CalculatePeakPosByLS_FW
0xff47a1e0,CalculateInterpolationByLS_FW
0xff47a224,ReloadAFAdjustment_FW
0xff47a300,PrintScanTable_FW
0xff47a5ec,PrintMultiWinScanTable_FW
0xff47b148,HitISLensAgainstTopEdge_FW
0xff47b160,HitISLensAgainstBottomEdge_FW
0xff47b178,HitISLensAgainstLeftEdge_FW
0xff47b190,HitISLensAgainstRightEdge_FW
0xff47b1a8,HitISLensToMechaEdge_FW
0xff47b1c0,MoveISLensToRightLimitPosition_FW
0xff47b1d8,MoveISLensToLeftLimitPosition_FW
0xff47b1f0,MoveISLensToBottomLimitPosition_FW
0xff47b208,MoveISLensToTopLimitPosition_FW
0xff47b220,MoveISLensToLimitPosition_FW
0xff47b238,SearchBCentralPosition_FW
0xff47b238,SearchISLensCentralPosition_FW
0xff47b248,StopBDrive_FW
0xff47b248,StopISAdjustmentDrive_FW
0xff47b248,StopISDrive_FW
0xff47b258,StartBDrive_FW
0xff47b258,StartISAdjustmentDrive_FW
0xff47b258,StartISDrive_FW
0xff47b268,StopBPanDrive_FW
0xff47b268,StopISPanDrive_FW
0xff47b278,SetISControllMode_FW
0xff47b290,StartBPanDrive_FW
0xff47b290,StartISPanDrive_FW
0xff47b2a0,WriteHallDeviceAdjustment_FW
0xff47b2b0,WriteGyroAdjustment_FW
0xff47b328,WritePWMAdjustment_FW
0xff47b338,SetISPitchPWM_FW
0xff47b34c,SetISYawPWM_FW
0xff47b360,SetISLensDriveValue_FW
0xff47b378,SetISGyroYawGain_FW
0xff47b38c,SetISGyroPitchGain_FW
0xff47b3a0,SetISLensGyroGain_FW
0xff47b3b8,SetISHallDeviceYawGain_FW
0xff47b3cc,SetISHallDevicePitchGain_FW
0xff47b3e0,SetISLensHallGain_FW
0xff47b3f8,SetISHallDeviceYawOffset_FW
0xff47b40c,SetISHallDevicePitchOffset_FW
0xff47b420,SetISLensHallOffset_FW
0xff47b438,SetZoomPointToIS_FW
0xff47b474,GetISLens1stHallAmpValue_FW
0xff47b48c,GetISHallOffsetDACValue_FW
0xff47b494,GetISLensEViAaxis_FW
0xff47b4a0,GetISLensEViBaxis_FW
0xff47b4ac,GetISLensCorrectedEViAaxis_FW
0xff47b4b8,GetISLensCorrectedEViBaxis_FW
0xff47b4c4,GetISLensDampAaxis_FW
0xff47b4cc,GetISLensDampBaxis_FW
0xff47b4d4,SetISLPFCutOffFreqAaxis_FW
0xff47b4e0,SetISLPFCutOffFreqBaxis_FW
0xff47b4ec,SetLPFForParallelFilter_FW
0xff47b508,SetISCutOffFreqIndex_FW
0xff47b508,SetISHPFCutOffFreqIndex_FW
0xff47b51c,ChangeFilterMode_FW
0xff47b530,HitISMechaEdgeInOpenControl_FW
0xff47b54c,ChangeToISCloseControl_FW
0xff47b55c,SetISGyroHPFINOffsetPitch_FW
0xff47b568,SetISGyroHPFINOffsetYaw_FW
0xff47b574,SetISGyroOffsetHPFINData_FW
0xff47b584,SetISGyro10BitDACPitch_FW
0xff47b590,SetISGyro10BitDACYaw_FW
0xff47b59c,SetISGyroOffset10BitDACData_FW
0xff47b5ac,GetISGyroDataPitch_FW
0xff47b5b4,GetISGyroDataYaw_FW
0xff47b5bc,GetISGyroData_FW
0xff47b5c4,GetISGyroHPFINPitch_FW
0xff47b5cc,GetISGyroHPFINYaw_FW
0xff47b5d4,GetISHPFINGyroData_FW
0xff47b5dc,GetISGyro10BitDACPitch_FW
0xff47b5e4,GetISGyro10BitDACYaw_FW
0xff47b5ec,GetISGyroOffset10BitDACData_FW
0xff47b5f4,GetISGyroHPFINOffsetPitch_FW
0xff47b5fc,GetISGyroHPFINOffsetYaw_FW
0xff47b604,GetISGyroOffsetHPFINData_FW
0xff47b60c,SetISGyroFilterCharge_FW
0xff47b620,SetISTuningMode_FW
0xff47b638,SetISTuningOff_FW
0xff47b64c,SetISGyroCompensationMode_FW
0xff47b668,CalcLoopGain_FW
0xff47b6d8,GetLoopGainCalcData_FW
0xff47b710,SetLoopGain_FW
0xff47b734,GetLoopGain_FW
0xff47b73c,SetISLensPWMMode_FW
0xff47b750,SetDISModeParameter_FW
0xff47b774,GetGyroFilterChargeStatus_FW
0xff47b788,j_GetDISModeParameter_FW
0xff47b78c,SetISCrossTalkCompCoeff_FW
0xff47b7b0,GetISCrossTalkCompCoeff_FW
0xff47b7b8,StartISAdjustMacro_FW
0xff47b7c8,StopISAdjustMacro_FW
0xff47b7d8,GetMacroISGain_FW
0xff47b7e0,SetMacroISGain_FW
0xff47b804,GetMacroISEstimateRadius_FW
0xff47b80c,GetMacroISEstimateVelocity_FW
0xff47b840,SetISMacroMode_FW
0xff47b854,NotifyISMacroDistance_FW
0xff47b864,GetISHallDevicePitchOffset_FW
0xff47b86c,GetISHallDeviceYawOffset_FW
0xff47b874,GetISLensHallOffset_FW
0xff47b87c,GetISHallDevicePitchGain_FW
0xff47b884,GetISHallDeviceYawGain_FW
0xff47b88c,GetISLensHallGain_FW
0xff47b894,GetISPitchPWM_FW
0xff47b89c,GetISYawPWM_FW
0xff47b8a4,GetISLensDriveValue_FW
0xff47b8ac,GetISShiftLensPitchPosition_FW
0xff47b8b4,GetISShiftLensYawPosition_FW
0xff47b8bc,GetISLensPositionValue_FW
0xff47b8c4,GetISGyroPitchGain_FW
0xff47b918,GetISGyroYawGain_FW
0xff47b920,GetISLensGyroGain_FW
0xff47b928,ClearISCalcZData_FW
0xff47b938,CancelLoopGainCalc_FW
0xff47b948,ReloadISAdjustment_FW
0xff47b95c,MoveISLensToCentralPosition_FW
0xff47b96c,GetISHallOffsetDAConvertValue_FW
0xff47b974,SetISPWMFreqData_FW
0xff47b988,j_GetISPWMFreqData_FW
0xff47e604,task_CtgTotalTask
0xff4910ac,task_ReadFileTask
0xff49a1d4,GetFocusLensResetVoltage_FW
0xff49b6f8,GetZoomAmpereLimitOffTime_FW
0xff49c168,InitializeMechaUnitExeTest_FW
0xff49c1b8,TerminateMechaUnitExeTest_FW
0xff4a0d48,SetPMByGpio_FW
0xff4a0d58,ClearPMByGpio_FW
0xff4a0d68,ClearPMByFs_FW
0xff4a0d78,MoveDCMotorCW_FW
0xff4a0df8,MoveDCMotorCCW_FW
0xff4a0e78,SetDCMotorWaitTime_FW
0xff4a0e8c,StartDCMDriveTimeCounter_FW
0xff4a0e9c,StopDCMDriveTimeCounter_FW
0xff4a0eac,GetDcmSpeedLog_FW
