0x010e27c5,createsemaphore_low
0x010e288b,givesemaphore_low
0x010e28b3,takesemaphore_low
0x010e4ff1,SleepTask
0x010e4ff1,SleepTask_FW
0x010e5089,CreateTask
0x010e5089,CreateTask_FW
0x010e526b,ExitTask
0x010e526b,ExitTask_FW
0x010e52b9,CreateEventFlag
0x010e52f1,DeleteEventFlag
0x010e532d,CheckAnyEventFlag
0x010e5363,CheckAllEventFlag
0x010e5399,WaitForAnyEventFlag
0x010e541b,WaitForAllEventFlag
0x010e549b,SetEventFlag
0x010e54c9,ClearEventFlag
0x010e54f9,GetEventFlagValue
0x010e554d,RegisterInterruptHandler
0x010e5681,CreateMessageQueue
0x010e56e5,DeleteMessageQueue
0x010e5747,ReceiveMessageQueue
0x010e57d3,TryReceiveMessageQueue
0x010e581d,PostMessageQueue
0x010e589b,TryPostMessageQueue
0x010e58d1,GetNumberOfPostedMessages
0x010e5939,CreateBinarySemaphore
0x010e5985,CreateCountingSemaphore_FW
0x010e59bd,DeleteSemaphore
0x010e59bd,DeleteSemaphore_FW
0x010e59fd,TryTakeSemaphore
0x010e5a2d,TakeSemaphore
0x010e5a2d,TakeSemaphore_FW
0x010e5aa5,GiveSemaphore
0x010e5aa5,GiveSemaphore_FW
0x010e5ad5,GetSemaphoreValue
0x010e5b35,CreateTaskStrictly
0x010e5b57,CreateMessageQueueStrictly
0x010e5b71,CreateEventFlagStrictly
0x010e5b8b,CreateBinarySemaphoreStrictly
0x010e5ba5,CreateCountingSemaphoreStrictly
0x010e5bbf,CreateRecursiveLockStrictly
0x010e5bd9,TakeSemaphoreStrictly
0x010e5c11,PostMessageQueueStrictly
0x010e5c2d,WaitForAnyEventFlagStrictly
0x010e5c49,WaitForAllEventFlagStrictly
0x010e5c65,AcquireRecursiveLockStrictly
0x010e5c8d,DebugAssert
0x010e5ca3,DebugAssert2
0x010e5e6f,time
0x010e5ed9,GetTimeOfSystem_FW
0x010e61a1,LocalTime
0x010e63cd,task_SD1stInit
0x010e6881,CreateRecursiveLock
0x010e68f1,AcquireRecursiveLock
0x010e69bf,ReleaseRecursiveLock
0x010e78cd,ChangeSDPortVoltage_FW
0x010f78c5,j_mktime_ext
0x01106a34,dry_memcpy
0x01106b1c,bzero
0x01106b20,memset32
0x01109198,_log
0x011096b8,_log10
0x01109820,_pow
0x0110b8a0,_sqrt
0xfc0205e3,PointDefDetect_FW
0xfc0206e5,MergeAndConvertDefect_FW
0xfc0208af,PointKizuCheck_FW
0xfc0208ff,SensDefCrowdCheck_FW
0xfc020923,CrossDefDetect_FW
0xfc0209d1,CrossPickUpDetect_FW
0xfc020a9b,MixPixDetect_FW
0xfc020be7,GetDefectCrawInfo_FW
0xfc020c39,GetDefectAllResultData_FW
0xfc020c69,GetDefectPartResultData_FW
0xfc020cc5,SetDefectDebugInfo_FW
0xfc020cf9,GetDefectHistgramInfo_FW
0xfc020d17,MarkPointDefData_FW
0xfc020d1d,GetDefectTvAdj_FW
0xfc020d81,SetDefectRecParam_FW
0xfc020eaf,ChangeDefectRecParam_FW
0xfc020ebf,ExecuteDefectRec_FW
0xfc020ee9,ExecuteDefectRecAndSaveImage_FW
0xfc020f3d,ExecuteDefectRecWithGrade_FW
0xfc020f6b,ExecuteDefectRecAndSaveImageWithGrade_FW
0xfc020fc1,InitializeDefectRec_FW
0xfc020fd3,TerminateDefectRec_FW
0xfc020fdd,MakeDefectTurnTable_FW
0xfc021003,ClearDefectTurnTable_FW
0xfc02100d,GetDefectTurnTableParam_FW
0xfc021065,EngDrvOut_FW
0xfc021075,EngDrvIn_FW
0xfc02107b,EngDrvRead_FW
0xfc021081,EngDrvBits_FW
0xfc021093,EngDrvReadDump_FW
0xfc021201,ShowTransparentMemory_FW
0xfc021215,DumpTransparentMemoryItem_FW
0xfc021239,AddTransparentMemory_FW
0xfc021257,AttachToTransparentMemory_FW
0xfc021275,RemoveTransparentMemory_FW
0xfc021287,GetTransparentMemorySize_FW
0xfc021293,GetTransparentMemory_FW
0xfc0212b5,GetTransparentMemoryPosition_FW
0xfc021559,InitializeSoundRec_FW
0xfc021589,TerminateSoundRec_FW
0xfc0215a3,j_InitializeSoundRec_FW
0xfc0215a5,j_TerminateSoundRec_FW
0xfc0215a7,StartSoundRecord_FW
0xfc0215bf,StartSoundPlay_FW
0xfc0217a5,InitializeFAGeneralTest_FW
0xfc0217af,TerminateFAGeneralTest_FW
0xfc0217bb,InitializeFAExtendFile_FW
0xfc0217c3,TerminateFAExtendFile_FW
0xfc025679,NR_SetDoubleNRType_FW
0xfc05f3f1,task_Startup
0xfc060561,task_UartLog
0xfc0606d1,StartRedirectUART_FW
0xfc060771,StopRedirectUART_FW
0xfc062cd3,task_FileScheduleTask
0xfc064915,task_ReadScheduleTask
0xfc065dc7,task_FileWrite
0xfc065dc7,task_FileWriteTask
0xfc06a2fd,j_StartCameraLog_FW
0xfc06a301,j_ShowCameraLog_FW
0xfc06a305,j_ShowCameraLogInfo_FW
0xfc06a309,j_StopCameraLog_FW
0xfc06a30d,j_PutsCameraLogEvent_FW
0xfc06a311,OpLog.Create_FW
0xfc06a363,j_NewTaskShell_FW
0xfc06a367,j_ExMem.View_FW
0xfc06a36b,j_ExMem.AllocUncacheable_FW
0xfc06a36f,j_ExMem.FreeUncacheable_FW
0xfc06a373,j_ExMem.AllocCacheable_FW
0xfc06a377,j_ExMem.FreeCacheable_FW
0xfc06a37b,ExMem_FW
0xfc06b0c9,task_ReadFileTask
0xfc06fbdb,j_GetKbdState
0xfc06fbed,drysh_FW
0xfc070705,kbd_read_keys_r2
0xfc0707e9,GetKbdState
0xfc070d21,ExMem.View_FW
0xfc0711b7,ExMem.AllocUncacheable_FW
0xfc071273,ExMem.FreeUncacheable_FW
0xfc07127f,exmem_alloc
0xfc0712b7,ExMem.AllocCacheable_FW
0xfc0712bf,exmem_free
0xfc07130d,ExMem.FreeCacheable_FW
0xfc0715ad,task_OpePlay
0xfc07168f,OpLog.Stop_FW
0xfc0716a5,OpLog.WriteToROM_FW
0xfc0716c5,j_OpLog.WriteToROM_FW
0xfc0716e7,OpLog.ReadFromROM_FW
0xfc071727,OpLog.ReadFromSD_FW
0xfc0719d3,OpLog.WriteToSD_FW
0xfc071e49,OpLog.Get_FW
0xfc071e5f,OpLog.GetUsrSet_FW
0xfc071edf,OpLog.Play_FW
0xfc071fd1,OpLog.Start_FW
0xfc07205f,OpLog.Terminate_FW
0xfc072e35,kbd_p2_f
0xfc073069,task_PhySw
0xfc0732df,GetSwitchStatus_FW
0xfc073337,GetSDDetect_FW
0xfc07333d,GetSDProtect_FW
0xfc07334d,GetDialEventId_FW
0xfc073351,GetLcdPosition_FW
0xfc073355,GetBatteryCoverClose_FW
0xfc073359,IsHvSensorExist_FW
0xfc07335d,GetPopupOpen_FW
0xfc073369,kbd_read_keys
0xfc07339f,kbd_p1_f
0xfc0733a7,kbd_p1_f_cont
0xfc07e6d9,DisplayFactoryMode_FW
0xfc07e6df,UndisplayFactoryMode_FW
0xfc07e7ab,IsFAWLANRunning_FW
0xfc07e7b1,IsFAConnectUSB_FW
0xfc07e7b7,task_bomStopPTPIPTask
0xfc07e7d9,StopPtpipServiceForFAWLAN_FW
0xfc07e98b,SetWLANFactoryMode_FW
0xfc07e9b3,ClearWLANFactoryMode_FW
0xfc07e9dd,SetSSIDForFAWLAN_FW
0xfc07ea17,DummyUSBConnection_FW
0xfc07ee73,SetDurianMode_FW
0xfc07ee9b,ClearDurianMode_FW
0xfc07ee9b,ClearFactoryMode_FW
0xfc07eec3,SetFactoryMode_FW
0xfc07eeeb,ClearDUIDFixFlag_FW
0xfc07ef0f,SetDUIDFixFlag_FW
0xfc07efa5,ClearFactoryMasterFlag_FW
0xfc07efab,SetFactoryMasterFlag_FW
0xfc07efb1,ClearFactoryMasterROMProtection_FW
0xfc07efc7,SetFactoryMasterROMProtection_FW
0xfc07efdd,IsMountLens_FW
0xfc07efe1,IsFactoryMode_FW
0xfc07f033,IsDUIDFixFlag_FW
0xfc07f063,IsNormalCameraMode_FW
0xfc07f071,StartFactoryModeController_FW
0xfc081591,CecViewParameter_FW
0xfc084f07,HdmiRegDump_FW
0xfc084f7b,CecRegDump_FW
0xfc0851a1,InitializeWLAN_FW
0xfc0851b7,TerminateWLAN_FW
0xfc085233,LeaveWLANNetwork_FW
0xfc08589d,connect_FW
0xfc085967,disconnect_FW
0xfc086539,stopMicroAP_FW
0xfc08657b,sendDeauth_FW
0xfc0865c5,getSTAList_FW
0xfc086afb,leave_FW
0xfc086d11,clear_param_FW
0xfc086f65,setCH_FW
0xfc086f73,setMicroAPCH_FW
0xfc087687,SetSecurityInvalid_FW
0xfc087691,getCurCHWidth_FW
0xfc0876df,getCountry_FW
0xfc08772f,RecvDeauthPacket_FW
0xfc08773b,getEepromNum_FW
0xfc08b9b3,task_PingManager
0xfc08da57,HardwareDefectWithRestart_FW
0xfc08da87,HardwareDefect_FW
0xfc09142f,task_ComWireless
0xfc092af7,CecRxViewParameter_FW
0xfc0975cf,task_EvShel
0xfc09768b,NewTaskShell_FW
0xfc0978f3,atol_FW
0xfc09ad53,task_IMLApp
0xfc09cc0d,task_ImageSyncController
0xfc0a010f,handle_PTP_OC_CloseSession
0xfc0a0175,handle_PTP_OC_OpenSession
0xfc0a020f,handle_PTP_OC_GetDeviceInfo
0xfc0a08b1,task_TimerUtility
0xfc0a121b,handle_PTP_OC_0x9805
0xfc0a15a3,handle_PTP_OC_0x9804
0xfc0a1653,handle_PTP_OC_0x9803
0xfc0a17b1,handle_PTP_OC_0x9802
0xfc0a1a43,handle_PTP_OC_0x9801
0xfc0a26e5,handle_PTP_OC_CANON_EOS_SetEventMode
0xfc0a2769,handle_PTP_OC_CANON_EOS_SetUILock
0xfc0a2799,handle_PTP_OC_CANON_EOS_ResetUILock
0xfc0a27c7,handle_PTP_OC_CANON_EOS_KeepDeviceOn
0xfc0a27f5,handle_PTP_OC_CANON_EOS_SetRequestOLCInfoGroup
0xfc0a29dd,handle_PTP_OC_CANON_EOS_GetStorageIDs
0xfc0a2a77,handle_PTP_OC_CANON_EOS_GetStorageInfo
0xfc0a2bb9,handle_PTP_OC_CANON_EOS_GetObjectInfo
0xfc0a2c3f,handle_PTP_OC_CANON_EOS_DeleteObject
0xfc0a2d71,handle_PTP_OC_CANON_EOS_GetPartialObject
0xfc0a2e71,handle_PTP_OC_CANON_EOS_GetObjectInfoEx
0xfc0a302b,handle_PTP_OC_CANON_EOS_GetThumbEx
0xfc0a3131,handle_PTP_OC_CANON_EOS_SetObjectAttributes
0xfc0a31a1,handle_PTP_OC_CANON_EOS_TransferComplete
0xfc0a31d1,handle_PTP_OC_CANON_EOS_CancelTransfer
0xfc0a31ff,handle_PTP_OC_CANON_EOS_GetPartialObjectEx
0xfc0a32ef,handle_PTP_OC_CANON_EOS_EndGetPartialObjectEx
0xfc0a33ab,handle_PTP_OC_CANON_EOS_GetCTGInfo
0xfc0a35f5,handle_PTP_OC_CANON_EOS_SetRating
0xfc0a365b,handle_PTP_OC_CANON_EOS_RequestInnerDevelopStart
0xfc0a379f,handle_PTP_OC_CANON_EOS_RequestInnerDevelopEnd
0xfc0a3c01,handle_PTP_OC_0x9067
0xfc0a3f69,handle_PTP_OC_0x9066
0xfc0a435f,handle_PTP_OC_0x9065
0xfc0a446f,handle_PTP_OC_0x9064
0xfc0a44e5,handle_PTP_OC_0x9063
0xfc0a48d1,initComDiscovery_FW
0xfc0a4909,stopIPAddressing_FW
0xfc0a4927,termComDiscovery_FW
0xfc0a4f8b,autoIPAddressing_FW
0xfc0a5c7d,startDHCPServer_FW
0xfc0a5e85,stopDHCPServer_FW
0xfc0a6a41,task_WebServiceApp
0xfc0a86a5,HdmiViewParameter_FW
0xfc0a9449,task_FsIoNotifyTask
0xfc0a9fd7,PTM_AllReset_FW
0xfc0aa38d,PTM_GetWorkingCaptureMode_FW
0xfc0aa39d,PTM_SetCurrentItem_FW
0xfc0aa65d,PTM_NextItem_FW
0xfc0aa661,PTM_PrevItem_FW
0xfc0aa985,PTM_SetProprietyEnable_FW
0xfc0aab77,PTM_IsEnableItem_FW
0xfc0aac07,PTM_BackupUIProperty_FW
0xfc0aacfd,GetParameterData
0xfc0b926b,RegComEventProc_FW
0xfc0b9519,TurnOffCamera_FW
0xfc0b9519,TurnOffE1_FW
0xfc0b9589,task_Bye
0xfc0ba1c7,task_NfcCon_EvtTask
0xfc0ba827,NFCEvt.Create_FW
0xfc0ba8bd,NFCEvt.Initialize_FW
0xfc0ba8e1,NFCEvt.Terminate_FW
0xfc0ba905,NFCEvt.WriteNdefNG_FW
0xfc0ba929,NFCEvt.ReadTag_FW
0xfc0ba94d,NFCEvt.SetUserArea_FW
0xfc0ba987,NFCEvt.EnableRFCom_FW
0xfc0ba9ab,NFCEvt.DisableRFCom_FW
0xfc0ba9cf,NFCEvt.ClearUserArea_FW
0xfc0ba9f3,NFCEvt.GetNfcAppStr_FW
0xfc0baa17,NFCEvt.SetNfcAppStr_FW
0xfc0baa3b,NFCEvt.SetDataForCW_FW
0xfc0baa63,NFCEvt.SetDataForCMST_FW
0xfc0baa8b,NFCEvt.CheckSetData_FW
0xfc0baaaf,NFCEvt.FAInitialize_FW
0xfc0baad7,NFCEvt.FAInitSysArea_FW
0xfc0bab11,NFCEvt.FAGetSysArea_FW
0xfc0bab4b,NFCEvt.FASetSysArea_FW
0xfc0baba7,NFCEvt.FAGetUserArea_FW
0xfc0babe1,NFCEvt.FAResetNfcCard_FW
0xfc0bacb9,NFCEvt.FAWriteDefUsrArea_FW
0xfc0bacdd,NFCEvt.WriteNdefOK_FW
0xfc0bad01,NFCEvt.InitSysArea_FW
0xfc0bad3b,NFCEvt.GetSysArea_FW
0xfc0bad75,NFCEvt.SetSysArea_FW
0xfc0badaf,NFCEvt.SetSysAreaTypeF_FW
0xfc0bade9,NFCEvt.SetSysAreaTypeB_FW
0xfc0bae23,NFCEvt.SetSysAreaEx_FW
0xfc0bae8f,NFCEvt.ResetNfcCard_FW
0xfc0bbc6d,scan_FW
0xfc0bbc7b,join_network_FW
0xfc0bbd5d,startMicroAP_FW
0xfc0bbddf,getMacAddress_FW
0xfc0bbe11,getCurCH_FW
0xfc0bbe2d,j_initComDiscovery_FW
0xfc0bbe31,j_termComDiscovery_FW
0xfc0bbe35,j_autoIPAddressing_FW
0xfc0bbe39,dhcpAddressing_FW
0xfc0bbe41,j_stopIPAddressing_FW
0xfc0bbe45,startCameraServiceProvide_FW
0xfc0bbe51,stopCameraServiceProvide_FW
0xfc0bbe57,imlInitialize_FW
0xfc0bbee1,PairingDataOutput_FW
0xfc0bc4e7,PairingDataFull_FW
0xfc0bc4ff,WebServiceDataOutput_FW
0xfc0bc57f,ChangePermission_FW
0xfc0bc587,StopWireless_FW
0xfc0bc591,ErrorTest_Succession_FW
0xfc0bc5db,ErrorTest_Disconnect_FW
0xfc0bc66f,LachesisTest_FW
0xfc0bc8bb,NellConnectAdhoc_FW
0xfc0bc8d1,NellConnect_FW
0xfc0bc949,ComDiscovery_FW
0xfc0bc973,RegPTPCmd_FW
0xfc0bc987,RegPTPIPCmd_FW
0xfc0bc9a9,SelectFunc_Create_FW
0xfc0bc9b1,WebServiceSimError_FW
0xfc0bc9e1,getCigUrl_FW
0xfc0bca33,getCWSStatus_FW
0xfc0bca49,getWebServiceNumByAliasID_FW
0xfc0bca73,getNickNameByAliasID_FW
0xfc0bca9b,WSS_Initialize_FW
0xfc0bcab1,WSS_Terninate_FW
0xfc0bcac7,WSS_SettingTest_FW
0xfc0bcb0b,WSS_SettingSeqenceCheck_FW
0xfc0bcb1b,WSS_GetAuthCode_FW
0xfc0bcb31,WSS_GetConfirmNum_FW
0xfc0bcb47,WSS_RegDeviceInfo_FW
0xfc0bcb5d,WSS_GetWebServiceData_FW
0xfc0bcb6d,WSS_SettingDummyCBR_FW
0xfc0bcf75,WSS_SettingCancel_FW
0xfc0bcf85,PingTest_FW
0xfc0bcf97,task_RedirectUARTTask
0xfc0bd065,task_fprintSNRTask
0xfc0bd185,fprintSNR_FW
0xfc0bd259,fprintWPSEThroughput_FW
0xfc0bd29f,SetWPSEChannel_FW
0xfc0bd2bd,SetSDConClockSpeed_FW
0xfc0bd2e1,getMacAddressBy1byte_FW
0xfc0bd31f,writeMacAddrToAdjTbl_FW
0xfc0bd591,RemCap_EpilogFile_FW
0xfc0bd5fd,task_LachesisTest
0xfc0bda11,task_InitFileModules
0xfc0bda3d,task_CommonDrivers
0xfc0bdbcb,task_HdmiCecTask
0xfc0bdd49,ChangePowerState_FW
0xfc0bdd99,EnableHDMIPower
0xfc0bddc9,DisableHDMIPower
0xfc0bdff7,UnLoadScript_FW
0xfc0be055,Printf_FW
0xfc0be05f,LoadScript_FW
0xfc0bf85b,vsprintf
0xfc0bf97b,task_NfcConTask
0xfc0c0301,handle_PTP_OC_0x9051
0xfc0c0301,handle_PTP_OC_0x905d
0xfc0c03a9,handle_PTP_OC_0x905b
0xfc0c0487,handle_PTP_OC_0x905a
0xfc0c0571,handle_PTP_OC_0x9059
0xfc0c0621,handle_PTP_OC_0x9058
0xfc0c0799,handle_PTP_OC_0x9057
0xfc0c0849,handle_PTP_OC_0x9053
0xfc0c08d7,handle_PTP_OC_0x9052
0xfc0c0965,handle_PTP_OC_0x9050
0xfc0c0965,handle_PTP_OC_0x905c
0xfc0c0fc7,task_PTPtoFAPI_EventProcTask_Try
0xfc0c1031,task_PTPtoFAPI_EventProcTask_Block
0xfc0c13c3,handle_PTP_OC_CANON_EOS_GetEvent
0xfc0c1f0f,handle_PTP_OC_CANON_CheckEvent
0xfc0c22bb,handle_PTP_OC_CANON_ChangeUSBProtocol
0xfc0c2503,handle_PTP_OC_GetStorageIDs
0xfc0c259d,handle_PTP_OC_GetStorageInfo
0xfc0c2b81,handle_PTP_OC_GetObject
0xfc0c2c71,handle_PTP_OC_GetThumb
0xfc0c2cfb,handle_PTP_OC_GetPartialObject
0xfc0c2e01,handle_PTP_OC_SetObjectProtection
0xfc0c2e69,handle_PTP_OC_GetObjectInfo
0xfc0c2eef,handle_PTP_OC_CANON_GetPartialObjectInfo
0xfc0c3069,handle_PTP_OC_CANON_GetPartialObjectEx
0xfc0c31ff,handle_PTP_OC_CANON_GetObjectAttributes
0xfc0c325b,handle_PTP_OC_CANON_SetObjectArchive
0xfc0c32b7,handle_PTP_OC_CANON_SendObjectInfoByPath
0xfc0c32b7,handle_PTP_OC_SendObjectInfo
0xfc0c34e7,handle_PTP_OC_0x904c
0xfc0c36d9,handle_PTP_OC_CANON_GetObjectHandleByName
0xfc0c3791,handle_PTP_OC_CANON_SetObjectTime
0xfc0c37dd,handle_PTP_OC_DeleteObject
0xfc0c38d5,handle_PTP_OC_FormatStore
0xfc0c396b,handle_PTP_OC_0x9038
0xfc0c39f7,handle_PTP_OC_0x9039
0xfc0c3a87,handle_PTP_OC_0x903a
0xfc0c3af7,handle_PTP_OC_0x903b
0xfc0c3b1f,handle_PTP_OC_0x904b
0xfc0c3be7,handle_PTP_OC_GetNumObjects
0xfc0c3ca1,handle_PTP_OC_GetObjectHandles
0xfc0c3df5,handle_PTP_OC_CANON_GetObjectInfoEx
0xfc0c3fc7,handle_PTP_OC_CANON_SendObjectByPath
0xfc0c3fc7,handle_PTP_OC_SendObject
0xfc0c4161,handle_PTP_OC_CANON_SendPartialObject
0xfc0c42b9,handle_PTP_OC_0x9060
0xfc0c4315,handle_PTP_OC_0x9062
0xfc0c4945,task_TrnsCtrlTask
0xfc0c59af,ConnectPtpIPService_FW
0xfc0c59b5,DisconnectPtpIPService_FW
0xfc0c604f,RequestDisconnectPTPIP_FW
0xfc0c60d5,RequestConnectPTPIP_FW
0xfc0c60ff,RequestConnectPTPIPDef_FW
0xfc0c616b,RegisterNotifyConnectPTPIP_FW
0xfc0c616b,RegisterNotifyPTPIP_FW
0xfc0c6183,RegisterResponseConnectPTPIP_FW
0xfc0c6183,RegisterResponsePTPIP_FW
0xfc0c619b,TerminatePTPIPTransportResponder_FW
0xfc0c61f5,InitializePTPIPTransportResponder_FW
0xfc0c6659,task_WSSAPP
0xfc0c7ed1,LcdCon_SetLcdBackLightBrightness_FW
0xfc0c7ef1,LcdCon_SetLcdBackLightParameter_FW
0xfc0c7f27,LcdCon_GetLcdBackLightParameter_FW
0xfc0c7f51,LcdCon_ShowLcdBackLightParameter_FW
0xfc0c7f75,LcdCon_SaveLcdBackLightParameter_FW
0xfc0c87b1,TurnOnDisplay
0xfc0c87c3,TurnOffDisplay
0xfc0c8df5,LcdCon_SetCvfBackLightBrightness_FW
0xfc0c8e13,LcdCon_SetCvfBackLightParameter_FW
0xfc0c8e49,LcdCon_GetCvfBackLightParameter_FW
0xfc0c8e73,LcdCon_ShowCvfBackLightParameter_FW
0xfc0c8e97,LcdCon_SaveCvfBackLightParameter_FW
0xfc0cafe1,LoadParamDataFromAdjTableBin_FW
0xfc0cb079,LoadDataFromAdjTableBin_FW
0xfc0cb0ff,DeviceUniqueIDCheckSum_FW
0xfc0cb2fd,LoadDUIDCheckSum_FW
0xfc0cb30f,SaveDUID_FW
0xfc0cb31f,LoadDUID_FW
0xfc0cb323,SaveDUIDCheckSum_FW
0xfc0cb32f,j_LoadDUIDCheckSum_FW
0xfc0cb331,SaveFactoryAdjData_FW
0xfc0cb343,LoadFactoryAdjData_FW
0xfc0cb34b,SaveHistoryAdjData_FW
0xfc0cb35d,LoadHistoryAdjData_FW
0xfc0cb365,SaveFactoryIDData_FW
0xfc0cb371,LoadFactoryIDData_FW
0xfc0cbc79,task_ConsoleSvr
0xfc0cbfe1,RotateConsoleZOder_FW
0xfc0cc06f,task_LowConsole
0xfc0cc0af,taskcreate_LowConsole
0xfc0cc155,CPrintf_FW
0xfc0cc18d,CPutChar_FW
0xfc0cc1a3,GetCh_FW
0xfc0cc1d3,GetStringWithPrompt_FW
0xfc0cc20f,OpenConsole_FW
0xfc0cc2c9,CloseConsole_FW
0xfc0de3a9,PB2Rec
0xfc0de3ef,Rec2PB
0xfc0dfad1,UIFS_CancelStoreLensTimer_FW
0xfc0dfdb3,j_Rec2PB
0xfc0e176d,GetAdVBattBottom_FW
0xfc0e1773,GetAdChValue
0xfc0e1773,GetAdChValue_FW
0xfc0e2163,WriteToRom_FW
0xfc0e21ab,EraseRom_FW
0xfc0e2233,GetRomID_FW
0xfc0e35fb,EraseAdjustmentArea_FW
0xfc0e3617,DumpAdjMirror_FW
0xfc0e362d,GetAdjTableVersion_FW
0xfc0e364d,j_GetAdjTableVersion_FW
0xfc0e364f,GetAdjTableMapVersion_FW
0xfc0e3659,GetAdjTableValueVersion_FW
0xfc0e3663,ShowDefaultAdjTableVersion_FW
0xfc0e36bf,LoadAdjustmentTable_FW
0xfc0e36c7,LoadDefectAdjTable_FW
0xfc0e3921,SaveAdjustmentTable_FW
0xfc0e3963,SaveDefectAdjTable_FW
0xfc0e3975,SaveAdjustmentValue_FW
0xfc0e3995,LoadAdjustmentValue_FW
0xfc0e39ab,PrintAdjTableMap_FW
0xfc0e3b31,CreateAdjustmentTableMirror_FW
0xfc0e3b35,RefreshAdjustmentTableMirror_FW
0xfc0e3b39,CreateDefectTableMirror_FW
0xfc0e3b7d,RefreshDefectTableMirror_FW
0xfc0e3b81,j_CreateUserSettingMirror_FW
0xfc0e3b85,PrintAdjKabotanInfo_FW
0xfc0e3d31,WRITEADJTABLETOFROM_FW
0xfc0e3d4d,j_WRITEADJTABLETOFROM_FW
0xfc0e3d4f,WRITEADJUSTMENTDATATOFROM_FW
0xfc0e3d6d,WRITEUSERSETTINGDATATOFROM_FW
0xfc0e3fcb,GetDCPAdjOffset_FW
0xfc0e4369,GetAdjustmentOffset_FW
0xfc0e436d,GetProductID_FW
0xfc0e437d,GetAdjDataAreaAddress_FW
0xfc0e438d,CreateUserSettingMirror_FW
0xfc0e7c31,sscanf_FW
0xfc0e7c4d,strtolx
0xfc0e7d8f,strtol
0xfc0e7d9d,memcpy
0xfc0e7d9d,memcpy_FW
0xfc0e7e31,strrchr
0xfc0eef13,GraphicSystemCoreFinish_helper
0xfc0f0421,E2LatOn_FW
0xfc0f238b,ClearNFCSystemArea_FW
0xfc0f2493,ResetNFCSystemArea_FW
0xfc0f24c5,WriteNFCUserArea_FW
0xfc0f29e1,handle_PTP_OC_CANON_EOS_SetDevicePropValueEx
0xfc0f2acf,handle_PTP_OC_CANON_EOS_RequestDevicePropValue
0xfc0f3ed9,handle_PTP_OC_CANON_EOS_SetRemoteMode
0xfc0f3f73,handle_PTP_OC_CANON_EOS_RemoteReleaseOn
0xfc0f403f,handle_PTP_OC_CANON_EOS_RemoteReleaseOff
0xfc0f4097,handle_PTP_OC_CANON_EOS_GetViewFinderData
0xfc0f4933,add_ptp_handler
0xfc0f501d,task_PTPSessionTASK
0xfc0f6593,task_NormalThumbCache
0xfc0f793f,task_SelectFuncController
0xfc0f8565,task_LcdConTask
0xfc0f85f7,LcdCon_StartLcdPeriodicalSetting_FW
0xfc0f8613,LcdCon_StopLcdPeriodicalSetting_FW
0xfc0f8da3,LcdCon_SetCvfDriver_FW
0xfc0f8dd1,LcdCon_SetCvfAdjParameter_FW
0xfc0f8e33,LcdCon_GetCvfAdjParameter_FW
0xfc0f8e63,LcdCon_ShowCvfAdjParameter_FW
0xfc0f8e87,LcdCon_SaveCvfAdjParameter_FW
0xfc0f8e99,LcdCon_SetCvfParameter_FW
0xfc0f8efd,LcdCon_GetCvfParameter_FW
0xfc0f8f2f,LcdCon_ShowCvfParameter_FW
0xfc0f8f55,LcdCon_SaveCvfParameter_FW
0xfc0f917d,GetLatestHVPosition_FW
0xfc0fa3b9,task_DPOFTask
0xfc0fbf79,task_TmgGen
0xfc0fd1af,task_MovieTranscoder
0xfc0fe793,GetLogToFile_FW
0xfc0fe7a9,IsRomLogAvailable_FW
0xfc0fe7b5,EraseLogSector_FW
0xfc10147b,AdditionAgentRAM_FW
0xfc10924d,memset
0xfc10924d,memset_FW
0xfc117a79,Ltkids.SetCapThrough_FW
0xfc117a87,Ltkids.SetLiveThrough_FW
0xfc117a95,Ltkids.SetCapRtsThrough_FW
0xfc117aa3,Ltkids.SetLiveRtsThrough_FW
0xfc118a95,task_FORMAT_TASK_PROGRESS
0xfc118cbd,task_FORMAT_TASK_NAME
0xfc119275,closedir
0xfc1192ad,OpenFastDir
0xfc11934d,ReadFastDir
0xfc119383,j_closedir
0xfc1198c9,get_canon_mode_list
0xfc13638d,memShow_FW
0xfc136d43,open
0xfc136db3,close
0xfc136eb9,Read
0xfc136eb9,Read_FW
0xfc137417,task_BatteryTask
0xfc137779,GetVBatVoltage_FW
0xfc137779,VbattGet
0xfc137779,VbattGet_FW
0xfc137a71,task_ClockSave
0xfc13ad3f,EF.IsChargeFull_FW
0xfc13ad3f,IsStrobeChargeCompleted
0xfc13b29b,imager_active_callback
0xfc13b32f,ImagerActivate
0xfc13b3b1,ClearImageDrive_FW
0xfc13c00d,task__imageSensorTask
0xfc13e473,LiveImageTool.GetDzoomPosition_FW
0xfc13e7ad,GetVRAMHPixelsSize
0xfc13e7ad,GetVRAMHPixelsSize_FW
0xfc13e7b5,GetVRAMVPixelsSize
0xfc13e7b5,GetVRAMVPixelsSize_FW
0xfc13e7bd,GetMovieJpegVRAMHPixelsSize_FW
0xfc13e7c5,GetMovieJpegVRAMVPixelsSize_FW
0xfc13e979,task_WBCtrl
0xfc140d4f,task_Accelerometer
0xfc141447,GetSlantData_FW
0xfc141555,j_GetX_AxisAcceleration_FW
0xfc141559,j_GetY_AxisAcceleration_FW
0xfc14155d,j_GetZ_AxisAcceleration_FW
0xfc141561,j_GetScalar_Acceleration_FW
0xfc141565,GetAccelerometerDataWithCorrect_FW
0xfc141587,CalcAccelerometerAtanAngle_FW
0xfc141595,j_GetSlantData_FW
0xfc141597,EnableAcceleLogWrite_FW
0xfc1415a1,DisableAcceleLogWrite_FW
0xfc1415b9,EnableAcceleLogRead_FW
0xfc1415c3,DisableAcceleLogRead_FW
0xfc1415db,StartAcceleSlantMotionDetect_FW
0xfc1415df,StopAcceleSlantMotionDetect_FW
0xfc1415e3,LoadAcceleParamFromFile_FW
0xfc141627,RegisterElecLevelInfoNotifyCBR_FW
0xfc141639,UnRegisterElecLevelInfoNotifyCBR_FW
0xfc141643,EnableHvUpdate_FW
0xfc14164d,DisableHvUpdate_FW
0xfc141657,j_GetSlantAngle_FW
0xfc14165b,j_GetAcceleHvPosition_FW
0xfc1435dd,GetInputAverageLevel_FW
0xfc14364f,SetStereoSeparation_FW
0xfc143a15,task_Thermometer
0xfc143b69,GetCCDTemperature
0xfc143b69,GetCCDTemperature_FW
0xfc143bc5,GetBatteryTemperature
0xfc143bc5,GetBatteryTemperature_FW
0xfc143c1f,GetOpticalTemperature
0xfc143c1f,GetOpticalTemperature_FW
0xfc143ca7,IsOpticalTemperature_FW
0xfc143ccb,IsCCDTemperature_FW
0xfc143cef,IsBatteryTemperature_FW
0xfc143d25,j_GetOpticalTemperature_FW
0xfc143d27,j_GetCCDTemperature_FW
0xfc143d29,j_GetBatteryTemperature_FW
0xfc143d2b,j_IsOpticalTemperature_FW
0xfc143d2d,j_IsCCDTemperature_FW
0xfc143d2f,j_IsBatteryTemperature_FW
0xfc145519,task_EdetSBJTask
0xfc14939f,InitializeTestRec_FW
0xfc1493e3,TerminateTestRec_FW
0xfc149b75,Initializedccd_FW
0xfc149b75,InitializeDigicon_FW
0xfc149bfb,Terminatedccd_FW
0xfc149bfb,TerminateDigicon_FW
0xfc149c47,ExecuteDigicon_FW
0xfc14a18b,Executedccd_FW
0xfc14a1e7,GetdccdImage_FW
0xfc14a24b,GetdccdFilterValue_FW
0xfc14a2df,j_InitializeTestRec_FW
0xfc14a2e3,j_TerminateTestRec_FW
0xfc14a2e7,ExecuteTestRec_FW
0xfc14a2f5,ExecuteSubCameraTestRec_FW
0xfc14a2f9,ExecuteTestRecCF_FW
0xfc14a2f9,ExecuteTestRecSD_FW
0xfc14a309,SetTestRecMasterCxCy_FW
0xfc14a333,ExecuteTestRecWithInteg_FW
0xfc14a343,ExecuteTestRecSw1_FW
0xfc14a659,GetTestRecCrawAddress_FW
0xfc14a65f,CalculateTestRecYUVData_FW
0xfc14a671,SetTestRecSkimmingYUV_FW
0xfc14a697,ExecuteTestRecDevelopProcess_FW
0xfc14a6cf,j_Initializedccd_FW
0xfc14a6cf,j_InitializeDigicon_FW
0xfc14a6d3,j_Terminatedccd_FW
0xfc14a6d3,j_TerminateDigicon_FW
0xfc14a6d7,j_ExecuteDigicon_FW
0xfc14a6db,j_Executedccd_FW
0xfc14a6dd,j_GetdccdImage_FW
0xfc14a6df,j_GetdccdFilterValue_FW
0xfc14a6e1,ResetRegistNoticeCBR_FW
0xfc14a6eb,RegistFirmScanNoticeCBR_FW
0xfc14d40b,GetUsableAvRange
0xfc14e00d,GetCurrentAvValue
0xfc14e00d,GetCurrentAvValue_FW
0xfc14e00d,GetIrisAv_FW
0xfc14e17b,GetCurrentIrisPosition_FW
0xfc14e17b,GetIrisCurrentPosition_FW
0xfc14ed9b,IsLensOutside_FW
0xfc14edb5,GetFocusStartZoomPosition_FW
0xfc14f8af,task_ExMechaAlarm
0xfc14ffb9,task_MovieInit
0xfc1517d7,task_SsStartupTask
0xfc15275f,task_CaptSeq
0xfc15275f,task_CaptSeqTask
0xfc1546cb,task_ResizeTask
0xfc1599dd,SSFS_CompleteCaptModeChange_FW
0xfc1599dd,SSFS_CompleteFileWrite_FW
0xfc1599dd,SSFS_CompletePreCapt_FW
0xfc1599dd,SSFS_CompleteShootPicture_FW
0xfc1599dd,SSFS_CompleteStopDigZoom_FW
0xfc1599dd,SSFS_CompleteStopZoom_FW
0xfc1599dd,SSFS_CompleteSynchroWrite_FW
0xfc1599dd,SSFS_ShootPicture_FW
0xfc159aa9,task_SsTask
0xfc15b365,ExecuteShutDownPropertyService_FW
0xfc15bb65,SetHPTimerAfterNow
0xfc15bdef,task_WdtPrint
0xfc15be61,task_WdtReset
0xfc15bedd,StartWDT_FW
0xfc15bf19,StopWDT_FW
0xfc15bfe9,GetBuildDate_FW
0xfc15bfed,PrintBuildDate_FW
0xfc15bff5,GetBuildTime_FW
0xfc15bff9,PrintBuildTime_FW
0xfc15c001,GetFirmwareVersion_FW
0xfc15c005,PrintFirmwareVersion_FW
0xfc15c04b,GetInternalFirmwareVersion_FW
0xfc15c04f,PrintInternalFirmwareVersion_FW
0xfc15c0af,CheckSumAll_FW
0xfc15c187,GetChipVersion_FW
0xfc15c18d,RomCheckSum_FW
0xfc15c3af,UnlockMainPower
0xfc15c3af,UnlockMainPower_FW
0xfc15c413,LockMainPower
0xfc15c413,LockMainPower_FW
0xfc15c45f,SetAutoShutdownTime
0xfc15c45f,SetAutoShutdownTime_FW
0xfc15d6bd,GUISrv_StartGUISystem_FW
0xfc15f36d,task_FaceFrame
0xfc1615a5,strftime
0xfc1619c9,srand
0xfc1619cf,rand
0xfc161a17,strncmp
0xfc161a41,strchr
0xfc163d7f,task_AprocMainTask
0xfc163e0b,task_AprocBpPwmTask
0xfc163e6b,task_AprocBpGenTask
0xfc169a6f,task_DetSeqT
0xfc16a085,task_DetSeqSadT
0xfc16cb81,AllocateUncacheableMemory
0xfc16cbad,FreeUncacheableMemory
0xfc16d4e3,GetCurrentShutterSpeed
0xfc16d4e3,GetCurrentShutterSpeed_FW
0xfc16d78f,GetCurrentExposureTime_FW
0xfc1735b9,task_BrtMsrTask
0xfc174b77,ExpCtrlTool.SetExpMode_FW
0xfc174ba9,ExpCtrlTool.SoundDevTest_FW
0xfc174d0d,task_OBCtrlTask
0xfc175859,task_DetectMoveTask
0xfc17747d,task_DevelopModule
0xfc1786b9,task_DevelopRawToYuv
0xfc1789b5,task_DevelopDist
0xfc179251,task_DevelopResize
0xfc179afd,task_DevelopJpeg
0xfc17cd01,MovieAF.Suspend_FW
0xfc17cd0b,MovieAF.Resume_FW
0xfc17e793,task_AfIntSrvTask
0xfc18a98d,AFTool.GetEVal_FW
0xfc18aa79,j_GetMacroSupportZoomPoint_FW
0xfc18aa7d,SetLockPosNonCorrectFlag_FW
0xfc18aa8d,GetDarkFixedFocusPosition_FW
0xfc18aaa3,AFTool.StoreAFixPosition_FW
0xfc18aabf,AFTool.SetAFLogType_FW
0xfc18aac3,AFTool.SetDebugAFSequence_FW
0xfc18e9ab,task_GapMan
0xfc19058b,ActivateImager_FW
0xfc1905e7,ActivateImagerXOne_FW
0xfc190679,QuietImager_FW
0xfc1906e1,CancelImager_FW
0xfc1906f7,ChangeImagerToRegularDrive_FW
0xfc1906fb,ChangeImagerToWholeParallel_FW
0xfc1906ff,ChangeImagerToWholeParallelBP_FW
0xfc190703,ChangeImagerToWideDraftFinancier_FW
0xfc190707,ChangeImagerToCombiParallel_FW
0xfc19070b,ChangeImagerToWideDraft_FW
0xfc19070f,ChangeImagerToFocusJet_FW
0xfc190713,ChangeImagerToMangoPudding_FW
0xfc190717,ChangeImagerToSuperWideDraft_FW
0xfc19071b,ChangeImagerToHoneyFlash_FW
0xfc19071f,ChangeImagerToMillefeAdjust_FW
0xfc190723,ChangeImagerToDigiconMode_FW
0xfc190723,ChangeImagerToOITA_XAVIER_FW
0xfc190727,ChangeImagerToAlternateDraft_FW
0xfc19072b,ChangeImagerToUltraGhostQ_FW
0xfc19072f,ChangeImagerToMontblancWhole_FW
0xfc190733,ChangeImagerToMontblancMillefe_FW
0xfc190737,ChangeImagerToMontblancMovie_FW
0xfc19073b,ChangeImagerToHarleyDavidson_FW
0xfc19073f,ChangeImagerToMachDashV_FW
0xfc190743,ChangeImagerToFantaJungle_FW
0xfc190747,ChangeImagerToHoneyFlashDark_FW
0xfc19074b,ChangeImagerToRoadKing_FW
0xfc19074f,ChangeImagerToLCWideDraft_FW
0xfc190753,ChangeImagerToFalconJump_FW
0xfc190757,ChangeImagerToSpriteSunshine_FW
0xfc19075b,ChangeImagerToHealthyVegetable_FW
0xfc19075f,ChangeImagerToElectraGlide_FW
0xfc190763,ChangeImagerToVeryFastWideDraft_FW
0xfc190767,ChangeImagerToVeryFastMangoPudding_FW
0xfc19076b,ChangeImagerToHarleySunshine_FW
0xfc19076f,ChangeImagerToRoadQueen_FW
0xfc190773,ChangeImagerToHarleyDavidsonNepal_FW
0xfc190777,ChangeImagerToRoadKingNepal_FW
0xfc19077b,ChangeImagerToSuperWideNepal_FW
0xfc19077f,ChangeImagerToLasVegasMagic_FW
0xfc190783,ChangeImagerToEsperRocketH_FW
0xfc190787,ChangeImagerToElectraGlideNepal_FW
0xfc19078b,ChangeImagerToHarleySunshineNepal_FW
0xfc1907a7,j_E2LatOn_FW
0xfc1907ab,ChangeAutoSlowShutterEnable_FW
0xfc191c8b,task_SsgMainTask
0xfc191edd,task_SsgPeriodTask
0xfc194a81,task__tgTask
0xfc198165,task_LiveImageTask
0xfc199a23,task_SyncPeriod
0xfc199a93,task_SynchTask
0xfc1a3d4f,task_WBLPFace
0xfc1a97c1,ExecuteResetFactoryWithRomWrite_FW
0xfc1a97d3,ExecuteResetFactory_FW
0xfc1a97e5,j_ExecuteShutDownPropertyService_FW
0xfc1afad5,UIFS_Capture_FW
0xfc1afb67,UIFS_CaptureNoneStop_FW
0xfc1b0d4f,GetZ_AxisAcceleration_FW
0xfc1b0d5b,GetY_AxisAcceleration_FW
0xfc1b0d6f,GetX_AxisAcceleration_FW
0xfc1b0db3,GetScalar_Acceleration_FW
0xfc1b0f51,GetSlantAngle_FW
0xfc1b0fc9,GetAcceleHvPosition_FW
0xfc1b17c1,GetDriverInfoEvent_FW
0xfc1b17eb,SoundDevParam_SetATTMode_FW
0xfc1b19b5,AprocSigProc_SetSigProcByMode_FW
0xfc1b1a23,AprocSigProc_InitialSet_FW
0xfc1b1a4f,AprocSigProc_TestGen_FW
0xfc1b1a57,AprocSigProc_DRange_FW
0xfc1b1a5d,AprocSigProc_DCCut_FW
0xfc1b1a63,AprocSigProc_GainAdj_FW
0xfc1b1a6b,AprocSigProc_NoiseCut_FW
0xfc1b1a73,AprocSigProc_Stereo_FW
0xfc1b1a79,AprocSigProc_WindCut_FW
0xfc1b1a7f,AprocSigProc_EQ_FW
0xfc1b1a87,AprocSigProc_FIL1_FW
0xfc1b1a8f,AprocSigProc_FIL2_FW
0xfc1b1a97,AprocSigProc_FIL3_FW
0xfc1b1a9f,AprocSigProc_FIL4_FW
0xfc1b1aa7,AprocSigProc_ALC_FW
0xfc1b1aad,AprocSigProc_Limiter_FW
0xfc1b1ab5,AprocSigProc_LevelMeter_FW
0xfc1b1abd,AprocSigProc_ALCReset_FW
0xfc1b1ac5,AprocSigProc_WindCutReset_FW
0xfc1b1acd,AprocSigProc_NCReset_FW
0xfc1b1add,AprocSigProc_TestGen1kHz_FW
0xfc1b1f3d,AprocSigProc_LoadProfileAdj_FW
0xfc1b1f3d,SoundDevSetZoomNCProfile_FW
0xfc1b2b4f,AprocSigProc_NoiseCutEffect_FW
0xfc1b2b4f,SoundDevZoomNCEffective_FW
0xfc1b577d,Edet.Delete_FW
0xfc1b578d,Edet.Create_FW
0xfc1b5d5d,task_EncRemoteEVFJpgTask
0xfc1b5e99,EngApp.Delete_FW
0xfc1b5ed7,EngApp.Create_FW
0xfc1b6c65,task_OhyearKiLiveAlgor
0xfc1b84f3,task_SceneDetectTask
0xfc1b8981,Scene.ForbidContiSceneDetect_FW
0xfc1b89a1,Scene.TestSunset_FW
0xfc1b89c3,Scene.TestBabySmile_FW
0xfc1b89e7,Scene.TestBabySleep_FW
0xfc1b8a0b,Scene.TestHumanSmile_FW
0xfc1b8a2f,Scene.TestHumanSleep_FW
0xfc1b8a53,Scene.TestKidMove_FW
0xfc1b9641,task_AutoShutterMan
0xfc1b9c6d,j_GetFaceAuthBinAddr_FW
0xfc1b9c71,j_GetFaceAuthBinSize_FW
0xfc1b9c75,j_IsOKFaceAuthBinFile_FW
0xfc1baee1,task_AutoTrimming
0xfc1bb8b3,task_MotionVector
0xfc1bdf1f,task_DefMarkRomCopyTask
0xfc1c062b,PrintAllAEIntegData_FW
0xfc1c0d5d,AbortAEIntegralValue_FW
0xfc1c0d81,j_AbortAEIntegralValue_FW
0xfc1c0d95,SetAEIntegStrobeProperty_FW
0xfc1c0df7,SetAEIntegCorrectProperty_FW
0xfc1c0e31,SetAEIntegralValueProperty_FW
0xfc1c0e63,SetAEIntegralGetaTime_FW
0xfc1c1033,GetAEIntegWinData_FW
0xfc1c103b,j_GetAEIntegWinData_FW
0xfc1c103d,GetAEIntegWinDataWithMode_FW
0xfc1c10d5,GetAEIntegralValueWithFix_FW
0xfc1c117d,GetAllAEIntegralAllValueWithFix_FW
0xfc1c11fd,GetOnlyAEIntegData_FW
0xfc1c137d,SetWhiteCoefficient_FW
0xfc1c13c3,SetAEIntegWindowsMode_FW
0xfc1c13fb,SetAEIntegValueBit_FW
0xfc1c140b,GetAEIntegValueBit_FW
0xfc1c1411,GetAEIntegralServiceMode_FW
0xfc1c1417,StopAEIntegralService_FW
0xfc1c14b7,j_StopAEIntegralService_FW
0xfc1c15ad,StartAEIntegralService_FW
0xfc1c15b3,SetLineDefMarkThroughMode_FW
0xfc1c15d3,SetAEIntegAverageOBData_FW
0xfc1c15eb,SetAdjAEIntegSmearLimitter_FW
0xfc1c15ff,SetDefaultAEIntegSmearLimitter_FW
0xfc1c1609,AttachIntegCrawData_FW
0xfc1c1723,GetCrawDataAddr_FW
0xfc1c1aa1,MoveIrisToAv_FW
0xfc1c1acf,j_GetCurrentAvValue_FW
0xfc1c1b51,MoveIrisFullOpen_FW
0xfc1c1b73,MoveIrisFullClose_FW
0xfc1c1b95,ResetIrisPosition_FW
0xfc1c1bb7,MoveIrisWithTerminatePosition_FW
0xfc1c1bd9,MoveIrisMechaPositionWithBacklash_FW
0xfc1c1bff,MoveIrisMechaPositionWithoutBacklash_FW
0xfc1c1c25,MoveIrisToAvWithoutBacklash_FW
0xfc1c1c4f,GetUsableMinAv
0xfc1c1c4f,GetUsableMinAv_FW
0xfc1c1c5f,j_GetUsableMinAv_FW
0xfc1c1c61,GetUsableMaxAv
0xfc1c1c61,GetUsableMaxAv_FW
0xfc1c1c71,j_GetUsableMaxAv_FW
0xfc1c1c77,j_GetCurrentIrisPosition_FW
0xfc1c1cbb,ReloadIrisAdjustment_FW
0xfc1c1cc9,ReloadGetaAdjustment_FW
0xfc1c1cd3,GetCurrentAvCoefficient_FW
0xfc1c1ce3,j_GetCurrentAvCoefficient_FW
0xfc1c1ce9,GetIrisPRResetPosition_FW
0xfc1c371d,SetDefaultRecParameter_FW
0xfc1c52d5,task_dccdCalcTask
0xfc1c75e9,File.ClearExifInfo_FW
0xfc1c76bb,File.Delete_AllImg_FW
0xfc1c76ff,File.Create_FW
0xfc1c88b7,task_ImageStoreTask
0xfc1c92c5,task_MediaStatusMngr
0xfc1cad29,task_IrisEvent
0xfc1cb66f,EnableIrisActuator_FW
0xfc1cb689,DisableIrisActuator_FW
0xfc1cb6a3,ResetIrisActuator_FW
0xfc1cb8e7,GetIrisSpecOpenPosition_FW
0xfc1cb8f3,GetIrisSpecClosePosition_FW
0xfc1cbcdf,task_IrisCycleEvent
0xfc1cc5c1,GetIrisDriveVoltage_FW
0xfc1cc5c9,GetIrisDriveVoltageLow_FW
0xfc1cc5db,GetIrisSettingWaitVoltage_FW
0xfc1cc5eb,GetIrisHoldVoltage_FW
0xfc1cc61b,GetLensErrorStatus_FW
0xfc1ccabb,GetZoomPiSensorLevel_FW
0xfc1ccadd,GetFocusPiSensorLevel_FW
0xfc1ccf11,task_MechaAlarm
0xfc1cd19d,task_MechaCPUTransfer
0xfc1ceb55,GetMechaShutterMoveTime_FW
0xfc1ceb73,GetMechaShutterStatus_FW
0xfc1ceda3,GetZoomActuatorCurrentPosition_FW
0xfc1cee2f,task_ZoomEvent
0xfc1cfb97,MoveZoomActuator_FW
0xfc1cfbc9,j_GetZoomActuatorCurrentPosition_FW
0xfc1cfbcd,j_GetZoomActuatorCurrentICPosition_FW
0xfc1cfbd1,EnableZoomActuatorSpeedControl_FW
0xfc1cfbdb,DisableZoomActuatorSpeedControl_FW
0xfc1d112f,GetZoomPiDefaultPosition_FW
0xfc1d1139,GetZoomResetSensorLevel_FW
0xfc1d1299,GetZoomLensEncPhase_FW
0xfc1d129d,GetZoomLensEncDuty_FW
0xfc1d12a1,GetZoomEncPhasePeriodTime_FW
0xfc1d12a5,GetZoomEncPhaseDifMinTime_FW
0xfc1d12a9,GetZoomEncPhaseHighTime_FW
0xfc1d26b1,GetGyroDataRoll_FW
0xfc1d26c7,j_GetGyroDataRoll_FW
0xfc1d26db,SetGyro10BitDACRoll_FW
0xfc1d272b,GetGyro10BitDACRoll_FW
0xfc1d2737,SetGyroHPFINOffsetRoll_FW
0xfc1d274b,GetGyroHPFINOffsetRoll_FW
0xfc1d2759,GetGyroHPFINRoll_FW
0xfc1d2f97,task_EISMainTask
0xfc1d33cd,task_MechaNCTask
0xfc1d6c85,task_MovieRecord
0xfc1d8395,task_MovieEditor
0xfc1d86db,task_Cave2MainTask
0xfc1d8ff9,task_TskCocoa2
0xfc1d8fff,task_TskCocoa1
0xfc1d9005,task_TskCocoa0
0xfc1d9291,MechaUnRegisterEventProcedure_FW
0xfc1d92d7,Mecha.Create_FW
0xfc1d932d,MechaReset_FW
0xfc1d9335,MechaTerminate_FW
0xfc1d933d,ShowMechaMacro_FW
0xfc1d9429,DispDev_EnableEventProc
0xfc1d9429,DispDev_EnableEventProc_FW
0xfc1d9461,SetSDPwrPort_FW
0xfc1d9475,j_GetAdVBattBottom_FW
0xfc1d9479,j_GetAdChValue_FW
0xfc1d947d,j_BeepDrive_FW
0xfc1d9481,j_BeepDriveComp_FW
0xfc1d9485,j_BeepDriveStop_FW
0xfc1d9489,j_SetStereoSeparation_FW
0xfc1d948d,j_InitializeAudio_FW
0xfc1d9491,j_VbattGet_FW
0xfc1d9495,LEDDrive
0xfc1d9495,LEDDrive_FW
0xfc1d94c9,ShowPhySwStatus_FW
0xfc1d94d3,SetRawSWCheckMode_FW
0xfc1d94dd,OnPrintPhySw_FW
0xfc1d94e7,OffPrintPhySw_FW
0xfc1d94f1,j_GetSwitchStatus_FW
0xfc1d94f5,ShowSDStatus_FW
0xfc1d94ff,j_GetSDDetect_FW
0xfc1d9503,j_GetSDProtect_FW
0xfc1d9507,SetIgnoreAVJACK_FW
0xfc1d9511,j_GetDialEventId_FW
0xfc1d9515,j_GetLcdPosition_FW
0xfc1d9519,j_GetBatteryCoverClose_FW
0xfc1d951d,j_IsHvSensorExist_FW
0xfc1d9521,j_GetDriverInfoEvent_FW
0xfc1d9525,GetTimeFromRTC_FW
0xfc1d9531,EraseSignature_FW
0xfc1d9543,j_GetPopupOpen_FW
0xfc1d9547,Driver.Create_FW
0xfc1d9547,Driver_EnableEventProc_FW
0xfc1d98d1,SetPropertyCase_FW
0xfc1d98df,GetPropertyCase_FW
0xfc1d9921,mod_FW
0xfc1d9931,GetDateAndTime_FW
0xfc1d999b,j_Printf_FW
0xfc1d999f,MonSelEvent_FW
0xfc1d99a3,j_MemoryChecker_FW
0xfc1d99a7,j_VerifyByte_FW
0xfc1d99ab,j_SDump_FW
0xfc1d99af,Dump_FW
0xfc1d99b9,Dump32_FW
0xfc1d99c5,Poke32_FW
0xfc1d99cf,Poke16_FW
0xfc1d99d9,Poke8_FW
0xfc1d99e3,j_Peek32_FW
0xfc1d99e7,j_Peek16_FW
0xfc1d99eb,j_Peek8_FW
0xfc1d99ef,Wait_FW
0xfc1d99f9,j_exec_FW
0xfc1d99fd,ShowAllTaskInfo_FW
0xfc1d9a07,System.Delete_FW
0xfc1d9fe5,System.Create_FW
0xfc1da3a9,SS.MoveOpticalZoomToTele_FW
0xfc1da3b5,SS.MoveOpticalZoomToWide_FW
0xfc1da3c1,PT_MoveOpticalZoomAt
0xfc1da3c1,SS.MoveOpticalZoomAt_FW
0xfc1da3d1,SS.MoveDigitalZoomToTele_FW
0xfc1da3db,SS.MoveDigitalZoomToWide_FW
0xfc1da3e5,SS.MoveDigitalZoomAt_FW
0xfc1da3f3,SS.GetDigitalZoomTele_FW
0xfc1da401,j_SS.GetDigitalZoomPosition_FW
0xfc1da405,SS.ChangeZoomSpeed_FW
0xfc1da411,SS.DoAFLock_FW
0xfc1da41b,SS.UnlockAF_FW
0xfc1da425,SS.DoAELock_FW
0xfc1da42f,SS.UnlockAE_FW
0xfc1da439,SS.MFOn_FW
0xfc1da443,SS.MFOff_FW
0xfc1da44d,SS.Create_FW
0xfc1da489,InitializeAdjustmentSystem_FW
0xfc1da4a9,TerminateAdjustmentSystem_FW
0xfc1da4c9,InitializeAdjustmentFunction_FW
0xfc1da4df,FA.Delete_FW
0xfc1da4eb,FA.Create_FW
0xfc1da505,DispDev.Create_FW
0xfc1da521,SaveBmpVRAMData_FW
0xfc1da6b9,SavePaletteData_FW
0xfc1da919,Capture.Create_FW
0xfc1da951,EngineDriver.Create_FW
0xfc1da98d,EngApp.CreatePub_FW
0xfc1dc7f1,task_ShutterSoundTask
0xfc1dd5cd,task_WbSeqTask
0xfc1dda03,task_DvlpSeqTask
0xfc1df371,task_JpegEncTask
0xfc1e0e93,EFUSE_ReadData_FW
0xfc1ecf17,UIFS_WriteFirmInfoToFile
0xfc1ecf17,UIFS_WriteFirmInfoToFile_FW
0xfc1ef521,FmtMenu_ExecuteQuickFormat_FW
0xfc23f349,task_UsmMainTask
0xfc23f4cd,GetUsmCurrentPosition_FW
0xfc23f4cd,GetZoomActuatorCurrentICPosition_FW
0xfc23f5fb,GetUsmTargetFreq_FW
0xfc23f8fb,GetUsmEncMultiplyTime_FW
0xfc23f903,GetUsmEncPeriodTime_FW
0xfc23f90b,GetUsmEncPhase_FW
0xfc23f92d,GetUsmEncHighTime_FW
0xfc23f935,GetUsmEncDuty_FW
0xfc23fb27,ActivateUsmCPU_FW
0xfc23fb2b,InactivateUsmCPU_FW
0xfc23fb45,MoveUsm_FW
0xfc23fb8d,MoveUsmWithFreq_FW
0xfc23fbd5,StopUsm_FW
0xfc23fbdf,StopUsmEmergency_FW
0xfc23fbe9,ChangeUsmSpeed_FW
0xfc23fbf7,j_GetUsmCurrentPosition_FW
0xfc23fbf9,SetUsmCurrentPosition_FW
0xfc23fc07,GetUsmTargetSpeed_FW
0xfc23fc0d,SetUsmTargetSpeed_FW
0xfc23fc1b,j_GetUsmTargetFreq_FW
0xfc23fc1d,SetUsmTargetFreq_FW
0xfc23fc2b,SetUsmFreqRange_FW
0xfc23fc3f,SetUsmSweepFreq_FW
0xfc23fc63,SetUsmStopSpeed_FW
0xfc23fc77,SetUsmSweepEndMarginSpeed_FW
0xfc23fc85,SetUsmPulseWidth_FW
0xfc23fc99,EnableUsmEncErrorDetect_FW
0xfc23fc9d,DisableUsmEncErrorDetect_FW
0xfc23fca1,SetUsmSpeedLogSampling_FW
0xfc23fcb3,EnableUsmSpeedLog_FW
0xfc23fcbf,DisableUsmSpeedLog_FW
0xfc23fcc9,EnableUsmEncLed_FW
0xfc23fcd5,DisableUsmEncLed_FW
0xfc23fce1,SetUsmEncLedDuty_FW
0xfc23fcf1,EnableUsmEncPhaseDetect_FW
0xfc23fcfd,DisableUsmEncPhaseDetect_FW
0xfc23fd09,EnableUsmEncPulsePeakMeasure_FW
0xfc23fd15,DisableUsmEncPulsePeakMeasure_FW
0xfc23fd21,j_GetUsmEncPhase_FW
0xfc23fd23,j_GetUsmEncDuty_FW
0xfc23fd25,GetUsmEncPiPeakVoltage_FW
0xfc23fd6d,j_GetUsmEncPeriodTime_FW
0xfc23fd6f,j_GetUsmEncMultiplyTime_FW
0xfc23fd71,j_GetUsmEncHighTime_FW
0xfc23fd73,EnableUsmEncLevelDetect_FW
0xfc23fd7d,DisableUsmEncLevelDetect_FW
0xfc25595d,task_AFTask
0xfc256a23,GetMacroSupportZoomPoint_FW
0xfc2590e5,task_MoviePlay
0xfc275c47,PT_MoveDigitalZoomToWide
0xfc275cd7,SS.GetDigitalZoomPosition_FW
0xfc276391,DoAFLock
0xfc2763c1,UnlockAF
0xfc27674d,DoAELock
0xfc27676b,UnlockAE
0xfc27775b,PT_MFOn
0xfc27778f,PT_MFOff
0xfc27fb7d,task_MetaCtg
0xfc285ccf,SoundDevClearPath_FW
0xfc285daf,SoundDevInitMusic_FW
0xfc2860bf,SoundDevRecChIn0_FW
0xfc286253,SoundDevRecMusicOnDramTest_FW
0xfc28632b,SoundDevDumpChIn0_FW
0xfc28656d,SoundDevPlayOpSound_FW
0xfc2865fd,ApMoniSel_FW
0xfc286641,SoundDevSetSyncRate_FW
0xfc286667,SoundDevSetSpVol_FW
0xfc286671,SoundDevSetMovieRecPath_FW
0xfc28667d,j_SoundDevSetZoomNCProfile_FW
0xfc286681,j_SoundDevZoomNCEffective_FW
0xfc286685,SoundDevSetZoomNCCheckPath_FW
0xfc286691,SoundDevSetZoomNCAdjDigiProcThroughPath_FW
0xfc286697,SoundDevSetBeepPWMMuteParam_FW
0xfc2866b1,SoundDevBeepGenGain_FW
0xfc2868c1,SoundDevStopObserverNotify_FW
0xfc2868e7,SoundDevStopObserver_FW
0xfc28690f,debugStopOvserver_FW
0xfc286b43,SoundDevStartObserver_FW
0xfc286b91,SoundDevStartObserverForAjst_FW
0xfc286bf3,SoundDevStartObserverForInsp_FW
0xfc286d4d,InitializeAudio_FW
0xfc286d7d,debugStartOvserver_FW
0xfc286dc1,debugPrintOvserver_FW
0xfc286df3,debugOvserverNotify_FW
0xfc286e05,SoundDevSetAudioICParam_FW
0xfc286e29,SoundDevStartObserverNotifyDbg_FW
0xfc286e35,SoundDevSetParamIn_FW
0xfc287009,SoundDevSetAllParamIn_FW
0xfc287131,SoundDevExtMicStatusChanged_FW
0xfc287155,j_SoundDevClearPath_FW
0xfc287159,SoundDevSetRecPath_FW
0xfc287169,SoundDevLineOut_FW
0xfc28716f,SoundDevStopPlayMusic_FW
0xfc287199,SoundDevStopRecMusic_FW
0xfc2872f1,SoundDevPlayMusic_FW
0xfc28734b,SoundDevRecMusic_FW
0xfc287c05,task_SoundTsk
0xfc28872f,TurnOnVideoOutMode_FW
0xfc28875f,TurnOffVideoOutMode_FW
0xfc288837,BeepDrive_FW
0xfc28884b,BeepDriveComp_FW
0xfc28885f,BeepDriveStop_FW
0xfc28b0ed,task_WBIntegTask
0xfc291ccf,task_ExpDrv
0xfc291ccf,task_ExpDrvTask
0xfc2a7697,LcdCon_SetLcdDriver_FW
0xfc2a76c5,LcdCon_SetLcdAdjParameter_FW
0xfc2a7729,LcdCon_GetLcdAdjParameter_FW
0xfc2a775b,LcdCon_ShowLcdAdjParameter_FW
0xfc2a7781,LcdCon_SaveLcdAdjParameter_FW
0xfc2a7795,LcdCon_SetLcdParameter_FW
0xfc2a77f9,LcdCon_GetLcdParameter_FW
0xfc2a782b,LcdCon_ShowLcdParameter_FW
0xfc2a7851,LcdCon_SaveLcdParameter_FW
0xfc2a838b,handle_PTP_OC_ResetDevicePropValue
0xfc2a84e1,handle_PTP_OC_SetDevicePropValue
0xfc2a85cf,handle_PTP_OC_GetDevicePropValue
0xfc2a8699,handle_PTP_OC_GetDevicePropDesc
0xfc2a9773,EnableDebugLogMode_FW
0xfc2a977d,DisableDebugLogMode_FW
0xfc2c067d,task_IS_ActiveShadCompTask
0xfc2c0d09,task_ISMainTask
0xfc2c0f27,ISInitMotion_FW
0xfc2c14bf,GetISPWMFrequency_FW
0xfc2c14c3,GetISPWMPeriod_FW
0xfc2c151b,StartISLocalAutoCenter_FW
0xfc2c1541,StartISLocalHallAdjust_FW
0xfc2c174b,GetGyroDataPitch_FW
0xfc2c1763,GetGyroDataYaw_FW
0xfc2c177b,GetGyro10BitDACPitch_FW
0xfc2c1783,GetGyro10BitDACYaw_FW
0xfc2c1797,GetGyroHPFINOffsetPitch_FW
0xfc2c179f,GetGyroHPFINOffsetYaw_FW
0xfc2c17a7,GetGyroHPFINPitch_FW
0xfc2c17ad,GetGyroHPFINYaw_FW
0xfc2c1a71,GetDISModeParameter_FW
0xfc2c1b31,GetFixedPWMOutA_FW
0xfc2c1b37,GetFixedPWMOutB_FW
0xfc2c31ff,StartCzTuning_FW
0xfc2c3203,MoveCzPeakPositon_FW
0xfc2c3207,CzDebugPrint_FW
0xfc2c3207,SetCzDebugFocusMode_FW
0xfc2c3207,SetCzDebugSubjectDistance_FW
0xfc2c3213,CzDebugPrintToFile_FW
0xfc2c5be7,UIFS_WirelessExecuteSendForever_FW
0xfc2c618f,task_Cave2PbTask
0xfc2ce947,j_GiveSemaphore
0xfc2cee40,j_DebugAssert2
0xfc2cee60,j_CreateMessageQueue
0xfc2cef00,j_CreateCountingSemaphoreStrictly
0xfc2cef98,j_AcquireRecursiveLock
0xfc2cefb8,j_CreateRecursiveLock
0xfc2cf018,j_CreateTask
0xfc2cf020,j_CreateRecursiveLockStrictly
0xfc2cf058,j_AcquireRecursiveLockStrictly
0xfc2cf060,j_ReleaseRecursiveLock
0xfc2cf0f8,j_CheckAllEventFlag
0xfc2cf180,j_TryTakeSemaphore
0xfc2cf1a0,j_GetSemaphoreValue
0xfc2cf1b0,j_CheckAnyEventFlag
0xfc2cf1b8,j_WaitForAllEventFlag
0xfc2cf200,j_WaitForAnyEventFlagStrictly
0xfc2cf220,j_PostMessageQueueStrictly
0xfc2cf228,j_TryReceiveMessageQueue
0xfc2cf240,j_WaitForAllEventFlagStrictly
0xfc2cf248,j_LocalTime
0xfc2cf258,j__log10
0xfc2cf270,j_time
0xfc2cf278,j_SleepTask
0xfc2cf290,j_PostMessageQueue
0xfc2cf2b0,j_RegisterInterruptHandler
0xfc2cf2d8,j_DeleteMessageQueue
0xfc2cf2e0,j_CreateEventFlag
0xfc2cf2e8,j_GetEventFlagValue
0xfc2cf2f0,j_GetNumberOfPostedMessages
0xfc2cf2f8,j_TakeSemaphoreStrictly
0xfc2cf318,j__pow
0xfc2cf328,j_SetEventFlag
0xfc2cf330,j_TryPostMessageQueue
0xfc2cf338,j_CreateMessageQueueStrictly
0xfc2cf340,j_CreateTaskStrictly
0xfc2cf348,j_ReceiveMessageQueue
0xfc2cf360,j_CreateBinarySemaphore
0xfc2cf368,j_CreateBinarySemaphoreStrictly
0xfc2cf388,j_TakeSemaphore
0xfc2cf390,j_DeleteSemaphore
0xfc2cf3b0,j_DeleteEventFlag
0xfc2cf3c0,j_createsemaphore_low
0xfc2cf3c8,j_CreateEventFlagStrictly
0xfc2cf3d0,j_WaitForAnyEventFlag
0xfc2cf3d8,j_ClearEventFlag
0xfc2cf3f8,j_takesemaphore_low
0xfc2cf408,j_DebugAssert
0xfc2cf430,j_dry_memcpy
0xfc2cf438,j_bzero
0xfc2d79bb,get_playrec_mode
0xfc2dd203,get_current_exp
0xfc2e0a4b,task_CorctTask
0xfc2e10a5,task_VcmMainTask
0xfc2e12f7,GetVcmCurrentPosition_FW
0xfc2e1311,GetVcmTargetPosition_FW
0xfc2e1319,GetVcmAlarm_FW
0xfc2e14dd,GetVcmPiPosition_FW
0xfc2e14e5,GetVcmPiStatus_FW
0xfc2e152f,GetVcmScaleResetThreshold_FW
0xfc2e1573,GetVcmVdPosition_FW
0xfc2e158b,GetVcmSrAPos_FW
0xfc2e158f,GetVcmSrBPos_FW
0xfc2e1593,GetVcmSrCompPos_FW
0xfc2e1597,GetVcmSrSOffset_FW
0xfc2e159f,GetVcmSrCOffset_FW
0xfc2e15a7,GetVcmSrSGain_FW
0xfc2e15af,GetVcmSrCGain_FW
0xfc2e15b7,GetVcmSrHGain_FW
0xfc2e15bf,GetVcmSrRefV_FW
0xfc2e15e5,GetVcmSrSPosPeak_FW
0xfc2e15ed,GetVcmSrSNegPeak_FW
0xfc2e15f5,GetVcmSrCPosPeak_FW
0xfc2e15fd,GetVcmSrCNegPeak_FW
0xfc2e1605,GetVcmSrSAdValue_FW
0xfc2e160d,GetVcmSrCAdValue_FW
0xfc2e1615,GetVcmSrPositionOffset_FW
0xfc2e1621,GetVcmPwmFrequency_FW
0xfc2e1643,GetVcmOpenDriveDuty_FW
0xfc2e164f,GetVcmPGain_FW
0xfc2e1653,GetVcmIGain_FW
0xfc2e1657,GetVcmDGain_FW
0xfc2e165d,GetVcmEViClamp_FW
0xfc2e169d,GetVcmPiAdValue_FW
0xfc2e1711,GetVcmTravelTime_FW
0xfc2e174b,GetVcmSettingWaitTime_FW
0xfc2e1773,GetVcmLogData_FW
0xfc2e1777,GetVcmLogSampleTime_FW
0xfc2e177b,GetVcmLogTrigger_FW
0xfc2e1785,GetVcmDacOutData_FW
0xfc2eda75,GetCurrentZoomLensPosition_FW
0xfc2eda75,GetCurrentZoomPosition_FW
0xfc2eda75,GetZoomLensCurrentPosition
0xfc2eda75,GetZoomLensCurrentPosition_FW
0xfc2edc6b,GetCurrentZoomLensPoint_FW
0xfc2edc6b,GetCurrentZoomPoint_FW
0xfc2edc6b,GetZoomLensCurrentPoint
0xfc2edc6b,GetZoomLensCurrentPoint_FW
0xfc2ee159,GetZoomLensTelePoint_FW
0xfc2ee159,GetZoomTelePoint_FW
0xfc2ee421,IsZoomLensOutSidePosition_FW
0xfc2ee58b,GetZoomLensMechaEdgePosition_FW
0xfc2ee58f,GetZoomDrivingTime_FW
0xfc2f55b1,StartPlayModeMenu_FW
0xfc2f55c3,StartRecModeMenu_FW
0xfc2f5671,ShutdownRecModeMenu_FW
0xfc2f5819,ShutdownPlayModeMenu_FW
0xfc2f58c9,ShutdownPlayModeMenuWithoutPbRedraw_FW
0xfc2fa709,GetFocusLensPullInMaxSpeed_FW
0xfc2fa8df,GetCurrentTargetDistance_FW
0xfc2fa8df,GetFocusLensSubjectDistance
0xfc2fa92f,GetCurrentFocusLensPosition_FW
0xfc2fa92f,GetCurrentFocusPosition_FW
0xfc2fac9b,IsFocusLensOutSidePosition_FW
0xfc2facb9,GetFocusResetPosition_FW
0xfc2fad19,GetFocusDefaultResetPosition_FW
0xfc2fd1a1,SetCurrentCaptureModeType
0xfc2fd1a1,SetCurrentCaptureModeType_FW
0xfc2fe137,GetCurrentCaptureModeType_FW
0xfc2ff7b7,UIFS_GetNumOfOptZoomPos_FW
0xfc2ff83f,UIFS_MoveZoomTo_FW
0xfc2fff35,mzrm_createmsg
0xfc300029,mzrm_sendmsg
0xfc301bbf,DeleteFile_Fut
0xfc301c09,DeleteDirectory_Fut
0xfc301c43,Fopen_Fut
0xfc301c43,Fopen_Fut_FW
0xfc301c6b,Fclose_Fut
0xfc301c6b,Fclose_Fut_FW
0xfc301cdd,Fread_Fut
0xfc301cdd,Fread_Fut_FW
0xfc301d13,Fwrite_Fut
0xfc301d13,Fwrite_Fut_FW
0xfc301d49,Fgets_Fut
0xfc301d7b,Fseek_Fut
0xfc301d7b,Fseek_Fut_FW
0xfc302045,RegisterEventProcedure
0xfc302097,RegisterEventProcedure_alt1
0xfc30209b,UnRegisterEventProcedure
0xfc3020f1,ExecuteEventProcedure
0xfc302135,ExecuteEventProcedure_FW
0xfc30219b,RegisterEventProcedure_alt2
0xfc30219f,RegisterEventProcTable
0xfc3021b5,UnRegisterEventProcTable
0xfc30264b,ExportToEventProcedure_FW
0xfc302651,CreateProxyOfEventProcedure_FW
0xfc302689,DeleteProxyOfEventProcedure_FW
0xfc3026c1,RegisterEventProcTable_alt
0xfc3026c5,j_UnRegisterEventProcTable
0xfc3026c5,UnRegisterEventProcTable_alt
0xfc30514b,TurnOnBackLight
0xfc305195,TurnOffBackLight
0xfc305529,DispCon_ShowColorBar_FW
0xfc305587,DispCon_ShowFiveStep_FW
0xfc305643,DispCon_ShowWhiteChart_FW
0xfc30567d,DispCon_ShowBlackChart_FW
0xfc30568d,DispCon_ShowBitmapColorBar_FW
0xfc3056c7,DispCon_ShowCustomColorBar_FW
0xfc305731,DispCon_SetDisplayType_FW
0xfc305745,DispCon_ShowColorChart_FW
0xfc305757,DispCon_ShowWhiteLine_FW
0xfc3058bd,DispCon_ShowNStepsChart_FW
0xfc30596d,DispCon_TurnOnDisplay_FW
0xfc305977,DispCon_TurnOffDisplay_FW
0xfc305981,DispCon_TurnOnBackLight_FW
0xfc30598b,DispCon_TurnOffBackLight_FW
0xfc305995,DispCon_SetMaxBackLightBrightness_FW
0xfc3059f3,DispCon_SaveNTSCAdjParameter_FW
0xfc3059fd,DispCon_GetNTSCAdjParameter_FW
0xfc305a25,DispCon_ShowNTSCAdjParameter_FW
0xfc305a31,DispCon_SetNTSCAdjParameter_FW
0xfc305a63,DispCon_SavePALAdjParameter_FW
0xfc305a6d,DispCon_GetPALAdjParameter_FW
0xfc305a97,DispCon_ShowPALAdjParameter_FW
0xfc305aa3,DispCon_SetPALAdjParameter_FW
0xfc305b17,DispCon_SetLcdGainAdjParameter_FW
0xfc305b55,DispCon_GetLcdGainAdjParameter_FW
0xfc305b7f,DispCon_ShowLcdGainAdjParameter_FW
0xfc305b89,DispCon_SaveLcdGainAdjParameter_FW
0xfc305b9d,DispCon_SetCvfGainAdjParameter_FW
0xfc305c8b,DispCon_GetCvfGainAdjParameter_FW
0xfc305cb7,DispCon_ShowCvfGainAdjParameter_FW
0xfc305cdd,DispCon_SaveCvfGainAdjParameter_FW
0xfc305cef,DispCon_SetSSCGParameter_FW
0xfc305d55,DispCon_ShowHdChart_FW
0xfc305d95,LcdCon_SetLcdType_FW
0xfc309691,PrintFirmVersion_FW
0xfc3096b5,PrintFaexeVersioin_FW
0xfc3096bf,CreateFADBGSingalID_FW
0xfc3096c7,FADBGSingal_FW
0xfc309735,FADBGPrintf_FW
0xfc3097ef,FAPrintf_FW
0xfc30981b,OutputLogToFile_FW
0xfc3098ad,StopLogOut_FW
0xfc309ad1,GetLogData_FW
0xfc309ad5,GetLogDataOnlyAddMemory_FW
0xfc309ad9,ActivateAdjLog_FW
0xfc309ae7,InactivateAdjLog_FW
0xfc309af5,StartLogOut_FW
0xfc309aff,IsLogOutType_FW
0xfc309b05,GetCurrentMaximumLogSize_FW
0xfc31a435,UIFS_StartMovieRecord_FW
0xfc31a44b,UIFS_StopMovieRecord_FW
0xfc31ca69,UIFS_IsAvailableShots_FW
0xfc31cf89,UIFS_GetStillShotableNumber_FW
0xfc31cf8d,UIFS_GetMovieRecoadableNumber_FW
0xfc3210d3,CreateController_FW
0xfc321145,DeleteController_FW
0xfc3211df,MoveControllerToTopOfZOrder_FW
0xfc32123b,CtrlMan_ChangeZOrder_FW
0xfc32128b,GetSelfControllerHandle_FW
0xfc321daf,SetPropertyCase
0xfc321ee1,GetPropertyCase
0xfc32253f,PTM_AllResetToFactorySetting_FW
0xfc32254b,j_PTM_AllReset_FW
0xfc322907,PTM_SetCurrentCaptureMode_FW
0xfc322a35,j_PTM_GetWorkingCaptureMode_FW
0xfc322a3d,j_PTM_SetCurrentItem_FW
0xfc322a49,PTM_GetCurrentItem
0xfc322a49,PTM_GetCurrentItem_FW
0xfc322a9b,j_PTM_NextItem_FW
0xfc322a9f,j_PTM_PrevItem_FW
0xfc322ab3,j_PTM_IsEnableItem_FW
0xfc322ab7,j_PTM_SetProprietyEnable_FW
0xfc322acf,j_PTM_BackupUIProperty_FW
0xfc322ad7,PTM_RestoreUIProperty_FW
0xfc322ead,set_control_event
0xfc322edd,j_set_control_event
0xfc32309b,IsControlEventActive_FW
0xfc3230df,SetLogicalEventActive
0xfc3230df,UiEvnt_SetLogicalEventActive_FW
0xfc323117,SetScriptMode
0xfc323117,SetScriptMode_FW
0xfc3231ab,UiEvnt_StartDisguiseCradleStatus_FW
0xfc3231b3,UiEvnt_StopDisguiseCradleStatus_FW
0xfc32cd69,UIFS_GetNumberOfDisplayedImage_FW
0xfc32f0d7,task_StartupImage
0xfc331fa5,get_fstype
0xfc33200b,GetDrive_ClusterSize
0xfc33250f,GetDrive_FreeClusters
0xfc3328e9,Open
0xfc3328e9,Open_FW
0xfc33296d,Close
0xfc33296d,Close_FW
0xfc3329a5,Write
0xfc3329a5,Write_FW
0xfc3329e3,j_Open_FW
0xfc3329e5,j_Close_FW
0xfc332a87,j_Read_FW
0xfc332a8b,j_Write_FW
0xfc332ac9,lseek
0xfc332ac9,Lseek_FW
0xfc332adb,OpenForScrip_FW
0xfc332b01,stat
0xfc332c57,MakeDirectory_Fut
0xfc332cd9,PrepareDirectory_x
0xfc332d83,PrepareDirectory_1
0xfc332d87,PrepareDirectory_0
0xfc332f8b,GetLogicalEventName_FW
0xfc332fd1,PostLogicalEventForNotPowerType
0xfc332fd1,PostLogicalEventForNotPowerType_FW
0xfc332ffd,PostLogicalEventToUI
0xfc332ffd,PostLogicalEventToUI_FW
0xfc3330c9,PostEventShootSeqToUI_FW
0xfc333101,ShowLogicalEventName_FW
0xfc3337e5,EpilogShow_FW
0xfc333911,EpilogFile_FW
0xfc33392d,task_Epilog
0xfc333957,EpilogMenu_FW
0xfc333df1,PT_PlaySound
0xfc336179,PutsCameraLogEvent_FW
0xfc3361a9,ShowCameraLogInfo_FW
0xfc3361ef,ShowCameraLog_FW
0xfc33621b,StartCameraLog_FW
0xfc33627d,StopCameraLog_FW
0xfc3362b7,LogCameraEvent
0xfc336501,j_malloc
0xfc336505,j_free
0xfc336509,malloc_strictly
0xfc33667d,task_CtrlSrv
0xfc337089,transfer_src_overlay
0xfc3379d5,ScreenLock
0xfc337a13,ScreenUnlock
0xfc337a2b,transfer_src_overlay_helper
0xfc337dcd,EngDrvRead
0xfc337f05,malloc
0xfc337f3b,free
0xfc337f6d,strncpy
0xfc337f91,strcat
0xfc338015,strcpy
0xfc338015,strcpy_FW
0xfc338025,j_strcmp_FW
0xfc338039,strcmp
0xfc338039,strcmp_FW
0xfc338097,strlen
0xfc338097,strlen_FW
0xfc3380ab,sprintf_FW
0xfc3380bd,memcmp
0xfc3380bd,memcmp_FW
0xfc3411cd,task_FmidTask
0xfc344dab,GraphicSystemCoreFinish
0xfc346a4f,ShutterTool.SetTv_FW
0xfc346a57,ShutterTool.SetTvWithErrMode_FW
0xfc346af7,ShutterTool.CheckTv_FW
0xfc346b11,ShutterTool.CheckTvWithErrMode_FW
0xfc346b83,ShutterTool.SetExpTime_FW
0xfc346b89,ShutterTool.SetExpTimeWithErrMode_FW
0xfc346c27,ShutterTool.CheckExpTime_FW
0xfc346c3b,ShutterTool.CheckExpTimeWithErrMode_FW
0xfc346c4f,ShutterTool.GetCurTv_FW
0xfc346c63,ShutterTool.GetCurExpTime_FW
0xfc346c77,ShutterTool.GetLimOfTv_FW
0xfc346c99,ShutterTool.GetLimOfTvRegular_FW
0xfc346cbb,ShutterTool.GetLimOfExpTime_FW
0xfc346cd9,ShutterTool.GetLimOfExpTimeRegular_FW
0xfc346cf7,ShutterTool.SetTvForFix_FW
0xfc346d0f,ShutterTool.SetExpTimeForFix_FW
0xfc346d25,ShutterTool.GetLimOfTvForFix_FW
0xfc346d37,ShutterTool.GetLimOfTvForFixWithAv_FW
0xfc347a2d,NRTBL.SetDarkSubType_FW
0xfc347a3f,NRTBL.SetDefectCorrectType_FW
0xfc347a51,NRTBL.SetTassenType_FW
0xfc34bf11,task_ExpDrvSubTask
0xfc34fc35,DevelopTool.DevelopTest_FW
0xfc351c81,EF.StartEFCharge_FW
0xfc351cb9,EF.StopEFCharge_FW
0xfc351cc3,EF.SetEFChargeTimeOut_FW
0xfc351cd1,EF.SetChargeOnTime_FW
0xfc351ced,EF.GetEFY_FW
0xfc351d5b,EF.GetEFY2_FW
0xfc351d63,EF.GetEFModGain_FW
0xfc351d6d,j_EF.GetEFModExamDriveType_FW
0xfc351d71,j_EF.IsIrisTypeKosaiShibori_FW
0xfc351d79,EF.StartInternalPreFlash_FW
0xfc351da7,EF.StartInternalMainFlash_FW
0xfc351dfd,EF.FlashWithoutSync_FW
0xfc351e15,EF.FlashForColorTempEvaluation_FW
0xfc351e19,EF.SetMainFlashTime_FW
0xfc351e25,j_EF.IsChargeFull_FW
0xfc351e29,EF.AdjPreFlash_FW
0xfc351e5f,EF.SetChargeMode_FW
0xfc36cc3b,LiveImageTool.StartEVF_FW
0xfc36cc41,LiveImageTool.StartEVFFocusJet_FW
0xfc36cc47,LiveImageTool.StartEVFMF_FW
0xfc36cc4d,LiveImageTool.StartEVFMovFULLHD_FW
0xfc36cc5b,LiveImageTool.StartEVFMovFULLHD30P_FW
0xfc36cc69,LiveImageTool.StartEVFMovFULLHD60P_FW
0xfc36cc77,LiveImageTool.StartEVFMovHD_FW
0xfc36cc85,LiveImageTool.StartEVFMovHD60P_FW
0xfc36cc93,LiveImageTool.StartEVFMovQVGA_FW
0xfc36cc9f,LiveImageTool.StartEVFMovQVGA_HS_FW
0xfc36cca3,LiveImageTool.StartEVFMovVGA_FW
0xfc36ccb1,LiveImageTool.StartEVFMovVGA_HS_FW
0xfc36ccbf,LiveImageTool.StopEVF_FW
0xfc36ccc9,LiveImageTool.DzoomTele_FW
0xfc36ccdb,LiveImageTool.DzoomWide_FW
0xfc36cced,LiveImageTool.StopDzoom_FW
0xfc36ccf7,LiveImageTool.Pause_FW
0xfc36ccfb,LiveImageTool.Resume_FW
0xfc36ccff,LiveImageTool.ChangeDzoom_FW
0xfc36cd23,j_LiveImageTool.GetDzoomPosition_FW
0xfc36cd27,LiveImageTool.Jump_FW
0xfc36cd35,LiveImageTool.Dister_FW
0xfc377999,HdmiChange5VShortState_FW
0xfc37799f,HecHdmiCecPhysicalCheckForScript_FW
0xfc3779f7,HdmiAudioSampleFreq_FW
0xfc3779f9,LockHdmiState_FW
0xfc3779fb,EdidView_FW
0xfc3779fd,EdidDump_FW
0xfc3779ff,j_CecRegDump_FW
0xfc377a03,j_HdmiRegDump_FW
0xfc377cb7,task_OhyIntegTask
0xfc3805cd,task_FA_GyroInfo
0xfc382989,GetAdjAcceleration_FW
0xfc3829c3,GetAdjProtractorAngle_FW
0xfc3829c7,CalculateProtractorATanData_FW
0xfc3829d5,ReloadProtractorAdjustment_FW
0xfc3829df,GetAccelerometerTemperature_FW
0xfc3829e3,GetAdjAccelerationDataWithCorrect_FW
0xfc3829e7,GetAoriAccelerationData_FW
0xfc3829ed,ExecuteAvs_FW
0xfc3829f9,CheckAvs_FW
0xfc382a63,GetEFuseData_FW
0xfc382a6d,LoadAvsAdjData_FW
0xfc382a71,j_InitializeWLAN_FW
0xfc382a75,j_TerminateWLAN_FW
0xfc382a91,JoinWLANNetwork_FW
0xfc382b75,PingWLANNetwork_FW
0xfc382b81,j_LeaveWLANNetwork_FW
0xfc382b85,StartFAWLANService_FW
0xfc382b8b,StopFAWLANService_FW
0xfc382b99,GetWLANMACAddress_FW
0xfc382bb3,WriteWLANMACAddressToFROM_FW
0xfc382c19,GetWLANEepromNum_FW
0xfc382c3b,GetCurrentCcdTemp_FW
0xfc382c51,j_GetCurrentCcdTemp_FW
0xfc382c53,GetCurrentOptTemp_FW
0xfc382c77,j_GetCurrentOptTemp_FW
0xfc382c79,GetCameraInformationData_FW
0xfc382c9d,j_GetCameraInformationData_FW
0xfc382d7b,InitializeSoundDevForRecEvent_FW
0xfc382d89,SetNCParamForAdjEvent_FW
0xfc382d97,RecSoundForNCAdjEvent_FW
0xfc382dab,SetNoiseAddParamForZoomNCEvent_FW
0xfc382db3,ReloadZoomNCProfileEvent_FW
0xfc382dbb,SetZoomNCEffectiveEvent_FW
0xfc382dc9,ClearSoundDevForRecEvent_FW
0xfc382de3,GetModeDialState_FW
0xfc382e57,GetModeDialName_FW
0xfc382fc1,IsSDDetect_FW
0xfc382ffb,j_IsSDDetect_FW
0xfc383001,InitializeNFCAdjustment_FW
0xfc38300b,j_ClearNFCSystemArea_FW
0xfc383013,WriteNFCSystemArea_FW
0xfc383021,j_WriteNFCUserArea_FW
0xfc383039,WriteNFCUserAreaWithInitNFCAdj_FW
0xfc383041,j_ResetNFCSystemArea_FW
0xfc38308f,GetNFCSystemAreaData_FW
0xfc3830e3,GetNFCUserAreaData_FW
0xfc38312d,GetBatteryVoltage_FW
0xfc383141,j_GetBatteryVoltage_FW
0xfc3831e1,SetFaexeEventTableActivation_FW
0xfc383323,StartTestRecLog_FW
0xfc38332f,StopTestRecLog_FW
0xfc383d2f,task_MetaInspiTask
0xfc386ced,task_FileManMarkAllTask
0xfc386e93,task_SetGeoTagExecution
0xfc38c3ab,task_FilYuvMaker
0xfc38cc17,task_DecJpgRd
0xfc3915d3,task_FocusEvent
0xfc393f7f,GetMechaDeviceComparatorHysteresis_FW
0xfc393fcd,GetMechaDeviceComparatorThreshold_FW
0xfc3948f5,task_MechaShutter
0xfc3951e5,SetZoomLensICDriveData_FW
0xfc39805f,task_Cave2RecTask
0xfc398ebd,task_TricDecVTask
0xfc39c759,MoveCZToPoint_FW
0xfc39c77f,MoveCZToWide_FW
0xfc39c79f,MoveCZToTele_FW
0xfc39c7bf,MoveCZToPointByOVF_FW
0xfc39c7e1,StopCZ_FW
0xfc39c7ff,GetCZStillHighSpeed_FW
0xfc39c803,GetCZStillLowSpeed_FW
0xfc39c807,GetCZMovieHighSpeed_FW
0xfc39c80b,GetCZMovieLowSpeed_FW
0xfc39c80f,GetCZStillDefaultSpeed_FW
0xfc39c813,GetCZMovieDefaultSpeed_FW
0xfc39c817,IsAvailableCZSpeed_FW
0xfc39c81d,GetCZFramingAssistStillSpeed_FW
0xfc39c821,GetCZFramingAssistAutoHighSpeed_FW
0xfc39c825,GetCZFramingAssistAutoLowSpeed_FW
0xfc39c885,GetFocusLensIrisCoefficient_FW
0xfc39c899,ResetFocusLens_FW
0xfc39c8cd,SetFocusLensReseted_FW
0xfc39c8d7,SetFocusLensResetType_FW
0xfc39c8e5,EscapeFocusLens_FW
0xfc39c935,MoveFocusLensToTerminate_FW
0xfc39c971,MoveFocusLensToTerminateWithKeepExciting_FW
0xfc39c9ad,MoveFocusLensWithDistance_FW
0xfc39ca5d,MoveFocusLensWithPosition_FW
0xfc39cb11,MoveFocusLensWithPositionWithoutSettingWait_FW
0xfc39cbd3,MoveFocusLensWithPositionImmediateReturn_FW
0xfc39cc65,MoveFocusLensWithPositionWithoutBacklash_FW
0xfc39cd19,MoveFocusLensWithPositionWithCompBacklash_FW
0xfc39cde9,MoveFocusActuator_FW
0xfc39ce5d,MoveFocusActuatorWithoutSettingWait_FW
0xfc39ced5,MoveFocusLensWithWobbling_FW
0xfc39d015,SetFocusLensSpeed_FW
0xfc39d023,SetFocusLensSpeedTable_FW
0xfc39d11b,SetFocusLensDefaultPullOutTable_FW
0xfc39d127,SetFocusLensCondition_FW
0xfc39d1a5,ShowFocusLensCurrentSpeedTable_FW
0xfc39d1e7,SetFocusLensMaxSpeedLimit_FW
0xfc39d1f1,CancelFocusLensMaxSpeedLimit_FW
0xfc39d1fb,EnableFocusLens_FW
0xfc39d22d,DisableFocusLens_FW
0xfc39d263,EnableFocusLensGainLockWithVoltage_FW
0xfc39d279,DisableFocusLensGainLock_FW
0xfc39d281,EnableFocusLensSlopeGain_FW
0xfc39d28b,DisableFocusLensSlopeGain_FW
0xfc39d293,EnableFocusLensWaveLock_FW
0xfc39d2a1,DisableFocusLensWaveLock_FW
0xfc39d2a9,j_GetFocusLensCurrentPosition_FW
0xfc39d2ad,j_GetFocusLensCurrentPositionWithMotor_FW
0xfc39d2b1,GetFocusLensResetPosition_FW
0xfc39d2b5,GetFocusLensResetDefaultPosition_FW
0xfc39d2b9,GetFocusLensSubjectDistance_FW
0xfc39d2cb,GetFocusLensSubjectDistanceNumber_FW
0xfc39d2cf,GetFocusLensPositionRatio_FW
0xfc39d2d3,GetFocusLensLoadSubjectDistance_FW
0xfc39d2e9,ChangeFocusDistanceToPosition_FW
0xfc39d2ef,GetFocusLensLoadCamTable_FW
0xfc39d311,GetFocusLensMoveMaxPosition_FW
0xfc39d321,GetFocusLensMoveMinPosition_FW
0xfc39d331,j_GetFocusLensPullInMaxSpeed_FW
0xfc39d335,GetFocusLensMoveRangeOfTelePoint_FW
0xfc39d375,EnableFocusLensPort_FW
0xfc39d37f,DisableFocusLensPort_FW
0xfc39d391,StartVcmLoopGainCalc_FW
0xfc39d3ad,GetVcmLoopGainCalcData_FW
0xfc39d3e3,StopVcmLoopGainCalc_FW
0xfc39d3ed,ShowFocusLensIrisCoefficientCheckSum_FW
0xfc39d549,ResetIris_FW
0xfc39d567,MoveIrisToStandbyPosition_FW
0xfc39d585,MoveIrisWithAv
0xfc39d585,MoveIrisWithAv_FW
0xfc39d5a7,MoveIrisWithAvAndSpeed_FW
0xfc39d5cf,MoveIrisToPositionWithBacklash_FW
0xfc39d5f1,MoveIrisToTerminatePosition_FW
0xfc39d60f,MoveIrisToFullOpen_FW
0xfc39d62d,MoveIrisToFullClose_FW
0xfc39d64b,j_GetIrisAv_FW
0xfc39d64f,j_GetIrisCurrentPosition_FW
0xfc39d653,MoveIrisWithAvWithoutBacklash_FW
0xfc39d675,MoveIrisToPositionWithoutBacklash_FW
0xfc39d697,MoveIrisWithAvAndSpeedWithoutBacklash_FW
0xfc39d6bf,EnableIris_FW
0xfc39d6d9,DisableIris_FW
0xfc39d6f3,j_GetIrisSpecOpenPosition_FW
0xfc39d6f7,j_GetIrisSpecClosePosition_FW
0xfc39d6fb,j_GetIrisDriveVoltage_FW
0xfc39d6ff,SetIrisDriveVoltage_FW
0xfc39d70b,j_GetIrisDriveVoltageLow_FW
0xfc39d70f,SetIrisDriveVoltageLow_FW
0xfc39d71b,j_GetIrisSettingWaitVoltage_FW
0xfc39d71f,SetIrisSettingWaitVoltage_FW
0xfc39d72b,j_GetIrisHoldVoltage_FW
0xfc39d72f,SetIrisHoldVoltage_FW
0xfc39d73b,ChangeIrisSpeed_FW
0xfc39d755,MoveIrisWithAvAndAvSpeed_FW
0xfc39d77d,MoveIrisWithAvAndAvSpeedWithoutBacklash_FW
0xfc39d7e5,MoveLensToFirstPoint_FW
0xfc39d81b,MoveLensToTerminatePoint_FW
0xfc39d843,j_IsLensOutside_FW
0xfc39d847,j_GetLensErrorStatus_FW
0xfc39d84b,j_GetFocusStartZoomPosition_FW
0xfc39d84f,EnableLensError_FW
0xfc39d859,DisableLensError_FW
0xfc39d863,SetLensOutsideFlag_FW
0xfc39d86f,ShowMechaCondition_FW
0xfc39d9c5,WriteMechaLogToRom_FW
0xfc39d9d9,WriteMechaLogToFile_FW
0xfc39d9f5,EnableMechaCircuit_FW
0xfc39d9ff,DisableMechaCircuit_FW
0xfc39da09,EnableFocusPiCircuit_FW
0xfc39da13,DisableFocusPiCircuit_FW
0xfc39da1d,j_GetFocusPiSensorLevel_FW
0xfc39da21,EnableZoomPiCircuit_FW
0xfc39da2b,DisableZoomPiCircuit_FW
0xfc39da35,j_GetZoomPiSensorLevel_FW
0xfc39da39,EnableZoomEncoderCircuit_FW
0xfc39da43,DisableZoomEncoderCircuit_FW
0xfc39da4d,j_GetMechaDeviceComparatorThreshold_FW
0xfc39da51,SetMechaDeviceComparatorThreshold_FW
0xfc39da5f,j_GetMechaDeviceComparatorHysteresis_FW
0xfc39da63,SetMechaDeviceComparatorHysteresis_FW
0xfc39da71,SendMechaCircuitData_FW
0xfc39da87,ReceiveMechaCircuitData_FW
0xfc39da9f,ReceiveMechaCircuitDataAll_FW
0xfc39dabd,GetExMechaCpuFirmVersion_FW
0xfc39dac1,MonSelToCamif_FW
0xfc39db1d,MonSelCamifFunction_FW
0xfc39db99,CloseMechaShutter_FW
0xfc39dbb7,OpenMechaShutter_FW
0xfc39dbd5,CloseMechaShutterWithTiming_FW
0xfc39dbff,SetMechaShutterCloseDacSetting_FW
0xfc39dc0f,GetMechaShutterCloseDacSetting_FW
0xfc39dc2b,SetMechaShutterOpenDacSetting_FW
0xfc39dc3b,GetMechaShutterOpenDacSetting_FW
0xfc39dc57,SetMechaShutterWaitTimeSetting_FW
0xfc39dc63,j_GetMechaShutterStatus_FW
0xfc39dc67,j_GetMechaShutterMoveTime_FW
0xfc39dc6b,SetMechaShutterMoveTime_FW
0xfc39dcd9,ResetZoomLens_FW
0xfc39dcf7,ResetZoomLensToFirst_FW
0xfc39dd23,ResetZoomLensToTerminate_FW
0xfc39dd4f,MoveZoomLensWithPoint
0xfc39dd4f,MoveZoomLensWithPoint_FW
0xfc39dd7f,MoveZoomLensWithPointImmediateReturn_FW
0xfc39dd91,WaitMoveZoomLensComplete_FW
0xfc39ddaf,MoveZoomLensWithPosition_FW
0xfc39dde1,MoveZoomLensToTerminatePosition_FW
0xfc39de0f,SetZoomLensSpeedMode_FW
0xfc39de1b,j_GetZoomLensCurrentPoint_FW
0xfc39de1f,j_GetZoomLensCurrentPosition_FW
0xfc39de23,j_GetZoomLensTelePoint_FW
0xfc39de27,j_GetZoomLensMechaEdgePosition_FW
0xfc39de2b,EnableZoomLensEncoderPowerControl_FW
0xfc39de35,DisableZoomLensEncoderPowerControl_FW
0xfc39de3f,EnableZoomLensResetEscapeMove_FW
0xfc39de49,DisableZoomLensResetEscapeMove_FW
0xfc39de53,ChangeZoomLensPointToMagnification_FW
0xfc39de5b,ChangeZoomLensMagnificationToPoint_FW
0xfc39de63,AdjustZoomEncoderPi_FW
0xfc39de67,j_GetZoomLensEncPhase_FW
0xfc39de6b,j_GetZoomLensEncDuty_FW
0xfc39de6f,SetZoomLensEncLedDuty_FW
0xfc39de7d,UsmMenu_FW
0xfc39df03,UsmGainGet_FW
0xfc39df39,UsmGainAllSet_FW
0xfc39df6d,UsmGainSet_FW
0xfc39df95,UsmGainChangeSpeedGet_FW
0xfc39dfbf,UsmGainChangeSpeedSet_FW
0xfc39dfe3,UsmLGainGet_FW
0xfc39dff5,UsmLGainSet_FW
0xfc39e011,UsmEncLevel_FW
0xfc39e3ab,UsmWowFla_FW
0xfc39e46f,UsmWowFlaForSD_FW
0xfc39e9db,UsmFN_FW
0xfc39eaad,UsmFNForSD_FW
0xfc39ecd3,EnableUsmTfMeasure_FW
0xfc39ecdd,DisableUsmTfMeasure_FW
0xfc39ecf5,ISAutoCenter_FW
0xfc39ecff,StartISLocalAdjust_FW
0xfc39ed09,j_StartISLocalHallAdjust_FW
0xfc39ed0d,j_StartISLocalAutoCenter_FW
0xfc39ed11,ISMoveToMechaEdgeOPEN_FW
0xfc39ed1f,ISChangeOPENtoCLOSE_FW
0xfc39ed29,SetISDriveAaxis_FW
0xfc39ed37,SetISDriveBaxis_FW
0xfc39ed45,SetISHallOffsetAaxis_FW
0xfc39ed53,SetISHallOffsetBaxis_FW
0xfc39ed61,SetISHallOffsetbyAxisType_FW
0xfc39ed75,SetISHallGainAaxis_FW
0xfc39ed83,SetISHallGainBaxis_FW
0xfc39ed91,SetISHallGainbyAxisType_FW
0xfc39eda5,SetISGyroGainAaxis_FW
0xfc39edb3,SetISGyroGainBaxis_FW
0xfc39edc1,SetISGyroGainbyAxisType_FW
0xfc39edd5,GetISDriveAaxis_FW
0xfc39ede9,GetISDriveBaxis_FW
0xfc39edfd,GetISPositionAaxis_FW
0xfc39ee11,GetISPositionBaxis_FW
0xfc39ee25,GetISHallOffsetAaxis_FW
0xfc39ee39,GetISHallOffsetBaxis_FW
0xfc39ee4d,GetISHallOffsetbyAxisType_FW
0xfc39ee69,GetISHallGainAaxis_FW
0xfc39ee7d,GetISHallGainBaxis_FW
0xfc39ee91,GetISHallGainbyAxisType_FW
0xfc39eead,GetISGyroGainAaxis_FW
0xfc39eec1,GetISGyroGainBaxis_FW
0xfc39eed5,GetISGyroGainbyAxisType_FW
0xfc39eef1,j_GetGyroDataPitch_FW
0xfc39eef5,j_GetGyroDataYaw_FW
0xfc39eef9,SetGyro10BitDACPitch_FW
0xfc39ef07,SetGyro10BitDACYaw_FW
0xfc39ef15,j_GetGyro10BitDACPitch_FW
0xfc39ef19,j_GetGyro10BitDACYaw_FW
0xfc39ef1d,SetGyroHPFINOffsetPitch_FW
0xfc39ef2b,SetGyroHPFINOffsetYaw_FW
0xfc39ef39,j_GetGyroHPFINOffsetPitch_FW
0xfc39ef3d,j_GetGyroHPFINOffsetYaw_FW
0xfc39ef41,j_GetGyroHPFINPitch_FW
0xfc39ef45,j_GetGyroHPFINYaw_FW
0xfc39ef49,SetISTuningFlag_FW
0xfc39ef57,SetGyroFilterChargeStart_FW
0xfc39ef5b,SetGyroFilterChargeStop_FW
0xfc39ef5f,GetGyroFilterCharge_FW
0xfc39ef73,GetISFirmVersion_FW
0xfc39ef8d,GetMechaDSPVersion_FW
0xfc39efa7,GetISParamVersion_FW
0xfc39efc1,SetZoomPosition_FW
0xfc39efcf,ISControlStart_FW
0xfc39efd9,ISControlStop_FW
0xfc39efe3,ISPanModeStart_FW
0xfc39efed,ISPanModeStop_FW
0xfc39eff7,SetISControlType_FW
0xfc39f005,FixISStatus_FW
0xfc39f013,SetISStillStatus_FW
0xfc39f01d,ChangeParallelMode_FW
0xfc39f02b,SetLPFParallelBest_FW
0xfc39f03f,GetLPFParallelBest_FW
0xfc39f061,SelectPositionSignal_FW
0xfc39f06f,ClearISIComponent_FW
0xfc39f079,SetISHPFCutoff_FW
0xfc39f087,ClearISZData_FW
0xfc39f091,GetISHallOut1Amp_FW
0xfc39f0ab,ISMDStart_FW
0xfc39f0b5,ISMDStop_FW
0xfc39f0bf,SetISLPFAaxis_FW
0xfc39f0cd,SetISLPFBaxis_FW
0xfc39f0db,EnableISDriveError_FW
0xfc39f0e5,DisableISDriveError
0xfc39f0e5,DisableISDriveError_FW
0xfc39f0ef,EnableISAutoGyroOffset_FW
0xfc39f0f9,DisableISAutoGyroOffset_FW
0xfc39f103,SetISHallAmpFirstGain_FW
0xfc39f111,GetISHallAmpFirstGain_FW
0xfc39f12d,StartLoopGainCalc_FW
0xfc39f14d,GetLoopGainCalcData_FW
0xfc39f183,SetLoopGainAdjValue_FW
0xfc39f195,GetLoopGainAdjValue_FW
0xfc39f3e9,StopLoopGainCalc_FW
0xfc39f3f3,GetISCrossTalkComp_FW
0xfc39f42f,SetISCrossTalkCompA1_FW
0xfc39f43d,SetISCrossTalkCompA2_FW
0xfc39f44b,SetISCrossTalkCompB1_FW
0xfc39f459,SetISCrossTalkCompB2_FW
0xfc39f467,SetDISModeParam_FW
0xfc39f475,GetDISModeParamType_FW
0xfc39f489,DisableDISModeChange_FW
0xfc39f493,EnableDISModeChange_FW
0xfc39f49d,SetISAdjData_FW
0xfc39f4a7,SetISCenterShiftA_FW
0xfc39f4b5,SetISCenterShiftB_FW
0xfc39f4c3,GetISCenterShiftA_FW
0xfc39f4d5,GetISCenterShiftB_FW
0xfc39f4e7,EnableMacroIS_FW
0xfc39f4f1,DisableMacroIS_FW
0xfc39f4fb,StartMacroISContiMode_FW
0xfc39f505,StartMacroISAdjust_FW
0xfc39f50f,StopMacroISAdjust_FW
0xfc39f519,GetMacroISEstimRadiusA_FW
0xfc39f52b,GetMacroISEstimRadiusB_FW
0xfc39f53d,SetISFocusLensDistance_FW
0xfc39f547,GetMacroISGainA_FW
0xfc39f559,GetMacroISGainB_FW
0xfc39f56b,SetMacroISGainA_FW
0xfc39f579,SetMacroISGainB_FW
0xfc39f587,GetMacroISAngleAndVelocityA_FW
0xfc39f5a9,GetMacroISAngleAndVelocityB_FW
0xfc39f5cb,GetAccelX_atMechaCpu_FW
0xfc39f5dd,GetAccelY_atMechaCpu_FW
0xfc39f5ef,GetAccelZ_atMechaCpu_FW
0xfc39f601,SetPoweredISON_FW
0xfc39f60d,SetPoweredISOFF_FW
0xfc39f619,ISFixedPWMON_FW
0xfc39f625,ISFixedPWMOFF_FW
0xfc39f631,SetFixedPWMOutA_FW
0xfc39f63f,SetFixedPWMOutB_FW
0xfc39f64d,j_GetFixedPWMOutA_FW
0xfc39f651,j_GetFixedPWMOutB_FW
0xfc39f655,SetISPWMFreqAndFixed_FW
0xfc39f661,SetISPWMFrequency_FW
0xfc39f66d,j_GetISPWMFrequency_FW
0xfc39f671,j_GetISPWMPeriod_FW
0xfc39f675,StartISPWMFreqChangeTest_FW
0xfc39f679,StopISPWMFreqChangeTest_FW
0xfc39f67d,MechaCPUMemoryDump_FW
0xfc39f68f,MechaCPUMemoryWrite_FW
0xfc39f6a5,ISMemoryWrite_FW
0xfc39f6b9,ISActive_FW
0xfc39f6c5,StartImStEventProc_FW
0xfc3a09f1,task_CreateHeaderTask
0xfc3a0ccb,task_DistTask
0xfc3a14e7,MemoryChecker_FW
0xfc3a1519,VerifyByte_FW
0xfc3a15d1,GetDramManufactureId_FW
0xfc3a15d9,GetDramRevision_FW
0xfc3a15e1,GetDramRfu_FW
0xfc3a15e9,GetDramDensity_FW
0xfc3a15f1,GetDramTypeError_FW
0xfc3a41af,GetFaceAuthBinAddr_FW
0xfc3a41b3,GetFaceAuthBinSize_FW
0xfc3a41b9,IsOKFaceAuthBinFile_FW
0xfc3a454f,SDump_FW
0xfc3a4681,FreeMemory_FW
0xfc3a4687,AllocateMemory_FW
0xfc3a4699,Peek32_FW
0xfc3a469d,Peek16_FW
0xfc3a46a3,Peek8_FW
0xfc3a46a9,GetSystemTime
0xfc3a46a9,GetSystemTime_FW
0xfc3a46b5,exec_FW
0xfc3a4779,MakeBootDisk_FW
0xfc3a4785,MakeScriptDisk_FW
0xfc3a4935,task_ImagePlaySysConTask
0xfc3a6805,task_ImageRetryConTask
0xfc3fb371,StopCaptureDrive_FW
0xfc3fbb25,CancelImageDrive_FW
0xfc3fbbab,StartCaptureDrive_FW
0xfc3fbbaf,CaptureWithParam_FW
0xfc3fbbd7,ChangeImageDrive_FW
0xfc3fbbe3,GetCrwImageInfo_FW
0xfc3fbc43,GetRawBufferAdd_FW
0xfc3fbc5d,ActivateImageDrive_FW
0xfc3fbc8f,QuietImageDrive_FW
0xfc3fbcb3,j_ClearImageDrive_FW
0xfc3fbcb7,GetCrwInfoData_FW
0xfc3fbcbf,DoMemToMemDarkSubtraction_FW
0xfc3fbcc3,SetSafImageReadOutType_FW
0xfc3fbcc5,SetSafImagePredictMode_FW
0xfc3fbcc9,SetSafImageWindowHArea_FW
0xfc3fbccd,EnableHeadDirectCapturePath_FW
0xfc3fbccf,DisableHeadDirectCapturePath_FW
0xfc3fbcd1,SetLtkidsCorrectThroughMode_FW
0xfc3fbcd3,SetLtkidsRealtimeCorrectThroughMode_FW
0xfc3fbcd5,SetSafPPPBypassMode_FW
0xfc3fbcd7,SetSafFPGABypassMode_FW
0xfc3fbcd9,CorrectMvFrMem2MemAfterDefMark_FW
0xfc3fbe87,ShowCurrentExp_FW
0xfc3fbeb5,SetAE_ShutterSpeed
0xfc3fbeb5,SetAE_ShutterSpeed_FW
0xfc3fbf27,FocusAEWithCompensation_FW
0xfc3fbf75,SetAE_CdsGainValue_FW
0xfc3fbf9b,FixAEWithCompensation_FW
0xfc3fbfd9,SetAdj_AEMode_FW
0xfc3fc015,CancelAdj_AEMode_FW
0xfc3fc03b,PreFixAE_FW
0xfc3fc133,AfAEWithAperturePriority_FW
0xfc3fc161,AdjAEWithAperturePriority_FW
0xfc3fc193,SleepAE_FW
0xfc3fc311,AfAEWithCompensation_FW
0xfc3fc3b1,GetVideoOutType_FW
0xfc3fc401,SwitchOffDisplay_FW
0xfc3fc439,SwitchOnDisplay_FW
0xfc3fc443,j_GetVideoOutType_FW
0xfc3fc471,SetVideoOutType_FW
0xfc3fc47d,IsEVFDrive_FW
0xfc3fc495,j_IsEVFDrive_FW
0xfc3fc4bb,StopEVFDrive_FW
0xfc3fc6d1,StartEVFDriveWithMode_FW
0xfc3fc6f9,StartEVFDrive_FW
0xfc3fc731,IsEvfDriveMode_FW
0xfc3fca51,GetSumYOfVRAMCenterLine_FW
0xfc3fca95,j_GetVRAMHPixelsSize_FW
0xfc3fca9d,j_GetVRAMVPixelsSize_FW
0xfc3fcaa5,StopContinuousVRAMData_FW
0xfc3fcaf9,GetContinuousVRAMData_FW
0xfc3fcfa1,GetPixelsOfViewangle_FW
0xfc3fcfff,GetContinuousVRAMDataWithRingBuffer_FW
0xfc3fd05d,j_GetMovieJpegVRAMHPixelsSize_FW
0xfc3fd065,j_GetMovieJpegVRAMVPixelsSize_FW
0xfc3fd0b3,GetContinuousMovieJpegVRAMData_FW
0xfc3fd0fd,ChangeDistortionSetForLiveImage_FW
0xfc3fd115,ChangeElectronicRollISSetting_FW
0xfc3fd333,Bat_VIN_FW
0xfc3fd333,SetInputVoltage_FW
0xfc3fd33f,Bat_Save_FW
0xfc3fd33f,SaveBatSenseOffsetAdjustmentTable_FW
0xfc3fd349,SetImageMode_FW
0xfc3fd34d,CalcLowBatteryOffsetValue_FW
0xfc3fd369,SetDate_FW
0xfc3fd3f1,SetYear_FW
0xfc3fd429,SetMonth_FW
0xfc3fd45d,SetDay_FW
0xfc3fd497,SetHour_FW
0xfc3fd4cf,SetMinute_FW
0xfc3fd507,SetSecond_FW
0xfc3fd53f,GetYear_FW
0xfc3fd55b,GetMonth_FW
0xfc3fd573,GetDay_FW
0xfc3fd589,GetHour_FW
0xfc3fd59f,GetMinute_FW
0xfc3fd5b5,GetSecond_FW
0xfc3fd5cb,SetLangMenuType_FW
0xfc3fd5ff,SaveFromImage_FW
0xfc3fd7a7,SetFactorySerialNumber_FW
0xfc3fd7b7,LoadFactoryNumber_FW
0xfc3fd827,j_LoadFactoryNumber_FW
0xfc3fd829,LoadSerialNumber_FW
0xfc3fd899,j_LoadSerialNumber_FW
0xfc3fd89b,GetLastVBatADLevel_FW
0xfc3fd8a1,j_GetLastVBatADLevel_FW
0xfc3fd8a3,j_GetVBatVoltage_FW
0xfc3fd8a7,SaveFactoryReserveData_FW
0xfc3fd8d9,j_GetDCPAdjOffset_FW
0xfc3fd8dd,SetWindowSystemDrawSetting_FW
0xfc3fd8e9,GetEFUSEData_FW
0xfc3fd8f5,j_GetEFUSEData_FW
0xfc3fd8fb,j_TurnOffCamera_FW
0xfc3fdac5,InitializeMechaDevice_FW
0xfc3fdae7,TerminateMechaDevice_FW
0xfc3fdb79,CreateJumptable
0xfc3ff58b,SetScanLensIndex_FW
0xfc3ff623,SetScanWindowMode_FW
0xfc3ff7a5,SelectAdjBPFilter_FW
0xfc3ff7bf,SetAdjAFWinPos_FW
0xfc3ff7f7,SetBPFilterForBP_FW
0xfc3ff817,CancelBPFilterForBP_FW
0xfc3ff979,StartAdjAFService_FW
0xfc3ffa21,StopAdjAFService_FW
0xfc3ffb8d,GetAdjAFInteg_FW
0xfc3ffbc5,StopAdjAFInteg_FW
0xfc3ffbcf,StartAdjAFInteg_FW
0xfc3ffbdf,SetAdjAFIntegCrwAdd_FW
0xfc4000c7,StopCustomScan_FW
0xfc4000d1,StartCustomScan_FW
0xfc400111,StartCrwCustomScan_FW
0xfc4006e5,CalculatePeakPosByLS_FW
0xfc400751,CalculateInterpolationByLS_FW
0xfc400779,ReloadAFAdjustment_FW
0xfc4007f5,PrintScanTable_FW
0xfc400949,PrintMultiWinScanTable_FW
0xfc4010b5,HitISLensAgainstTopEdge_FW
0xfc4010c1,HitISLensAgainstBottomEdge_FW
0xfc4010cd,HitISLensAgainstLeftEdge_FW
0xfc4010d9,HitISLensAgainstRightEdge_FW
0xfc4010e5,HitISLensToMechaEdge_FW
0xfc4010f1,MoveISLensToRightLimitPosition_FW
0xfc4010fd,MoveISLensToLeftLimitPosition_FW
0xfc401109,MoveISLensToBottomLimitPosition_FW
0xfc401115,MoveISLensToTopLimitPosition_FW
0xfc401121,MoveISLensToLimitPosition_FW
0xfc40112d,SearchBCentralPosition_FW
0xfc40112d,SearchISLensCentralPosition_FW
0xfc401137,StopBDrive_FW
0xfc401137,StopISAdjustmentDrive_FW
0xfc401137,StopISDrive_FW
0xfc401141,StartBDrive_FW
0xfc401141,StartISAdjustmentDrive_FW
0xfc401141,StartISDrive_FW
0xfc40114b,StopBPanDrive_FW
0xfc40114b,StopISPanDrive_FW
0xfc401155,SetISControllMode_FW
0xfc401163,StartBPanDrive_FW
0xfc401163,StartISPanDrive_FW
0xfc40116d,WriteHallDeviceAdjustment_FW
0xfc401177,WriteGyroAdjustment_FW
0xfc401181,WritePWMAdjustment_FW
0xfc4011c3,SetISPitchPWM_FW
0xfc4011cb,SetISYawPWM_FW
0xfc4011d3,SetISLensDriveValue_FW
0xfc4011dd,SetISGyroYawGain_FW
0xfc4011e5,SetISGyroPitchGain_FW
0xfc4011ed,SetISLensGyroGain_FW
0xfc4011f7,SetISHallDeviceYawGain_FW
0xfc4011ff,SetISHallDevicePitchGain_FW
0xfc401207,SetISLensHallGain_FW
0xfc401211,SetISHallDeviceYawOffset_FW
0xfc401219,SetISHallDevicePitchOffset_FW
0xfc401221,SetISLensHallOffset_FW
0xfc40122b,SetZoomPointToIS_FW
0xfc401247,GetISLens1stHallAmpValue_FW
0xfc401257,GetISHallOffsetDACValue_FW
0xfc40125b,GetISLensEViAaxis_FW
0xfc401261,GetISLensEViBaxis_FW
0xfc401267,GetISLensCorrectedEViAaxis_FW
0xfc40126d,GetISLensCorrectedEViBaxis_FW
0xfc401273,GetISLensDampAaxis_FW
0xfc401277,GetISLensDampBaxis_FW
0xfc40127b,SetISLPFCutOffFreqAaxis_FW
0xfc401281,SetISLPFCutOffFreqBaxis_FW
0xfc401287,SetLPFForParallelFilter_FW
0xfc401297,SetISCutOffFreqIndex_FW
0xfc401297,SetISHPFCutOffFreqIndex_FW
0xfc4012a3,ChangeFilterMode_FW
0xfc4012af,HitISMechaEdgeInOpenControl_FW
0xfc4012bd,ChangeToISCloseControl_FW
0xfc4012c7,SetISGyroHPFINOffsetPitch_FW
0xfc4012cd,SetISGyroHPFINOffsetYaw_FW
0xfc4012d3,SetISGyroOffsetHPFINData_FW
0xfc4012db,SetISGyro10BitDACPitch_FW
0xfc4012e1,SetISGyro10BitDACYaw_FW
0xfc4012e7,SetISGyroOffset10BitDACData_FW
0xfc4012ef,GetISGyroDataPitch_FW
0xfc4012f3,GetISGyroDataYaw_FW
0xfc4012f7,GetISGyroData_FW
0xfc4012fb,GetISGyroHPFINPitch_FW
0xfc4012ff,GetISGyroHPFINYaw_FW
0xfc401303,GetISHPFINGyroData_FW
0xfc401307,GetISGyro10BitDACPitch_FW
0xfc40130b,GetISGyro10BitDACYaw_FW
0xfc40130f,GetISGyroOffset10BitDACData_FW
0xfc401313,GetISGyroHPFINOffsetPitch_FW
0xfc401317,GetISGyroHPFINOffsetYaw_FW
0xfc40131b,GetISGyroOffsetHPFINData_FW
0xfc40131f,SetISGyroFilterCharge_FW
0xfc40132b,SetISTuningMode_FW
0xfc401339,SetISTuningOff_FW
0xfc401345,SetISGyroCompensationMode_FW
0xfc401357,CalcLoopGain_FW
0xfc401395,GetLoopGainCalcData_FW
0xfc4013b7,SetLoopGain_FW
0xfc4013c9,GetLoopGain_FW
0xfc4013cf,SetISLensPWMMode_FW
0xfc4013db,SetDISModeParameter_FW
0xfc4013e9,GetGyroFilterChargeStatus_FW
0xfc4013f7,j_GetDISModeParameter_FW
0xfc4013fb,SetISCrossTalkCompCoeff_FW
0xfc40140d,GetISCrossTalkCompCoeff_FW
0xfc401411,StartISAdjustMacro_FW
0xfc40141b,StopISAdjustMacro_FW
0xfc401425,GetMacroISGain_FW
0xfc401429,SetMacroISGain_FW
0xfc40143b,GetMacroISEstimateRadius_FW
0xfc40143f,GetMacroISEstimateVelocity_FW
0xfc40145f,SetISMacroMode_FW
0xfc40146b,NotifyISMacroDistance_FW
0xfc401475,GetISHallDevicePitchOffset_FW
0xfc40147b,GetISHallDeviceYawOffset_FW
0xfc4014c9,GetISLensHallOffset_FW
0xfc4014cf,GetISHallDevicePitchGain_FW
0xfc4014d5,GetISHallDeviceYawGain_FW
0xfc4014db,GetISLensHallGain_FW
0xfc4014e1,GetISPitchPWM_FW
0xfc4014e7,GetISYawPWM_FW
0xfc4014ed,GetISLensDriveValue_FW
0xfc4014f3,GetISShiftLensPitchPosition_FW
0xfc4014f7,GetISShiftLensYawPosition_FW
0xfc4014fb,GetISLensPositionValue_FW
0xfc4014ff,GetISGyroPitchGain_FW
0xfc401505,GetISGyroYawGain_FW
0xfc40150b,GetISLensGyroGain_FW
0xfc401511,ClearISCalcZData_FW
0xfc40151b,CancelLoopGainCalc_FW
0xfc401525,ReloadISAdjustment_FW
0xfc40152f,MoveISLensToCentralPosition_FW
0xfc401539,GetISHallOffsetDAConvertValue_FW
0xfc402fb9,task_ImgPlyTask
0xfc4030c5,task_ImgPlyLowTask
0xfc4032e5,StartVcmControl_FW
0xfc4032ef,StopVcmControl_FW
0xfc4032f9,SetVcmTargetPosition_FW
0xfc403307,j_GetVcmTargetPosition_FW
0xfc40330b,SetVcmTargetSpeed_FW
0xfc403317,j_GetVcmCurrentPosition_FW
0xfc40331b,MoveVcm_FW
0xfc403325,MoveVcmWithTrigger_FW
0xfc40332f,StopVcm_FW
0xfc403339,StopVcmEmergency_FW
0xfc403343,EnableVcmSettingWait_FW
0xfc40334d,DisableVcmSettingWait_FW
0xfc403357,j_GetVcmPiPosition_FW
0xfc40335b,j_GetVcmPiStatus_FW
0xfc40335f,j_GetVcmAlarm_FW
0xfc403363,j_GetVcmVdPosition_FW
0xfc403367,SetVcmSrAPos_FW
0xfc403373,SetVcmSrBPos_FW
0xfc40337f,j_GetVcmSrAPos_FW
0xfc403383,j_GetVcmSrBPos_FW
0xfc403387,j_GetVcmSrCompPos_FW
0xfc40338b,SetVcmSrSOffset_FW
0xfc403399,SetVcmSrCOffset_FW
0xfc4033a7,j_GetVcmSrSOffset_FW
0xfc4033ab,j_GetVcmSrCOffset_FW
0xfc4033af,SetVcmSrSGain_FW
0xfc4033bd,SetVcmSrCGain_FW
0xfc4033cb,SetVcmSrHGain_FW
0xfc4033d9,j_GetVcmSrSGain_FW
0xfc4033dd,j_GetVcmSrCGain_FW
0xfc4033e1,j_GetVcmSrHGain_FW
0xfc4033e5,SetVcmSrRefV_FW
0xfc4033f3,j_GetVcmSrRefV_FW
0xfc4033f7,SetVcmSrSPosPeak_FW
0xfc403405,SetVcmSrSNegPeak_FW
0xfc403413,SetVcmSrCPosPeak_FW
0xfc403421,SetVcmSrCNegPeak_FW
0xfc40342f,j_GetVcmSrSPosPeak_FW
0xfc403433,j_GetVcmSrSNegPeak_FW
0xfc403437,j_GetVcmSrCPosPeak_FW
0xfc40343b,j_GetVcmSrCNegPeak_FW
0xfc40343f,j_GetVcmSrSAdValue_FW
0xfc403443,j_GetVcmSrCAdValue_FW
0xfc403447,j_GetVcmSrPositionOffset_FW
0xfc40344b,EnableVcmSrAmplitudeComp_FW
0xfc403455,DisableVcmSrAmplitudeComp_FW
0xfc40345f,SetVcmPwmFrequency_FW
0xfc40346b,j_GetVcmPwmFrequency_FW
0xfc40346f,EnableVcmOpenDrive_FW
0xfc403479,DisableVcmOpenDrive_FW
0xfc403483,SetVcmOpenDriveDuty_FW
0xfc403491,j_GetVcmOpenDriveDuty_FW
0xfc403495,SetVcmPGain_FW
0xfc4034a3,SetVcmIGain_FW
0xfc4034b1,SetVcmDGain_FW
0xfc4034bf,j_GetVcmPGain_FW
0xfc4034c3,j_GetVcmIGain_FW
0xfc4034c7,j_GetVcmDGain_FW
0xfc4034cb,SetVcmEViClamp_FW
0xfc4034d9,j_GetVcmEViClamp_FW
0xfc4034dd,SetVcmParamLPF2_FW
0xfc4034f1,GetVcmParamLPF2_FW
0xfc4034fb,SetVcmParamPLF_FW
0xfc40350f,GetVcmParamPLF_FW
0xfc403519,SetVcmPiDefaultPosition_FW
0xfc403527,SetVcmPiRiseThresholdLevel_FW
0xfc403535,SetVcmPiFallThresholdLevel_FW
0xfc403543,j_GetVcmPiAdValue_FW
0xfc403547,SetVcmScaleResetThreshold_FW
0xfc403555,j_GetVcmScaleResetThreshold_FW
0xfc403559,EnableVcmTravelTimeMeasure_FW
0xfc403563,DisableVcmTravelTimeMeasure_FW
0xfc40356d,SetVcmTravelTimeMeasurePosition_FW
0xfc403581,j_GetVcmTravelTime_FW
0xfc403585,j_GetVcmSettingWaitTime_FW
0xfc403589,GetVcmSrAd_FW
0xfc4035cd,GetVcmLog_FW
0xfc4035d7,SetVcmLogData_FW
0xfc4035e5,SetVcmLogSampleTime_FW
0xfc4035f3,SetVcmLogTrigger_FW
0xfc403601,j_GetVcmLogData_FW
0xfc403605,j_GetVcmLogSampleTime_FW
0xfc403609,j_GetVcmLogTrigger_FW
0xfc40360d,EnableVcmDacOut_FW
0xfc403617,DisableVcmDacOut_FW
0xfc403621,SetVcmDacOutData_FW
0xfc40362f,j_GetVcmDacOutData_FW
0xfc403633,EnableVcmObs_FW
0xfc40363d,DisableVcmObs_FW
0xfc403661,task_TricEncVTask
0xfc403f8f,task_TricEncMsgTask
0xfc404981,task_TricInitTask
0xfc41e355,GetMemInfo
0xfc41ee59,mktime_ext
0xfc41fc57,task_ImgPlyTask
0xfc41fe09,task_ImgPlyTsk2
0xfc430ac9,task_FaceScoreTask
0xfc433e71,UIFS_CtrlManControllerAnytimeTop_FW
0xfc433e77,UIFS_IsAvailableMovieRecOptZoom_FW
0xfc433e7b,UIFS_IsAvailableMovieRecDigZoom_FW
0xfc433e7f,UIFS_IsAvailableServoAF_FW
0xfc433e83,UIFS_IsAvailableRecMenuAFMode_FW
0xfc433e87,UIFS_IsAutoPopupDownStrobe_FW
0xfc433e8b,UIFS_IsAvailableAvTvMode_FW
0xfc433e8f,UIFS_IsAvailablePowerZoom_FW
0xfc433fa7,UIFS_SetDialStillRec_FW
0xfc433fc1,UIFS_SetDialMovieRec_FW
0xfc433fef,UIFS_SetDialPlay_FW
0xfc434009,UIFS_OpenPopupStrobe_FW
0xfc43402b,UIFS_ClosePopupStrobe_FW
0xfc43404f,UIFS_MountExtFlash_FW
0xfc434071,UIFS_UnmountExtFlash_FW
0xfc434095,UIFS_ConnectVideo_FW
0xfc4340b9,UIFS_DisconnectVideo_FW
0xfc4340dd,j_UIFS_MoveZoomTo_FW
0xfc4340e1,j_UIFS_GetNumOfOptZoomPos_FW
0xfc4340e5,UIFS_StopPostingUIEvent_FW
0xfc4340e7,UIFS_RestartPostingUIEvent_FW
0xfc4340e9,UIFS_PostModeDial_FW
0xfc434105,j_UIFS_Capture_FW
0xfc434109,j_UIFS_CaptureNoneStop_FW
0xfc43410d,j_UIFS_StartMovieRecord_FW
0xfc434111,j_UIFS_StopMovieRecord_FW
0xfc434115,UIFS_StartClockMode_FW
0xfc43411f,UIFS_EndClockMode_FW
0xfc434129,UIFS_SetCradleSetting_FW
0xfc43412b,j_UIFS_WriteFirmInfoToFile_FW
0xfc43412f,j_UIFS_GetMovieRecoadableNumber_FW
0xfc434133,j_UIFS_GetStillShotableNumber_FW
0xfc434137,UIFS_ChangeShootState_FW
0xfc43414d,UIFS_ShootSeqToUI_FW
0xfc434163,UIFS_GetLastPath_FW
0xfc434187,UIFS_GetAvItemCount_FW
0xfc4341c5,UIFS_GetTvItemCount_FW
0xfc434205,UIFS_GetAvItem_FW
0xfc434229,UIFS_GetTvItem_FW
0xfc43424d,UIFS_GetCurrentAvString_FW
0xfc4342a5,UIFS_GetCurrentTvString_FW
0xfc434303,j_UIFS_IsAvailableShots_FW
0xfc434307,UIFS_IsOperationEvent_FW
0xfc434329,j_UIFS_StartMoviePlay_FW
0xfc43432d,j_UIFS_GetNumberOfDisplayedImage_FW
0xfc434331,j_UIFS_PlayTrimExecuteAllImageSize_FW
0xfc434335,j_UIFS_WirelessExecuteSendForever_FW
0xfc434339,j_UIFS_CancelStoreLensTimer_FW
0xfc43433d,j_UIFS_DisplayFirmUpdateView_FW
0xfc434341,UI.CreatePublic_FW
0xfc434ddd,UI_ShowStateOfRecMode_FW
0xfc434def,UI.Create_FW
0xfc434def,UI_RegistDebugEventProc_FW
0xfc435495,UIFS_DisplayFirmUpdateView_FW
0xfc43597f,UIFS_StartMoviePlay_FW
0xfc437499,qsort
0xfc45c4f5,GetCurrentAdjImgDriveType_FW
0xfc45c501,GetCurrentImgDrvMode_FW
0xfc45c51b,ConvertAEIntegDrvTypeToAdjImgDriveType_FW
0xfc45c545,ConvertAdjImgDrvModeToAdjImgDriveType_FW
0xfc45c581,ChangeAdjImgDrvMode_FW
0xfc45c5a1,ChangeAEIntegDrvTypeToAdjImgDriveType_FW
0xfc45c7bb,j_GetCurrentZoomLensPosition_FW
0xfc45c7bb,j_GetCurrentZoomPosition_FW
0xfc45c7c3,j_GetCurrentZoomLensPoint_FW
0xfc45c7c3,j_GetCurrentZoomPoint_FW
0xfc45c7c7,GetCurrentZoomLensDirection_FW
0xfc45c7db,j_GetCurrentZoomLensDirection_FW
0xfc45c7eb,ReloadZoomAdjustment_FW
0xfc45c865,j_GetZoomTelePoint_FW
0xfc45c86d,j_GetZoomResetSensorLevel_FW
0xfc45c8a1,j_GetZoomDrivingTime_FW
0xfc45c8d3,ClearZoomDriveParam_FW
0xfc45ca75,j_IsZoomLensOutSidePosition_FW
0xfc45ca81,StopZoomEmergency_FW
0xfc45ca8f,SetZoomResetState_FW
0xfc45cadf,ResetZoom_FW
0xfc45cb01,ResetZoomToFirst_FW
0xfc45cb01,ResetZoomToFirstPoint_FW
0xfc45cb23,ResetZoomToTerminate_FW
0xfc45cb23,ResetZoomToTerminatePoint_FW
0xfc45cb45,MoveZoomLensToPosition_FW
0xfc45cb45,MoveZoomPosition_FW
0xfc45cb6b,MoveZoomLensToPoint_FW
0xfc45cb6b,MoveZoomPoint_FW
0xfc45cb91,MoveComputerZoomToPoint_FW
0xfc45cbb7,ResetZoomToAdjFirstPoint_FW
0xfc45cbe5,ResetZoomToAdjTerminatePoint_FW
0xfc45cc13,SetZoomLensEncoderPowerControl_FW
0xfc45cc1f,SetZoomSpeedMode_FW
0xfc45cc2b,GetZoomDefaultDriveParam_FW
0xfc45cc3b,SetZoomDriveParam_FW
0xfc45cc5b,GetZoomResetDriveParam_FW
0xfc45cc69,SetZoomResetDriveParam_FW
0xfc45cc89,GetZoomNormalDriveParam_FW
0xfc45cc97,SetZoomNormalDriveParam_FW
0xfc45ccb7,GetZoomDefaultCommonDriveParam_FW
0xfc45ccc3,SetZoomCommonDriveParam_FW
0xfc45cced,ClearZoomCommonDriveParam_FW
0xfc45cd09,EnableZoomEncPhaseDif_FW
0xfc45cd21,DisableZoomEncPhaseDif_FW
0xfc45cd2b,GetZoomEncPhaseDifMinAngle_FW
0xfc45cd47,j_GetZoomEncPhaseDifMinAngle_FW
0xfc45cd49,GetZoomEncPhaseDifMinDuty_FW
0xfc45cd65,j_GetZoomEncPhaseDifMinDuty_FW
0xfc45cd6b,j_GetZoomEncPhasePeriodTime_FW
0xfc45cd73,j_GetZoomEncPhaseDifMinTime_FW
0xfc45cd7b,j_GetZoomEncPhaseHighTime_FW
0xfc45cd8f,EnableZoomSpeedCont_FW
0xfc45cda9,DisableZoomSpeedCont_FW
0xfc45ce67,DisableZoomDriveLog_FW
0xfc45d1d3,SetZoomEncComparatorThreshold_FW
0xfc45d1e5,GetZoomEncComparatorThreshold_FW
0xfc45d1e9,SetZoomEncComparatorHysterisis_FW
0xfc45d1fb,GetZoomEncComparatorHysterisis_FW
0xfc45d1ff,EnableZoomDriveLog_FW
0xfc45d20b,GetZoomDriveLogRange_FW
0xfc45d271,GetZoomDriveLog_FW
0xfc45d27f,SetZoomLensCounter_FW
0xfc45d2b9,SetZoomDriveLogSampling_FW
0xfc45d2f1,SetZoomAmpereLimitOffTimeForAdjustZoom_FW
0xfc45d2fb,j_GetZoomPiDefaultPosition_FW
0xfc45df59,task_MetaCtgPrsTask
0xfc45ffd9,GetFocusLensCurrentPosition_FW
0xfc45ffdd,GetFocusLensCurrentPositionWithMotor_FW
0xfc468e21,task_ReadMultiConTask
0xfc477fa3,task_Raw2Ss2YuvTask
0xfc4a5919,zicokick_start
0xfc4a5995,zicokick_copy
0xfc4a7101,EF.GetEFModExamDriveType_FW
0xfc4a710d,EF.IsIrisTypeKosaiShibori_FW
0xfc4aadb1,Bat_Calc_FW
0xfc4aadb1,CalculateBatSenseOffset_FW
0xfc4b36c9,ConvertTvToExposureTime_FW
0xfc4b36df,j_GetCurrentExposureTime_FW
0xfc4b36eb,j_GetCurrentShutterSpeed_FW
0xfc4b3709,SetShutterSpeedWithMecha_FW
0xfc4b3741,SetShutterSpeed_FW
0xfc4b3773,GetUserSetShutterSPeed_FW
0xfc4b377f,GetShutterSpeedRegularMaxLimit_FW
0xfc4b378f,j_GetShutterSpeedRegularMaxLimit_FW
0xfc4b3791,GetShutterSpeedRegularMinLimit_FW
0xfc4b37a1,j_GetShutterSpeedRegularMinLimit_FW
0xfc4b37bd,GetFrameRateWithApex_FW
0xfc4b3e69,CalculatePeakFromLeastSquareResult_FW
0xfc4b3e83,CalculateLog2ToApex_FW
0xfc4b3e8f,CalculatePow2FromApex_FW
0xfc4b3e97,CalcLog10
0xfc4b3ec3,CalcLog10_FW
0xfc4b3edf,ConvertApexToApexStd_FW
0xfc4b3ef9,ConvertApexStdToApex_FW
0xfc4b3f3b,CalcSqrt
0xfc4b3f63,CalcSqrt_FW
0xfc4b3fa3,SetOneShotWBParam_FW
0xfc4b3fa3,SetOneTypeWBParam_FW
0xfc4b4003,OneShotWhigeBalance_FW
0xfc4b4003,OneTypeWhiteBalance_FW
0xfc4b4037,SetWBYlStandardWidth_FW
0xfc4b405f,SetReferenceWBGainForCalibration_FW
0xfc4b407d,SetToolCorrectCoefficient_FW
0xfc4b40c5,ReloadWBAdjustment_FW
0xfc4b4275,ConvertCxCyToWBGain_FW
0xfc4b435f,GetExStrobeID_FW
0xfc4b4367,IsExStrobeChargeComp_FW
0xfc4b436d,SetExStrobeMode_FW
0xfc4b4373,CancelExStrobeMode_FW
0xfc4b437b,ReloadEfAdjustment_FW
0xfc4b43a7,ChargeStrobe_FW
0xfc4b43c9,ChargeStrobeForFA_FW
0xfc4b43f7,StopStrobeChargeForFA_FW
0xfc4b440b,ExecuteInternalPreFlash_FW
0xfc4b4483,ReloadColorAdjustment_FW
0xfc4b44ff,RegistColorMatrix_FW
0xfc4b4521,j_RegistColorMatrix_FW
0xfc4b4523,UnregistColorMatrix_FW
0xfc4b452b,j_UnregistColorMatrix_FW
0xfc4b45f9,ReloadDefectAdjustmentData_FW
0xfc4b4603,ReloadFROMDefectAdjustmentData_FW
0xfc4b460d,ReloadShadingAdjustmentData_FW
0xfc4b4617,SetWBTemperature_FW
0xfc4b46bf,DevelopStillPicture_FW
0xfc4b4783,CloseMShutter_FW
0xfc4b47a9,OpenMShutter_FW
0xfc4b47cb,GetMShutterStatus_FW
0xfc4b47cf,j_GetMShutterStatus_FW
0xfc4b480f,GetCdsGainValue_FW
0xfc4b4827,SetDeltaCDSGain_FW
0xfc4b4855,ReloadCdsAdjustment_FW
0xfc4b4863,GetObClampValue_FW
0xfc4b486b,SetObClamp_FW
0xfc4b486b,SetObClampValue_FW
0xfc4b486f,j_GetCdsGainValue_FW
0xfc4b4871,SetCDSGain_FW
0xfc4b4871,SetCdsGainValue_FW
0xfc4b488d,SetCdsPreGainReg_FW
0xfc4b48a3,GetCdsPreGainReg_FW
0xfc4b48a7,j_GetCdsPreGainReg_FW
0xfc4b48a9,SetSensorPreGain_FW
0xfc4b48b1,GetSensorPreGain_FW
0xfc4b48b5,GetCurrentDriveBaseSvValue_FW
0xfc4b48c9,j_GetCurrentDriveBaseSvValue_FW
0xfc4b48e1,SetCDSGainStep_FW
0xfc4b48fd,SetAdjCdsMode_FW
0xfc4b4919,CancelAdjCdsMode_FW
0xfc4b4929,IsAdjCdsMode_FW
0xfc4b4a2f,ConvertToPositionWithDistanceAndZoomPoint_FW
0xfc4b4a43,ConvertToPositionWithDistance_FW
0xfc4b4a55,ReloadFocusLensAdjustment_FW
0xfc4b4a63,j_GetFocusDefaultResetPosition_FW
0xfc4b4a6b,j_GetFocusResetPosition_FW
0xfc4b4a73,j_GetCurrentTargetDistance_FW
0xfc4b4aad,j_GetCurrentFocusLensPosition_FW
0xfc4b4aad,j_GetCurrentFocusPosition_FW
0xfc4b4acf,MoveFocusLensToTerminatePosition_FW
0xfc4b4acf,MoveFocusToTerminate_FW
0xfc4b4b5b,MoveFocusLensToPositionWithMaxSpeed_FW
0xfc4b4b83,MoveFocusLensToPositionWithSpeed_FW
0xfc4b4beb,MoveFocusLensToPosWithSpeedWithoutWait_FW
0xfc4b4c63,MoveFocusLensToPosition_FW
0xfc4b4c8f,MoveFocusPosition_FW
0xfc4b4d07,MoveFocusDistance_FW
0xfc4b4d07,MoveFocusLensToDistance
0xfc4b4d07,MoveFocusLensToDistance_FW
0xfc4b4d75,ResetFocus_FW
0xfc4b4eb3,j_IsFocusLensOutSidePosition_FW
0xfc4b4edb,SetFocusResetState_FW
0xfc4b507f,GetVcmSrDAC_FW
0xfc4b5093,j_GetVcmSrDAC_FW
0xfc4b50bd,GetVcmSrAPosition_FW
0xfc4b50d1,j_GetVcmSrAPosition_FW
0xfc4b50d3,GetVcmSrBPosition_FW
0xfc4b50e7,j_GetVcmSrBPosition_FW
0xfc4b51b3,SetVcmOpenDriveMode_FW
0xfc4b51bd,CancelVcmOpenDriveMode_FW
0xfc4b51df,EnableVcmSrAmpCorrect_FW
0xfc4b53c9,DisableVcmSrAmpCorrect_FW
0xfc4b53d3,SetVcmSrDigOffset_FW
0xfc4b53e5,GetVcmSrDigOffset_FW
0xfc4b53e9,SetVcmSrDigGain_FW
0xfc4b53fb,GetVcmSrDigGain_FW
0xfc4b53ff,SetVcmSrSignalPosPeak_FW
0xfc4b5411,SetVcmSrSignalNegPeak_FW
0xfc4b5423,GetVcmSrSignalPosPeak_FW
0xfc4b5427,GetVcmSrSignalNegPeak_FW
0xfc4b542b,SetVcmSrDAC_FW
0xfc4b5439,SetVcmSrAPosition_FW
0xfc4b5445,SetVcmSrBPosition_FW
0xfc4b5451,GetVcmSrAD_FW
0xfc4b5455,MeasureVcmDriveTimeWithPosition_FW
0xfc4b5471,DriveVcmOpenDrive_FW
0xfc4b54d3,SaveFocusResetPulse_FW
0xfc4b555f,ReloadNdFilterAdjustment_FW
0xfc4b5571,PutInNdFilter
0xfc4b5571,PutInNdFilter_FW
0xfc4b5597,PutOutNdFilter
0xfc4b5597,PutOutNdFilter_FW
0xfc524b3f,UIFS_PlayTrimExecuteAllImageSize_FW
0xfc524f83,LCDMsg_SetStr_FW
0xfc52503b,LCDMsg_SetNum_FW
0xfc5250a5,LCDMsg_SwDisp_FW
0xfc5250db,LCDMsg_Move_FW
0xfc52512f,LCDMsg_MoveRatio_FW
0xfc525169,LCDMsg_ChangeColor_FW
0xfc5251e5,LCDMsg_Delete_FW
0xfc52530f,LCDMsg_Create_FW
0xfc5253d9,LCDRect_Move_FW
0xfc52542b,LCDRect_MoveRatio_FW
0xfc5254db,LCDRect_Resize_FW
0xfc52552d,LCDRect_ResizeRatio_FW
0xfc5255d1,LCDRect_ChangeColor_FW
0xfc525669,LCDRect_SwDisp_FW
0xfc525841,LCDRect_Create_FW
0xfc5258db,LCDRect_Delete_FW
0xfc527a2d,task_CtgTotalTask
0xfc5388d9,task_DvlpCs
