0xdffc4909,GetSRAndDisableInterrupt
0xdffc491b,SetSR
0xdffc6385,CreateTask_low
0xdffc6737,get_self_task_id
0xdffc6769,createsemaphore_low
0xdffc6807,givesemaphore_low
0xdffc682f,takesemaphore_low
0xdffc6d29,get_task_properties
0xdffc6f91,dry_error_printf
0xdffc9293,SleepTask
0xdffc9293,SleepTask_FW
0xdffc93bb,CreateTask
0xdffc93bb,CreateTask_FW
0xdffc95af,ExitTask
0xdffc95af,ExitTask_FW
0xdffc95d9,CreateTask_alt
0xdffc96f5,DebugAssert
0xdffc971b,DebugAssert2
0xdffc9725,set_assert_handler
0xdffc974d,CreateEventFlag
0xdffc9787,DeleteEventFlag
0xdffc97c5,CheckAnyEventFlag
0xdffc97fb,CheckAllEventFlag
0xdffc9831,WaitForAnyEventFlag
0xdffc98b7,WaitForAllEventFlag
0xdffc9939,SetEventFlag
0xdffc9967,ClearEventFlag
0xdffc9997,GetEventFlagValue
0xdffc99e5,RegisterInterruptHandler
0xdffc9ca5,j_GetSRAndDisableInterrupt
0xdffc9ca9,j_SetSR
0xdffc9d1d,CreateMessageQueue
0xdffc9d85,DeleteMessageQueue
0xdffc9de1,ReceiveMessageQueue
0xdffc9e73,TryReceiveMessageQueue
0xdffc9ebd,PostMessageQueue
0xdffc9f3f,TryPostMessageQueue
0xdffc9f75,GetNumberOfPostedMessages
0xdffc9fd5,CreateBinarySemaphore
0xdffca023,CreateCountingSemaphore_FW
0xdffca05d,DeleteSemaphore
0xdffca05d,DeleteSemaphore_FW
0xdffca09f,TryTakeSemaphore
0xdffca0cf,TakeSemaphore
0xdffca0cf,TakeSemaphore_FW
0xdffca149,GiveSemaphore
0xdffca149,GiveSemaphore_FW
0xdffca179,GetSemaphoreValue
0xdffca1d1,CreateTaskStrictly
0xdffca1ef,CreateTaskStrictly_alt
0xdffca211,CreateMessageQueueStrictly
0xdffca22b,CreateEventFlagStrictly
0xdffca245,CreateBinarySemaphoreStrictly
0xdffca25f,CreateCountingSemaphoreStrictly
0xdffca279,CreateRecursiveLockStrictly
0xdffca2ad,TakeSemaphoreStrictly
0xdffca2e5,PostMessageQueueStrictly
0xdffca301,WaitForAnyEventFlagStrictly
0xdffca31d,WaitForAllEventFlagStrictly
0xdffca339,AcquireRecursiveLockStrictly
0xdffca509,time
0xdffca573,GetTimeOfSystem_FW
0xdffca8bb,LocalTime
0xdffca9c9,j_LocalTime
0xdffca9cb,j_strftime
0xdffcac09,CreateRecursiveLock
0xdffcad47,ReleaseRecursiveLock
0xdffcc545,bzero
0xdffcc549,memset32
0xdffcc598,dry_memcpy
0xdffcd8c5,_log
0xdffcdc39,_log10
0xdffcdd31,_pow
0xe0020011,exception_handler_Reset
0xe002023d,exception_handler_SupervisorCall
0xe002023f,exception_handler_FIQ
0xe0020241,exception_handler_IRQ
0xe00202dd,exception_handler_UndefinedInstruction
0xe0020307,exception_handler_PrefetchAbort
0xe0020321,exception_handler_DataAbort
0xe00206d5,task_Startup
0xe00208bf,init_ex_drivers
0xe00218ad,task_UartLog
0xe0021a23,StartRedirectUART_FW
0xe0021ac7,StopRedirectUART_FW
0xe00272f3,InitializeTestRec_FW
0xe0027347,TerminateTestRec_FW
0xe0027ae3,Initializedccd_FW
0xe0027ae3,InitializeDigicon_FW
0xe0027b6f,Terminatedccd_FW
0xe0027b6f,TerminateDigicon_FW
0xe0027bbb,ExecuteDigicon_FW
0xe00280cb,Executedccd_FW
0xe0028127,GetdccdImage_FW
0xe002818b,GetdccdFilterValue_FW
0xe002855d,j_InitializeTestRec_FW
0xe0028561,j_TerminateTestRec_FW
0xe0028565,ExecuteTestRec_FW
0xe0028571,ExecuteSubCameraTestRec_FW
0xe0028575,ExecuteTestRecCF_FW
0xe0028575,ExecuteTestRecSD_FW
0xe0028583,SetTestRecMasterCxCy_FW
0xe00285af,ExecuteTestRecWithInteg_FW
0xe00285bd,ExecuteTestRecSw1_FW
0xe00285f7,GetTestRecCrawAddress_FW
0xe00285ff,CalculateTestRecYUVData_FW
0xe002860f,SetTestRecSkimmingYUV_FW
0xe0028635,ExecuteTestRecDevelopProcess_FW
0xe002866f,j_Initializedccd_FW
0xe002866f,j_InitializeDigicon_FW
0xe0028673,j_Terminatedccd_FW
0xe0028673,j_TerminateDigicon_FW
0xe0028677,j_ExecuteDigicon_FW
0xe002867b,j_Executedccd_FW
0xe002867d,j_GetdccdImage_FW
0xe002867f,j_GetdccdFilterValue_FW
0xe0028681,ResetRegistNoticeCBR_FW
0xe002868b,RegistFirmScanNoticeCBR_FW
0xe002c783,SetDefaultRecParameter_FW
0xe002c7f7,SetEFLensLightFalloffCompTestRecParam_FW
0xe002c7fb,SetEFLensChromatismCompTestRecParam_FW
0xe002c7ff,SetEFLensDefaultCompTestRecParam_FW
0xe002c803,PrintEFLensCompTestRecParam_FW
0xe002c807,SetPictureStyleTypeTestRecParam_FW
0xe002c81f,SetPictureStyleSharpnessTestRecParam_FW
0xe002c837,SetPictureStyleContrastTestRecParam_FW
0xe002c851,SetPictureStyleSaturationTestRecParam_FW
0xe002c86b,SetPictureStyleColortoneTestRecParam_FW
0xe002ca45,SetPictureStyleDefaultTestRecParam_FW
0xe002ca5b,PrintPictureStyleTestRecParam_FW
0xe002e74f,task_dccdCalcTask
0xe003234b,task_SsStartupTask
0xe0032f57,task_CaptSeq
0xe0032f57,task_CaptSeqTask
0xe0036f2d,get_canon_mode_list
0xe0038a55,InitializeWLAN_FW
0xe0038a71,TerminateWLAN_FW
0xe0038af3,LeaveWLANNetwork_FW
0xe003d9fb,DisplayFactoryMode_FW
0xe003da01,UndisplayFactoryMode_FW
0xe003dacb,IsFAWLANRunning_FW
0xe003dad1,IsFAConnectUSB_FW
0xe003dad7,task_bomStopPTPIPTask
0xe003daf9,StopPtpipServiceForFAWLAN_FW
0xe003dcad,SetWLANFactoryMode_FW
0xe003dcd7,ClearWLANFactoryMode_FW
0xe003dd03,SetSSIDForFAWLAN_FW
0xe003dd3d,DummyUSBConnection_FW
0xe003e1b1,SetDurianMode_FW
0xe003e1db,ClearDurianMode_FW
0xe003e1db,ClearFactoryMode_FW
0xe003e205,SetFactoryMode_FW
0xe003e22f,ClearDUIDFixFlag_FW
0xe003e253,SetDUIDFixFlag_FW
0xe003e2ef,ClearFactoryMasterFlag_FW
0xe003e2f5,SetFactoryMasterFlag_FW
0xe003e2fb,ClearFactoryMasterROMProtection_FW
0xe003e311,SetFactoryMasterROMProtection_FW
0xe003e327,IsMountLens_FW
0xe003e33d,IsFactoryMode_FW
0xe003e38f,IsDUIDFixFlag_FW
0xe003e3bd,IsNormalCameraMode_FW
0xe003e3cb,StartFactoryModeController_FW
0xe003e821,SSFS_CompleteCaptModeChange_FW
0xe003e821,SSFS_CompleteFileWrite_FW
0xe003e821,SSFS_CompletePreCapt_FW
0xe003e821,SSFS_CompleteShootPicture_FW
0xe003e821,SSFS_CompleteStopDigZoom_FW
0xe003e821,SSFS_CompleteStopZoom_FW
0xe003e821,SSFS_CompleteSynchroWrite_FW
0xe003e821,SSFS_ShootPicture_FW
0xe003e881,task_SsTask
0xe003f1cf,task_ReadScheduleTask
0xe00445cb,EraseAdjustmentArea_FW
0xe00445f5,DumpAdjMirror_FW
0xe004460f,GetAdjTableVersion_FW
0xe004462f,j_GetAdjTableVersion_FW
0xe0044631,GetAdjTableMapVersion_FW
0xe004463b,GetAdjTableValueVersion_FW
0xe0044645,ShowDefaultAdjTableVersion_FW
0xe00446a1,LoadAdjustmentTable_FW
0xe00446a7,LoadDefectAdjTable_FW
0xe0044909,SaveAdjustmentTable_FW
0xe004494f,SaveDefectAdjTable_FW
0xe0044961,SaveAdjustmentValue_FW
0xe0044983,LoadAdjustmentValue_FW
0xe0044999,PrintAdjTableMap_FW
0xe0044b2f,CreateAdjustmentTableMirror_FW
0xe0044b33,RefreshAdjustmentTableMirror_FW
0xe0044b37,CreateDefectTableMirror_FW
0xe0044cb5,RefreshDefectTableMirror_FW
0xe0044cb9,j_CreateUserSettingMirror_FW
0xe0044cbd,PrintAdjKabotanInfo_FW
0xe0044d1f,WRITEADJTABLETOFROM_FW
0xe0044d3d,j_WRITEADJTABLETOFROM_FW
0xe0044d3f,WRITEADJUSTMENTDATATOFROM_FW
0xe0044d5b,WRITEUSERSETTINGDATATOFROM_FW
0xe0044fdb,GetDCPAdjOffset_FW
0xe00453c5,GetAdjustmentOffset_FW
0xe00453c9,GetProductID_FW
0xe00453db,GetAdjDataAreaAddress_FW
0xe00453df,GetAdjDurianFlagSize_FW
0xe00453e3,SetErasingSensorCleaningArea_FW
0xe004542b,CreateUserSettingMirror_FW
0xe0048ec3,task_ReadFileTask
0xe004b5a3,task_ShutterSoundTask
0xe004b693,task_DvlpSeqTask
0xe004c8d9,drysh_FW
0xe004e617,kbd_read_keys_r2
0xe004e73b,GetKbdState
0xe004ed23,j_GetKbdState
0xe004ed39,j_StartCameraLog_FW
0xe004ed3d,j_ShowCameraLog_FW
0xe004ed41,j_ShowCameraLogInfo_FW
0xe004ed45,j_StopCameraLog_FW
0xe004ed49,j_PutsCameraLogEvent_FW
0xe004ed4d,OpLog.Create_FW
0xe004ed9f,j_NewTaskShell_FW
0xe004eda3,j_ExMem.View_FW
0xe004eda7,j_ExMem.AllocUncacheable_FW
0xe004edab,j_ExMem.FreeUncacheable_FW
0xe004edaf,j_ExMem.AllocCacheable_FW
0xe004edb3,j_ExMem.FreeCacheable_FW
0xe004edb7,ExMem_FW
0xe0050eb3,task_ResizeTask
0xe0052ff5,task_WbSeqTask
0xe00547ef,task_DistTask
0xe005544b,set_exception_handler
0xe0055455,set_panic_handler
0xe00554a1,default_assert_handler
0xe00557e5,default_exception_handler
0xe00559d3,default_panic_handler
0xe0055d71,ExMem.View_FW
0xe005604f,exmem_ualloc
0xe00561d9,ExMem.AllocUncacheable_FW
0xe005625f,exmem_ufree
0xe005628f,ExMem.FreeUncacheable_FW
0xe005629b,exmem_alloc
0xe00562d5,ExMem.AllocCacheable_FW
0xe00562dd,exmem_free
0xe005632b,ExMem.FreeCacheable_FW
0xe0056439,task_CreateHeaderTask
0xe0056651,init_error_handlers
0xe00569d5,task_OpePlay
0xe0056b09,OpLog.Stop_FW
0xe0056b1f,OpLog.WriteToROM_FW
0xe0056b3f,j_OpLog.WriteToROM_FW
0xe0056b61,OpLog.ReadFromROM_FW
0xe0056ba3,OpLog.ReadFromSD_FW
0xe0056db3,OpLog.WriteToSD_FW
0xe005726b,OpLog.Get_FW
0xe0057281,OpLog.GetUsrSet_FW
0xe00572ff,OpLog.Play_FW
0xe00573f1,OpLog.Start_FW
0xe005747f,OpLog.Terminate_FW
0xe0057ea5,task_JpegEncTask
0xe0059a1f,HdmiRegDump_FW
0xe0059a91,CecRegDump_FW
0xe005a133,HardwareDefect_FW
0xe005aa15,GetLogToFile_FW
0xe005aa2b,IsRomLogAvailable_FW
0xe005aa37,EraseLogSector_FW
0xe005b079,kbd_p2_f
0xe005b319,task_PhySw
0xe005b569,GetSwitchStatus_FW
0xe005b5c1,GetSDDetect_FW
0xe005b5c7,GetSDProtect_FW
0xe005b5d9,GetDialEventId_FW
0xe005b5dd,GetLcdPosition_FW
0xe005b5e1,GetBatteryCoverClose_FW
0xe005b5e5,IsHvSensorExist_FW
0xe005b5e9,GetPopupOpen_FW
0xe005b5f5,kbd_read_keys
0xe005b62b,kbd_p1_f
0xe005b633,kbd_p1_f_cont
0xe005b7b1,TurnOffE1_FW
0xe005b81b,task_Bye
0xe005bb93,task_HdmiCecTask
0xe005bce1,ChangePowerState_FW
0xe005bd31,EnableHDMIPower
0xe005bd67,DisableHDMIPower
0xe005c9e3,IsLensOutside_FW
0xe005c9fd,GetFocusStartZoomPosition_FW
0xe005ca05,GetMechaCondition_FW
0xe005e345,task_MechaAlarm
0xe005e84d,GetDcmSpeedLog_FW
0xe005e917,SetPMByGpio_FW
0xe005e921,ClearPMByGpio_FW
0xe005e92f,ClearPMByFs_FW
0xe005e939,MoveDCMotorCW_FW
0xe005ea09,MoveDCMotorCCW_FW
0xe005ea6b,SetDCMotorWaitTime_FW
0xe005efad,NRTBL.SetDarkSubType_FW
0xe005efbf,NRTBL.SetDefectCorrectType_FW
0xe005efd1,NRTBL.SetTassenType_FW
0xe005fb09,GetCurrentZoomLensPosition_FW
0xe005fb09,GetCurrentZoomPosition_FW
0xe005fb09,GetZoomLensCurrentPosition_FW
0xe005fb09,j_GetZoomLensCurrentPosition
0xe005fb75,GetCurrentZoomLensPoint_FW
0xe005fb75,GetCurrentZoomPoint_FW
0xe005fb75,GetZoomLensCurrentPoint
0xe005fb75,GetZoomLensCurrentPoint_FW
0xe005ff63,GetZoomLensTelePoint_FW
0xe005ff63,GetZoomTelePoint_FW
0xe0060269,IsZoomLensOutSidePosition_FW
0xe00604ed,GetZoomLensMechaEdgePosition_FW
0xe00604f1,GetZoomDrivingTime_FW
0xe0060511,GetZoomLensMinimumSpeedMoveLimitTime_FW
0xe0061f87,GetUsableAvRange
0xe0062bad,GetCurrentAvValue
0xe0062bad,GetCurrentAvValue_FW
0xe0062bad,GetIrisAv_FW
0xe0062d23,GetCurrentIrisPosition_FW
0xe0062d23,GetIrisCurrentPosition_FW
0xe0062f6b,GetIrisPRResetPosition_FW
0xe006307b,task_DevelopCR2
0xe00630b7,task_DevelopRawToYuv
0xe0063609,task_DevelopJpeg
0xe006500d,GetZoomPiSensorLevel_FW
0xe006503d,GetFocusPiSensorLevel_FW
0xe006506d,GetIrisPiSensorLevel_FW
0xe0068629,task_SsgMainTask
0xe0068877,task_SsgPeriodTask
0xe006a469,task_AlgStgAlg
0xe006a53d,task_AlgStgQr
0xe006a7d9,task_EncRemoteEVFJpgTask
0xe006aa35,GetMechaShutterMoveTime_FW
0xe006aa53,GetMechaShutterStatus_FW
0xe006aa69,ReloadMechaShutterAdjustment_FW
0xe006de65,GetIrisSpecOpenPosition_FW
0xe006de71,GetIrisSpecClosePosition_FW
0xe006fb7d,GetZoomAmpereLimitOffTime_FW
0xe006fda1,task_Gap4
0xe007156d,task__tgTask
0xe00720a9,GetCurrentShutterSpeed
0xe00720a9,GetCurrentShutterSpeed_FW
0xe00723bb,GetCurrentExposureTime_FW
0xe0072633,task_SyncPeriod
0xe0072781,task_SynchTask
0xe0074fa9,IMX183OBClamp.EnableEvent_FW
0xe0074fb3,IMX183OBClamp.DisableEvent_FW
0xe0074fbb,IMX183OBClamp.SetDeltaGainThresh_FW
0xe0074fc5,IMX183OBClamp.SetKidsThresh_FW
0xe0074fd5,IMX183OBClamp.SetChOffK_FW
0xe007d125,task_DetectMoveTask
0xe00841ff,Ltkids.IsChangeParamTest_FW
0xe00ab9a3,task_CtgTotalTask
0xe00af125,task_LiveImageTask
0xe00af531,task_LiveImage2ndTask
0xe00b5bc1,task_GapBS
0xe00b6833,task_MetaCtgPrsTask
0xe00f2b5d,task_FsIoNotifyTask
0xe00ffb8b,task_Raw2Ss2YuvTask
0xe0107753,LcdCon_SetLcdBackLightBrightness_FW
0xe0107757,LcdCon_SetLcdBackLightParameter_FW
0xe010778d,LcdCon_GetLcdBackLightParameter_FW
0xe01077b7,LcdCon_ShowLcdBackLightParameter_FW
0xe01077db,LcdCon_SaveLcdBackLightParameter_FW
0xe01082cb,TurnOnDisplay
0xe01082d9,j_TurnOffDisplay
0xe010894f,task_MechaNCTask
0xe0112385,task_FmidTask
0xe011c02f,GetFaceAuthBinAddr_FW
0xe011c033,GetFaceAuthBinSize_FW
0xe011c039,IsOKFaceAuthBinFile_FW
0xe013a3d1,task_ClockSavePU1
0xe016d2d1,task_AprocMainTask
0xe016d3b3,task_AprocBpGenTask
0xe016d415,task_AprocVaif3Task
0xe017105d,AprocSigProc_SetSigProcByMode_FW
0xe01710cd,AprocSigProc_InitialSet_FW
0xe01710f9,AprocSigProc_TestGen_FW
0xe0171101,AprocSigProc_DRange_FW
0xe0171107,AprocSigProc_DCCut_FW
0xe017110d,AprocSigProc_GainCrct_FW
0xe0171113,AprocSigProc_BgmMix_FW
0xe017111b,AprocSigProc_GainAdj_FW
0xe0171123,AprocSigProc_NoiseCut_FW
0xe017112b,AprocSigProc_Stereo_FW
0xe0171131,AprocSigProc_WindCut_FW
0xe0171137,AprocSigProc_EQ_FW
0xe017113f,AprocSigProc_FIL1_FW
0xe0171147,AprocSigProc_FIL2_FW
0xe017114f,AprocSigProc_FIL3_FW
0xe0171157,AprocSigProc_FIL4_FW
0xe017115f,AprocSigProc_ALC_FW
0xe0171165,AprocSigProc_Limiter_FW
0xe017116d,AprocSigProc_BGNoise_FW
0xe0171175,AprocSigProc_LevelMeter_FW
0xe017117d,AprocSigProc_ALCReset_FW
0xe0171185,AprocSigProc_WindCutReset_FW
0xe017118d,AprocSigProc_NCReset_FW
0xe01711a5,AprocSigProc_TestGen1kHz_FW
0xe018a30d,AprocSigProc_LoadProfileAdj_FW
0xe018a30d,SoundDevSetZoomNCProfile_FW
0xe018a6c5,AprocSigProc_NoiseCutEffect_FW
0xe018a6c5,SoundDevZoomNCEffective_FW
0xe01a7cfb,SoundDevParam_SetATTMode_FW
0xe01a7d13,SoundDevParam_SetMicSelect_FW
0xe01afcd3,task_DetSeqChaseT
0xe01ccb27,GraphicSystemCoreFinish_helper
0xe01ce281,MovieAF.Suspend_FW
0xe01ce28b,MovieAF.Resume_FW
0xe01d2b3f,StartTestRecLog_FW
0xe01d2b4b,StopTestRecLog_FW
0xe01d5655,GraphicSystemCoreFinish
0xe01d7ab9,GUISrv_StartGUISystem_FW
0xe01d7c5d,mktime_ext
0xe0207fd9,zicokick_start
0xe020806d,zicokick_copy
0xe021d61d,task_AfIntSrvTask
0xe022092d,task_ImagePlaySysConTask
0xe0222c8d,task_ImageRetryConTask
0xe022b329,task_Cave2MainTask
0xe0232c09,task_ImgPlyDC
0xe0232d1d,task_ImgPlyDCLow
0xe0232f41,task_AlbumReader
0xe023394f,task_SAEffect
0xe0236ae1,task_Cave2RecTask
0xe024d123,is_movie_recording
0xe02571bf,GetZ_AxisAcceleration_FW
0xe02571cb,GetY_AxisAcceleration_FW
0xe02571d7,GetX_AxisAcceleration_FW
0xe025737d,GetSlantAngle_FW
0xe02573f5,GetAoriAngle_FW
0xe0257423,GetAcceleHvPosition_FW
0xe0258af1,task_TricDecVTask
0xe025c22d,task_TricEncVTask
0xe025cb57,task_TricEncMsgTask
0xe025d527,task_TricInitTask
0xe0271853,PTM_AllReset_FW
0xe0271b8f,PTM_GetWorkingCaptureMode_FW
0xe0271b9b,PTM_SetCurrentItem_FW
0xe0271e69,PTM_NextItem_FW
0xe0271e6d,PTM_PrevItem_FW
0xe02723e3,PTM_IsEnableItem_FW
0xe02724e3,PTM_BackupUIProperty_FW
0xe02724e3,SetParameterData
0xe02725cf,GetParameterData
0xe028c771,task_AFTask
0xe028dd2b,GetMacroSupportZoomPoint_FW
0xe0291a81,task_MoviePlay
0xe02980f9,MoveOpticalZoomAt
0xe02982c3,PT_MoveDigitalZoomToWide
0xe0298353,SS.GetDigitalZoomPosition_FW
0xe02989e7,DoAFLock
0xe0298a17,UnlockAF
0xe0298e1d,DoAELock
0xe0298e3b,UnlockAE
0xe0299ea5,PT_MFOn
0xe0299ed9,PT_MFOff
0xe029a115,SS.SetAvailShot_FW
0xe02a7257,SoundDevSetSyncRate_FW
0xe02a7609,task_SoundTsk
0xe02a7725,InitializeAudio_FW
0xe02a7a0b,SoundDevAprocSignalMute_FW
0xe02a7d3d,SoundDevSetParamIn_FW
0xe02a86e3,SoundDevSetBgmMixRate_FW
0xe02a8701,SoundDevSetBgmData_FW
0xe02a8839,SoundDevBgmFadeOut_FW
0xe02a8dad,TurnOnVideoOutMode_FW
0xe02a8ddd,TurnOffVideoOutMode_FW
0xe02a8ea3,BeepDrive_FW
0xe02a8eb7,BeepDriveComp_FW
0xe02a8ecb,BeepDriveStop_FW
0xe02a8ed9,SoundDevInitMusic_FW
0xe02a901f,SoundDevStopRecMusic_FW
0xe02a9055,SoundDevClearPath_FW
0xe02a9307,SoundDevRecMusic_FW
0xe02a93d7,SoundDevPlayMusic_FW
0xe02a9433,SoundDevStopPlayMusic_FW
0xe02a9485,SoundDevSetZoomNCAdjDigiProcThroughPath_FW
0xe02a948b,SoundDevSetZoomNCCheckPath_FW
0xe02a9497,j_SoundDevClearPath_FW
0xe02a9499,j_SoundDevZoomNCEffective_FW
0xe02a949d,j_SoundDevSetZoomNCProfile_FW
0xe02a94a1,SoundDevSetMovieRecPath_FW
0xe02a94b7,SoundDevSetSpVol_FW
0xe02a94c1,SoundDevSetSpkpwmVol_FW
0xe02a9661,SoundDevBeepGenGain_FW
0xe02a9667,SoundDevLineOut_FW
0xe02a966d,SoundDevSetRecPath_FW
0xe02a967d,SoundDevSetBeepPWMMuteParam_FW
0xe02a9697,SoundDevPlayOpSound_FW
0xe02a972f,SoundDevPlayOpSoundForStoryAlbum_FW
0xe02a98e5,SoundDevRecMusicOnDramTest_FW
0xe02a992b,SoundDevDumpChIn0_FW
0xe02a994d,SoundDevRecChIn0_FW
0xe02a9a87,ApMoniSel_FW
0xe02a9acf,SoundDevSetVaifLineSel_FW
0xe02a9afd,SoundDevAprocSetPathInDramSub_FW
0xe02a9b1b,SoundDevAprocSigProc_SetBgmFadeSetting_FW
0xe02a9b2b,SoundDevAprocSetPathMuteLout0_FW
0xe02a9b59,SoundDevAprocSetPathMuteSout0_FW
0xe02a9b87,SoundDevAprocSetPathMuteCout0_FW
0xe02a9bb5,SoundDevAprocSetPerifLineMute_FW
0xe02a9bdf,SoundDevAprocSetPerifHpMute_FW
0xe02a9c09,SoundDevAprocSetPerifSpMute_FW
0xe02aaa19,task_MetaCtg
0xe02b15e3,task_DetSeqFaceT
0xe02b2881,LcdCon_SetLcdDriver_FW
0xe02b28af,LcdCon_SetLcdAdjParameter_FW
0xe02b2919,LcdCon_GetLcdAdjParameter_FW
0xe02b2949,LcdCon_ShowLcdAdjParameter_FW
0xe02b296d,LcdCon_SaveLcdAdjParameter_FW
0xe02b297f,LcdCon_SetLcdParameter_FW
0xe02b2a3d,LcdCon_GetLcdParameter_FW
0xe02b2a6f,LcdCon_ShowLcdParameter_FW
0xe02b2a95,LcdCon_SaveLcdParameter_FW
0xe02b34e7,task_BrtCalcTask
0xe02d0ad9,task_ExpDrv
0xe02d0ad9,task_ExpDrvTask
0xe02e548f,EnableDebugLogMode_FW
0xe02e5499,DisableDebugLogMode_FW
0xe02e58ff,task_ZoomEvent
0xe02e5a8d,task_ZoomActuatorSpeedLog
0xe02e6073,IsZoomActuatorResetSensorPlusSide_FW
0xe02e661d,MoveZoomActuator_FW
0xe02e6645,SetZoomActuatorSpeedPPS_FW
0xe02e6653,GetZoomActuatorSpeedPPS_FW
0xe02e6659,j_GetZoomActuatorCurrentPosition_FW
0xe02e665d,j_IsZoomActuatorResetSensorPlusSide_FW
0xe02e665f,EnableZoomActuatorSpeedLog_FW
0xe02e6669,DisableZoomActuatorSpeedLog_FW
0xe02e6685,SetZoomSpeedCheckStopTime_FW
0xe02e6693,SetZoomPermitTargetMaxSpeedPPS_FW
0xe02e66ab,GetZoomActuatorCurrentPosition_FW
0xe02e931b,task_Cave2PbTask
0xe02ee203,handle_PTP_OC_ResetDevicePropValue
0xe02ee355,handle_PTP_OC_SetDevicePropValue
0xe02ee443,handle_PTP_OC_GetDevicePropValue
0xe02ee515,handle_PTP_OC_GetDevicePropDesc
0xe02f082b,get_playrec_mode
0xe02f31db,add_ptp_handler
0xe0303fad,UIFS_WirelessExecuteSendForever_FW
0xe030658f,mzrm_createmsg
0xe0306693,mzrm_sendmsg
0xe0306df1,EpilogShow_FW
0xe0306f1d,EpilogFile_FW
0xe0306f39,task_Epilog
0xe0306f63,EpilogMenu_FW
0xe0336089,UIFS_GetNumberOfDisplayedImage_FW
0xe033f9cb,task_FocusEvent
0xe034000f,GetFocusLensFinalStopSettingTime_FW
0xe03514cd,UIFS_MoveZoomTo_FW
0xe0351951,UIFS_GetNumOfOptZoomPos_FW
0xe0356633,UIFS_StartMovieRecord_FW
0xe0356649,UIFS_StopMovieRecord_FW
0xe035b13f,task_CorctTask
0xe035dfcb,PB2Rec
0xe035e00f,Rec2PB
0xe035f947,UIFS_CancelStoreLensTimer_FW
0xe035fde7,j_Rec2PB
0xe0363de7,UIFS_IsAvailableShots_FW
0xe036434b,UIFS_GetStillShotableNumber_FW
0xe036434f,UIFS_GetMovieRecoadableNumber_FW
0xe0368075,get_current_exp
0xe036a599,GetCurrentDriveBaseSvValue
0xe036ae25,SetPropertyCase
0xe036af69,GetPropertyCase
0xe036b501,PutsCameraLogEvent_FW
0xe036b533,ShowCameraLogInfo_FW
0xe036b579,ShowCameraLog_FW
0xe036b5a5,StartCameraLog_FW
0xe036b607,StopCameraLog_FW
0xe036b641,LogCameraEvent
0xe0370067,_GetSystemTime
0xe0370335,RegisterEventProcedure
0xe0370389,RegisterEventProcedure_alt1
0xe037038d,UnRegisterEventProcedure
0xe03703e3,ExecuteEventProcedure
0xe0370429,ExecuteEventProcedure_FW
0xe0370491,RegisterEventProcedure_alt2
0xe0370495,RegisterEventProcTable
0xe03704ab,UnRegisterEventProcTable
0xe03709d3,ExportToEventProcedure_FW
0xe03709d9,CreateProxyOfEventProcedure_FW
0xe0370a11,DeleteProxyOfEventProcedure_FW
0xe0370a49,RegisterEventProcTable_alt
0xe0370a4d,j_UnRegisterEventProcTable
0xe0370a4d,UnRegisterEventProcTable_alt
0xe0370ecb,DeleteFile_Fut
0xe0370f15,DeleteDirectory_Fut
0xe0370f4f,Fopen_Fut
0xe0370f4f,Fopen_Fut_FW
0xe0370f77,Fclose_Fut
0xe0370f77,Fclose_Fut_FW
0xe0370feb,Fread_Fut
0xe0370feb,Fread_Fut_FW
0xe0371023,Fwrite_Fut
0xe0371023,Fwrite_Fut_FW
0xe037105b,Fgets_Fut
0xe037108d,Fseek_Fut
0xe037108d,Fseek_Fut_FW
0xe037111d,fut_prepare
0xe0371135,fut_finish
0xe0371491,CreateController_FW
0xe0371517,DeleteController_FW
0xe03715af,MoveControllerToTopOfZOrder_FW
0xe037160b,CtrlMan_ChangeZOrder_FW
0xe037165b,GetSelfControllerHandle_FW
0xe0371a61,set_control_event
0xe0371a91,j_set_control_event
0xe0371c9d,IsControlEventActive_FW
0xe0371cdf,SetLogicalEventActive
0xe0371cdf,UiEvnt_SetLogicalEventActive_FW
0xe0371d17,SetScriptMode
0xe0371d17,SetScriptMode_FW
0xe0371dab,UiEvnt_StartDisguiseCradleStatus_FW
0xe0371db3,UiEvnt_StopDisguiseCradleStatus_FW
0xe03729a1,GetFocusLensPullInMaxSpeed_FW
0xe0372bf5,GetCurrentTargetDistance_FW
0xe0372bf5,GetFocusLensSubjectDistance
0xe0372c45,GetCurrentFocusLensPosition_FW
0xe0372c45,GetCurrentFocusPosition_FW
0xe0372f63,GetFocusLensAvCoefficient_FW
0xe0372fe9,IsFocusLensOutSidePosition_FW
0xe0373007,GetFocusResetPosition_FW
0xe0373061,GetFocusDefaultResetPosition_FW
0xe03738a1,PrintFirmVersion_FW
0xe03738c5,PrintFaexeVersioin_FW
0xe03738cf,CreateFADBGSingalID_FW
0xe03738d7,FADBGSingal_FW
0xe0373945,FADBGPrintf_FW
0xe03739ff,FAPrintf_FW
0xe0373a2b,OutputLogToFile_FW
0xe0373abd,StopLogOut_FW
0xe0373ce3,GetLogData_FW
0xe0373ce7,GetLogDataOnlyAddMemory_FW
0xe0373ceb,ActivateAdjLog_FW
0xe0373cf9,InactivateAdjLog_FW
0xe0373d07,StartLogOut_FW
0xe0373d11,IsLogOutType_FW
0xe0373d17,GetCurrentMaximumLogSize_FW
0xe0373d81,Open_low
0xe0373e05,Close_low
0xe0373e3d,Write
0xe0373e3d,Write_FW
0xe0373e7b,Open
0xe0373e7b,Open_FW
0xe0373eb7,Close
0xe0373eb7,Close_FW
0xe0374047,j_Read_FW
0xe037404b,j_Write_FW
0xe0374089,lseek
0xe0374089,Lseek_FW
0xe0374097,OpenForScrip_FW
0xe03740bd,stat
0xe037422f,MakeDirectory_Fut
0xe03742b1,PrepareDirectory_x
0xe0374351,PrepareDirectory_1
0xe0374355,PrepareDirectory_0
0xe0374bcf,get_fstype
0xe0374c35,GetDrive_ClusterSize
0xe0375149,GetDrive_FreeClusters
0xe03756bf,StartPlayModeMenu_FW
0xe03756d9,StartRecModeMenu_FW
0xe0375785,ShutdownRecModeMenu_FW
0xe03758e7,ShutdownPlayModeMenu_FW
0xe0375995,ShutdownPlayModeMenuWithoutPbRedraw_FW
0xe037668d,DispSwCon_TurnOffDisplay_FW
0xe0376cc7,PTM_AllResetToFactorySetting_FW
0xe0376cd3,j_PTM_AllReset_FW
0xe0376ce7,PTM_RestoreUIProperty_FW
0xe0376d2b,PTM_GetCurrentItem
0xe0376d2b,PTM_GetCurrentItem_FW
0xe0376d71,j_PTM_GetWorkingCaptureMode_FW
0xe037741b,PTM_SetCurrentCaptureMode_FW
0xe03775b3,j_PTM_SetCurrentItem_FW
0xe03775cb,j_PTM_NextItem_FW
0xe03775cf,j_PTM_PrevItem_FW
0xe03775e3,j_PTM_IsEnableItem_FW
0xe0377603,j_PTM_BackupUIProperty_FW
0xe0377dbb,transfer_src_overlay
0xe0378993,transfer_src_overlay_helper
0xe037a0ad,j_strcmp_FW
0xe037a0c1,strcmp
0xe037a0c1,strcmp_FW
0xe037a7f3,GetLogicalEventName_FW
0xe037a839,PostLogicalEventForNotPowerType
0xe037a839,PostLogicalEventForNotPowerType_FW
0xe037a86d,PostLogicalEventToUI
0xe037a86d,PostLogicalEventToUI_FW
0xe037a96b,PostEventShootSeqToUI_FW
0xe037a99d,ShowLogicalEventName_FW
0xe037ab79,task_CtrlSrv
0xe037b671,task_StartupImage
0xe037ca81,SetCurrentCaptureModeType
0xe037ca81,SetCurrentCaptureModeType_FW
0xe037dbed,GetCurrentCaptureModeType_FW
0xe037e5d5,j_malloc
0xe037e5d9,j_free
0xe037e5dd,malloc_strictly
0xe037e6a5,strcpy
0xe037e6a5,strcpy_FW
0xe037e6b5,sprintf_FW
0xe037e6c7,strlen
0xe037e6c7,strlen_FW
0xe037eb07,task_DevelopModule
0xe0383d3d,task_SceneDetectTask
0xe038a4b7,task_EdetSBJTask
0xe038f12f,task_MovieRecord
0xe0394a1d,ExecuteInitFactorySetting_FW
0xe0394a41,j_ExecuteShutDownPropertyService_FW
0xe0395587,task_FaceFrame
0xe03991a5,task_ImgPlyTask
0xe039933d,task_ImgPlyTsk2
0xe03a4023,task_FileScheduleTask
0xe03af92b,task_FileWrite
0xe03af92b,task_FileWriteTask
0xe03b5bc5,task_WBLPFace
0xe03bf171,memcmp
0xe03bf171,memcmp_FW
0xe03bf519,memcpy
0xe03bf519,memcpy_FW
0xe03e1d6d,task_WBCtrl
0xe03e38cd,HdmiViewParameter_FW
0xe03ea9a3,UIFS_Capture_FW
0xe03eaa55,UIFS_CaptureNoneStop_FW
0xe03ece73,FmtMenu_ExecuteQuickFormat_FW
0xe03f2fd5,task_ReadMultiConTask
0xe03fa829,closedir
0xe03fa861,OpenFastDir
0xe03fa8ff,ReadFastDir
0xe03fa935,j_closedir
0xe03fb7e1,task_DefMarkRomCopyTask
0xe03fbedd,IsUnitFirmMode_FW
0xe0401021,task_Thermometer
0xe0401177,GetCCDTemperature
0xe0401177,GetCCDTemperature_FW
0xe04011cd,GetBatteryTemperature
0xe04011cd,GetBatteryTemperature_FW
0xe0401223,GetOpticalTemperature
0xe0401223,GetOpticalTemperature_FW
0xe0401275,GetCCDMilliTemperature_FW
0xe04012d5,GetBatteryMilliTemperature_FW
0xe0401335,GetOpticalMilliTemperature_FW
0xe04013d1,IsOpticalTemperature_FW
0xe04013f5,IsCCDTemperature_FW
0xe0401449,IsBatteryTemperature_FW
0xe0401481,j_GetOpticalTemperature_FW
0xe0401483,j_GetCCDTemperature_FW
0xe0401485,j_GetBatteryTemperature_FW
0xe0401487,j_GetOpticalMilliTemperature_FW
0xe0401489,j_GetCCDMilliTemperature_FW
0xe040148b,j_GetBatteryMilliTemperature_FW
0xe040148d,j_IsOpticalTemperature_FW
0xe040148f,j_IsCCDTemperature_FW
0xe0401491,j_IsBatteryTemperature_FW
0xe0401ddd,UnLoadScript_FW
0xe0401e3b,Printf_FW
0xe0401e45,LoadScript_FW
0xe0402367,GetLatestHVPosition_FW
0xe0402395,file_counter_var_init
0xe0403913,task_EISMainTask
0xe040420d,task_TmgGen
0xe0408095,GetFocusLensResetPosition_FW
0xe04080a1,GetFocusLensResetDefaultPosition_FW
0xe040bca7,LiveImageTool.GetDzoomPosition_FW
0xe040bdf5,GetVRAMHPixelsSize
0xe040bdf5,GetVRAMHPixelsSize_FW
0xe040bdfd,GetVRAMVPixelsSize
0xe040bdfd,GetVRAMVPixelsSize_FW
0xe040be05,GetMovieJpegVRAMHPixelsSize_FW
0xe040be0f,GetMovieJpegVRAMVPixelsSize_FW
0xe040c2c9,E2LatOn_FW
0xe040c4e7,j_GetFaceAuthBinAddr_FW
0xe040c4eb,j_GetFaceAuthBinSize_FW
0xe040c4ef,j_IsOKFaceAuthBinFile_FW
0xe0414a45,task_SMAL_Enumeration
0xe0418515,task_ColorSBJTask
0xe0419079,task_MediaStatusMngr
0xe04192ef,j_get_current_nd_value
0xe041ca3f,qsort
0xe04200b1,task_InitFileModules
0xe04200e3,task_CommonDrivers
0xe042030f,WriteToRom_FW
0xe0420389,EraseRom_FW
0xe0420425,GetRomID_FW
0xe0422079,strncmp
0xe04253ff,task_ITCMainTask
0xe0425cd7,SetRecAutoShutdownTime_FW
0xe0425cf5,SetPlayAutoShutdownTime_FW
0xe042ecd9,get_self_task_errno_pointer
0xe0431637,screenlock_helper
0xe043461d,task_MrkSetTask
0xe0439821,get_displaytype
0xe043985d,TurnOffDisplay
0xe0439e2b,DispCon_ShowYuvData_FW
0xe0439e51,DispCon_ShowColorBar_FW
0xe0439eb1,DispCon_ShowFiveStep_FW
0xe0439f7d,DispCon_ShowWhiteChart_FW
0xe0439faf,DispCon_ShowBlackChart_FW
0xe0439fbf,DispCon_ShowBitmapColorBar_FW
0xe0439ff9,DispCon_ShowCustomColorBar_FW
0xe043a079,DispCon_SetDisplayType_FW
0xe043a08d,DispCon_ShowColorChart_FW
0xe043a09f,DispCon_ShowWhiteLine_FW
0xe043a1f1,DispCon_ShowNStepsChart_FW
0xe043a29f,DispCon_TurnOnDisplay_FW
0xe043a2a9,DispCon_TurnOffDisplay_FW
0xe043a2b3,DispCon_TurnOnBackLight_FW
0xe043a2b7,DispCon_TurnOffBackLight_FW
0xe043a2bb,DispCon_SetMaxBackLightBrightness_FW
0xe043a2bf,DispCon_TurnOnBackLightForCheckVoltage_FW
0xe043a2ed,DispCon_TurnOffBackLightForCheckVoltage_FW
0xe043a36f,DispCon_SaveNTSCAdjParameter_FW
0xe043a379,DispCon_GetNTSCAdjParameter_FW
0xe043a3a5,DispCon_ShowNTSCAdjParameter_FW
0xe043a3b1,DispCon_SetNTSCAdjParameter_FW
0xe043a3e9,DispCon_SavePALAdjParameter_FW
0xe043a3f3,DispCon_GetPALAdjParameter_FW
0xe043a41f,DispCon_ShowPALAdjParameter_FW
0xe043a42b,DispCon_SetPALAdjParameter_FW
0xe043a4a3,DispCon_SetLcdGainAdjParameter_FW
0xe043a4d7,DispCon_GetLcdGainAdjParameter_FW
0xe043a501,DispCon_ShowLcdGainAdjParameter_FW
0xe043a50b,DispCon_SaveLcdGainAdjParameter_FW
0xe043a51f,DispCon_SetSSCGParameter_FW
0xe043a5c1,DispCon_ShowHdChart_FW
0xe043af3d,get_current_deltasv
0xe043db0d,task_WBIntegTask
0xe0451221,open
0xe0451293,close
0xe0451397,Read
0xe0451397,Read_FW
0xe045165f,task_MovieInit
0xe04519d5,task_OBCtrlTask
0xe045be0d,imager_active_callback
0xe045bea3,ImagerActivate
0xe045bf2d,ClearImageDrive_FW
0xe045d359,task_LEDCon
0xe045d8a9,ExecuteShutDownPropertyService_FW
0xe045e135,Scene.ForbidContiSceneDetect_FW
0xe045e159,Scene.TestSunset_FW
0xe045e17f,Scene.TestBabySmile_FW
0xe045e1a7,Scene.TestBabySleep_FW
0xe045e1cf,Scene.TestHumanSmile_FW
0xe045e1f7,Scene.TestHumanSleep_FW
0xe045e21f,Scene.TestKidMove_FW
0xe0463383,vsprintf
0xe046362b,TP_FirmwareUpdate_FW
0xe0463661,TP_GetFirmwareVersion_FW
0xe0463a0b,task_TouchPanel
0xe0463c41,TouchPanelStartPolling_FW
0xe0463ca5,TouchPanelStopPolling_FW
0xe0463e25,TouchPanelExecRawDiffTest_FW
0xe0463e75,TouchPanelExecIDACTest_FW
0xe0463e77,TouchPanelExecBaselinesTest_FW
0xe0463eb1,TouchPanelExecTest_FW
0xe0463f39,TouchPanelSetSensitive_FW
0xe0463f53,TouchPanelSetReverseMode_FW
0xe0463f67,TouchPanelStartPrintPosition_FW
0xe0463f77,TouchPanelStopPrintPosition_FW
0xe0464269,File.ClearExifInfo_FW
0xe0464337,File.Delete_AllImg_FW
0xe046437b,File.SetSACustomEffect_FW
0xe0464923,File.Create_FW
0xe04651af,task_ImageStoreTask
0xe046d8f5,task_AlbumMaker
0xe046e571,AllocateUncacheableMemory
0xe046e59d,FreeUncacheableMemory
0xe047181d,UIFS_WriteFirmInfoToFile
0xe047181d,UIFS_WriteFirmInfoToFile_FW
0xe047513b,malloc
0xe0475173,free
0xe047a18d,AFTool.GetEVal_FW
0xe047a2ed,j_GetMacroSupportZoomPoint_FW
0xe047a2f1,SetLockPosNonCorrectFlag_FW
0xe047a301,GetDarkFixedFocusPosition_FW
0xe047a317,AFTool.StoreAFixPosition_FW
0xe047a333,AFTool.SetAFLogType_FW
0xe047a337,AFTool.SetDebugAFSequence_FW
0xe047a657,task_FaceScoreTask
0xe0484ca5,task_UsbcTask
0xe0484f45,sscanf_FW
0xe0484f57,strncpy
0xe0485425,task_MechaCPUTransfer
0xe048a29b,ShutterTool.SetTv_FW
0xe048a2a3,ShutterTool.SetTvWithErrMode_FW
0xe048a2ad,ShutterTool.SetTvAfterDriveChange_FW
0xe048a2c7,ShutterTool.SetTvAndFrameRateType_FW
0xe048a369,ShutterTool.CheckTv_FW
0xe048a383,ShutterTool.CheckTvWithErrMode_FW
0xe048a3f5,ShutterTool.SetExpTime_FW
0xe048a3fb,ShutterTool.SetExpTimeWithErrMode_FW
0xe048a401,ShutterTool.SetExpTimeAndFrameRateType_FW
0xe048a49d,ShutterTool.CheckExpTime_FW
0xe048a4b1,ShutterTool.CheckExpTimeWithErrMode_FW
0xe048a4c3,ShutterTool.GetCurTv_FW
0xe048a4d7,ShutterTool.GetCurExpTime_FW
0xe048a4eb,ShutterTool.GetLimOfTv_FW
0xe048a50d,ShutterTool.GetLimOfTvRegular_FW
0xe048a52f,ShutterTool.GetLimOfExpTime_FW
0xe048a54d,ShutterTool.GetLimOfExpTimeRegular_FW
0xe048a56b,ShutterTool.SetTvForFix_FW
0xe048a583,ShutterTool.SetExpTimeForFix_FW
0xe048a599,ShutterTool.GetLimOfTvForFix_FW
0xe048a5ab,ShutterTool.GetLimOfTvForFixWithAv_FW
0xe048a86b,j_TouchPanelStartPolling_FW
0xe048a86f,j_TouchPanelStopPolling_FW
0xe048b4f7,GetNdMoveTime_FW
0xe048f96b,GetFocusLensResetVoltage_FW
0xe0490ec3,task_BatteryTask
0xe04912e5,GetVBatVoltage_FW
0xe04912e5,VbattGet
0xe04912e5,VbattGet_FW
0xe04918d1,task_Accelerometer
0xe049205b,GetSlantData_FW
0xe0492087,GetAoriAccelerationData_FW
0xe04921a1,j_GetX_AxisAcceleration_FW
0xe04921a5,j_GetY_AxisAcceleration_FW
0xe04921a9,j_GetZ_AxisAcceleration_FW
0xe04921ad,GetScalar_Acceleration_FW
0xe04921b5,GetAccelerometerDataWithCorrect_FW
0xe04921d7,CalcAccelerometerAtanAngle_FW
0xe04921e3,j_GetSlantData_FW
0xe04921e5,EnableAcceleLogWrite_FW
0xe04921ef,DisableAcceleLogWrite_FW
0xe0492207,EnableAcceleLogRead_FW
0xe0492211,DisableAcceleLogRead_FW
0xe049222d,StartAcceleSlantMotionDetect_FW
0xe0492231,StopAcceleSlantMotionDetect_FW
0xe0492235,LoadAcceleParamFromFile_FW
0xe0492277,RegisterElecLevelInfoNotifyCBR_FW
0xe0492289,UnRegisterElecLevelInfoNotifyCBR_FW
0xe0492293,EnableHvUpdate_FW
0xe049229d,DisableHvUpdate_FW
0xe04922a7,j_GetSlantAngle_FW
0xe04922ab,j_GetAcceleHvPosition_FW
0xe04922af,j_GetAoriAngle_FW
0xe0492aeb,GetInputAverageLevel_FW
0xe0492b09,SetStereoSeparation_FW
0xe0494157,StartCzTuning_FW
0xe049415b,MoveCzPeakPositon_FW
0xe049415f,ClearCzRecordingMovie_FW
0xe049415f,CzDebugPrint_FW
0xe049415f,ForceCzRecordingMovie_FW
0xe049415f,SetCzDebugFocusMode_FW
0xe049415f,SetCzDebugSubjectDistance_FW
0xe049415f,StartCzLog_FW
0xe049415f,StopAndSaveCzLog_FW
0xe049416b,CzDebugPrintToFile_FW
0xe0494d6f,task_IS_GetExposureTimingTask
0xe0495421,task_ISMainTask
0xe04956f1,ISInitMotion_FW
0xe0495cdd,GetISPWMFreqData_FW
0xe0495cdd,GetISPWMFrequency_FW
0xe0495ce1,GetISPWMPeriod_FW
0xe0495d51,StartISLocalAutoCenter_FW
0xe0495d7d,StartISLocalHallAdjust_FW
0xe049607b,GetGyroDataPitch_FW
0xe0496091,GetGyroDataYaw_FW
0xe04960cf,GetGyro10BitDACPitch_FW
0xe04960d7,GetGyro10BitDACYaw_FW
0xe04960df,GetGyroHPFINOffsetPitch_FW
0xe04960e9,GetGyroHPFINOffsetYaw_FW
0xe04960f3,GetGyroHPFINPitch_FW
0xe04960fb,GetGyroHPFINYaw_FW
0xe049634b,GetDISModeParameter_FW
0xe049641f,GetFixedPWMOutA_FW
0xe0496425,GetFixedPWMOutB_FW
0xe0498c09,task_ControlLog
0xe049e8a9,LCDMsg_SetDrawMode_FW
0xe049e907,LCDMsg_SetStr_FW
0xe049e9c1,LCDMsg_SetNum_FW
0xe049ea43,LCDMsg_SwDisp_FW
0xe049ea8b,LCDMsg_Move_FW
0xe049eb17,LCDMsg_MoveRatio_FW
0xe049eb5d,LCDMsg_ChangeColor_FW
0xe049ebdf,LCDMsg_Delete_FW
0xe049eca9,LCDMsg_Create_FW
0xe049ed75,LCDRect_Move_FW
0xe049eddd,LCDRect_MoveRatio_FW
0xe049ee8d,LCDRect_Resize_FW
0xe049eef5,LCDRect_ResizeRatio_FW
0xe049efc3,LCDRect_ChangeColor_FW
0xe049f067,LCDRect_SwDisp_FW
0xe049f1a5,LCDRect_Create_FW
0xe049f241,LCDRect_Delete_FW
0xe04a0183,Ltkids.SetCapThrough_FW
0xe04a0191,Ltkids.SetLiveThrough_FW
0xe04a019f,Ltkids.SetCapRtsThrough_FW
0xe04a01ad,Ltkids.SetLiveRtsThrough_FW
0xe04a01bb,Ltkids.SetEventFlg_FW
0xe04a01d9,Ltkids.SetIsoSpeed_FW
0xe04a55ed,task_PtpipContoroller
0xe04a678f,task_DPOFTask
0xe04ac7dd,memset
0xe04ac7dd,memset_FW
0xe04b23d9,strrchr
0xe04b24fd,GetDriverInfoEvent_FW
0xe04b2ba9,task_IrisEvent
0xe04b35f7,EnableIrisActuator_FW
0xe04b3611,DisableIrisActuator_FW
0xe04b362b,ResetIrisActuator_FW
0xe04b36bf,GetLensErrorStatus_FW
0xe04d0593,UnlockMainPower
0xe04d0593,UnlockMainPower_FW
0xe04d05f7,LockMainPower
0xe04d05f7,LockMainPower_FW
0xe04d0647,SetAutoShutdownTime
0xe04d0647,SetAutoShutdownTime_FW
0xe04d1bd9,get_dial_hw_position
0xe04d1d55,task_IrisCycleEvent
0xe04d262d,GetZoomPiDefaultPosition_FW
0xe04d2641,GetZoomResetSensorLevel_FW
0xe04d26f5,GetZoomLensDriveResetAmpereDac_FW
0xe04d27b9,GetZoomPiChangePosition_FW
0xe04d4c99,task_MechaShutter
0xe04d9705,GetAdVBattBottom_FW
0xe04d970b,GetAdChValue
0xe04d970b,GetAdChValue_FW
0xe04d99df,task_SD1stInit
0xe04d9e59,UIFS_CtrlManControllerAnytimeTop_FW
0xe04d9e5f,UIFS_IsAvailableMovieRecOptZoom_FW
0xe04d9e63,UIFS_IsAvailableMovieRecDigZoom_FW
0xe04d9e67,UIFS_IsAvailableServoAF_FW
0xe04d9e6b,UIFS_IsAvailableRecMenuAFMode_FW
0xe04d9e6f,UIFS_IsAutoPopupDownStrobe_FW
0xe04d9e73,UIFS_IsAvailableAvTvMode_FW
0xe04d9e77,UIFS_IsAvailablePowerZoom_FW
0xe04d9f85,UIFS_SetDialStillRec_FW
0xe04d9f9f,UIFS_SetDialMovieRec_FW
0xe04d9fcf,UIFS_SetDialPlay_FW
0xe04d9fe9,UIFS_OpenPopupStrobe_FW
0xe04da00b,UIFS_ClosePopupStrobe_FW
0xe04da02f,UIFS_MountExtFlash_FW
0xe04da051,UIFS_UnmountExtFlash_FW
0xe04da075,UIFS_ConnectVideo_FW
0xe04da099,UIFS_DisconnectVideo_FW
0xe04da0bd,j_UIFS_MoveZoomTo_FW
0xe04da0c5,j_UIFS_GetNumOfOptZoomPos_FW
0xe04da0c9,UIFS_StopPostingUIEvent_FW
0xe04da0cb,UIFS_RestartPostingUIEvent_FW
0xe04da0cd,UIFS_PostModeDial_FW
0xe04da0f7,j_UIFS_Capture_FW
0xe04da0fb,j_UIFS_CaptureNoneStop_FW
0xe04da0ff,j_UIFS_StartMovieRecord_FW
0xe04da103,j_UIFS_StopMovieRecord_FW
0xe04da107,UIFS_StartClockMode_FW
0xe04da111,UIFS_EndClockMode_FW
0xe04da11b,UIFS_SetCradleSetting_FW
0xe04da11d,j_UIFS_WriteFirmInfoToFile_FW
0xe04da121,j_UIFS_GetMovieRecoadableNumber_FW
0xe04da125,j_UIFS_GetStillShotableNumber_FW
0xe04da129,UIFS_ChangeShootState_FW
0xe04da13f,UIFS_GetLastPath_FW
0xe04da163,UIFS_GetAvItemCount_FW
0xe04da1a1,UIFS_GetTvItemCount_FW
0xe04da1e1,UIFS_GetAvItem_FW
0xe04da205,UIFS_GetTvItem_FW
0xe04da229,UIFS_GetCurrentAvString_FW
0xe04da27f,UIFS_GetCurrentTvString_FW
0xe04da2db,j_UIFS_IsAvailableShots_FW
0xe04da2df,UIFS_IsOperationEvent_FW
0xe04da307,UIFS_SetTouchOperation_FW
0xe04da321,j_UIFS_StartMoviePlay_FW
0xe04da325,UIFS_PostBatAuthOK_FW
0xe04da33f,UIFS_PostBatAuthNG_FW
0xe04da359,UIFS_PostBatNoChange_FW
0xe04da373,j_UIFS_GetNumberOfDisplayedImage_FW
0xe04da377,j_UIFS_PlayTrimExecuteAllImageSize_FW
0xe04da37b,j_UIFS_WirelessExecuteSendForever_FW
0xe04da37f,j_UIFS_CancelStoreLensTimer_FW
0xe04da383,UIFS_DisplayFirmUpdateView_FW
0xe04da38b,UIFS_ResetMenuPos_FW
0xe04da3db,UI.CreatePublic_FW
0xe04dad9b,UI_ShowStateOfRecMode_FW
0xe04dadad,UI.Create_FW
0xe04dadad,UI_RegistDebugEventProc_FW
0xe04ddaa5,UIFS_StartMoviePlay_FW
0xe04e58d5,UIFS_PlayTrimExecuteAllImageSize_FW
0xe04e8371,strtolx
0xe04e84cb,strtol
0xe04e875b,task_MotionVector
0xe04ea2f5,task_ScenarioMaker
0xe04f0ee9,task_BA_Task
0xe04f0f6f,BA_IsBatteryChanged_FW
0xe04f1135,_ToggleBatteryStatus_FW
0xe04f176b,task_EvShel
0xe04f1821,NewTaskShell_FW
0xe04f195d,atol_FW
0xe04f2173,ConnectPtpIPService_FW
0xe04f2179,DisconnectPtpIPService_FW
0xe04f7f17,task_WdtPrint
0xe04f7fcb,task_WdtReset
0xe04f7ff1,task_WdtPU1Check
0xe04f8077,StartWDT_FW
0xe04f80b5,StopWDT_FW
0xe04fa751,task_MovieTranscoder
0xe04fd051,task_Nd
0xe04fd785,get_current_nd_value
0xe04fd7ab,get_nd_value
0xe05039f5,RomIntegrityCheck_FW
0xe0503a11,GetBuildDate_FW
0xe0503a15,PrintBuildDate_FW
0xe0503a1d,GetBuildTime_FW
0xe0503a21,PrintBuildTime_FW
0xe0503a29,GetFirmwareVersion_FW
0xe0503a2d,PrintFirmwareVersion_FW
0xe0503a73,GetInternalFirmwareVersion_FW
0xe0503a77,PrintInternalFirmwareVersion_FW
0xe0503ad7,CheckSumAll_FW
0xe0503bc5,GetChipVersion_FW
0xe0503bc9,RomCheckSum_FW
0xe0503cfb,ExpCtrlTool.SetExpMode_FW
0xe0503d2d,ExpCtrlTool.SoundDevTest_FW
0xe05043f1,task_WebServiceApp
0xe0504db5,LoadParamDataFromAdjTableBin_FW
0xe0504e57,LoadDataFromAdjTableBin_FW
0xe0504edd,DeviceUniqueIDCheckSum_FW
0xe050510b,LoadDUIDCheckSum_FW
0xe0505121,SaveDUID_FW
0xe050512f,LoadDUID_FW
0xe0505133,SaveDUIDCheckSum_FW
0xe050513f,j_LoadDUIDCheckSum_FW
0xe0505141,SaveFactoryAdjData_FW
0xe0505153,LoadFactoryAdjData_FW
0xe0505159,SaveHistoryAdjData_FW
0xe050516b,LoadHistoryAdjData_FW
0xe0505171,SaveFactoryIDData_FW
0xe050517d,LoadFactoryIDData_FW
0xe05094bb,task_FileManMarkAllTask
0xe0509663,task_SetGeoTagExecution
0xe050ddb1,task_ComWireless
0xe050f8b5,GetIrisDriveVoltage_FW
0xe050f8bd,GetIrisDriveVoltageLow_FW
0xe050f8d5,GetIrisSettingWaitVoltage_FW
0xe050f8e5,GetIrisHoldVoltage_FW
0xe0515bdf,handle_PTP_OC_CANON_EOS_GetEvent
0xe051a273,handle_PTP_OC_CANON_CheckEvent
0xe051b9d5,GetZoomLensCurrentPosition
0xe051e69b,SDCardUHSActive_FW
0xe051fe19,task_TrnsCtrlTask
0xe0523985,strftime
0xe0525949,task_ConsoleSvr
0xe0525cbd,RotateConsoleZOder_FW
0xe0525d43,task_LowConsole
0xe0525d81,taskcreate_LowConsole
0xe0525e27,CPrintf_FW
0xe0525e5f,CPutChar_FW
0xe0525e75,GetCh_FW
0xe0525ea5,GetStringWithPrompt_FW
0xe0525ee3,OpenConsole_FW
0xe0525f97,CloseConsole_FW
0xe0526267,GetFocusLensCurrentPosition_FW
0xe052626b,GetFocusLensCurrentPositionWithMotor_FW
0xe052626f,GetFocusLensDriveVoltage_FW
0xe05262ad,GetFocusLensHoldVoltage_FW
0xe05262db,GetFocusLensGainSlope_FW
0xe0527e05,NFCEvt.IsNfcStart_FW
0xe0527e13,task_NfcCon_EvtTask
0xe0527e69,NFCEvt.Create_FW
0xe052a8e1,task_RedirectUARTTask
0xe052ad83,task_fprintSNRTask
0xe052b4c1,task_LachesisTest
0xe052b60d,srand
0xe052b613,rand
0xe052b9cd,task_PTPSessionTASK
0xe052c0b9,task_NormalThumbCache
0xe052c9dd,task_DecJpgRd
0xe052fd7b,RegComEventProc_FW
0xe0530031,handle_PTP_OC_CloseSession
0xe0530097,handle_PTP_OC_OpenSession
0xe0530139,handle_PTP_OC_GetDeviceInfo
0xe05338fb,handle_PTP_OC_GetStorageIDs
0xe0533995,handle_PTP_OC_GetStorageInfo
0xe0533f91,handle_PTP_OC_GetObject
0xe0534087,handle_PTP_OC_GetThumb
0xe0534119,handle_PTP_OC_GetPartialObject
0xe053422f,handle_PTP_OC_SetObjectProtection
0xe0534297,handle_PTP_OC_GetObjectInfo
0xe0534321,handle_PTP_OC_CANON_GetPartialObjectInfo
0xe053449d,handle_PTP_OC_CANON_GetPartialObjectEx
0xe053463b,handle_PTP_OC_CANON_GetObjectAttributes
0xe0534697,handle_PTP_OC_CANON_SetObjectArchive
0xe05346f3,handle_PTP_OC_CANON_SendObjectInfoByPath
0xe05346f3,handle_PTP_OC_SendObjectInfo
0xe0534925,handle_PTP_OC_0x904c
0xe0534b11,handle_PTP_OC_CANON_GetObjectHandleByName
0xe0534bc7,handle_PTP_OC_CANON_SetObjectTime
0xe0534c11,handle_PTP_OC_DeleteObject
0xe0534d0b,handle_PTP_OC_FormatStore
0xe0534da1,handle_PTP_OC_0x9038
0xe0534e2f,handle_PTP_OC_0x9039
0xe0534ec1,handle_PTP_OC_0x903a
0xe0534f2f,handle_PTP_OC_0x903b
0xe0534f57,handle_PTP_OC_0x904b
0xe053501f,handle_PTP_OC_GetNumObjects
0xe05350d5,handle_PTP_OC_GetObjectHandles
0xe0535225,handle_PTP_OC_CANON_GetObjectInfoEx
0xe0535407,handle_PTP_OC_CANON_SendObjectByPath
0xe0535407,handle_PTP_OC_SendObject
0xe053557f,handle_PTP_OC_CANON_SendPartialObject
0xe05356db,handle_PTP_OC_0x9060
0xe0535735,handle_PTP_OC_0x9062
0xe0536497,RequestDisconnectPTPIP_FW
0xe0536529,RequestConnectPTPIP_FW
0xe053655f,RequestConnectPTPIPDef_FW
0xe05365d1,RegisterNotifyConnectPTPIP_FW
0xe05365d1,RegisterNotifyPTPIP_FW
0xe05365e9,RegisterResponseConnectPTPIP_FW
0xe05365e9,RegisterResponsePTPIP_FW
0xe0536601,TerminatePTPIPTransportResponder_FW
0xe0536665,InitializePTPIPTransportResponder_FW
0xe05368fd,PrintAllAEIntegData_FW
0xe0536e87,AbortAEIntegralValue_FW
0xe0536eab,j_AbortAEIntegralValue_FW
0xe0536ec1,SetAEIntegStrobeProperty_FW
0xe0536f21,SetAEIntegCorrectProperty_FW
0xe0536f53,SetAEIntegralValueProperty_FW
0xe0536f71,SetAEIntegralGetaTime_FW
0xe0537159,GetAEIntegWinData_FW
0xe0537163,j_GetAEIntegWinData_FW
0xe0537165,GetAEIntegWinDataWithMode_FW
0xe0537307,GetAEIntegralValueWithFix_FW
0xe05373ab,GetAllAEIntegralAllValueWithFix_FW
0xe0537429,GetOnlyAEIntegData_FW
0xe0537471,SetWhiteCoefficient_FW
0xe05374b7,SetAEIntegWindowsMode_FW
0xe05374ed,SetAEIntegValueBit_FW
0xe05374fd,GetAEIntegValueBit_FW
0xe0537503,GetAEIntegralServiceMode_FW
0xe0537509,StopAEIntegralService_FW
0xe05375ad,j_StopAEIntegralService_FW
0xe0537747,StartAEIntegralService_FW
0xe053774d,SetLineDefMarkThroughMode_FW
0xe053776d,SetAEIntegAverageOBData_FW
0xe0537783,SetAdjAEIntegSmearLimitter_FW
0xe0537795,SetDefaultAEIntegSmearLimitter_FW
0xe053779f,AttachIntegCrawData_FW
0xe05378bf,GetCrawDataAddr_FW
0xe05387f1,task_FilYuvMaker
0xe053b41f,EF.IsChargeFull_FW
0xe053b41f,IsStrobeChargeCompleted
0xe053c12f,task_NfcConTask
0xe053cb4b,handle_PTP_OC_0x9805
0xe053cf01,handle_PTP_OC_0x9804
0xe053cfb3,handle_PTP_OC_0x9803
0xe053d145,handle_PTP_OC_0x9802
0xe053d3df,handle_PTP_OC_0x9801
0xe053d835,handle_PTP_OC_0x9051
0xe053d835,handle_PTP_OC_0x905d
0xe053d8dd,handle_PTP_OC_0x905b
0xe053d9b9,handle_PTP_OC_0x905a
0xe053daa7,handle_PTP_OC_0x9059
0xe053db51,handle_PTP_OC_0x9058
0xe053dccb,handle_PTP_OC_0x9057
0xe053dd7f,handle_PTP_OC_0x9053
0xe053de09,handle_PTP_OC_0x9052
0xe053de99,handle_PTP_OC_0x9050
0xe053de99,handle_PTP_OC_0x905c
0xe053e51f,task_PTPtoFAPI_EventProcTask_Try
0xe053e58b,task_PTPtoFAPI_EventProcTask_Block
0xe053f101,handle_PTP_OC_CANON_EOS_PCHDDCapacity
0xe053f131,handle_PTP_OC_CANON_EOS_GetCameraSupport
0xe054126d,handle_PTP_OC_CANON_EOS_GetStorageIDs
0xe0541307,handle_PTP_OC_CANON_EOS_GetStorageInfo
0xe054154b,handle_PTP_OC_CANON_EOS_GetObjectInfo
0xe0541633,handle_PTP_OC_CANON_EOS_DeleteObject
0xe0541699,handle_PTP_OC_CANON_EOS_FormatStore
0xe05417c1,handle_PTP_OC_CANON_EOS_GetPartialObject
0xe0541987,handle_PTP_OC_CANON_EOS_GetObjectInfoEx
0xe0541b55,handle_PTP_OC_CANON_EOS_GetThumbEx
0xe0541d29,handle_PTP_OC_CANON_EOS_SetObjectAttributes
0xe0541d9d,handle_PTP_OC_CANON_EOS_TransferComplete
0xe0541dd1,handle_PTP_OC_CANON_EOS_CancelTransfer
0xe0541e03,handle_PTP_OC_CANON_EOS_GetPartialObjectEx
0xe0541f01,handle_PTP_OC_CANON_EOS_EndGetPartialObjectEx
0xe0541fbd,handle_PTP_OC_CANON_EOS_GetCTGInfo
0xe05421f3,handle_PTP_OC_CANON_EOS_SetRating
0xe054225d,handle_PTP_OC_CANON_EOS_NotifyEstimateNumberofImport
0xe05422a7,handle_PTP_OC_CANON_EOS_NotifyNumberofImported
0xe0542311,handle_PTP_OC_CANON_EOS_NotifySizeOfPartialDataTransfer
0xe05424dd,handle_PTP_OC_CANON_EOS_NotifyFinish
0xe0542585,handle_PTP_OC_CANON_EOS_RequestInnerDevelopStart
0xe05426db,handle_PTP_OC_CANON_EOS_RequestInnerDevelopEnd
0xe054274d,handle_PTP_OC_CANON_GetGpsMobilelinkObjectInfo
0xe05428a3,handle_PTP_OC_CANON_SendGpsTagInfo
0xe054293d,handle_PTP_OC_CANON_GetTranscodeApproxSize
0xe05429e5,handle_PTP_OC_CANON_RequestTranscodeStart
0xe0542b09,handle_PTP_OC_CANON_RequestTranscodeCancel
0xe0543699,handle_PTP_OC_0x902f
0xe0543755,handle_PTP_OC_CANON_ChangeUSBProtocol
0xe0543885,handle_PTP_OC_CANON_GetRootCertificateSpec
0xe05438ed,handle_PTP_OC_CANON_GetRootCertificateData
0xe05439a3,handle_PTP_OC_0x906e
0xe0543a6b,handle_PTP_OC_CANON_SetRootCertificateData
0xe05452c9,task_IMLApp
0xe0546373,task_PtpipPacketDetector
0xe0546867,task_WSSAPP
0xe0549b55,task_FORMAT_TASK_PROGRESS
0xe0549d95,task_FORMAT_TASK_NAME
0xe054c167,ActivateImager_FW
0xe054c1c3,ActivateImagerXOne_FW
0xe054c255,QuietImager_FW
0xe054c2bd,CancelImager_FW
0xe054c2d3,ChangeImagerToRegularDrive_FW
0xe054c2d7,ChangeImagerToWholeParallel_FW
0xe054c2db,ChangeImagerToWholeParallelBP_FW
0xe054c2df,ChangeImagerToWideDraftFinancier_FW
0xe054c2e3,ChangeImagerToCombiParallel_FW
0xe054c2e7,ChangeImagerToWideDraft_FW
0xe054c2eb,ChangeImagerToFocusJet_FW
0xe054c2ef,ChangeImagerToMangoPudding_FW
0xe054c2f3,ChangeImagerToSuperWideDraft_FW
0xe054c2f7,ChangeImagerToHoneyFlash_FW
0xe054c2fb,ChangeImagerToMillefeAdjust_FW
0xe054c2ff,ChangeImagerToDigiconMode_FW
0xe054c2ff,ChangeImagerToOITA_XAVIER_FW
0xe054c303,ChangeImagerToAlternateDraft_FW
0xe054c307,ChangeImagerToUltraGhostQ_FW
0xe054c30b,ChangeImagerToMontblancWhole_FW
0xe054c30f,ChangeImagerToMontblancMillefe_FW
0xe054c313,ChangeImagerToMontblancMovie_FW
0xe054c317,ChangeImagerToHarleyDavidson_FW
0xe054c31b,ChangeImagerToMachDashV_FW
0xe054c31f,ChangeImagerToFantaJungle_FW
0xe054c323,ChangeImagerToHoneyFlashDark_FW
0xe054c327,ChangeImagerToRoadKing_FW
0xe054c32b,ChangeImagerToLCWideDraft_FW
0xe054c32f,ChangeImagerToFalconJump_FW
0xe054c333,ChangeImagerToSpriteSunshine_FW
0xe054c337,ChangeImagerToHealthyVegetable_FW
0xe054c33b,ChangeImagerToElectraGlide_FW
0xe054c33f,ChangeImagerToVeryFastWideDraft_FW
0xe054c343,ChangeImagerToVeryFastMangoPudding_FW
0xe054c347,ChangeImagerToHarleySunshine_FW
0xe054c34b,ChangeImagerToRoadQueen_FW
0xe054c34f,ChangeImagerToHarleyDavidsonNepal_FW
0xe054c353,ChangeImagerToRoadKingNepal_FW
0xe054c357,ChangeImagerToSuperWideNepal_FW
0xe054c35b,ChangeImagerToLasVegasMagic_FW
0xe054c35f,ChangeImagerToEsperRocketH_FW
0xe054c363,ChangeImagerToElectraGlideNepal_FW
0xe054c367,ChangeImagerToHarleySunshineNepal_FW
0xe054c36b,ChangeImagerToEsperRocketHNepal_FW
0xe054c36f,ChangeImagerToAstroMetamorphose_FW
0xe054c38b,j_E2LatOn_FW
0xe054c38f,ChangeAutoSlowShutterEnable_FW
0xe054c991,handle_PTP_OC_CANON_EOS_SetDevicePropValueEx
0xe054ca7d,handle_PTP_OC_CANON_EOS_RequestDevicePropValue
0xe054cb51,handle_PTP_OC_CANON_EOS_SetRemoteMode
0xe054cbbf,handle_PTP_OC_CANON_EOS_RemoteReleaseOn
0xe054ccb5,handle_PTP_OC_CANON_EOS_RemoteReleaseOff
0xe054ceeb,handle_PTP_OC_CANON_EOS_GetViewFinderData
0xe054d1e1,handle_PTP_OC_CANON_EOS_DoAf
0xe054d21d,handle_PTP_OC_CANON_EOS_TouchAfPosition
0xe054d2c5,handle_PTP_OC_CANON_EOS_AfCancel
0xe0550d8d,Edet.Delete_FW
0xe0550da1,Edet.Create_FW
0xe0550de1,EngApp.Delete_FW
0xe0550e1f,EngApp.Create_FW
0xe05516a5,fut_flush
0xe0551761,fopen_low
0xe05517ff,fclose_low
0xe055183d,fread_low
0xe05518ed,fwrite_low
0xe0551983,fgets_low
0xe0551a1b,fseek_low
0xe0551bb5,j_InitializeMechaUnitExeTest_FW
0xe0551bb9,j_TerminateMechaUnitExeTest_FW
0xe0551bbd,j_IsUnitFirmMode_FW
0xe0551bc1,MechaUnRegisterEventProcedure_FW
0xe0551c0b,Mecha.Create_FW
0xe0551c67,MechaReset_FW
0xe0551c6f,MechaTerminate_FW
0xe0551c77,ShowMechaMacro_FW
0xe0551cb5,GetMechaAdjParamData_FW
0xe0551f25,DispDev_EnableEventProc
0xe0551f25,DispDev_EnableEventProc_FW
0xe0551f5d,SetSDPwrPort_FW
0xe0551f71,j_GetAdVBattBottom_FW
0xe0551f75,j_GetAdChValue_FW
0xe0551f79,j_BeepDrive_FW
0xe0551f7d,j_BeepDriveComp_FW
0xe0551f81,j_BeepDriveStop_FW
0xe0551f85,j_SetStereoSeparation_FW
0xe0551f89,j_InitializeAudio_FW
0xe0551f8d,j_VbattGet_FW
0xe0551f91,LEDDrive
0xe0551f91,LEDDrive_FW
0xe0551fc1,ShowPhySwStatus_FW
0xe0551fcb,SetRawSWCheckMode_FW
0xe0551fd5,OnPrintPhySw_FW
0xe0551fdf,OffPrintPhySw_FW
0xe0551fe9,j_GetSwitchStatus_FW
0xe0551fed,ShowSDStatus_FW
0xe0551ff7,j_GetSDDetect_FW
0xe0551ffb,j_GetSDProtect_FW
0xe0551fff,SetIgnoreAVJACK_FW
0xe0552009,j_GetDialEventId_FW
0xe055200d,j_GetLcdPosition_FW
0xe0552011,j_GetBatteryCoverClose_FW
0xe0552015,j_IsHvSensorExist_FW
0xe0552019,j_GetDriverInfoEvent_FW
0xe055201d,GetTimeFromRTC_FW
0xe0552029,EraseSignature_FW
0xe0552031,j_GetPopupOpen_FW
0xe0552035,Driver.Create_FW
0xe0552035,Driver_EnableEventProc_FW
0xe05523d5,SetPropertyCase_FW
0xe05523e3,GetPropertyCase_FW
0xe0552429,mod_FW
0xe0552439,GetDateAndTime_FW
0xe05524a3,j_Printf_FW
0xe05524a7,j_MonSelEvent_FW
0xe05524ab,j_MemoryChecker_FW
0xe05524af,j_VerifyByte_FW
0xe05524b3,j_SDump_FW
0xe05524b7,Dump_FW
0xe05524c1,Dump32_FW
0xe05524cd,Poke32_FW
0xe05524d7,Poke16_FW
0xe05524e1,Poke8_FW
0xe05524eb,j_Peek32_FW
0xe05524ef,j_Peek16_FW
0xe05524f3,j_Peek8_FW
0xe05524f7,Wait_FW
0xe0552501,j_exec_FW
0xe0552505,ShowAllTaskInfo_FW
0xe055250f,System.Delete_FW
0xe0552aed,System.Create_FW
0xe0552e1d,SS.MoveOpticalZoomToTele_FW
0xe0552e29,SS.MoveOpticalZoomToWide_FW
0xe0552e35,PT_MoveOpticalZoomAt
0xe0552e35,SS.MoveOpticalZoomAt_FW
0xe0552e45,SS.MoveDigitalZoomToTele_FW
0xe0552e4f,SS.MoveDigitalZoomToWide_FW
0xe0552e59,SS.MoveDigitalZoomAt_FW
0xe0552e65,SS.GetDigitalZoomTele_FW
0xe0552e73,j_SS.GetDigitalZoomPosition_FW
0xe0552e77,SS.ChangeZoomSpeed_FW
0xe0552e83,SS.DoAFLock_FW
0xe0552e8d,SS.UnlockAF_FW
0xe0552e97,SS.DoAELock_FW
0xe0552ea1,SS.UnlockAE_FW
0xe0552eab,SS.MFOn_FW
0xe0552eb5,SS.MFOff_FW
0xe0552ebf,SS.Create_FW
0xe0552ef9,InitializeAdjustmentSystem_FW
0xe0552f19,TerminateAdjustmentSystem_FW
0xe0552f39,InitializeAdjustmentFunction_FW
0xe0552f4f,FA.Delete_FW
0xe0552f5b,FA.Create_FW
0xe0552f75,DispDev.Create_FW
0xe0552f91,SaveBmpVRAMData_FW
0xe055313f,SavePaletteData_FW
0xe05533a1,Capture.Create_FW
0xe05533d9,EngineDriver.Create_FW
0xe0553415,EngApp.CreatePub_FW
0xe05534a3,EFUSE_ReadData_FW
0xe055a291,GetAdjAcceleration_FW
0xe055a29b,ReloadProtractorAdjustment_FW
0xe055a2d1,GetAdjProtractorAngle_FW
0xe055a2d5,CalculateProtractorATanData_FW
0xe055a2e1,GetAccelerometerTemperature_FW
0xe055a2e5,GetAdjAccelerationDataWithCorrect_FW
0xe055a2e9,j_GetAoriAccelerationData_FW
0xe055a383,CheckTPRawLevel_FW
0xe055a389,ExecuteAvs_FW
0xe055a395,CheckAvs_FW
0xe055a3f9,GetEFuseData_FW
0xe055a3fd,LoadAvsAdjData_FW
0xe055a401,j_InitializeWLAN_FW
0xe055a405,j_TerminateWLAN_FW
0xe055a421,JoinWLANNetwork_FW
0xe055a50b,PingWLANNetwork_FW
0xe055a517,j_LeaveWLANNetwork_FW
0xe055a51b,StartFAWLANService_FW
0xe055a521,StopFAWLANService_FW
0xe055a52f,GetWLANMACAddress_FW
0xe055a549,WriteWLANMACAddressToFROM_FW
0xe055a5ab,GetWLANEepromNum_FW
0xe055a5cb,GetCurrentCcdTemp_FW
0xe055a5e1,j_GetCurrentCcdTemp_FW
0xe055a5e3,GetCurrentOptTemp_FW
0xe055a607,j_GetCurrentOptTemp_FW
0xe055a609,GetCameraInformationData_FW
0xe055a62d,j_GetCameraInformationData_FW
0xe055a62f,GetTotalShootCount_FW
0xe055a6b5,j_GetTotalShootCount_FW
0xe055a929,InitializeSoundDevForRecEvent_FW
0xe055a937,SetNCParamForAdjEvent_FW
0xe055a945,RecSoundForNCAdjEvent_FW
0xe055a94f,SetNoiseAddParamForZoomNCEvent_FW
0xe055a957,ReloadZoomNCProfileEvent_FW
0xe055a95f,SetZoomNCEffectiveEvent_FW
0xe055a96d,ClearSoundDevForRecEvent_FW
0xe055a987,GetModeDialState_FW
0xe055a9f9,GetModeDialName_FW
0xe055aa07,IsSDDetect_FW
0xe055aa41,j_IsSDDetect_FW
0xe055aa47,InitializeNFCAdjustment_FW
0xe055aa4f,j_ClearNFCSystemArea_FW
0xe055aa57,WriteNFCSystemArea_FW
0xe055aa61,j_WriteNFCUserArea_FW
0xe055aa79,WriteNFCUserAreaWithInitNFCAdj_FW
0xe055aa81,j_ResetNFCSystemArea_FW
0xe055aacf,GetNFCSystemAreaData_FW
0xe055ab25,GetNFCUserAreaData_FW
0xe055ab4d,CheckNFCTagWithCount_FW
0xe055abc3,GetNFCOptUnitAssemblyAreaData_FW
0xe055abed,WriteNFCOptUnitAssemblyAreaData_FW
0xe055abf7,j_ClearNFCOptUnitAssemblyAreaData_FW
0xe055ac03,WriteNFCSystemAreaForOptUnitAssembly_FW
0xe055ac39,j_WriteNFCSystemAreaForOptUnitAssembly_FW
0xe055ac57,GetBatteryVoltage_FW
0xe055ac6b,j_GetBatteryVoltage_FW
0xe055ac6d,StartDisplayHDMIForFAMode_FW
0xe055acad,StopDisplayHDMIForFAMode_FW
0xe055acbb,j_StartDisplayHDMIForFAMode_FW
0xe055acbd,j_StopDisplayHDMIForFAMode_FW
0xe055b831,task_TimerUtility
0xe055bc1d,ClearNFCSystemArea_FW
0xe055bd55,ResetNFCSystemArea_FW
0xe055c27f,WriteNFCUserArea_FW
0xe055c403,ClearNFCOptUnitAssemblyAreaData_FW
0xe055cab9,handle_PTP_OC_CANON_EOS_SetEventMode
0xe055cb47,handle_PTP_OC_CANON_EOS_SetUILock
0xe055cb77,handle_PTP_OC_CANON_EOS_ResetUILock
0xe055cba5,handle_PTP_OC_CANON_EOS_KeepDeviceOn
0xe055cbd3,handle_PTP_OC_CANON_EOS_SetRequestOLCInfoGroup
0xe055f12d,task_ImageSyncController
0xe055fecd,MoveIrisToAv_FW
0xe055fefb,j_GetCurrentAvValue_FW
0xe055ff79,j_GetUsableAvRange
0xe055ff7d,MoveIrisFullOpen_FW
0xe055ff9f,MoveIrisFullClose_FW
0xe055ffc1,ResetIrisPosition_FW
0xe055ffe3,MoveIrisWithTerminatePosition_FW
0xe0560005,MoveIrisMechaPositionWithBacklash_FW
0xe056002b,MoveIrisMechaPositionWithoutBacklash_FW
0xe0560051,MoveIrisToAvWithoutBacklash_FW
0xe056007b,GetUsableMinAv
0xe056007b,GetUsableMinAv_FW
0xe056008b,j_GetUsableMinAv_FW
0xe056008d,GetUsableMaxAv
0xe056008d,GetUsableMaxAv_FW
0xe056009d,j_GetUsableMaxAv_FW
0xe05600a3,j_GetCurrentIrisPosition_FW
0xe05600e7,ReloadIrisAdjustment_FW
0xe05600f5,ReloadGetaAdjustment_FW
0xe05600ff,GetCurrentAvCoefficient_FW
0xe056010f,j_GetCurrentAvCoefficient_FW
0xe0560115,j_GetIrisPRResetPosition_FW
0xe0560fab,AdditionAgentRAM_FW
0xe05610cd,memShow_FW
0xe056282d,EF.StartEFCharge_FW
0xe0562867,EF.StopEFCharge_FW
0xe0562871,EF.SetEFChargeTimeOut_FW
0xe056287f,EF.SetChargeOnTime_FW
0xe056288d,EF.GetEFY_FW
0xe05628f5,EF.GetEFY2_FW
0xe05628fd,EF.GetEFModAddPixelGain_FW
0xe0562903,j_EF.GetAdjustPreSvOffset_FW
0xe0562907,j_EF.GetEFModExamDriveType_FW
0xe056290b,j_EF.IsIrisTypeKosaiShibori_FW
0xe056290f,EF.StartInternalPreFlash_FW
0xe056293d,EF.StartInternalMainFlash_FW
0xe0562997,EF.FlashWithoutSync_FW
0xe05629ad,EF.FlashForColorTempEvaluation_FW
0xe05629b1,EF.SetMainFlashTime_FW
0xe05629bd,j_EF.IsChargeFull_FW
0xe05629c1,EF.AdjPreFlash_FW
0xe05629f7,EF.SetChargeMode_FW
0xe05639d3,task_PingManager
0xe0565371,HdmiSetOutputResolusion_FW
0xe0565373,HdmiChange5VShortState_FW
0xe0565379,HecHdmiCecPhysicalCheckForScript_FW
0xe05653d1,HdmiAudioSampleFreq_FW
0xe05653d3,LockHdmiState_FW
0xe05653d5,EdidView_FW
0xe05653d7,EdidDump_FW
0xe05653d9,j_CecRegDump_FW
0xe05653dd,j_HdmiRegDump_FW
0xe056575d,SetFaexeEventTableActivation_FW
0xe0565faf,InitializeMechaUnitExeTest_FW
0xe0565fb9,TerminateMechaUnitExeTest_FW
0xe0566085,MoveCZToPoint_FW
0xe05660ab,MoveCZToWide_FW
0xe05660cb,MoveCZToTele_FW
0xe05660eb,MoveCZToPointByOVF_FW
0xe056610d,StopCZ_FW
0xe056612b,GetCZStillHighSpeed_FW
0xe056612f,GetCZStillLowSpeed_FW
0xe0566133,GetCZMovieHighSpeed_FW
0xe0566137,GetCZMovieLowSpeed_FW
0xe056613b,GetCZStillDefaultSpeed_FW
0xe056613f,GetCZMovieDefaultSpeed_FW
0xe0566143,IsAvailableCZSpeed_FW
0xe0566149,GetCZFramingAssistStillSpeed_FW
0xe056614d,GetCZFramingAssistAutoHighSpeed_FW
0xe0566151,GetCZFramingAssistAutoLowSpeed_FW
0xe05661e7,GetFocusLensIrisCoefficient_FW
0xe05661f9,ResetFocusLens_FW
0xe0566235,EscapeFocusLens_FW
0xe0566285,MoveFocusLensToTerminate_FW
0xe05662c1,MoveFocusLensToTerminateWithKeepExciting_FW
0xe05662fd,MoveFocusLensWithDistance_FW
0xe0566373,MoveFocusLensWithPosition_FW
0xe05663eb,MoveFocusLensWithPositionWithNonStepOut_FW
0xe0566463,MoveFocusLensWithFinalPosition_FW
0xe05664e3,MoveFocusLensWithPositionImmediateReturn_FW
0xe0566523,MoveFocusLensWithPositionWithoutBacklash_FW
0xe05665b1,MoveFocusLensWithFinalPositionWithNonStepOutWithoutBacklash_FW
0xe0566629,MoveFocusLensWithFinalPositionWithoutBacklash_FW
0xe05666a1,MoveFocusLensTowardPosition_FW
0xe0566723,MoveFocusLensWithPositionWithCompBacklash_FW
0xe05667b5,MoveFocusActuator_FW
0xe0566859,SetFocusActuatorHoldVoltage_FW
0xe0566865,SetFocusActuatorSlopeHoldVoltage_FW
0xe0566873,SetFocusLensSpeed_FW
0xe05668c3,SetFocusLensSpeedTable_FW
0xe056692f,SetFocusLensAccelerationTable_FW
0xe05669cd,SetFocusLensSlowdownTable_FW
0xe0566a0d,SetFocusLensDefaultPullOutTable_FW
0xe0566a19,SetFocusLensCondition_FW
0xe0566a9f,ShowFocusLensCurrentSpeedTable_FW
0xe0566adf,SetFocusLensMaxSpeedLimit_FW
0xe0566ae9,CancelFocusLensMaxSpeedLimit_FW
0xe0566af3,EnableFocusLens_FW
0xe0566b25,DisableFocusLens_FW
0xe0566b5b,EnableFocusLensSilentMode_FW
0xe0566b77,DisableFocusLensSilentMode_FW
0xe0566b93,j_GetFocusLensCurrentPosition_FW
0xe0566b97,j_GetFocusLensCurrentPositionWithMotor_FW
0xe0566b9b,j_GetFocusLensResetPosition_FW
0xe0566b9f,j_GetFocusLensResetDefaultPosition_FW
0xe0566ba3,GetFocusLensSubjectDistance_FW
0xe0566bb5,GetFocusLensSubjectDistanceNumber_FW
0xe0566bb9,GetFocusLensPositionRatio_FW
0xe0566bbd,GetFocusLensLoadSubjectDistance_FW
0xe0566bd3,ChangeFocusDistanceToPosition_FW
0xe0566bd9,GetFocusLensLoadCamTable_FW
0xe0566bfd,j_GetFocusLensDriveVoltage_FW
0xe0566c01,SetFocusLensDriveVoltage_FW
0xe0566c25,j_GetFocusLensHoldVoltage_FW
0xe0566c29,SetFocusLensHoldVoltage_FW
0xe0566c4d,j_GetFocusLensResetVoltage_FW
0xe0566c51,j_GetFocusLensGainSlope_FW
0xe0566c55,SetFocusLensGainSlope_FW
0xe0566c79,GetFocusLensMoveMaxPosition_FW
0xe0566c89,GetFocusLensMoveMinPosition_FW
0xe0566c99,j_GetFocusLensPullInMaxSpeed_FW
0xe0566c9d,GetFocusLensMoveRangeOfTelePoint_FW
0xe0566cdd,FocusLensStopQuickly_FW
0xe0566d2d,GetFocusLensCarrierFrequency_FW
0xe0566d41,SetFocusLensCarrierFrequency_FW
0xe0566d65,MoveFocusLensChangeCarrierFrequency_FW
0xe0566ead,j_GetFocusLensAvCoefficient_FW
0xe0566eb1,ShowFocusLensIrisCoefficientCheckSum_FW
0xe0566f15,ChangeFocusLensStopSettingType_FW
0xe0566f21,j_GetFocusLensFinalStopSettingTime_FW
0xe0566fad,ResetIris_FW
0xe0566fcb,MoveIrisToStandbyPosition_FW
0xe0566fe9,MoveIrisWithAv
0xe0566fe9,MoveIrisWithAv_FW
0xe056700b,MoveIrisWithAvAndSpeed_FW
0xe0567033,MoveIrisToPositionWithBacklash_FW
0xe0567055,MoveIrisToTerminatePosition_FW
0xe0567073,MoveIrisToFullOpen_FW
0xe0567091,MoveIrisToFullClose_FW
0xe05670af,j_GetIrisAv_FW
0xe05670b3,j_GetIrisCurrentPosition_FW
0xe05670b7,MoveIrisWithAvWithoutBacklash_FW
0xe05670d9,MoveIrisToPositionWithoutBacklash_FW
0xe05670fb,MoveIrisWithAvAndSpeedWithoutBacklash_FW
0xe0567123,EnableIris_FW
0xe056713d,DisableIris_FW
0xe0567157,j_GetIrisSpecOpenPosition_FW
0xe056715b,j_GetIrisSpecClosePosition_FW
0xe056715f,j_GetIrisDriveVoltage_FW
0xe0567163,SetIrisDriveVoltage_FW
0xe056716f,j_GetIrisDriveVoltageLow_FW
0xe0567173,SetIrisDriveVoltageLow_FW
0xe056717f,j_GetIrisSettingWaitVoltage_FW
0xe0567183,SetIrisSettingWaitVoltage_FW
0xe056718f,j_GetIrisHoldVoltage_FW
0xe0567193,SetIrisHoldVoltage_FW
0xe056719f,ChangeIrisSpeed_FW
0xe05671b9,MoveIrisWithAvAndAvSpeed_FW
0xe05671e1,MoveIrisWithAvAndAvSpeedWithoutBacklash_FW
0xe0567209,GetIrisAvHysteresisOfPosition_FW
0xe0567251,MoveLensToFirstPoint_FW
0xe0567287,MoveLensToTerminatePoint_FW
0xe05672af,j_IsLensOutside_FW
0xe05672b3,j_GetLensErrorStatus_FW
0xe05672b7,j_GetFocusStartZoomPosition_FW
0xe05672bb,EnableLensError_FW
0xe05672c5,DisableLensError_FW
0xe05672cf,SetLensOutsideFlag_FW
0xe05672db,ShowMechaCondition_FW
0xe0567339,j_GetMechaCondition_FW
0xe0567435,WriteMechaLogToRom_FW
0xe056743f,WriteMechaLogToFile_FW
0xe0567459,EnableMechaCircuit_FW
0xe0567463,DisableMechaCircuit_FW
0xe056746d,EnableFocusPiCircuit_FW
0xe0567477,DisableFocusPiCircuit_FW
0xe0567481,j_GetFocusPiSensorLevel_FW
0xe0567485,EnableZoomPiCircuit_FW
0xe056748f,DisableZoomPiCircuit_FW
0xe0567499,j_GetZoomPiSensorLevel_FW
0xe056749d,EnableZoomEncoderCircuit_FW
0xe05674a7,DisableZoomEncoderCircuit_FW
0xe05674b1,EnableIrisPiCircuit_FW
0xe05674bb,DisableIrisPiCircuit_FW
0xe05674c5,j_GetIrisPiSensorLevel_FW
0xe05674c9,SendMechaCircuitData_FW
0xe05674dd,ReceiveMechaCircuitData_FW
0xe05674f5,ReceiveMechaCircuitDataAll_FW
0xe0567513,EnableResetGpio_FW
0xe0567521,DisableResetGpio_FW
0xe056752d,MonSelToCamif_FW
0xe05675c3,MonSelCamifFunction_FW
0xe056766d,MonSelCamifFunctionPlus_FW
0xe056777d,MonSelToCdomain_FW
0xe05677d1,MonSelCdomainFunction_FW
0xe05677db,MonSelToClkgen_FW
0xe056786d,MonSelClkgenFunction_FW
0xe0567881,MonSelToPiass_FW
0xe0567917,MonSelPiassFunction_FW
0xe0567975,MonSelPiassFunctionPlus_FW
0xe0567a99,CloseMechaShutter_FW
0xe0567ab7,OpenMechaShutter_FW
0xe0567ad5,CloseMechaShutterWithTiming_FW
0xe0567aff,SetMechaShutterCloseDacSetting_FW
0xe0567b0d,GetMechaShutterCloseDacSetting_FW
0xe0567b2b,SetMechaShutterOpenDacSetting_FW
0xe0567b39,GetMechaShutterOpenDacSetting_FW
0xe0567b57,SetMechaShutterWaitTimeSetting_FW
0xe0567b63,j_GetMechaShutterStatus_FW
0xe0567b67,j_GetMechaShutterMoveTime_FW
0xe0567b6b,SetMechaShutterMoveTime_FW
0xe0567bdd,TurnOnNdFilter_FW
0xe0567bf7,TurnOffNdFilter_FW
0xe0567c11,TurnOnNdFilterWithTiming_FW
0xe0567c37,TurnOffNdFilterWithTiming_FW
0xe0567c5d,j_GetNdMoveTime_FW
0xe0567c61,SetNdMoveTime_FW
0xe0567c6d,SetNdDacSetting_FW
0xe0567c89,EnableZoomLensEncoderPowerControl_FW
0xe0567c93,DisableZoomLensEncoderPowerControl_FW
0xe0567cf9,ResetZoomLens_FW
0xe0567d19,ResetZoomLensToFirst_FW
0xe0567d47,ResetZoomLensToTerminate_FW
0xe0567d75,MoveZoomLensWithPoint
0xe0567d75,MoveZoomLensWithPoint_FW
0xe0567da7,MoveZoomLensWithPointImmediateReturn_FW
0xe0567db9,WaitMoveZoomLensComplete_FW
0xe0567dd7,MoveZoomLensWithPosition_FW
0xe0567e09,MoveZoomLensWithPositionStart_FW
0xe0567e1d,MoveZoomLensToTerminatePosition_FW
0xe0567e4b,MoveZoomLensToMechaEdge_FW
0xe0567e97,StopZoomLens_FW
0xe0567ea5,SetZoomLensSpeedMode_FW
0xe0567eb1,GetZoomLensDriveAmpereDac_FW
0xe0567eb7,SetZoomLensDriveAmpereDac_FW
0xe0567ec7,j_GetZoomLensDriveResetAmpereDac_FW
0xe0567ecb,SetZoomLensDriveResetAmpereDac_FW
0xe0567ed9,GetZoomResetWidePosition_FW
0xe0567ee9,GetZoomSinkPosition_FW
0xe0567ef9,EnableZoomLensSpeedControl_FW
0xe0567f05,DisableZoomLensSpeedControl_FW
0xe0567f11,EnableZoomLensElectricControl_FW
0xe0567f1d,DisableZoomLensElectricControl_FW
0xe0567f29,j_GetZoomLensCurrentPoint_FW
0xe0567f2d,j_GetZoomLensCurrentPosition_FW
0xe0567f31,j_GetZoomLensTelePoint_FW
0xe0567f35,j_GetZoomLensMechaEdgePosition_FW
0xe0567f39,ChangeZoomPointToPosition_FW
0xe0567f41,ChangeZoomLensPointToMagnification_FW
0xe0567f49,ChangeZoomLensMagnificationToPoint_FW
0xe0567f51,SetZoomAmpereLimitOffTime_FW
0xe0567f5f,j_GetZoomAmpereLimitOffTime_FW
0xe0567f63,SetZoomLensMoveTimeLimit_FW
0xe0567f6f,j_GetZoomLensMinimumSpeedMoveLimitTime_FW
0xe0567f73,SetZoomLensCurrentPosition_FW
0xe0567f81,SetZoomLensResetMoveTimeLimit_FW
0xe0567f97,SetZoomLensSpeedChangeMaxTime_FW
0xe0567fa1,SetZoomLensSpeedChangeRate_FW
0xe0567fb3,MoveZoomLensWithPositionAndSpeedChange_FW
0xe056807f,RegisterZoomLensPositionPassedCBR_FW
0xe05680bd,UnRegisterZoomLensPositionPassedCBR_FW
0xe056820f,DcmWowFla_FW
0xe0568293,DcmWowFlaForSD_FW
0xe056845b,DcmTfMeasure_FW
0xe05684dd,DcmTfMeasureForSD_FW
0xe056866d,StartZoomLensSpeedLog_FW
0xe0568685,StopAndSaveZoomLensSpeedLog_FW
0xe0568769,ISAutoCenter_FW
0xe0568773,StartISLocalAdjust_FW
0xe056877d,j_StartISLocalHallAdjust_FW
0xe0568781,j_StartISLocalAutoCenter_FW
0xe0568785,ISMoveToMechaEdgeOPEN_FW
0xe0568793,ISChangeOPENtoCLOSE_FW
0xe056879d,SetISDriveAaxis_FW
0xe05687ab,SetISDriveBaxis_FW
0xe05687b9,SetISHallOffsetAaxis_FW
0xe05687c7,SetISHallOffsetBaxis_FW
0xe05687d5,SetISHallOffsetbyAxisType_FW
0xe05687e9,SetISHallGainAaxis_FW
0xe05687f7,SetISHallGainBaxis_FW
0xe0568805,SetISHallGainbyAxisType_FW
0xe0568819,GetISDriveAaxis_FW
0xe056882d,GetISDriveBaxis_FW
0xe0568841,GetISPositionAaxis_FW
0xe0568855,GetISPositionBaxis_FW
0xe0568869,GetISHallOffsetAaxis_FW
0xe056887d,GetISHallOffsetBaxis_FW
0xe0568891,GetISHallOffsetbyAxisType_FW
0xe05688ad,GetISHallOffsetDacBitNum_FW
0xe05688c1,GetISHallGainAaxis_FW
0xe05688d5,GetISHallGainBaxis_FW
0xe05688e9,GetISHallGainbyAxisType_FW
0xe0568905,SetISControlType_FW
0xe0568911,FixISStatus_FW
0xe056891d,SetISStillStatus_FW
0xe0568927,SelectPositionSignal_FW
0xe0568933,ClearISIComponent_FW
0xe056893d,GetISHallOut1Amp_FW
0xe0568957,GetISHallOut2Amp_FW
0xe0568971,ISMDStart_FW
0xe056897b,ISMDStop_FW
0xe0568985,EnableISDriveError_FW
0xe056898f,DisableISDriveError
0xe056898f,DisableISDriveError_FW
0xe0568999,SetISHallAmpFirstGain_FW
0xe05689a5,GetISHallAmpFirstGain_FW
0xe05689bf,StartLoopGainCalc_FW
0xe05689df,GetLoopGainCalcData_FW
0xe0568a15,SetLoopGainAdjValue_FW
0xe0568a27,GetLoopGainAdjValue_FW
0xe0568a3d,StopLoopGainCalc_FW
0xe0568a47,GetISCrossTalkComp_FW
0xe0568a83,SetISCrossTalkCompA1_FW
0xe0568a91,SetISCrossTalkCompA2_FW
0xe0568a9f,SetISCrossTalkCompB1_FW
0xe0568aad,SetISCrossTalkCompB2_FW
0xe0568abb,SetDISModeParam_FW
0xe0568ac7,GetDISModeParamType_FW
0xe0568adb,DisableDISModeChange_FW
0xe0568ae5,EnableDISModeChange_FW
0xe0568aef,SetISCenterShiftA_FW
0xe0568afd,SetISCenterShiftB_FW
0xe0568b0b,GetISCenterShiftA_FW
0xe0568b1d,GetISCenterShiftB_FW
0xe0568b2f,SetPoweredISON_FW
0xe0568b3b,SetPoweredISOFF_FW
0xe0568b47,ISFixedPWMON_FW
0xe0568b53,ISFixedPWMOFF_FW
0xe0568b5f,SetFixedPWMOutA_FW
0xe0568b6d,SetFixedPWMOutB_FW
0xe0568b7b,j_GetFixedPWMOutA_FW
0xe0568b7f,j_GetFixedPWMOutB_FW
0xe0568b83,SetISPWMFreqAndFixed_FW
0xe0568b8f,SetISPWMFrequency_FW
0xe0568b9b,j_GetISPWMFrequency_FW
0xe0568b9f,j_GetISPWMPeriod_FW
0xe0568ba3,StartISPWMFreqChangeTest_FW
0xe0568bad,StopISPWMFreqChangeTest_FW
0xe0568bb7,GetISPWMDutyCompAaxis_FW
0xe0568bd1,GetISPWMDutyCompBaxis_FW
0xe0568dfd,GetISPWMCompGainA1_FW
0xe0568e0f,GetISPWMCompGainA2_FW
0xe0568e21,GetISPWMCompGainB1_FW
0xe0568e33,GetISPWMCompGainB2_FW
0xe0568e45,SetISPWMCompGainA1_FW
0xe0568e53,SetISPWMCompGainA2_FW
0xe0568e61,SetISPWMCompGainB1_FW
0xe0568e6f,SetISPWMCompGainB2_FW
0xe0568e7d,SetWaitTime_FW
0xe0568e8b,GetWaitTime_FW
0xe0568e9f,SetSlowWaitTime_FW
0xe0568ead,GetSlowWaitTime_FW
0xe0568ec1,SetMoveEdgeWaitTime_FW
0xe0568ecf,GetMoveEdgeWaitTime_FW
0xe0568ee3,GetDisSupportStatus_FW
0xe0568ee7,GetISCenterDrivebyAxisType_FW
0xe0568f03,SetISGyroGainAaxis_FW
0xe0568f11,SetISGyroGainBaxis_FW
0xe0568f1f,SetISGyroGainbyAxisType_FW
0xe0568f33,GetISGyroGainAaxis_FW
0xe0568f47,GetISGyroGainBaxis_FW
0xe0568f5b,GetISGyroGainbyAxisType_FW
0xe0568f77,j_GetGyroDataPitch_FW
0xe0568f7b,j_GetGyroDataYaw_FW
0xe0568f7f,SetGyro10BitDACPitch_FW
0xe0568f8d,SetGyro10BitDACYaw_FW
0xe0568f9b,j_GetGyro10BitDACPitch_FW
0xe0568f9f,j_GetGyro10BitDACYaw_FW
0xe0568fa3,SetGyroHPFINOffsetPitch_FW
0xe0568fb1,SetGyroHPFINOffsetYaw_FW
0xe0568fbf,j_GetGyroHPFINOffsetPitch_FW
0xe0568fc3,j_GetGyroHPFINOffsetYaw_FW
0xe0568fc7,j_GetGyroHPFINPitch_FW
0xe0568fcb,j_GetGyroHPFINYaw_FW
0xe0568fcf,SetISTuningFlag_FW
0xe0568fdb,SetGyroFilterChargeStart_FW
0xe0568fdf,SetGyroFilterChargeStop_FW
0xe0568fe3,GetGyroFilterCharge_FW
0xe0568ff7,GetISFirmVersion_FW
0xe0569011,GetMechaDSPVersion_FW
0xe056902b,GetISParamVersion_FW
0xe0569045,SetZoomPosition_FW
0xe0569051,ISControlStart_FW
0xe056905b,ISControlStop_FW
0xe0569065,ISPanModeStart_FW
0xe056906f,ISPanModeStop_FW
0xe0569079,ChangeParallelMode_FW
0xe0569085,SetLPFParallelBest_FW
0xe0569095,GetLPFParallelBest_FW
0xe05690b7,SetISHPFCutoff_FW
0xe05690c3,ClearISZData_FW
0xe05690cd,SetISLPFAaxis_FW
0xe05690d9,SetISLPFBaxis_FW
0xe05690e5,EnableISAutoGyroOffset_FW
0xe05690ef,DisableISAutoGyroOffset_FW
0xe05690f9,SetISAdjData_FW
0xe0569103,EnableMacroIS_FW
0xe056910d,DisableMacroIS_FW
0xe0569117,StartMacroISContiMode_FW
0xe0569121,StartMacroISAdjust_FW
0xe056912b,StopMacroISAdjust_FW
0xe0569135,GetMacroISEstimRadiusA_FW
0xe0569147,GetMacroISEstimRadiusB_FW
0xe0569159,SetISFocusLensDistance_FW
0xe0569163,GetMacroISGainA_FW
0xe0569175,GetMacroISGainB_FW
0xe0569187,SetMacroISGainA_FW
0xe0569195,SetMacroISGainB_FW
0xe05691a3,GetMacroISAngleAndVelocityA_FW
0xe05691c5,GetMacroISAngleAndVelocityB_FW
0xe0569451,GetAccelX_atMechaCpu_FW
0xe0569463,GetAccelY_atMechaCpu_FW
0xe0569475,GetAccelZ_atMechaCpu_FW
0xe0569487,GetAccelX_Raw_atMechaCpu_FW
0xe0569499,GetAccelY_Raw_atMechaCpu_FW
0xe05694ab,GetAccelZ_Raw_atMechaCpu_FW
0xe05694bd,MechaCPUMemoryDump_FW
0xe05694cf,MechaCPUMemoryWrite_FW
0xe05694e3,ISMemoryWrite_FW
0xe05694f7,ISActive_FW
0xe0569503,StartImStEventProc_FW
0xe0569575,GetGyroDataRoll_FW
0xe0569589,SetGyro10BitDACRoll_FW
0xe0569597,GetGyro10BitDACRoll_FW
0xe05695ab,SetGyroHPFINOffsetRoll_FW
0xe05695b9,GetGyroHPFINOffsetRoll_FW
0xe05695cd,GetGyroHPFINRoll_FW
0xe05695e1,SetVectorISFlag_FW
0xe05698a1,MemoryChecker_FW
0xe05698d9,VerifyByte_FW
0xe0569afb,SDump_FW
0xe0569c2b,FreeMemory_FW
0xe0569c31,AllocateMemory_FW
0xe0569c43,Peek32_FW
0xe0569c47,Peek16_FW
0xe0569c4d,Peek8_FW
0xe0569c53,GetSystemTime
0xe0569c53,GetSystemTime_FW
0xe0569c5f,exec_FW
0xe0569c9b,MonSelEvent_FW
0xe0569db9,MakeBootDisk_FW
0xe0569dc5,MakeScriptDisk_FW
0xe056b6c1,EF.GetAdjustPreSvOffset_FW
0xe056b6c5,EF.GetEFModExamDriveType_FW
0xe056b6d1,EF.IsIrisTypeKosaiShibori_FW
0xe056fd9f,LiveImageTool.StartEVF_FW
0xe056fda5,LiveImageTool.StartEVFFocusJet_FW
0xe056fdab,LiveImageTool.StartEVFMF_FW
0xe056fdb1,LiveImageTool.StartEVFMovFULLHD_FW
0xe056fdbf,LiveImageTool.StartEVFMovFULLHD30P_FW
0xe056fdcd,LiveImageTool.StartEVFMovFULLHD60P_FW
0xe056fddb,LiveImageTool.StartEVFMovHD_FW
0xe056fde9,LiveImageTool.StartEVFMovHD60P_FW
0xe056fdf7,LiveImageTool.StartEVFMovQVGA_FW
0xe056fe03,LiveImageTool.StartEVFMovQVGA_HS_FW
0xe056fe07,LiveImageTool.StartEVFMovVGA_FW
0xe056fe15,LiveImageTool.StartEVFMovVGA_HS_FW
0xe056fe23,LiveImageTool.StopEVF_FW
0xe056fe2d,LiveImageTool.DzoomTele_FW
0xe056fe3f,LiveImageTool.DzoomWide_FW
0xe056fe51,LiveImageTool.StopDzoom_FW
0xe056fe5b,LiveImageTool.Pause_FW
0xe056fe5f,LiveImageTool.Resume_FW
0xe056fe63,LiveImageTool.ChangeDzoom_FW
0xe056fe85,j_LiveImageTool.GetDzoomPosition_FW
0xe056fe89,LiveImageTool.Jump_FW
0xe056fe97,LiveImageTool.Dister_FW
0xe05731bb,task_SAlbumPlay
0xe057ad0d,InitializeMechaDevice_FW
0xe057ad2f,TerminateMechaDevice_FW
0xe057add1,CreateJumptable
0xe057e361,task_ExpDrvSubTask
0xe057edcd,CamInfo_Debug_FW
0xe05825b5,Bat_Calc_FW
0xe05825b5,CalculateBatSenseOffset_FW
0xe0582623,Bat_CalcSubCPU_FW
0xe0582623,CalculateBatSenseOffsetSubCPU_FW
0xe05828dd,StopCaptureDrive_FW
0xe05830a1,CancelImageDrive_FW
0xe0583139,StartCaptureDrive_FW
0xe058313d,CaptureWithParam_FW
0xe0583165,ChangeImageDrive_FW
0xe0583171,GetCrwImageInfo_FW
0xe05831cb,GetRawBufferAdd_FW
0xe05831e5,ActivateImageDrive_FW
0xe0583217,QuietImageDrive_FW
0xe058323b,j_ClearImageDrive_FW
0xe058323f,GetCrwInfoData_FW
0xe0583245,DoMemToMemDarkSubtraction_FW
0xe0583249,SetSafImageReadOutType_FW
0xe058324b,SetSafImagePredictMode_FW
0xe058324f,SetSafImageWindowHArea_FW
0xe0583253,EnableHeadDirectCapturePath_FW
0xe0583255,DisableHeadDirectCapturePath_FW
0xe0583259,SetLtkidsCorrectThroughMode_FW
0xe058325b,SetLtkidsRealtimeCorrectThroughMode_FW
0xe058325d,SetSafPPPBypassMode_FW
0xe058325f,SetSafFPGABypassMode_FW
0xe0583261,CorrectMvFrMem2MemAfterDefMark_FW
0xe0583265,SetLvMagSkipNum_FW
0xe0583269,SetLvMagCenterWindow_FW
0xe0583271,GetLvMagWindowInfo_FW
0xe0583a1b,CalculatePeakFromLeastSquareResult_FW
0xe0583a33,CalculateLog2ToApex_FW
0xe0583a3d,CalculatePow2FromApex_FW
0xe0583a43,CalcLog10
0xe0583a6f,CalcLog10_FW
0xe0583a89,ConvertApexToApexStd_FW
0xe0583aa3,ConvertApexStdToApex_FW
0xe0583ae5,CalcSqrt
0xe0583b0d,CalcSqrt_FW
0xe0583b43,ReloadColorAdjustment_FW
0xe0583bbf,RegistColorMatrix_FW
0xe0583be1,j_RegistColorMatrix_FW
0xe0583be3,UnregistColorMatrix_FW
0xe0583beb,j_UnregistColorMatrix_FW
0xe0583cf7,ShowCurrentExp_FW
0xe0583d25,SetAE_ShutterSpeed
0xe0583d25,SetAE_ShutterSpeed_FW
0xe0583d99,FocusAEWithCompensation_FW
0xe0583de7,SetAE_CdsGainValue_FW
0xe0583e0d,FixAEWithCompensation_FW
0xe0583e4b,SetAdj_AEMode_FW
0xe0583e7f,CancelAdj_AEMode_FW
0xe0583ea5,PreFixAE_FW
0xe0583fad,AfAEWithAperturePriority_FW
0xe0583fdb,AdjAEWithAperturePriority_FW
0xe05840a5,SleepAE_FW
0xe0584189,AfAEWithCompensation_FW
0xe058422b,GetVideoOutType
0xe058422b,GetVideoOutType_FW
0xe058426d,SwitchOffDisplay_FW
0xe0584293,SwitchOnDisplay_FW
0xe058429d,j_GetVideoOutType_FW
0xe058429f,SetVideoOutType
0xe05842cb,SetVideoOutType_FW
0xe05842d7,IsEVFDrive_FW
0xe05842ef,j_IsEVFDrive_FW
0xe0584315,StopEVFDrive_FW
0xe0584555,StartEVFDriveWithMode_FW
0xe058457d,StartEVFDrive_FW
0xe05845b5,IsEvfDriveMode_FW
0xe0584905,GetSumYOfVRAMCenterLine_FW
0xe0584949,j_GetVRAMHPixelsSize_FW
0xe0584951,j_GetVRAMVPixelsSize_FW
0xe0584959,StopContinuousVRAMData_FW
0xe05849ad,GetContinuousVRAMData_FW
0xe0584e7b,GetPixelsOfViewangle_FW
0xe0584ed9,GetContinuousVRAMDataWithRingBuffer_FW
0xe0584f35,j_GetMovieJpegVRAMHPixelsSize_FW
0xe0584f3d,j_GetMovieJpegVRAMVPixelsSize_FW
0xe0584fa1,GetContinuousMovieJpegVRAMData_FW
0xe0584fed,ChangeDistortionSetForLiveImage_FW
0xe0585007,ChangeElectronicRollISSetting_FW
0xe0585233,Bat_VIN_FW
0xe0585233,SetInputVoltage_FW
0xe058523f,Bat_Save_FW
0xe058523f,SaveBatSenseOffsetAdjustmentTable_FW
0xe0585249,SetImageMode_FW
0xe058524d,CalcLowBatteryOffsetValue_FW
0xe0585275,SetDate
0xe0585275,SetDate_FW
0xe0585301,SetYear_FW
0xe0585339,SetMonth_FW
0xe058536d,SetDay_FW
0xe05853a7,SetHour_FW
0xe05853df,SetMinute_FW
0xe0585417,SetSecond_FW
0xe058544f,GetYear_FW
0xe058546b,GetMonth_FW
0xe0585483,GetDay_FW
0xe0585499,GetHour_FW
0xe05854af,GetMinute_FW
0xe05854c5,GetSecond_FW
0xe05854db,SetLangMenuType_FW
0xe05855cd,SaveFromImage_FW
0xe05855db,GetFromCountOfRom_FW
0xe0585709,SetFactorySerialNumber_FW
0xe0585717,LoadFactoryNumber_FW
0xe05857a5,j_LoadFactoryNumber_FW
0xe05857a7,LoadSerialNumber_FW
0xe058582f,j_LoadSerialNumber_FW
0xe0585831,GetLastVBatADLevel_FW
0xe0585837,j_GetLastVBatADLevel_FW
0xe0585839,j_GetVBatVoltage_FW
0xe058583d,SaveFactoryReserveData_FW
0xe058586f,j_GetDCPAdjOffset_FW
0xe0585873,SetWindowSystemDrawSetting_FW
0xe058587f,GetEFUSEData_FW
0xe058588b,j_GetEFUSEData_FW
0xe0585891,TurnOffCamera_FW
0xe058589b,task_FAPowerOff
0xe05858cb,FactoryPowerOffWithTimer_FW
0xe05858d7,RegistFirmVer_FW
0xe0585913,j_RegistFirmVer_FW
0xe0585915,task_ResetFactoryWithShutdownTimer
0xe0585947,FactoryResetWithShutdownTimer_FW
0xe0585c37,ReloadDefectAdjustmentData_FW
0xe0585c41,ReloadFROMDefectAdjustmentData_FW
0xe0585c4b,ReloadShadingAdjustmentData_FW
0xe0585c55,SetWBTemperature_FW
0xe0585cff,DevelopStillPicture_FW
0xe0586363,SetScanLensIndex_FW
0xe05863fb,SetScanWindowMode_FW
0xe058657b,SelectAdjBPFilter_FW
0xe0586599,SetAdjAFWinPos_FW
0xe05866af,SetBPFilterForBP_FW
0xe05866cf,CancelBPFilterForBP_FW
0xe0586775,StartAdjAFService_FW
0xe058681d,StopAdjAFService_FW
0xe0586981,GetAdjAFInteg_FW
0xe05869b9,StopAdjAFInteg_FW
0xe05869c3,StartAdjAFInteg_FW
0xe05869d1,SetAdjAFIntegCrwAdd_FW
0xe0586e39,StopCustomScan_FW
0xe0586e43,StartCustomScan_FW
0xe0586e85,StartCrwCustomScan_FW
0xe058752d,CalculatePeakPosByLS_FW
0xe0587551,CalculateInterpolationByLS_FW
0xe0587573,ReloadAFAdjustment_FW
0xe05875f1,PrintScanTable_FW
0xe0587729,PrintMultiWinScanTable_FW
0xe0587ee5,HitISLensAgainstTopEdge_FW
0xe0587ef1,HitISLensAgainstBottomEdge_FW
0xe0587efd,HitISLensAgainstLeftEdge_FW
0xe0587f09,HitISLensAgainstRightEdge_FW
0xe0587f15,HitISLensToMechaEdge_FW
0xe0587f21,MoveISLensToRightLimitPosition_FW
0xe0587f2d,MoveISLensToLeftLimitPosition_FW
0xe0587f39,MoveISLensToBottomLimitPosition_FW
0xe0587f45,MoveISLensToTopLimitPosition_FW
0xe0587f51,MoveISLensToLimitPosition_FW
0xe0587f5d,SearchBCentralPosition_FW
0xe0587f5d,SearchISLensCentralPosition_FW
0xe0587f67,StopBDrive_FW
0xe0587f67,StopISAdjustmentDrive_FW
0xe0587f67,StopISDrive_FW
0xe0587f71,StartBDrive_FW
0xe0587f71,StartISAdjustmentDrive_FW
0xe0587f71,StartISDrive_FW
0xe0587f7b,StopBPanDrive_FW
0xe0587f7b,StopISPanDrive_FW
0xe0587f85,SetISControllMode_FW
0xe0587f91,StartBPanDrive_FW
0xe0587f91,StartISPanDrive_FW
0xe0587f9b,WriteHallDeviceAdjustment_FW
0xe0587fa5,WriteGyroAdjustment_FW
0xe0587ff1,WritePWMAdjustment_FW
0xe0587ffb,SetISPitchPWM_FW
0xe0588003,SetISYawPWM_FW
0xe058800b,SetISLensDriveValue_FW
0xe0588015,SetISGyroYawGain_FW
0xe058801d,SetISGyroPitchGain_FW
0xe0588025,SetISLensGyroGain_FW
0xe058802f,SetISHallDeviceYawGain_FW
0xe0588037,SetISHallDevicePitchGain_FW
0xe058803f,SetISLensHallGain_FW
0xe0588049,SetISHallDeviceYawOffset_FW
0xe0588051,SetISHallDevicePitchOffset_FW
0xe0588059,SetISLensHallOffset_FW
0xe0588063,SetZoomPointToIS_FW
0xe058807f,GetISLens1stHallAmpValue_FW
0xe058808f,GetISHallOffsetDACValue_FW
0xe0588093,GetISLensEViAaxis_FW
0xe0588099,GetISLensEViBaxis_FW
0xe058809f,GetISLensCorrectedEViAaxis_FW
0xe05880a5,GetISLensCorrectedEViBaxis_FW
0xe05880ab,GetISLensDampAaxis_FW
0xe05880af,GetISLensDampBaxis_FW
0xe05880b3,SetISLPFCutOffFreqAaxis_FW
0xe05880b9,SetISLPFCutOffFreqBaxis_FW
0xe05880bf,SetLPFForParallelFilter_FW
0xe05880cd,SetISCutOffFreqIndex_FW
0xe05880cd,SetISHPFCutOffFreqIndex_FW
0xe05880d9,ChangeFilterMode_FW
0xe05880e5,HitISMechaEdgeInOpenControl_FW
0xe05880f1,ChangeToISCloseControl_FW
0xe05880fb,SetISGyroHPFINOffsetPitch_FW
0xe0588101,SetISGyroHPFINOffsetYaw_FW
0xe0588107,SetISGyroOffsetHPFINData_FW
0xe058810d,SetISGyro10BitDACPitch_FW
0xe0588113,SetISGyro10BitDACYaw_FW
0xe0588119,SetISGyroOffset10BitDACData_FW
0xe058811f,GetISGyroDataPitch_FW
0xe0588123,GetISGyroDataYaw_FW
0xe0588127,GetISGyroData_FW
0xe058812b,GetISGyroHPFINPitch_FW
0xe058812f,GetISGyroHPFINYaw_FW
0xe0588133,GetISHPFINGyroData_FW
0xe0588137,GetISGyro10BitDACPitch_FW
0xe058813b,GetISGyro10BitDACYaw_FW
0xe058813f,GetISGyroOffset10BitDACData_FW
0xe0588143,GetISGyroHPFINOffsetPitch_FW
0xe0588147,GetISGyroHPFINOffsetYaw_FW
0xe058814b,GetISGyroOffsetHPFINData_FW
0xe058814f,SetISGyroFilterCharge_FW
0xe058816d,SetISTuningMode_FW
0xe0588179,SetISTuningOff_FW
0xe0588185,SetISGyroCompensationMode_FW
0xe0588197,CalcLoopGain_FW
0xe05881d5,GetLoopGainCalcData_FW
0xe05881f9,SetLoopGain_FW
0xe058820b,GetLoopGain_FW
0xe058820f,SetISLensPWMMode_FW
0xe058821b,SetDISModeParameter_FW
0xe0588227,GetGyroFilterChargeStatus_FW
0xe0588235,j_GetDISModeParameter_FW
0xe0588239,SetISCrossTalkCompCoeff_FW
0xe058824b,GetISCrossTalkCompCoeff_FW
0xe058824f,StartISAdjustMacro_FW
0xe0588259,StopISAdjustMacro_FW
0xe0588263,GetMacroISGain_FW
0xe0588267,SetMacroISGain_FW
0xe0588279,GetMacroISEstimateRadius_FW
0xe058827d,GetMacroISEstimateVelocity_FW
0xe058829f,SetISMacroMode_FW
0xe05882ab,NotifyISMacroDistance_FW
0xe05882b5,GetISHallDevicePitchOffset_FW
0xe05882bb,GetISHallDeviceYawOffset_FW
0xe05882c1,GetISLensHallOffset_FW
0xe05882c7,GetISHallDevicePitchGain_FW
0xe05882cd,GetISHallDeviceYawGain_FW
0xe05882d3,GetISLensHallGain_FW
0xe05882d9,GetISPitchPWM_FW
0xe05882df,GetISYawPWM_FW
0xe05882e5,GetISLensDriveValue_FW
0xe05882eb,GetISShiftLensPitchPosition_FW
0xe05882ef,GetISShiftLensYawPosition_FW
0xe05882f3,GetISLensPositionValue_FW
0xe05882f7,GetISGyroPitchGain_FW
0xe05882fd,GetISGyroYawGain_FW
0xe0588303,GetISLensGyroGain_FW
0xe0588309,ClearISCalcZData_FW
0xe0588313,CancelLoopGainCalc_FW
0xe058831d,ReloadISAdjustment_FW
0xe0588327,MoveISLensToCentralPosition_FW
0xe0588331,GetISHallOffsetDAConvertValue_FW
0xe0588337,SetISPWMFreqData_FW
0xe0588343,j_GetISPWMFreqData_FW
0xe0589bad,GetMemInfo
0xe058ca31,GetCurrentAdjImgDriveType_FW
0xe058ca3d,GetCurrentImgDrvMode_FW
0xe058ca57,ConvertAEIntegDrvTypeToAdjImgDriveType_FW
0xe058ca81,ConvertAdjImgDrvModeToAdjImgDriveType_FW
0xe058cabd,ChangeAdjImgDrvMode_FW
0xe058cadd,ChangeAEIntegDrvTypeToAdjImgDriveType_FW
0xe058cbaf,GetZoomLensResetPlus_FW
0xe058cd31,j_GetCurrentZoomLensPosition_FW
0xe058cd31,j_GetCurrentZoomPosition_FW
0xe058cd39,j_GetCurrentZoomLensPoint_FW
0xe058cd39,j_GetCurrentZoomPoint_FW
0xe058cd3d,GetCurrentZoomLensDirection_FW
0xe058cd51,j_GetCurrentZoomLensDirection_FW
0xe058cd57,ReloadZoomAdjustment_FW
0xe058cdd1,j_GetZoomTelePoint_FW
0xe058cdd9,j_GetZoomResetSensorLevel_FW
0xe058ce0b,j_GetZoomDrivingTime_FW
0xe058ced3,ClearZoomDriveParam_FW
0xe058d137,j_IsZoomLensOutSidePosition_FW
0xe058d141,StopZoomEmergency_FW
0xe058d149,SetZoomResetState_FW
0xe058d17b,ResetZoom_FW
0xe058d19d,ResetZoomToFirst_FW
0xe058d19d,ResetZoomToFirstPoint_FW
0xe058d1bf,ResetZoomToTerminate_FW
0xe058d1bf,ResetZoomToTerminatePoint_FW
0xe058d1e1,MoveZoomLensToPosition_FW
0xe058d1e1,MoveZoomPosition_FW
0xe058d207,MoveZoomLensToPoint_FW
0xe058d207,MoveZoomPoint_FW
0xe058d22d,MoveComputerZoomToPoint_FW
0xe058d253,MoveComputerZoomToPointWithSpeed_FW
0xe058d27f,ResetZoomToAdjFirstPoint_FW
0xe058d2ad,ResetZoomToAdjTerminatePoint_FW
0xe058d2db,SetZoomLensEncoderPowerControl_FW
0xe058d2e7,SetZoomSpeedMode_FW
0xe058d333,GetZoomDefaultDriveParam_FW
0xe058d349,SetZoomDriveParam_FW
0xe058d36f,GetZoomResetDriveParam_FW
0xe058d383,SetZoomResetDriveParam_FW
0xe058d3a9,GetZoomNormalDriveParam_FW
0xe058d3bd,SetZoomNormalDriveParam_FW
0xe058d3e3,GetZoomDefaultCommonDriveParam_FW
0xe058d403,SetZoomCommonDriveParam_FW
0xe058d463,ClearZoomCommonDriveParam_FW
0xe058d483,j_GetZoomLensResetPlus_FW
0xe058d4e9,MoveZoomLensToMechaEnd_FW
0xe058d703,MoveZoomLensToPositionByManual_FW
0xe058d78f,SetZoomAmpereLimitOffTimeForAdjustZoom_FW
0xe058d799,j_GetZoomPiDefaultPosition_FW
0xe058d79d,j_GetZoomPiChangePosition_FW
0xe0591675,ConvertTvToExposureTime_FW
0xe0591689,j_GetCurrentExposureTime_FW
0xe0591695,j_GetCurrentShutterSpeed_FW
0xe05916b3,SetShutterSpeedWithMecha_FW
0xe05916eb,SetShutterSpeed_FW
0xe059171d,GetUserSetShutterSPeed_FW
0xe0591729,GetShutterSpeedRegularMaxLimit_FW
0xe0591739,j_GetShutterSpeedRegularMaxLimit_FW
0xe059173b,GetShutterSpeedRegularMinLimit_FW
0xe059174b,j_GetShutterSpeedRegularMinLimit_FW
0xe0591767,GetFrameRateWithApex_FW
0xe05917d3,SetOneShotWBParam_FW
0xe05917d3,SetOneTypeWBParam_FW
0xe0591829,OneShotWhigeBalance_FW
0xe0591829,OneTypeWhiteBalance_FW
0xe0591861,SetWBYlStandardWidth_FW
0xe0591889,SetReferenceWBGainForCalibration_FW
0xe05918a7,SetToolCorrectCoefficient_FW
0xe05918ed,ReloadWBAdjustment_FW
0xe0591a97,ConvertCxCyToWBGain_FW
0xe0591b83,GetExStrobeID_FW
0xe0591b8b,IsExStrobeChargeComp_FW
0xe0591b91,SetExStrobeMode_FW
0xe0591b97,CancelExStrobeMode_FW
0xe0591b9f,ReloadEfAdjustment_FW
0xe0591bcb,ChargeStrobe_FW
0xe0591bed,ChargeStrobeForFA_FW
0xe0591c1b,StopStrobeChargeForFA_FW
0xe0591c2f,ExecuteInternalPreFlash_FW
0xe0591caf,CloseMShutter_FW
0xe0591cd5,OpenMShutter_FW
0xe0591cfb,SetMShutterDacValue_FW
0xe0591d03,GetMShutterDacValue_FW
0xe0591d0b,j_ReloadMechaShutterAdjustment_FW
0xe0591d0f,GetMShutterStatus_FW
0xe0591d13,j_GetMShutterStatus_FW
0xe0591d53,GetCdsGainValue_FW
0xe0591d6b,SetDeltaCDSGain_FW
0xe0591d99,ReloadCdsAdjustment_FW
0xe0591da7,GetObClampValue_FW
0xe0591daf,SetObClamp_FW
0xe0591daf,SetObClampValue_FW
0xe0591db3,j_GetCdsGainValue_FW
0xe0591db5,SetCDSGain_FW
0xe0591db5,SetCdsGainValue_FW
0xe0591dd1,SetCdsPreGainReg_FW
0xe0591de7,GetCdsPreGainReg_FW
0xe0591deb,j_GetCdsPreGainReg_FW
0xe0591ded,SetSensorPreGain_FW
0xe0591df3,GetSensorPreGain_FW
0xe0591df7,GetCurrentDriveBaseSvValue_FW
0xe0591e0b,j_GetCurrentDriveBaseSvValue_FW
0xe0591e23,SetCDSGainStep_FW
0xe0591e3f,SetAdjCdsMode_FW
0xe0591e5b,CancelAdjCdsMode_FW
0xe0591e6b,IsAdjCdsMode_FW
0xe0591f6f,ConvertToPositionWithDistanceAndZoomPoint_FW
0xe0591f83,ConvertToPositionWithDistance_FW
0xe0591f8b,ReloadFocusLensAdjustment_FW
0xe0591f99,j_GetFocusDefaultResetPosition_FW
0xe0591fa1,j_GetFocusResetPosition_FW
0xe0591fa9,j_GetCurrentTargetDistance_FW
0xe0591fe7,j_GetCurrentFocusLensPosition_FW
0xe0591fe7,j_GetCurrentFocusPosition_FW
0xe059200b,MoveFocusLensToTerminatePosition_FW
0xe059200b,MoveFocusToTerminate_FW
0xe059209b,MoveFocusLensToPositionWithMaxSpeed_FW
0xe05920c3,MoveFocusLensToPositionWithSpeed_FW
0xe059213f,MoveFocusLensToPosition_FW
0xe059216b,MoveFocusPosition_FW
0xe05921e3,MoveFocusDistance_FW
0xe05921e3,MoveFocusLensToDistance
0xe05921e3,MoveFocusLensToDistance_FW
0xe0592229,ResetFocus_FW
0xe0592311,j_IsFocusLensOutSidePosition_FW
0xe059234b,SetFocusResetState_FW
0xe05923c5,SaveFocusResetPulse_FW
0xe0592481,ReloadNdFilterAdjustment_FW
0xe0592499,PutInNdFilter
0xe0592499,PutInNdFilter_FW
0xe05924bf,PutOutNdFilter
0xe05924bf,PutOutNdFilter_FW
0xe0595641,task_MovieEditor
0xe05a1ac3,task_SAlbumStillPlayer
0xe05af289,Color.TestSceneBlueSky_FW
0xe05af293,Color.TestSceneSunset_FW
0xe05af29d,Color.TestSceneGreen_FW
0xe05af445,PointDefDetect_FW
0xe05af54d,MergeAndConvertDefect_FW
0xe05af705,PointKizuCheck_FW
0xe05af753,SensDefCrowdCheck_FW
0xe05af773,CrossDefDetect_FW
0xe05af80b,MixPixDetect_FW
0xe05af959,GetDefectCrawInfo_FW
0xe05af9ab,GetDefectAllResultData_FW
0xe05af9dd,GetDefectPartResultData_FW
0xe05afa2f,SetDefectDebugInfo_FW
0xe05afa63,GetDefectHistgramInfo_FW
0xe05afa81,MarkPointDefData_FW
0xe05afa87,GetDefectTvAdj_FW
0xe05afae9,GetDefectRecParamForCorrelationTest_FW
0xe05afb7d,SetDefectRecParam_FW
0xe05afca9,ChangeDefectRecParam_FW
0xe05afcb5,ExecuteDefectRec_FW
0xe05afce1,ExecuteDefectRecAndSaveImage_FW
0xe05afd3b,ExecuteDefectRecWithGrade_FW
0xe05afd6d,ExecuteDefectRecAndSaveImageWithGrade_FW
0xe05afdcb,InitializeDefectRec_FW
0xe05afddb,TerminateDefectRec_FW
0xe05afde3,MakeDefectTurnTable_FW
0xe05afe03,ClearDefectTurnTable_FW
0xe05afe0d,GetDefectTurnTableParam_FW
0xe05afe5b,GetWaitTemperatureDriveType_FW
0xe05afe77,ChangeDefectSpecParam_FW
0xe05afe87,GetDefectErrorInfo_FW
0xe05afead,DevelopTool.DevelopTest_FW
0xe05afffd,EngDrvOut_FW
0xe05b001d,EngDrvIn_FW
0xe05b0023,EngDrvRead_FW
0xe05b0033,EngDrvBits_FW
0xe05b005d,EngDrvReadDump_FW
0xe05b01cd,ShowTransparentMemory_FW
0xe05b01e1,DumpTransparentMemoryItem_FW
0xe05b0205,AddTransparentMemory_FW
0xe05b0221,AttachToTransparentMemory_FW
0xe05b023d,RemoveTransparentMemory_FW
0xe05b024f,GetTransparentMemorySize_FW
0xe05b025b,GetTransparentMemory_FW
0xe05b027b,GetTransparentMemoryPosition_FW
0xe05b051f,InitializeSoundRec_FW
0xe05b054b,TerminateSoundRec_FW
0xe05b0565,j_InitializeSoundRec_FW
0xe05b0567,j_TerminateSoundRec_FW
0xe05b0569,StartSoundRecord_FW
0xe05b057f,StartSoundPlay_FW
0xe05b075f,InitializeFAGeneralTest_FW
0xe05b0769,TerminateFAGeneralTest_FW
0xe05b0775,InitializeFAExtendFile_FW
0xe05b077d,TerminateFAExtendFile_FW
0xe05b07d9,NR_SetDoubleNRType_FW
0xe05cf87b,task_Raw2Ss2YuvTask
