0x010c1389,CreateTask_low
0x010c17db,get_self_task_id
0x010c1be9,get_task_properties
0x010c1cd9,dry_error_printf
0x010c283d,createsemaphore_low
0x010c2923,givesemaphore_low
0x010c294f,takesemaphore_low
0x010c4d13,heap_alloc
0x010c4dd3,heap_free
0x010c5179,SleepTask
0x010c5179,SleepTask_FW
0x010c51fd,CreateTask
0x010c51fd,CreateTask_FW
0x010c5369,ExitTask
0x010c5369,ExitTask_FW
0x010c53b9,CreateEventFlag
0x010c53f1,DeleteEventFlag
0x010c541f,CheckAnyEventFlag
0x010c5447,CheckAllEventFlag
0x010c546f,WaitForAnyEventFlag
0x010c54ed,WaitForAllEventFlag
0x010c5569,SetEventFlag
0x010c5583,ClearEventFlag
0x010c55a1,GetEventFlagValue
0x010c55e1,RegisterInterruptHandler
0x010c5673,j1_GetSRAndDisableInterrupt
0x010c5677,j1_SetSR
0x010c56b5,CreateMessageQueue
0x010c570f,DeleteMessageQueue
0x010c5765,ReceiveMessageQueue
0x010c57ed,TryReceiveMessageQueue
0x010c5825,PostMessageQueue
0x010c589f,TryPostMessageQueue
0x010c58c1,GetNumberOfPostedMessages
0x010c5915,CreateBinarySemaphore
0x010c5957,CreateCountingSemaphore_FW
0x010c598f,DeleteSemaphore
0x010c598f,DeleteSemaphore_FW
0x010c59c5,TryTakeSemaphore
0x010c59f9,TakeSemaphore
0x010c59f9,TakeSemaphore_FW
0x010c5a6d,GiveSemaphore
0x010c5a6d,GiveSemaphore_FW
0x010c5a91,GetSemaphoreValue
0x010c5ae5,CreateTaskStrictly
0x010c5b07,CreateMessageQueueStrictly
0x010c5b21,CreateEventFlagStrictly
0x010c5b3b,CreateBinarySemaphoreStrictly
0x010c5b55,CreateCountingSemaphoreStrictly
0x010c5b6f,CreateRecursiveLockStrictly
0x010c5b89,TakeSemaphoreStrictly
0x010c5bc1,PostMessageQueueStrictly
0x010c5bdd,WaitForAnyEventFlagStrictly
0x010c5bf9,WaitForAllEventFlagStrictly
0x010c5c15,AcquireRecursiveLockStrictly
0x010c5c3d,DebugAssert
0x010c5c53,DebugAssert2
0x010c5c5d,set_assert_handler
0x010c5ef1,time
0x010c5f5b,GetTimeOfSystem_FW
0x010c6239,LocalTime
0x010c77bd,CreateRecursiveLock
0x010c781f,AcquireRecursiveLock
0x010c78d5,ReleaseRecursiveLock
0x010d06bd,j2_GetSRAndDisableInterrupt
0x010d06c7,j2_SetSR
0x010d0809,j_mktime_ext
0x010da178,dry_memcpy
0x010da260,bzero
0x010da264,memset32
0x010dbe08,_log
0x010dc328,_log10
0x010dc490,_pow
0x010de238,_sqrt
0xfc0203f1,PointDefDetect_FW
0xfc0204e5,MergeAndConvertDefect_FW
0xfc020695,PointKizuCheck_FW
0xfc0206e5,SensDefCrowdCheck_FW
0xfc020709,ChangeGradeTable_FW
0xfc02070d,CrossDefDetect_FW
0xfc020809,ChangeCrossThresholdTable_FW
0xfc020815,MixPixDetect_FW
0xfc02095f,GetDefectCrawInfo_FW
0xfc02099b,GetDefectAllResultData_FW
0xfc0209c9,GetDefectPartResultData_FW
0xfc020a1b,SetDefectDebugInfo_FW
0xfc020a59,GetDefectHistgramInfo_FW
0xfc020a75,GetDefectTvAdj_FW
0xfc020b43,SetDefectRecParam_FW
0xfc020c4b,ChangeDefectRecParam_FW
0xfc020c5b,ExecuteDefectRec_FW
0xfc020c85,ExecuteDefectRecAndSaveImage_FW
0xfc020cd7,ExecuteDefectRecWithGrade_FW
0xfc020d05,ExecuteDefectRecAndSaveImageWithGrade_FW
0xfc020d59,InitializeDefectRec_FW
0xfc020d6b,TerminateDefectRec_FW
0xfc020e2d,EngDrvOut_FW
0xfc020e3d,EngDrvIn_FW
0xfc020e43,EngDrvRead_FW
0xfc020e49,EngDrvBits_FW
0xfc020e5b,EngDrvReadDump_FW
0xfc020fc9,ShowTransparentMemory_FW
0xfc020fdd,DumpTransparentMemoryItem_FW
0xfc021001,AddTransparentMemory_FW
0xfc02101f,AttachToTransparentMemory_FW
0xfc02103d,RemoveTransparentMemory_FW
0xfc02104f,GetTransparentMemorySize_FW
0xfc02105b,GetTransparentMemory_FW
0xfc02107d,GetTransparentMemoryPosition_FW
0xfc021321,InitializeSoundRec_FW
0xfc021351,TerminateSoundRec_FW
0xfc02136b,j_InitializeSoundRec_FW
0xfc02136d,j_TerminateSoundRec_FW
0xfc02136f,StartSoundRecord_FW
0xfc021387,StartSoundPlay_FW
0xfc02156d,InitializeFAGeneralTest_FW
0xfc021577,TerminateFAGeneralTest_FW
0xfc021583,InitializeFAExtendFile_FW
0xfc02158b,TerminateFAExtendFile_FW
0xfc0225a1,NR_SetLotasPonyType_FW
0xfc0225a5,NR_SetDoubleNRType_FW
0xfc04f281,exception_handler_UndefinedInstruction
0xfc04f2a5,exception_handler_PrefetchAbort
0xfc04f2bb,exception_handler_DataAbort
0xfc04f2d1,exception_handler_SupervisorCall
0xfc04f319,exception_handler_FIQ
0xfc04f475,exception_handler_IRQ
0xfc04f6c5,task_Startup
0xfc04f909,init_ex_drivers
0xfc04fd5d,omar_init
0xfc050ed5,task_UartLog
0xfc051045,StartRedirectUART_FW
0xfc0510e5,StopRedirectUART_FW
0xfc053253,fut_flush
0xfc053311,fopen_low
0xfc0533ab,fclose_low
0xfc0533e9,fread_low
0xfc053495,fwrite_low
0xfc053527,fgets_low
0xfc0535bb,fseek_low
0xfc053903,task_FileScheduleTask
0xfc05509d,task_FileWrite
0xfc05509d,task_FileWriteTask
0xfc057849,j_StartCameraLog_FW
0xfc05784d,j_ShowCameraLog_FW
0xfc057851,j_ShowCameraLogInfo_FW
0xfc057855,j_StopCameraLog_FW
0xfc057859,j_PutsCameraLogEvent_FW
0xfc05785d,OpLog.Create_FW
0xfc0578af,j_NewTaskShell_FW
0xfc0578b3,j_ExMem.View_FW
0xfc0578b7,j_ExMem.AllocUncacheable_FW
0xfc0578bb,j_ExMem.FreeUncacheable_FW
0xfc0578bf,j_ExMem.AllocCacheable_FW
0xfc0578c3,j_ExMem.FreeCacheable_FW
0xfc0578c7,ExMem_FW
0xfc058851,task_ReadScheduleTask
0xfc05e1d9,task_ReadFileTask
0xfc05f577,GetKbdState
0xfc05f62d,drysh_FW
0xfc05ffc1,kbd_p2_f
0xfc0601f5,task_PhySw
0xfc06042b,GetSwitchStatus_FW
0xfc060483,GetSDDetect_FW
0xfc060489,GetSDProtect_FW
0xfc060499,GetDialEventId_FW
0xfc06049d,GetLcdPosition_FW
0xfc0604a1,GetBatteryCoverClose_FW
0xfc0604a7,IsHvSensorExist_FW
0xfc0604af,kbd_read_keys
0xfc0604e5,kbd_p1_f
0xfc0604ed,kbd_p1_f_cont
0xfc06091d,kbd_read_keys_r2
0xfc061029,task_OpePlay
0xfc06110b,OpLog.Stop_FW
0xfc061121,OpLog.WriteToROM_FW
0xfc061141,j_OpLog.WriteToROM_FW
0xfc061163,OpLog.ReadFromROM_FW
0xfc0611a3,OpLog.ReadFromSD_FW
0xfc06144f,OpLog.WriteToSD_FW
0xfc0618cd,OpLog.Get_FW
0xfc0618e3,OpLog.GetUsrSet_FW
0xfc061963,OpLog.Play_FW
0xfc061a55,OpLog.Start_FW
0xfc061adf,OpLog.Terminate_FW
0xfc062235,ExMem.View_FW
0xfc0624fb,exmem_ualloc
0xfc06253b,ExMem.AllocUncacheable_FW
0xfc0626df,exmem_ufree
0xfc06271d,ExMem.FreeUncacheable_FW
0xfc062729,exmem_alloc
0xfc062771,ExMem.AllocCacheable_FW
0xfc062779,exmem_free
0xfc0627d5,ExMem.FreeCacheable_FW
0xfc0717e1,DisplayFactoryMode_FW
0xfc0717e7,UndisplayFactoryMode_FW
0xfc0718b3,task_bomStopPTPIPTask
0xfc0718d5,StopPtpipServiceForFAWLAN_FW
0xfc071a2d,SetWLANFactoryMode_FW
0xfc071a55,ClearWLANFactoryMode_FW
0xfc071a7f,SetSSIDForFAWLAN_FW
0xfc071e7d,SetDurianMode_FW
0xfc071ea5,ClearDurianMode_FW
0xfc071ea5,ClearFactoryMode_FW
0xfc071ecd,SetFactoryMode_FW
0xfc071ef5,ClearDUIDFixFlag_FW
0xfc071f19,SetDUIDFixFlag_FW
0xfc071faf,ClearFactoryMasterFlag_FW
0xfc071fb5,SetFactoryMasterFlag_FW
0xfc071fbb,ClearFactoryMasterROMProtection_FW
0xfc071fd1,SetFactoryMasterROMProtection_FW
0xfc071fe7,IsFactoryMode_FW
0xfc07202d,IsDUIDFixFlag_FW
0xfc07205d,IsNormalCameraMode_FW
0xfc07206b,StartFactoryModeController_FW
0xfc075d0f,CecViewParameter_FW
0xfc077e95,i2cdRead_FW
0xfc077edb,i2cdWrite_FW
0xfc077f4d,i2cdRegRead_FW
0xfc077f61,i2cdRegWrite_FW
0xfc077f79,i2cdDcdcRead_FW
0xfc077fbd,i2cdDcdcWrite_FW
0xfc078011,i2cdHdmiRead_FW
0xfc078055,i2cdHdmiWrite_FW
0xfc0780a9,i2cdHdmiDump_FW
0xfc078101,i2cdHdmiAwrite_FW
0xfc078131,i2cdRegDump_FW
0xfc07b003,HardwareDefectWithRestart_FW
0xfc07b033,HardwareDefect_FW
0xfc07b317,i2c_read_proc_FW
0xfc07b365,i2c_write_proc_FW
0xfc07ba67,task_AGPSDownloader
0xfc07c0d1,connect_FW
0xfc07c19b,disconnect_FW
0xfc07cda1,stopMicroAP_FW
0xfc07cdf9,sendDeauth_FW
0xfc07ce65,getSTAList_FW
0xfc07d411,leave_FW
0xfc07d6b5,clear_param_FW
0xfc07d7ef,setCH_FW
0xfc07d7fd,setMicroAPCH_FW
0xfc07dd3b,SetSecurityInvalid_FW
0xfc07dd45,setMicroAPSecurityInvalid_FW
0xfc07dd4f,getCurCHWidth_FW
0xfc07dd99,getCountry_FW
0xfc07dde7,RecvDeauthPacket_FW
0xfc07f2ef,task_PingManager
0xfc081341,InitializeWLAN_FW
0xfc08134b,TerminateWLAN_FW
0xfc0813e5,LeaveWLANNetwork_FW
0xfc081adf,task_EvShel
0xfc081b9b,NewTaskShell_FW
0xfc0844d3,task_ComWireless
0xfc088221,task_InitFileModules
0xfc08824d,task_CommonDrivers
0xfc08844f,task_SD1stInit
0xfc08877d,atol_FW
0xfc088a35,initComDiscovery_FW
0xfc088ab5,stopIPAddressing_FW
0xfc088ad3,termComDiscovery_FW
0xfc089021,autoIPAddressing_FW
0xfc089b83,startDHCPServer_FW
0xfc089c35,stopDHCPServer_FW
0xfc08c9fb,task_IMLApp
0xfc08ed71,task_WebServiceApp
0xfc08f7d1,SdDrv_SetSSCG_FW
0xfc08f899,task_FsIoNotifyTask
0xfc08fe97,PTM_AllReset_FW
0xfc0900e9,PTM_GetWorkingCaptureMode_FW
0xfc0900f5,PTM_SetCurrentItem_FW
0xfc09037b,PTM_NextItem_FW
0xfc09037f,PTM_PrevItem_FW
0xfc090629,PTM_SetProprietyEnable_FW
0xfc090811,PTM_IsEnableItem_FW
0xfc09089f,PTM_BackupUIProperty_FW
0xfc09091f,GetParameterData
0xfc095787,RegComEventProc_FW
0xfc095999,init_error_handlers
0xfc095a35,TurnOffE1_FW
0xfc095ac9,task_Bye
0xfc0971d3,handle_PTP_OC_CloseSession
0xfc097239,handle_PTP_OC_OpenSession
0xfc0972d3,handle_PTP_OC_GetDeviceInfo
0xfc0976b1,scan_FW
0xfc0976bf,join_network_FW
0xfc09779f,startMicroAP_FW
0xfc097821,getMacAddress_FW
0xfc097853,getCurCH_FW
0xfc09786f,j_initComDiscovery_FW
0xfc097873,j_termComDiscovery_FW
0xfc097877,j_autoIPAddressing_FW
0xfc09787b,dhcpAddressing_FW
0xfc097881,j_stopIPAddressing_FW
0xfc097885,startCameraServiceProvide_FW
0xfc097891,stopCameraServiceProvide_FW
0xfc097897,imlInitialize_FW
0xfc097921,PairingDataOutput_FW
0xfc097f1f,PairingDataFull_FW
0xfc097f37,WebServiceDataOutput_FW
0xfc097fb7,ChangePermission_FW
0xfc097fbf,StopWireless_FW
0xfc097fc9,task_LachesisTest
0xfc09800b,LachesisTest_FW
0xfc09809d,NellConnectAdhoc_FW
0xfc0980b3,NellConnect_FW
0xfc098279,ComDiscovery_FW
0xfc0982a1,RegPTPCmd_FW
0xfc0982b5,RegPTPIPCmd_FW
0xfc0982d7,SelectFunc_Create_FW
0xfc0982df,WebServiceSimError_FW
0xfc09830f,getCigUrl_FW
0xfc098361,getCWSStatus_FW
0xfc098377,getWebServiceNumByAliasID_FW
0xfc0983a1,getNickNameByAliasID_FW
0xfc0983c9,PingTest_FW
0xfc0983db,task_startRedirectUARTTask
0xfc0984a3,task_fprintSNRTask
0xfc0985a9,fprintSNR_FW
0xfc0988dd,fprintWPSEThroughput_FW
0xfc098905,SetWPSEChannel_FW
0xfc09891b,SetSDConClockSpeed_FW
0xfc099cb3,task_HdmiCecTask
0xfc099ec9,ChangePowerState_FW
0xfc099f1b,EnableHDMIPower
0xfc099f51,DisableHDMIPower
0xfc09a249,set_exception_handler
0xfc09a253,set_panic_handler
0xfc09a29d,default_assert_handler
0xfc09a5b7,default_exception_handler
0xfc09a799,default_panic_handler
0xfc09b4cb,vsprintf
0xfc09b4f9,strtolx
0xfc09b63b,strtol
0xfc09b719,task_TimerUtility
0xfc09b909,handle_PTP_OC_0x9067
0xfc09bc71,handle_PTP_OC_0x9066
0xfc09c081,handle_PTP_OC_0x9065
0xfc09c181,handle_PTP_OC_0x9064
0xfc09c1f7,handle_PTP_OC_0x9063
0xfc09df2b,ConnectPtpIPService_FW
0xfc09df31,DisconnectPtpIPService_FW
0xfc09f189,HdmiViewParameter_FW
0xfc09fa8f,CecRxViewParameter_FW
0xfc0a1005,GetLatestHVPosition_FW
0xfc0a2245,LoadParamDataFromAdjTableBin_FW
0xfc0a22dd,LoadDataFromAdjTableBin_FW
0xfc0a2363,DeviceUniqueIDCheckSum_FW
0xfc0a23f3,SaveFactoryIDData_FW
0xfc0a23ff,LoadFactoryIDData_FW
0xfc0a30a3,task_TskCocoa2
0xfc0a30a7,task_TskCocoa1
0xfc0a30ab,task_TskCocoa0
0xfc0a3ad7,GetLogToFile_FW
0xfc0a3aed,IsRomLogAvailable_FW
0xfc0a3af9,EraseLogSector_FW
0xfc0a4245,task_ConsoleSvr
0xfc0a45ad,RotateConsoleZOder_FW
0xfc0a463b,task_LowConsole
0xfc0a467b,taskcreate_LowConsole
0xfc0a4721,CPrintf_FW
0xfc0a4759,CPutChar_FW
0xfc0a476f,GetCh_FW
0xfc0a479f,GetStringWithPrompt_FW
0xfc0a47db,OpenConsole_FW
0xfc0a4895,CloseConsole_FW
0xfc0ba3ff,open
0xfc0ba46f,close
0xfc0ba575,Read
0xfc0ba575,Read_FW
0xfc0ba701,task_ClockSave
0xfc0bb4e7,task__imageSensorTask
0xfc0c0985,PB2Rec
0xfc0c09b7,Rec2PB
0xfc0c1a9b,UIFS_CancelStoreLensTimer_FW
0xfc0c1ca7,j_Rec2PB
0xfc0c33c1,GetAdVBattBottom_FW
0xfc0c33c7,GetAdChValue
0xfc0c33c7,GetAdChValue_FW
0xfc0c3681,task_GPStask
0xfc0c3a2f,GPS_START_FW
0xfc0c3a6d,GPS_HIBERNATE_FW
0xfc0c3a6d,GPS_STOP_FW
0xfc0c3a91,GPS_START_FOR_ADJ_FW
0xfc0c3a91,StartGPSforAdjustment_FW
0xfc0c3b2b,GPS_STOP_FOR_ADJ_FW
0xfc0c3b2b,StopGPSforAdjustment_FW
0xfc0c3b63,GPS_HOT_START_FW
0xfc0c3b85,GPS_WARM_START_FW
0xfc0c3ba7,GPS_COLD_START_FW
0xfc0c3bc9,GPS_FCOLD_START_FW
0xfc0c3beb,GPS_AGPS_HOT_FW
0xfc0c3c17,GPS_AGPS_WARM_FW
0xfc0c3c43,GPS_AGPS_COLD_FW
0xfc0c3c6f,GPS_AGPS_FCOLD_FW
0xfc0c3d27,GPS_ERASE_LOG_DATA_FW
0xfc0c407d,task_LEDCon
0xfc0c58df,EraseAdjustmentArea_FW
0xfc0c58fb,DumpAdjMirror_FW
0xfc0c5913,GetAdjTableVersion_FW
0xfc0c5933,j_GetAdjTableVersion_FW
0xfc0c5935,GetAdjTableMapVersion_FW
0xfc0c593f,GetAdjTableValueVersion_FW
0xfc0c5949,ShowDefaultAdjTableVersion_FW
0xfc0c59a5,LoadAdjustmentTable_FW
0xfc0c59ad,LoadDefectAdjTable_FW
0xfc0c5bf1,SaveAdjustmentTable_FW
0xfc0c5c33,SaveDefectAdjTable_FW
0xfc0c5c45,SaveAdjustmentValue_FW
0xfc0c5c65,LoadAdjustmentValue_FW
0xfc0c5c7b,PrintAdjTableMap_FW
0xfc0c5dbb,CreateAdjustmentTableMirror_FW
0xfc0c5dbf,RefreshAdjustmentTableMirror_FW
0xfc0c5dc3,CreateDefectTableMirror_FW
0xfc0c5dc7,RefreshDefectTableMirror_FW
0xfc0c5dcb,j_CreateUserSettingMirror_FW
0xfc0c5dcf,PrintAdjKabotanInfo_FW
0xfc0c5e35,WRITEADJTABLETOFROM_FW
0xfc0c5e51,j_WRITEADJTABLETOFROM_FW
0xfc0c5e53,WRITEADJUSTMENTDATATOFROM_FW
0xfc0c5e71,WRITEUSERSETTINGDATATOFROM_FW
0xfc0c6215,GetDCPAdjOffset_FW
0xfc0c64d3,GetAdjustmentOffset_FW
0xfc0c64d7,GetProductID_FW
0xfc0c64e7,GetAdjDataAreaAddress_FW
0xfc0c64f7,CreateUserSettingMirror_FW
0xfc0c9049,InitializeTestRec_FW
0xfc0c908d,TerminateTestRec_FW
0xfc0c97d7,Initializedccd_FW
0xfc0c97d7,InitializeDigicon_FW
0xfc0c985d,Terminatedccd_FW
0xfc0c985d,TerminateDigicon_FW
0xfc0c98a9,ExecuteDigicon_FW
0xfc0c9df7,Executedccd_FW
0xfc0c9e53,GetdccdImage_FW
0xfc0c9eb7,GetdccdFilterValue_FW
0xfc0c9f4b,j_InitializeTestRec_FW
0xfc0c9f4f,j_TerminateTestRec_FW
0xfc0c9f53,ExecuteTestRec_FW
0xfc0c9f61,ExecuteTestRecCF_FW
0xfc0c9f61,ExecuteTestRecSD_FW
0xfc0c9f71,SetTestRecMasterCxCy_FW
0xfc0c9f9b,ExecuteTestRecWithInteg_FW
0xfc0c9fab,ExecuteTestRecSw1_FW
0xfc0c9fe5,GetTestRecCrawAddress_FW
0xfc0c9fed,CalculateTestRecYUVData_FW
0xfc0c9fff,SetTestRecSkimmingYUV_FW
0xfc0ca027,ExecuteTestRecDevelopProcess_FW
0xfc0ca311,j_Initializedccd_FW
0xfc0ca311,j_InitializeDigicon_FW
0xfc0ca315,j_Terminatedccd_FW
0xfc0ca315,j_TerminateDigicon_FW
0xfc0ca319,j_ExecuteDigicon_FW
0xfc0ca31d,j_Executedccd_FW
0xfc0ca31f,j_GetdccdImage_FW
0xfc0ca321,j_GetdccdFilterValue_FW
0xfc0ca323,ResetRegistNoticeCBR_FW
0xfc0ca32d,RegistFirmScanNoticeCBR_FW
0xfc0ca8f5,IsLensOutside_FW
0xfc0cb951,GetFocusStartZoomPosition_FW
0xfc0cce19,task_SsStartupTask
0xfc0cdb9f,task_CaptSeq
0xfc0cdb9f,task_CaptSeqTask
0xfc0d1009,SSFS_CompleteCaptModeChange_FW
0xfc0d1009,SSFS_CompleteFileWrite_FW
0xfc0d1009,SSFS_CompletePreCapt_FW
0xfc0d1009,SSFS_CompleteShootPicture_FW
0xfc0d1009,SSFS_CompleteStopDigZoom_FW
0xfc0d1009,SSFS_CompleteStopZoom_FW
0xfc0d1009,SSFS_CompleteSynchroWrite_FW
0xfc0d1009,SSFS_ShootPicture_FW
0xfc0d10d5,task_SsTask
0xfc0d18c1,ExecuteShutDownPropertyService_FW
0xfc0d1ae9,WriteToRom_FW
0xfc0d1b31,EraseRom_FW
0xfc0d1bb9,GetRomID_FW
0xfc0d1ddf,UnLoadScript_FW
0xfc0d1e3d,Printf_FW
0xfc0d1e47,LoadScript_FW
0xfc0d26cd,GUISrv_StartGUISystem_FW
0xfc0d32bd,srand
0xfc0d32c3,rand
0xfc0d32e1,memcpy
0xfc0d32e1,memcpy_FW
0xfc0d3375,strchr
0xfc0d3387,strrchr
0xfc0d41f3,task_BrtMsrTask
0xfc0d6f79,MovieAF.Suspend_FW
0xfc0d6f83,MovieAF.Resume_FW
0xfc0d8b31,task_SsgMainTask
0xfc0d8d1d,task_SsgPeriodTask
0xfc0dadd9,task__tgTask
0xfc0db637,task_SyncPeriod
0xfc0db691,task_SynchTask
0xfc0dce5f,handle_PTP_OC_0x9805
0xfc0dd1e7,handle_PTP_OC_0x9804
0xfc0dd297,handle_PTP_OC_0x9803
0xfc0dd3f5,handle_PTP_OC_0x9802
0xfc0dd687,handle_PTP_OC_0x9801
0xfc0ddd5d,handle_PTP_OC_0x9051
0xfc0ddd5d,handle_PTP_OC_0x905d
0xfc0dde05,handle_PTP_OC_0x905b
0xfc0ddee3,handle_PTP_OC_0x905a
0xfc0ddfcd,handle_PTP_OC_0x9059
0xfc0de07d,handle_PTP_OC_0x9058
0xfc0de1f5,handle_PTP_OC_0x9057
0xfc0de2a5,handle_PTP_OC_0x9053
0xfc0de333,handle_PTP_OC_0x9052
0xfc0de3c1,handle_PTP_OC_0x9050
0xfc0de3c1,handle_PTP_OC_0x905c
0xfc0dea23,task_PTPtoFAPI_EventProcTask_Try
0xfc0dea8d,task_PTPtoFAPI_EventProcTask_Block
0xfc0df5c3,add_ptp_handler
0xfc0df9f9,handle_PTP_OC_ResetDevicePropValue
0xfc0dfb4f,handle_PTP_OC_SetDevicePropValue
0xfc0dfc3d,handle_PTP_OC_GetDevicePropValue
0xfc0dfced,handle_PTP_OC_GetDevicePropDesc
0xfc0e0327,handle_PTP_OC_CANON_CheckEvent
0xfc0e09b9,task_PTPSessionTASK
0xfc0e0f63,handle_PTP_OC_CANON_ChangeUSBProtocol
0xfc0e1777,task_NormalThumbCache
0xfc0e1b0b,handle_PTP_OC_GetStorageIDs
0xfc0e1ba5,handle_PTP_OC_GetStorageInfo
0xfc0e2189,handle_PTP_OC_GetObject
0xfc0e2279,handle_PTP_OC_GetThumb
0xfc0e2303,handle_PTP_OC_GetPartialObject
0xfc0e2409,handle_PTP_OC_SetObjectProtection
0xfc0e2471,handle_PTP_OC_GetObjectInfo
0xfc0e24f7,handle_PTP_OC_CANON_GetPartialObjectInfo
0xfc0e2665,handle_PTP_OC_CANON_GetPartialObjectEx
0xfc0e27fb,handle_PTP_OC_CANON_GetObjectAttributes
0xfc0e2857,handle_PTP_OC_CANON_SetObjectArchive
0xfc0e28b3,handle_PTP_OC_CANON_SendObjectInfoByPath
0xfc0e28b3,handle_PTP_OC_SendObjectInfo
0xfc0e2ae3,handle_PTP_OC_0x904c
0xfc0e2cd5,handle_PTP_OC_CANON_GetObjectHandleByName
0xfc0e2d8d,handle_PTP_OC_CANON_SetObjectTime
0xfc0e2dd9,handle_PTP_OC_DeleteObject
0xfc0e2ed1,handle_PTP_OC_FormatStore
0xfc0e2f67,handle_PTP_OC_0x9038
0xfc0e2ff3,handle_PTP_OC_0x9039
0xfc0e3083,handle_PTP_OC_0x903a
0xfc0e30f3,handle_PTP_OC_0x903b
0xfc0e311b,handle_PTP_OC_0x904b
0xfc0e31e3,handle_PTP_OC_GetNumObjects
0xfc0e32bd,handle_PTP_OC_GetObjectHandles
0xfc0e342d,handle_PTP_OC_CANON_GetObjectInfoEx
0xfc0e363f,handle_PTP_OC_CANON_SendObjectByPath
0xfc0e363f,handle_PTP_OC_SendObject
0xfc0e37d9,handle_PTP_OC_CANON_SendPartialObject
0xfc0e3931,handle_PTP_OC_0x9060
0xfc0e398d,handle_PTP_OC_0x9062
0xfc0e420d,task_TrnsCtrlTask
0xfc0e4bd1,handle_PTP_OC_CANON_GetMACAddress
0xfc0e4c0b,handle_PTP_OC_CANON_SetRootCertificateData
0xfc0e4c6f,handle_PTP_OC_0x906e
0xfc0e4d33,handle_PTP_OC_CANON_GetRootCertificateData
0xfc0e4da9,handle_PTP_OC_CANON_GetRootCertificateSpec
0xfc0e4e13,handle_PTP_OC_CANON_DeleteWebServiceData
0xfc0e4e7b,handle_PTP_OC_CANON_SetWebServiceData
0xfc0e4f3d,handle_PTP_OC_CANON_GetWebServiceData
0xfc0e4fb1,handle_PTP_OC_CANON_GetWebServiceSpec
0xfc0e72c3,RequestDisconnectPTPIP_FW
0xfc0e7349,RequestConnectPTPIP_FW
0xfc0e7373,RequestConnectPTPIPDef_FW
0xfc0e73df,RegisterNotifyConnectPTPIP_FW
0xfc0e73df,RegisterNotifyPTPIP_FW
0xfc0e73f7,RegisterResponseConnectPTPIP_FW
0xfc0e73f7,RegisterResponsePTPIP_FW
0xfc0e740f,TerminatePTPIPTransportResponder_FW
0xfc0e7469,InitializePTPIPTransportResponder_FW
0xfc0e78c7,task_SelectFuncController
0xfc0eb6b5,TurnOnDisplay
0xfc0eb6c7,TurnOffDisplay
0xfc0ed78f,SetDefaultRecParameter_FW
0xfc0ef30f,task_dccdCalcTask
0xfc0f0869,task_DPOFTask
0xfc0f17db,task_GPSLogTask
0xfc0f345d,task_MediaStatusMngr
0xfc0f386d,task_MechaCPUTransfer
0xfc0f411d,task_Cave2MainTask
0xfc1080f9,closedir
0xfc108131,OpenFastDir
0xfc1081d1,ReadFastDir
0xfc108207,j_closedir
0xfc109baf,task_MechaNCTask
0xfc10a54b,task_MovieTranscoder
0xfc10ac11,get_canon_mode_list
0xfc12dcd9,dcache_clean_flush_and_disable
0xfc12dd1f,dcache_flush_range
0xfc12dde1,icache_flush_range
0xfc12de15,GetSRAndDisableInterrupt
0xfc12de27,SetSR
0xfc12de47,data_synchronization_barrier
0xfc12dfb1,GetMemInfo
0xfc12e807,task_BatteryTask
0xfc12ec71,GetVBatVoltage_FW
0xfc12ec71,VbattGet
0xfc12ec71,VbattGet_FW
0xfc12f3b1,task_WBCtrl
0xfc1311bd,task_AFTask
0xfc131d17,GetMacroSupportZoomPoint_FW
0xfc132c69,imager_active_callback
0xfc132cfd,ImagerActivate
0xfc1345ed,LiveImageTool.GetDzoomPosition_FW
0xfc134981,GetVRAMHPixelsSize
0xfc134981,GetVRAMHPixelsSize_FW
0xfc134989,GetVRAMVPixelsSize
0xfc134989,GetVRAMVPixelsSize_FW
0xfc134991,GetMovieJpegVRAMHPixelsSize_FW
0xfc134999,GetMovieJpegVRAMVPixelsSize_FW
0xfc135671,UIFS_StartMovieRecord_FW
0xfc135687,UIFS_StopMovieRecord_FW
0xfc135ac1,is_movie_recording
0xfc135f2b,get_displaytype
0xfc0d2985,TurnOnBackLight,(stubs_entry_2.s)
0xfc0d2997,TurnOffBackLight,(stubs_entry_2.s)
0xfc13691d,DispCon_ShowColorBar_FW
0xfc13697b,DispCon_ShowFiveStep_FW
0xfc136a37,DispCon_ShowWhiteChart_FW
0xfc136a71,DispCon_ShowBlackChart_FW
0xfc136a81,DispCon_ShowBitmapColorBar_FW
0xfc136abb,DispCon_ShowCustomColorBar_FW
0xfc136b23,DispCon_SetDisplayType_FW
0xfc136b37,DispCon_ShowColorChart_FW
0xfc136b49,DispCon_ShowWhiteLine_FW
0xfc136ca7,DispCon_ShowNStepsChart_FW
0xfc136d45,DispCon_TurnOnDisplay_FW
0xfc136d4f,DispCon_TurnOffDisplay_FW
0xfc136d59,DispCon_TurnOnBackLight_FW
0xfc136d63,DispCon_TurnOffBackLight_FW
0xfc136d6d,DispCon_SetMaxBackLightBrightness_FW
0xfc136dcb,DispCon_SaveNTSCAdjParameter_FW
0xfc136dd5,DispCon_GetNTSCAdjParameter_FW
0xfc136dfd,DispCon_ShowNTSCAdjParameter_FW
0xfc136e09,DispCon_SetNTSCAdjParameter_FW
0xfc136e3b,DispCon_SavePALAdjParameter_FW
0xfc136e45,DispCon_GetPALAdjParameter_FW
0xfc136e6f,DispCon_ShowPALAdjParameter_FW
0xfc136e7b,DispCon_SetPALAdjParameter_FW
0xfc136eef,DispCon_SetLcdGainAdjParameter_FW
0xfc136f2d,DispCon_GetLcdGainAdjParameter_FW
0xfc136f57,DispCon_ShowLcdGainAdjParameter_FW
0xfc136f61,DispCon_SaveLcdGainAdjParameter_FW
0xfc136f75,DispCon_SetSSCGParameter_FW
0xfc13715d,DispCon_ShowHdChart_FW
0xfc138a75,GetInputAverageLevel_FW
0xfc138ae7,SetStereoSeparation_FW
0xfc138c69,task_Thermometer
0xfc138db9,GetCCDTemperature
0xfc138db9,GetCCDTemperature_FW
0xfc138e15,GetBatteryTemperature
0xfc138e15,GetBatteryTemperature_FW
0xfc138e6f,GetOpticalTemperature
0xfc138e6f,GetOpticalTemperature_FW
0xfc138ec3,IsOpticalTemperature_FW
0xfc138ee7,IsCCDTemperature_FW
0xfc138f0b,IsBatteryTemperature_FW
0xfc138f41,j_GetOpticalTemperature_FW
0xfc138f43,j_GetCCDTemperature_FW
0xfc138f45,j_GetBatteryTemperature_FW
0xfc138f47,j_IsOpticalTemperature_FW
0xfc138f49,j_IsCCDTemperature_FW
0xfc138f4b,j_IsBatteryTemperature_FW
0xfc13a603,task_EdetSBJTask
0xfc13d64f,task_MovieInit
0xfc142331,SetHPTimerAfterNow
0xfc1424b3,task_WdtPrint
0xfc142525,task_WdtReset
0xfc1425a1,StartWDT_FW
0xfc1425dd,StopWDT_FW
0xfc1426ad,GetBuildDate_FW
0xfc1426b1,GetBuildTime_FW
0xfc1426b5,GetFirmwareVersion_FW
0xfc1426f7,GetInternalFirmwareVersion_FW
0xfc142753,CheckSumAll_FW
0xfc14282b,RomCheckSum_FW
0xfc1429d7,CreateController_FW
0xfc142a49,DeleteController_FW
0xfc142ae3,MoveControllerToTopOfZOrder_FW
0xfc142b3f,CtrlMan_ChangeZOrder_FW
0xfc142b8f,GetSelfControllerHandle_FW
0xfc142d25,UnlockMainPower
0xfc142d25,UnlockMainPower_FW
0xfc142d85,LockMainPower
0xfc142d85,LockMainPower_FW
0xfc142dd1,SetAutoShutdownTime
0xfc142dd1,SetAutoShutdownTime_FW
0xfc143345,transfer_src_overlay
0xfc143bd3,ScreenLock
0xfc143c0b,ScreenUnlock
0xfc143c3f,transfer_src_overlay_helper
0xfc147775,task_FaceFrame
0xfc148f2d,PT_PlaySound
0xfc14a149,displaybusyonscreen
0xfc14a27f,undisplaybusyonscreen
0xfc14a5dd,mktime_ext
0xfc14a60d,strftime
0xfc14a9c9,strcat
0xfc14aa15,strncmp
0xfc14d729,task_AprocMainTask
0xfc14d7b9,task_AprocBpPwmTask
0xfc14d819,task_AprocBpGenTask
0xfc1511e7,task_DetSeqT
0xfc151823,task_DetSeqSadT
0xfc1598ab,GraphicSystemCoreFinish_helper
0xfc15a7e5,AllocateUncacheableMemory
0xfc15a811,FreeUncacheableMemory
0xfc15b557,get_current_deltasv
0xfc15e241,task_WBIntegTask
0xfc15f9bd,GetCurrentDriveBaseSvValue
0xfc163ca3,ExpCtrlTool.SetExpMode_FW
0xfc1693f3,task_WBLPFace
0xfc16b9f5,task_OBCtrlTask
0xfc16c473,task_DetectMoveTask
0xfc17196b,EF.IsChargeFull_FW
0xfc17196b,IsStrobeChargeCompleted
0xfc173567,task_AfIntSrvTask
0xfc17c1e3,task_GapMan
0xfc17d93d,E2LatOn_FW
0xfc17da41,ActivateImager_FW
0xfc17da9d,ActivateImagerXOne_FW
0xfc17db2f,QuietImager_FW
0xfc17db97,CancelImager_FW
0xfc17dbad,ChangeImagerToWholeParallel_FW
0xfc17dbb1,ChangeImagerToWholeParallelBP_FW
0xfc17dbb5,ChangeImagerToWholeParallelBPOne_FW
0xfc17dbb9,ChangeImagerToCombiParallel_FW
0xfc17dbbd,ChangeImagerToWideDraft_FW
0xfc17dbc1,ChangeImagerToFocusJet_FW
0xfc17dbc5,ChangeImagerToMangoPudding_FW
0xfc17dbc9,ChangeImagerToSuperWideDraft_FW
0xfc17dbcd,ChangeImagerToHoneyFlash_FW
0xfc17dbd1,ChangeImagerToMillefeAdjust_FW
0xfc17dbd5,ChangeImagerToDigiconMode_FW
0xfc17dbd5,ChangeImagerToOITA_XAVIER_FW
0xfc17dbd9,ChangeImagerToAlternateDraft_FW
0xfc17dbdd,ChangeImagerToUltraGhostQ_FW
0xfc17dbe1,ChangeImagerToMontblancWhole_FW
0xfc17dbe5,ChangeImagerToMontblancMillefe_FW
0xfc17dbe9,ChangeImagerToMontblancMovie_FW
0xfc17dbed,ChangeImagerToHarleyDavidson_FW
0xfc17dbf1,ChangeImagerToMachDashV_FW
0xfc17dbf5,ChangeImagerToFantaJungle_FW
0xfc17dbf9,ChangeImagerToHoneyFlashDark_FW
0xfc17dbfd,ChangeImagerToRoadKing_FW
0xfc17dc05,ChangeImagerToFalconJump_FW
0xfc17dc09,ChangeImagerToSpriteSunshine_FW
0xfc17dc0d,ChangeImagerToHealthyVegetable_FW
0xfc17dc11,ChangeImagerToElectraGlide_FW
0xfc17dc2d,j_E2LatOn_FW
0xfc1808e3,task_LiveImageTask
0xfc1845af,ExecuteResetFactoryWithRomWrite_FW
0xfc1845c1,ExecuteResetFactory_FW
0xfc1845d3,j_ExecuteShutDownPropertyService_FW
0xfc185ab5,UIFS_Capture_FW
0xfc185b47,UIFS_CaptureNoneStop_FW
0xfc185bb5,LcdCon_SetLcdBackLightBrightness_FW
0xfc185bd3,LcdCon_SetLcdBackLightParameter_FW
0xfc185c09,LcdCon_GetLcdBackLightParameter_FW
0xfc185c33,LcdCon_ShowLcdBackLightParameter_FW
0xfc185c57,LcdCon_SaveLcdBackLightParameter_FW
0xfc185dc3,LcdCon_SetLcdDriver_FW
0xfc185df1,LcdCon_SetLcdAdjParameter_FW
0xfc185e53,LcdCon_GetLcdAdjParameter_FW
0xfc185e83,LcdCon_ShowLcdAdjParameter_FW
0xfc185ea7,LcdCon_SaveLcdAdjParameter_FW
0xfc185eb9,LcdCon_SetLcdParameter_FW
0xfc185f1d,LcdCon_GetLcdParameter_FW
0xfc185f4f,LcdCon_ShowLcdParameter_FW
0xfc185f75,LcdCon_SaveLcdParameter_FW
0xfc18606d,task_LcdConTask
0xfc1860ff,LcdCon_StartLcdPeriodicalSetting_FW
0xfc18611b,LcdCon_StopLcdPeriodicalSetting_FW
0xfc187189,GetDriverInfoEvent_FW
0xfc1873e7,GPS_SEND_FILE_FW
0xfc1879e9,GPS_REDIRECT_MON_FW
0xfc187c3b,GPS_SEND_COMMAND_FW
0xfc187c83,GPS_TRY_FOR_ADJ_FW
0xfc187c83,TryGPSforAdjustment_FW
0xfc187c99,GPS_CHANGE_BAUDRATE_FW
0xfc1882e5,GPS_TIMER_HIGH_FW
0xfc1882f5,GPS_TIMER_LOW_FW
0xfc1883ff,GPS_DUMP_CANCEL_FW
0xfc188591,AprocSigProc_SetSigProcByMode_FW
0xfc1885fb,AprocSigProc_InitialSet_FW
0xfc188625,AprocSigProc_TestGen_FW
0xfc18862d,AprocSigProc_DRange_FW
0xfc188633,AprocSigProc_DCCut_FW
0xfc188639,AprocSigProc_GainAdj_FW
0xfc188641,AprocSigProc_NoiseCut_FW
0xfc188649,AprocSigProc_Stereo_FW
0xfc18864f,AprocSigProc_WindCut_FW
0xfc188655,AprocSigProc_EQ_FW
0xfc18865d,AprocSigProc_FIL1_FW
0xfc188665,AprocSigProc_FIL2_FW
0xfc18866d,AprocSigProc_FIL3_FW
0xfc188675,AprocSigProc_FIL4_FW
0xfc18867d,AprocSigProc_ALC_FW
0xfc188683,AprocSigProc_Limiter_FW
0xfc18868b,AprocSigProc_LevelMeter_FW
0xfc188693,AprocSigProc_ALCReset_FW
0xfc18869b,AprocSigProc_WindCutReset_FW
0xfc1886a3,AprocSigProc_NCReset_FW
0xfc1886ab,AprocSigProc_TestGen1kHz_FW
0xfc188b0d,AprocSigProc_LoadProfileAdj_FW
0xfc188b0d,SoundDevSetZoomNCProfile_FW
0xfc188c29,AprocSigProc_NoiseCutEffect_FW
0xfc188c29,SoundDevZoomNCEffective_FW
0xfc18a989,Edet.Delete_FW
0xfc18a999,Edet.Create_FW
0xfc18a9dd,EngApp.Delete_FW
0xfc18aa1b,EngApp.Create_FW
0xfc18d823,task_OhyearKiLiveAlgor
0xfc18ef69,task_SceneDetectTask
0xfc18f407,Scene.ForbidContiSceneDetect_FW
0xfc18f42b,Scene.TestSunset_FW
0xfc18f471,Scene.TestBabySmile_FW
0xfc18f495,Scene.TestBabySleep_FW
0xfc18f4b9,Scene.TestHumanSmile_FW
0xfc18f4dd,Scene.TestHumanSleep_FW
0xfc18f501,Scene.TestKidMove_FW
0xfc1903dd,task_AutoShutterMan
0xfc191733,task_MotionVector
0xfc196767,PrintAllAEIntegData_FW
0xfc196e99,AbortAEIntegralValue_FW
0xfc196ebd,j_AbortAEIntegralValue_FW
0xfc196ed1,SetAEIntegStrobeProperty_FW
0xfc196f33,SetAEIntegCorrectProperty_FW
0xfc196f6d,SetAEIntegralValueProperty_FW
0xfc196f9f,SetAEIntegralGetaTime_FW
0xfc197187,GetAEIntegWinData_FW
0xfc19718f,j_GetAEIntegWinData_FW
0xfc197191,GetAEIntegWinDataWithMode_FW
0xfc197229,GetAEIntegralValueWithFix_FW
0xfc1972d1,GetAllAEIntegralAllValueWithFix_FW
0xfc197351,GetOnlyAEIntegData_FW
0xfc1974a3,SetWhiteCoefficient_FW
0xfc1974e9,SetAEIntegWindowsMode_FW
0xfc197521,SetAEIntegValueBit_FW
0xfc197531,GetAEIntegValueBit_FW
0xfc197537,GetAEIntegralServiceMode_FW
0xfc19753d,StopAEIntegralService_FW
0xfc1975ef,j_StopAEIntegralService_FW
0xfc1976fb,StartAEIntegralService_FW
0xfc197701,SetLineDefMarkThroughMode_FW
0xfc197721,SetAEIntegAverageOBData_FW
0xfc197739,SetAdjAEIntegSmearLimitter_FW
0xfc19774d,SetDefaultAEIntegSmearLimitter_FW
0xfc197757,AttachIntegCrawData_FW
0xfc197c71,MoveIrisToAv_FW
0xfc197cdb,ReloadIrisAdjustment_FW
0xfc197ce9,ReloadGetaAdjustment_FW
0xfc197cf7,j_GetCurrentAvValue_FW
0xfc197cfb,GetCurrentAvCoefficient_FW
0xfc197d0b,j_GetCurrentAvCoefficient_FW
0xfc197d93,j_GetCurrentIrisPosition_FW
0xfc197d9b,MoveIrisFullOpen_FW
0xfc197dbd,MoveIrisFullClose_FW
0xfc197ddf,ResetIrisPosition_FW
0xfc197e01,GetIrisPRResetPosition_FW
0xfc197e05,MoveIrisWithTerminatePosition_FW
0xfc197e27,MoveIrisMechaPositionWithBacklash_FW
0xfc197e4d,MoveIrisMechaPositionWithoutBacklash_FW
0xfc197e73,MoveIrisToAvWithoutBacklash_FW
0xfc197e9d,GetUsableMinAv
0xfc197e9d,GetUsableMinAv_FW
0xfc197ead,j_GetUsableMinAv_FW
0xfc197eaf,GetUsableMaxAv
0xfc197eaf,GetUsableMaxAv_FW
0xfc197ebf,j_GetUsableMaxAv_FW
0xfc199cf5,File.ClearExifInfo_FW
0xfc199dc9,File.Delete_AllImg_FW
0xfc199e0d,File.Create_FW
0xfc19a0a5,file_counter_var_init
0xfc19ddb7,GetUsableAvRange
0xfc19e9b9,GetCurrentAvValue
0xfc19e9b9,GetCurrentAvValue_FW
0xfc19e9b9,GetIrisAv_FW
0xfc19eb19,GetCurrentIrisPosition_FW
0xfc19eb19,GetIrisCurrentPosition_FW
0xfc19ed47,GetLensErrorStatus_FW
0xfc19f033,GetZoomPiSensorLevel_FW
0xfc19f063,GetFocusPiSensorLevel_FW
0xfc19fe49,GetMechaShutterMoveTime_FW
0xfc19fe67,GetMechaShutterStatus_FW
0xfc1a00d3,GetAutoPopupStrobeCurrentStatus_FW
0xfc1a0107,task_PopUpStrobe
0xfc1a030d,task_PopDownStrobe
0xfc1a0553,GetAutoPopupStrobePiSectionTime_FW
0xfc1a0597,PopUpStrobe_FW
0xfc1a05b5,PopDownStrobe_FW
0xfc1a05db,MoveStrobePopUpWithState_FW
0xfc1a05fd,MoveStrobePopUpWithDirection_FW
0xfc1a061f,SetStrobePopUpAmpereLimitMode_FW
0xfc1a062d,SetStrobePopUpLimitAmpereDac_FW
0xfc1a0677,SetStrobePopUpVoltage_FW
0xfc1a06c1,SetStrobePopUpTime_FW
0xfc1a076d,SetStrobePopUpStopTime_FW
0xfc1a07e3,GetStrobePopUpSectionTime_FW
0xfc1a0c05,GetCurrentZoomLensPosition_FW
0xfc1a0c05,GetCurrentZoomPosition_FW
0xfc1a0c05,GetZoomLensCurrentPosition_FW
0xfc1a0c05,j_GetZoomLensCurrentPosition
0xfc1a0c71,GetCurrentZoomLensPoint_FW
0xfc1a0c71,GetCurrentZoomPoint_FW
0xfc1a0c71,GetZoomLensCurrentPoint
0xfc1a0c71,GetZoomLensCurrentPoint_FW
0xfc1a1031,GetZoomLensTelePoint_FW
0xfc1a1031,GetZoomTelePoint_FW
0xfc1a12c9,IsZoomLensOutSidePosition_FW
0xfc1a153f,GetZoomLensMechaEdgePosition_FW
0xfc1a1543,GetZoomDrivingTime_FW
0xfc1a1e77,GetZoomResetSensorLevel_FW
0xfc1a313b,GetGyroDataRoll_FW
0xfc1a314b,j_GetGyroDataRoll_FW
0xfc1a315f,SetGyro10BitDACRoll_FW
0xfc1a3173,GetGyro10BitDACRoll_FW
0xfc1a3929,task_EISMainTask
0xfc1a4041,task_TmgGen
0xfc1a5d1d,task_MovieRecord
0xfc1a6e77,task_MovieEditor
0xfc1a71e1,MechaUnRegisterEventProcedure_FW
0xfc1a722b,Mecha.Create_FW
0xfc1a7285,MechaReset_FW
0xfc1a728d,MechaTerminate_FW
0xfc1a7295,ShowMechaMacro_FW
0xfc1a7381,DispDev_EnableEventProc
0xfc1a7381,DispDev_EnableEventProc_FW
0xfc1a73b9,SetSDPwrPort_FW
0xfc1a73cd,j_GetAdVBattBottom_FW
0xfc1a73d1,j_GetAdChValue_FW
0xfc1a73d5,j_BeepDrive_FW
0xfc1a73d9,j_BeepDriveComp_FW
0xfc1a73dd,j_BeepDriveStop_FW
0xfc1a73e1,j_SetStereoSeparation_FW
0xfc1a73e5,j_InitializeAudio_FW
0xfc1a73e9,j_VbattGet_FW
0xfc1a73ed,LEDDrive
0xfc1a73ed,LEDDrive_FW
0xfc1a7421,ShowPhySwStatus_FW
0xfc1a742b,SetRawSWCheckMode_FW
0xfc1a7435,OnPrintPhySw_FW
0xfc1a743f,OffPrintPhySw_FW
0xfc1a7449,j_GetSwitchStatus_FW
0xfc1a744d,ShowSDStatus_FW
0xfc1a7457,j_GetSDDetect_FW
0xfc1a745b,j_GetSDProtect_FW
0xfc1a745f,SetIgnoreAVJACK_FW
0xfc1a7469,j_GetDialEventId_FW
0xfc1a746d,j_GetLcdPosition_FW
0xfc1a7471,j_GetBatteryCoverClose_FW
0xfc1a7475,j_IsHvSensorExist_FW
0xfc1a7479,j_GetDriverInfoEvent_FW
0xfc1a747d,GetTimeFromRTC_FW
0xfc1a7489,Driver.Create_FW
0xfc1a7489,Driver_EnableEventProc_FW
0xfc1a77d9,SetPropertyCase_FW
0xfc1a77e7,GetPropertyCase_FW
0xfc1a7829,mod_FW
0xfc1a7839,GetDateAndTime_FW
0xfc1a78a3,j_Printf_FW
0xfc1a78a7,MonSelEvent_FW
0xfc1a78ab,j_MemoryChecker_FW
0xfc1a78af,j_VerifyByte_FW
0xfc1a78b3,EraseSignature_FW
0xfc1a78c1,Dump_FW
0xfc1a78cb,Dump32_FW
0xfc1a78d7,Poke32_FW
0xfc1a78e1,Poke16_FW
0xfc1a78eb,Poke8_FW
0xfc1a78f5,j_Peek32_FW
0xfc1a78f9,j_Peek16_FW
0xfc1a78fd,j_Peek8_FW
0xfc1a7901,Wait_FW
0xfc1a790b,j_exec_FW
0xfc1a790f,ShowAllTaskInfo_FW
0xfc1a7919,System.Delete_FW
0xfc1a7f2f,System.Create_FW
0xfc1a8279,SS.MoveOpticalZoomToTele_FW
0xfc1a8285,SS.MoveOpticalZoomToWide_FW
0xfc1a8291,PT_MoveOpticalZoomAt
0xfc1a8291,SS.MoveOpticalZoomAt_FW
0xfc1a82a1,SS.MoveDigitalZoomToTele_FW
0xfc1a82ab,SS.MoveDigitalZoomToWide_FW
0xfc1a82b5,SS.MoveDigitalZoomAt_FW
0xfc1a82c3,SS.GetDigitalZoomTele_FW
0xfc1a82d1,j_SS.GetDigitalZoomPosition_FW
0xfc1a82d5,SS.ChangeZoomSpeed_FW
0xfc1a82e1,SS.DoAFLock_FW
0xfc1a82eb,SS.UnlockAF_FW
0xfc1a82f5,SS.DoAELock_FW
0xfc1a82ff,SS.UnlockAE_FW
0xfc1a8309,SS.MFOn_FW
0xfc1a8313,SS.MFOff_FW
0xfc1a831d,SS.Create_FW
0xfc1a8359,InitializeAdjustmentSystem_FW
0xfc1a8379,TerminateAdjustmentSystem_FW
0xfc1a8399,InitializeAdjustmentFunction_FW
0xfc1a83af,FA.Delete_FW
0xfc1a83bb,FA.Create_FW
0xfc1a83d5,DispDev.Create_FW
0xfc1a83f1,SaveBmpVRAMData_FW
0xfc1a8589,SavePaletteData_FW
0xfc1a87e9,Capture.Create_FW
0xfc1a8821,EngineDriver.Create_FW
0xfc1a885d,EngApp.CreatePub_FW
0xfc1aa80f,task_DvlpSeqTask
0xfc1aab09,task_CreateHeaderTask
0xfc1abe53,AdditionAgentRAM_FW
0xfc1abf8f,EFUSE_ReadData_FW
0xfc1b1dd7,UIFS_WriteFirmInfoToFile
0xfc1b1dd7,UIFS_WriteFirmInfoToFile_FW
0xfc1b3f31,FmtMenu_ExecuteQuickFormat_FW
0xfc1e93dd,task_ExpDrv
0xfc1e93dd,task_ExpDrvTask
0xfc1f2ba1,task_FmidTask
0xfc20cb11,task_CorctTask
0xfc20d679,MoveOpticalZoomAt
0xfc20d755,PT_MoveDigitalZoomToWide
0xfc20d8c9,SS.GetDigitalZoomPosition_FW
0xfc20dc5b,DoAFLock
0xfc20dc83,UnlockAF
0xfc20df55,DoAELock
0xfc20df73,UnlockAE
0xfc20ee2b,PT_MFOn
0xfc20ee5b,PT_MFOff
0xfc21c241,task_MetaCtg
0xfc22c01f,task_MoviePlay
0xfc239417,UIFS_WirelessExecuteSendForever_FW
0xfc23aaff,EnableDebugLogMode_FW
0xfc23ab09,DisableDebugLogMode_FW
0xfc24687d,task_ZoomActuatorSpeedCheck
0xfc246985,task_ZoomEvent
0xfc247067,IsZoomActuatorResetSensorPlusSide_FW
0xfc2475d3,MoveZoomActuator_FW
0xfc2475fb,SetZoomActuatorSpeedPPS_FW
0xfc247609,GetZoomActuatorSpeedPPS_FW
0xfc24760f,j_GetZoomActuatorCurrentPosition_FW
0xfc247613,j_IsZoomActuatorResetSensorPlusSide_FW
0xfc247623,GetZoomActuatorCurrentPosition_FW
0xfc2514b9,j_GiveSemaphore
0xfc2516e8,j_set_assert_handler
0xfc2517b8,j_DebugAssert2
0xfc2517ec,j_get_task_properties
0xfc2517fc,j_CreateCountingSemaphoreStrictly
0xfc251834,j_CreateMessageQueue
0xfc251884,j_heap_free
0xfc25188c,j_heap_alloc
0xfc2518e4,j_CreateRecursiveLock
0xfc2518f4,j_GetSemaphoreValue
0xfc25192c,j_AcquireRecursiveLock
0xfc251984,j_CreateRecursiveLockStrictly
0xfc25198c,j_CreateTask
0xfc2519b4,j_ReleaseRecursiveLock
0xfc2519bc,j_AcquireRecursiveLockStrictly
0xfc251aa4,j_dry_error_printf
0xfc251ac4,j_CheckAllEventFlag
0xfc251ad4,j_get_self_task_id
0xfc251b3c,j_CreateEventFlag
0xfc251b54,j_CheckAnyEventFlag
0xfc251b74,j_TryReceiveMessageQueue
0xfc251b7c,j_TryTakeSemaphore
0xfc251b84,j_PostMessageQueueStrictly
0xfc251b8c,j_WaitForAnyEventFlagStrictly
0xfc251bb4,j__pow
0xfc251bbc,j_WaitForAllEventFlag
0xfc251bd4,j_WaitForAllEventFlagStrictly
0xfc251bdc,j_LocalTime
0xfc251be4,j_TryPostMessageQueue
0xfc251bec,j_GetEventFlagValue
0xfc251bf4,j_PostMessageQueue
0xfc251c04,j__log10
0xfc251c14,j_DeleteEventFlag
0xfc251c1c,j_ClearEventFlag
0xfc251c54,j_RegisterInterruptHandler
0xfc251c5c,j_DeleteMessageQueue
0xfc251c64,j_CreateBinarySemaphore
0xfc251c7c,j_GetNumberOfPostedMessages
0xfc251c84,j_ReceiveMessageQueue
0xfc251c8c,j_CreateMessageQueueStrictly
0xfc251c94,j_CreateTaskStrictly
0xfc251c9c,j_SetEventFlag
0xfc251cac,j_TakeSemaphore
0xfc251cb4,j_TakeSemaphoreStrictly
0xfc251cbc,j_DeleteSemaphore
0xfc251ccc,j_CreateBinarySemaphoreStrictly
0xfc251cd4,j_createsemaphore_low
0xfc251d24,j_time
0xfc251d3c,j_SleepTask
0xfc251d44,j_SetSR
0xfc251d4c,j_WaitForAnyEventFlag
0xfc251d54,j_CreateEventFlagStrictly
0xfc251d64,j_takesemaphore_low
0xfc251d94,j_GetSRAndDisableInterrupt
0xfc251d9c,j_DebugAssert
0xfc251dc4,j_dry_memcpy
0xfc251dcc,j_bzero
0xfc254719,mzrm_createmsg
0xfc2547f5,mzrm_sendmsg
0xfc2552e3,task_FocusEvent
0xfc25b483,GetFocusLensResetPosition_FW
0xfc25b48f,GetFocusLensResetDefaultPosition_FW
0xfc261b11,StartCzTuning_FW
0xfc261b15,MoveCzPeakPositon_FW
0xfc261b19,CzDebugPrint_FW
0xfc261b19,SetCzDebugFocusMode_FW
0xfc261b19,SetCzDebugSubjectDistance_FW
0xfc261b25,CzDebugPrintToFile_FW
0xfc26e651,task_ISMainTask
0xfc26e8b3,ISInitMotion_FW
0xfc26ece9,GetISPWMFrequency_FW
0xfc26ed45,StartISLocalAutoCenter_FW
0xfc26ed6b,StartISLocalHallAdjust_FW
0xfc26ef69,GetGyroDataPitch_FW
0xfc26ef73,GetGyroDataYaw_FW
0xfc26efa5,GetGyro10BitDACPitch_FW
0xfc26efad,GetGyro10BitDACYaw_FW
0xfc26efb5,GetGyroHPFINOffsetPitch_FW
0xfc26efbd,GetGyroHPFINOffsetYaw_FW
0xfc26efc5,GetGyroHPFINPitch_FW
0xfc26efcb,GetGyroHPFINYaw_FW
0xfc26f241,GetDISModeParameter_FW
0xfc26f2e5,GetFixedPWMOutA_FW
0xfc26f2eb,GetFixedPWMOutB_FW
0xfc2766f5,SetCurrentCaptureModeType
0xfc2766f5,SetCurrentCaptureModeType_FW
0xfc277589,GetCurrentCaptureModeType_FW
0xfc279407,get_playrec_mode
0xfc27d12d,StartPlayModeMenu_FW
0xfc27d13f,StartRecModeMenu_FW
0xfc27d1e7,ShutdownRecModeMenu_FW
0xfc27d333,ShutdownPlayModeMenu_FW
0xfc27d3ef,ShutdownPlayModeMenuWithoutPbRedraw_FW
0xfc27dac1,EpilogShow_FW
0xfc27dbed,EpilogFile_FW
0xfc27dc09,task_Epilog
0xfc27dc33,EpilogMenu_FW
0xfc288823,get_current_exp
0xfc28b425,GetFaceAuthBinAddr_FW
0xfc28b429,GetFaceAuthBinSize_FW
0xfc28b42f,IsOKFaceAuthBinFile_FW
0xfc28c321,GetFocusLensPullInMaxSpeed_FW
0xfc28c613,GetCurrentTargetDistance_FW
0xfc28c613,GetFocusLensSubjectDistance
0xfc28c663,GetCurrentFocusLensPosition_FW
0xfc28c663,GetCurrentFocusPosition_FW
0xfc28c94f,GetFocusLensAvCoefficient_FW
0xfc28c991,IsFocusLensOutSidePosition_FW
0xfc28c9af,GetFocusResetPosition_FW
0xfc28ca09,GetFocusDefaultResetPosition_FW
0xfc28fd73,DeleteFile_Fut
0xfc28fdbd,DeleteDirectory_Fut
0xfc28fdf7,Fopen_Fut
0xfc28fdf7,Fopen_Fut_FW
0xfc28fe1f,Fclose_Fut
0xfc28fe1f,Fclose_Fut_FW
0xfc28fe91,Fread_Fut
0xfc28fe91,Fread_Fut_FW
0xfc28fec7,Fwrite_Fut
0xfc28fec7,Fwrite_Fut_FW
0xfc28fefd,Fgets_Fut
0xfc28ff2f,Fseek_Fut
0xfc28ff2f,Fseek_Fut_FW
0xfc28ffb9,fut_prepare
0xfc28ffd1,fut_finish
0xfc297079,UIFS_GetNumOfOptZoomPos_FW
0xfc297165,UIFS_MoveZoomTo_FW
0xfc29778f,SetPropertyCase
0xfc2978b5,GetPropertyCase
0xfc29aae9,RegisterEventProcedure
0xfc29ab3b,RegisterEventProcedure_alt1
0xfc29ab3f,UnRegisterEventProcedure
0xfc29ab95,ExecuteEventProcedure
0xfc29abd9,ExecuteEventProcedure_FW
0xfc29ac3f,RegisterEventProcedure_alt2
0xfc29ac43,RegisterEventProcTable
0xfc29ac59,UnRegisterEventProcTable
0xfc29b0ef,ExportToEventProcedure_FW
0xfc29b0f5,CreateProxyOfEventProcedure_FW
0xfc29b12d,DeleteProxyOfEventProcedure_FW
0xfc29b165,RegisterEventProcTable_alt
0xfc29b169,j_UnRegisterEventProcTable
0xfc29b169,UnRegisterEventProcTable_alt
0xfc29dcf9,PrintFirmVersion_FW
0xfc29dd1d,PrintFaexeVersioin_FW
0xfc29dd27,CreateFADBGSingalID_FW
0xfc29dd2f,FADBGSingal_FW
0xfc29dd9d,FADBGPrintf_FW
0xfc29de57,FAPrintf_FW
0xfc29de83,OutputLogToFile_FW
0xfc29df15,StopLogOut_FW
0xfc29e12b,GetLogData_FW
0xfc29e12f,GetLogDataOnlyAddMemory_FW
0xfc29e133,ActivateAdjLog_FW
0xfc29e141,InactivateAdjLog_FW
0xfc29e14f,StartLogOut_FW
0xfc29e159,IsLogOutType_FW
0xfc29e15f,GetCurrentMaximumLogSize_FW
0xfc29e465,SoundDevClearPath_FW
0xfc29e51b,SoundDevInitMusic_FW
0xfc29e861,SoundDevRecChIn0_FW
0xfc29ea91,SoundDevRecMusicOnDramTest_FW
0xfc29ecdd,SoundDevPlayOpSound_FW
0xfc29ed71,ApMoniSel_FW
0xfc29edb5,SoundDevSetSyncRate_FW
0xfc29eddb,SoundDevSetSpVol_FW
0xfc29ede5,SoundDevSetMovieRecPath_FW
0xfc29edf1,j_SoundDevSetZoomNCProfile_FW
0xfc29edf5,j_SoundDevZoomNCEffective_FW
0xfc29edf9,SoundDevSetZoomNCCheckPath_FW
0xfc29ee05,SoundDevSetZoomNCAdjDigiProcThroughPath_FW
0xfc29ee0b,SoundDevSetBeepPWMMuteParam_FW
0xfc29ee25,SoundDevBeepGenGain_FW
0xfc29ee2d,j_SoundDevClearPath_FW
0xfc29ee31,SoundDevSetRecPath_FW
0xfc29ee41,SoundDevLineOut_FW
0xfc29ee49,SoundDevStopPlayMusic_FW
0xfc29ee77,SoundDevStopRecMusic_FW
0xfc29f093,SoundDevPlayMusic_FW
0xfc29f0ef,SoundDevRecMusic_FW
0xfc29f7dd,InitializeAudio_FW
0xfc2a066b,TurnOnVideoOutMode_FW
0xfc2a069b,TurnOffVideoOutMode_FW
0xfc2a0757,BeepDrive_FW
0xfc2a076b,BeepDriveComp_FW
0xfc2a077f,BeepDriveStop_FW
0xfc2a295b,UIFS_IsAvailableShots_FW
0xfc2a2e39,UIFS_GetStillShotableNumber_FW
0xfc2a2e3d,UIFS_GetMovieRecoadableNumber_FW
0xfc2a3705,task_StartupImage
0xfc2a464d,get_fstype
0xfc2a46b3,GetDrive_ClusterSize
0xfc2a4c07,GetDrive_FreeClusters
0xfc2a507d,Open
0xfc2a507d,Open_FW
0xfc2a5101,Close
0xfc2a5101,Close_FW
0xfc2a5139,Write
0xfc2a5139,Write_FW
0xfc2a5177,j_Open_FW
0xfc2a5179,j_Close_FW
0xfc2a521b,j_Read_FW
0xfc2a521f,j_Write_FW
0xfc2a525d,lseek
0xfc2a525d,Lseek_FW
0xfc2a526f,OpenForScrip_FW
0xfc2a5295,stat
0xfc2a53eb,MakeDirectory_Fut
0xfc2a546d,PrepareDirectory_x
0xfc2a5517,PrepareDirectory_1
0xfc2a551b,PrepareDirectory_0
0xfc2a55db,_GetSystemTime
0xfc2a615d,PostLogicalEventForNotPowerType
0xfc2a615d,PostLogicalEventForNotPowerType_FW
0xfc2a6189,PostLogicalEventToUI
0xfc2a6189,PostLogicalEventToUI_FW
0xfc2a6255,PostEventShootSeqToUI_FW
0xfc2a628d,ShowLogicalEventName_FW
0xfc2a659f,GetCurrentShutterSpeed
0xfc2a659f,GetCurrentShutterSpeed_FW
0xfc2a67d9,GetCurrentExposureTime_FW
0xfc2a6ab3,task_Cave2PbTask
0xfc2afb2d,PutsCameraLogEvent_FW
0xfc2afb51,ShowCameraLogInfo_FW
0xfc2afb97,ShowCameraLog_FW
0xfc2afbc3,StartCameraLog_FW
0xfc2afc25,StopCameraLog_FW
0xfc2afc5f,LogCameraEvent
0xfc2afe9d,set_control_event
0xfc2afecd,j_set_control_event
0xfc2b0113,IsControlEventActive_FW
0xfc2b0157,SetLogicalEventActive
0xfc2b0157,UiEvnt_SetLogicalEventActive_FW
0xfc2b018f,SetScriptMode
0xfc2b018f,SetScriptMode_FW
0xfc2b01a9,UiEvnt_StartDisguiseCradleStatus_FW
0xfc2b01b1,UiEvnt_StopDisguiseCradleStatus_FW
0xfc2b02f7,PTM_AllResetToFactorySetting_FW
0xfc2b0303,j_PTM_AllReset_FW
0xfc2b056d,PTM_SetCurrentCaptureMode_FW
0xfc2b06bb,j_PTM_GetWorkingCaptureMode_FW
0xfc2b06bf,j_PTM_SetCurrentItem_FW
0xfc2b06cb,PTM_GetCurrentItem
0xfc2b06cb,PTM_GetCurrentItem_FW
0xfc2b071d,j_PTM_NextItem_FW
0xfc2b0721,j_PTM_PrevItem_FW
0xfc2b0735,j_PTM_IsEnableItem_FW
0xfc2b0739,j_PTM_SetProprietyEnable_FW
0xfc2b0751,j_PTM_BackupUIProperty_FW
0xfc2b0755,PTM_RestoreUIProperty_FW
0xfc2b08c3,task_CtrlSrv
0xfc2b5397,UIFS_GetNumberOfDisplayedImage_FW
0xfc2b7bf9,j_malloc
0xfc2b7bfd,j_free
0xfc2b7c01,malloc_strictly
0xfc2b7d27,EngDrvRead
0xfc2b7e4d,j_strcmp_FW
0xfc2b7e61,strcmp
0xfc2b7e61,strcmp_FW
0xfc2b7e71,strncpy
0xfc2b7e95,strcpy
0xfc2b7e95,strcpy_FW
0xfc2b7ea5,strlen
0xfc2b7ea5,strlen_FW
0xfc2b7f31,malloc
0xfc2b7f67,free
0xfc2b7fe5,get_self_task_errno_pointer
0xfc2b7ffd,sprintf_FW
0xfc2b800f,memcmp
0xfc2b800f,memcmp_FW
0xfc2be70d,sscanf_FW
0xfc2be9cf,qsort
0xfc2bea15,memset
0xfc2bea15,memset_FW
0xfc2dc59d,GraphicSystemCoreFinish
0xfc2efa49,EF.StartEFCharge_FW
0xfc2efa77,EF.StopEFCharge_FW
0xfc2efa81,EF.SetEFChargeTimeOut_FW
0xfc2efa8f,EF.SetChargeOnTime_FW
0xfc2efa93,EF.StartInternalPreFlash_FW
0xfc2efab9,EF.StartInternalMainFlash_FW
0xfc2efb0f,EF.FlashWithoutSync_FW
0xfc2efb27,EF.SetMainFlashTime_FW
0xfc2efb33,j_EF.IsChargeFull_FW
0xfc2efb37,EF.AdjPreFlash_FW
0xfc2efb6d,EF.SetChargeMode_FW
0xfc2efb79,EF.SetFlashTime_FW
0xfc302dd5,task_GapBS
0xfc31a6ab,Ltkids.SetCapThrough_FW
0xfc31a6b9,Ltkids.SetLiveThrough_FW
0xfc31a6c7,Ltkids.SetCapRtsThrough_FW
0xfc31a6d5,Ltkids.SetLiveRtsThrough_FW
0xfc31c3ab,StartTestRecLog_FW
0xfc31c3b7,StopTestRecLog_FW
0xfc31cf9f,task_MetaInspiTask
0xfc31e7ed,task_FileManMarkAllTask
0xfc31e993,task_SetGeoTagExecution
0xfc31f1a5,task_FORMAT_TASK_PROGRESS
0xfc31f3d3,task_FORMAT_TASK_NAME
0xfc327d1d,task_FilYuvMaker
0xfc328587,task_DecJpgRd
0xfc32bebf,get_dial_hw_position
0xfc32c513,GetFocusLensCurrentPosition_FW
0xfc32c517,GetFocusLensCurrentPositionWithMotor_FW
0xfc32c51b,GetFocusLensDriveVoltage_FW
0xfc32c571,GetFocusLensSettingWaitVoltage_FW
0xfc32c5a1,GetFocusLensHoldVoltage_FW
0xfc32c5d1,GetFocusLensGainSlope_FW
0xfc32c631,task_IrisEvent
0xfc32cf63,EnableIrisActuator_FW
0xfc32cf7d,DisableIrisActuator_FW
0xfc32cf97,ResetIrisActuator_FW
0xfc32d1db,GetIrisSpecOpenPosition_FW
0xfc32d1e7,GetIrisSpecClosePosition_FW
0xfc32d5c5,task_IrisCycleEvent
0xfc32dcef,GetIrisDriveVoltage_FW
0xfc32dcf7,GetIrisDriveVoltageLow_FW
0xfc32dd0f,GetIrisSettingWaitVoltage_FW
0xfc32dd1f,GetIrisHoldVoltage_FW
0xfc32eb95,task_MechaShutter
0xfc32facd,GetZoomLensCurrentPosition
0xfc331beb,task_Cave2RecTask
0xfc354e43,task_ReadMultiConTask
0xfc37062d,SetPMByGpio_FW
0xfc370637,ClearPMByGpio_FW
0xfc370645,ClearPMByFs_FW
0xfc37064f,MoveDCMotorCW_FW
0xfc3706b1,MoveDCMotorCCW_FW
0xfc370713,SetDCMotorWaitTime_FW
0xfc370de3,GetFocusLensResetVoltage_FW
0xfc372339,task_TricDecVTask
0xfc372b41,task_TricEncVTask
0xfc3733d1,task_TricEncMsgTask
0xfc373dc1,task_TricInitTask
0xfc38e9b9,memShow_FW
0xfc390205,task_ImgPlyTask
0xfc390bdb,task_DevelopModule
0xfc39125d,task_FaceScoreTask
0xfc392711,UIFS_IsAvailableMovieRecOptZoom_FW
0xfc392715,UIFS_IsAvailableMovieRecDigZoom_FW
0xfc392719,UIFS_IsAvailableServoAF_FW
0xfc39271d,UIFS_IsAvailableRecMenuAFMode_FW
0xfc392721,UIFS_IsAutoPopupDownStrobe_FW
0xfc392725,UIFS_IsAvailableAvTvMode_FW
0xfc39283d,UIFS_SetDialStillRec_FW
0xfc392857,UIFS_SetDialMovieRec_FW
0xfc392885,UIFS_SetDialPlay_FW
0xfc39289f,UIFS_OpenPopupStrobe_FW
0xfc3928c1,UIFS_ClosePopupStrobe_FW
0xfc3928e5,UIFS_MountExtFlash_FW
0xfc392907,UIFS_UnmountExtFlash_FW
0xfc39292b,UIFS_ConnectVideo_FW
0xfc39294f,UIFS_DisconnectVideo_FW
0xfc392973,j_UIFS_MoveZoomTo_FW
0xfc392977,j_UIFS_GetNumOfOptZoomPos_FW
0xfc39297b,UIFS_StopPostingUIEvent_FW
0xfc39297d,UIFS_RestartPostingUIEvent_FW
0xfc39297f,UIFS_PostModeDial_FW
0xfc39299b,j_UIFS_Capture_FW
0xfc39299f,j_UIFS_CaptureNoneStop_FW
0xfc3929a3,j_UIFS_StartMovieRecord_FW
0xfc3929a7,j_UIFS_StopMovieRecord_FW
0xfc3929ab,UIFS_StartClockMode_FW
0xfc3929b5,UIFS_EndClockMode_FW
0xfc3929bf,UIFS_SetCradleSetting_FW
0xfc3929c1,j_UIFS_WriteFirmInfoToFile_FW
0xfc3929c5,j_UIFS_GetMovieRecoadableNumber_FW
0xfc3929c9,j_UIFS_GetStillShotableNumber_FW
0xfc3929cd,UIFS_ChangeShootState_FW
0xfc3929e3,UIFS_ShootSeqToUI_FW
0xfc3929f9,UIFS_GetLastPath_FW
0xfc392a1d,UIFS_GetAvItemCount_FW
0xfc392a5b,UIFS_GetTvItemCount_FW
0xfc392a9b,UIFS_GetAvItem_FW
0xfc392abf,UIFS_GetTvItem_FW
0xfc392ae3,UIFS_GetCurrentAvString_FW
0xfc392b3f,UIFS_GetCurrentTvString_FW
0xfc392ba1,j_UIFS_IsAvailableShots_FW
0xfc392ba5,j_UIFS_GetNumberOfDisplayedImage_FW
0xfc392ba9,j_UIFS_PlayTrimExecuteAllImageSize_FW
0xfc392bad,j_UIFS_WirelessExecuteSendForever_FW
0xfc392bb1,j_UIFS_CancelStoreLensTimer_FW
0xfc392bb5,j_UIFS_DisplayFirmUpdateView_FW
0xfc392bb9,UI.CreatePublic_FW
0xfc393631,UI_ShowStateOfRecMode_FW
0xfc393643,UI.Create_FW
0xfc393643,UI_RegistDebugEventProc_FW
0xfc393a4d,screenlock_helper
0xfc393a4d,UIFS_DisplayFirmUpdateView_FW
0xfc3a9b4b,NRTBL.SetDarkSubType_FW
0xfc3a9b9b,NRTBL.SetDefectCorrectType_FW
0xfc3a9bb5,NRTBL.GetDarkSubType_FW
0xfc3a9bdd,NRTBL.SetTassenType_FW
0xfc3a9bf5,NRTBL.GetDefectCorrectType_FW
0xfc3a9cb1,DevelopTool.DevelopTest_FW
0xfc3a9f05,AFTool.GetEVal_FW
0xfc3aa043,j_GetMacroSupportZoomPoint_FW
0xfc3aa149,LiveImageTool.StartEVF_FW
0xfc3aa14f,LiveImageTool.StartEVFFocusJet_FW
0xfc3aa155,LiveImageTool.StartEVFMF_FW
0xfc3aa1ef,LiveImageTool.StartEVFMovVGA_FW
0xfc3aa1fd,LiveImageTool.StartEVFMovQVGA_FW
0xfc3aa209,LiveImageTool.StartEVFMovVGA_HS_FW
0xfc3aa217,LiveImageTool.StartEVFMovQVGA_HS_FW
0xfc3aa223,LiveImageTool.StartEVFMovHD_FW
0xfc3aa231,LiveImageTool.StartEVFMovFULLHD_FW
0xfc3aa23f,LiveImageTool.StartEVFMovFULLHD60P_FW
0xfc3aa24d,LiveImageTool.StopEVF_FW
0xfc3aa257,LiveImageTool.DzoomTele_FW
0xfc3aa269,LiveImageTool.DzoomWide_FW
0xfc3aa27b,LiveImageTool.StopDzoom_FW
0xfc3aa285,LiveImageTool.Pause_FW
0xfc3aa28f,LiveImageTool.Resume_FW
0xfc3aa299,LiveImageTool.ChangeDzoom_FW
0xfc3aa2e1,j_LiveImageTool.GetDzoomPosition_FW
0xfc3aa2e5,LiveImageTool.Jump_FW
0xfc3aa2f3,LiveImageTool.Dister_FW
0xfc3aa32d,HecHdmiCecPhysicalCheckForScript_FW
0xfc3aa395,HdmiAudioSampleFreq_FW
0xfc3aa397,LockHdmiState_FW
0xfc3aa399,EdidView_FW
0xfc3aa39b,EdidDump_FW
0xfc3aa39d,CecRegDump_FW
0xfc3aa39f,HdmiRegDump_FW
0xfc3ac8a5,GetCurrentAdjImgDriveType_FW
0xfc3ac8b1,GetCurrentImgDrvMode_FW
0xfc3ac8cb,ConvertAEIntegDrvTypeToAdjImgDriveType_FW
0xfc3ac8f5,ConvertAdjImgDrvModeToAdjImgDriveType_FW
0xfc3ac931,ChangeAdjImgDrvMode_FW
0xfc3ac951,ChangeAEIntegDrvTypeToAdjImgDriveType_FW
0xfc3ac98d,ExecuteAvs_FW
0xfc3ac999,CheckAvs_FW
0xfc3aca03,GetEFuseData_FW
0xfc3aca0d,LoadAvsAdjData_FW
0xfc3aca11,j_InitializeWLAN_FW
0xfc3aca15,j_TerminateWLAN_FW
0xfc3aca25,JoinWLANNetwork_FW
0xfc3aca9f,PingWLANNetwork_FW
0xfc3acaab,j_LeaveWLANNetwork_FW
0xfc3acac3,GetWLANMACAddress_FW
0xfc3acadd,GetCurrentCcdTemp_FW
0xfc3acaf3,j_GetCurrentCcdTemp_FW
0xfc3acaf5,GetCurrentOptTemp_FW
0xfc3acb19,j_GetCurrentOptTemp_FW
0xfc3acb1b,GetCameraInformationData_FW
0xfc3acb3f,j_GetCameraInformationData_FW
0xfc3acc6d,InitializeSoundDevForRecEvent_FW
0xfc3acc81,SetNCParamForAdjEvent_FW
0xfc3acc95,RecSoundForNCAdjEvent_FW
0xfc3accaf,SetNoiseAddParamForZoomNCEvent_FW
0xfc3accc5,ReloadZoomNCProfileEvent_FW
0xfc3acce5,SetZoomNCEffectiveEvent_FW
0xfc3accf7,ClearSoundDevForRecEvent_FW
0xfc3acddf,GetZoomLensResetPlus_FW
0xfc3acf2b,j_GetCurrentZoomLensPosition_FW
0xfc3acf2b,j_GetCurrentZoomPosition_FW
0xfc3acf33,j_GetCurrentZoomLensPoint_FW
0xfc3acf33,j_GetCurrentZoomPoint_FW
0xfc3acf37,GetCurrentZoomLensDirection_FW
0xfc3acf4b,j_GetCurrentZoomLensDirection_FW
0xfc3acf51,ReloadZoomAdjustment_FW
0xfc3acfcb,j_GetZoomTelePoint_FW
0xfc3acfd3,j_GetZoomResetSensorLevel_FW
0xfc3ad007,j_GetZoomDrivingTime_FW
0xfc3ad0ad,ClearZoomDriveParam_FW
0xfc3ad2ab,j_IsZoomLensOutSidePosition_FW
0xfc3ad2b5,StopZoomEmergency_FW
0xfc3ad2bd,SetZoomResetState_FW
0xfc3ad2ef,ResetZoom_FW
0xfc3ad311,ResetZoomToFirst_FW
0xfc3ad311,ResetZoomToFirstPoint_FW
0xfc3ad333,ResetZoomToTerminate_FW
0xfc3ad333,ResetZoomToTerminatePoint_FW
0xfc3ad355,MoveZoomLensToPosition_FW
0xfc3ad355,MoveZoomPosition_FW
0xfc3ad37b,MoveZoomLensToPoint_FW
0xfc3ad37b,MoveZoomPoint_FW
0xfc3ad3a1,MoveComputerZoomToPoint_FW
0xfc3ad3c7,ResetZoomToAdjFirstPoint_FW
0xfc3ad3f5,ResetZoomToAdjTerminatePoint_FW
0xfc3ad423,SetZoomLensEncoderPowerControl_FW
0xfc3ad42f,SetZoomSpeedMode_FW
0xfc3ad47b,GetZoomDefaultDriveParam_FW
0xfc3ad491,SetZoomDriveParam_FW
0xfc3ad4b7,GetZoomResetDriveParam_FW
0xfc3ad4cb,SetZoomResetDriveParam_FW
0xfc3ad4f1,GetZoomNormalDriveParam_FW
0xfc3ad505,SetZoomNormalDriveParam_FW
0xfc3ad52b,GetZoomDefaultCommonDriveParam_FW
0xfc3ad54b,SetZoomCommonDriveParam_FW
0xfc3ad5ab,ClearZoomCommonDriveParam_FW
0xfc3ad5cb,j_GetZoomLensResetPlus_FW
0xfc3ad635,MoveZoomLensToMechaEnd_FW
0xfc3ad84f,MoveZoomLensToPositionByManual_FW
0xfc3ad901,SetFaexeEventTableActivation_FW
0xfc3adab5,task_MetaCtgPrsTask
0xfc3b300b,task_StrobePopUp
0xfc3b34bd,GetStrobePopUpActuatorCurrentState_FW
0xfc3b375f,MoveStrobePopUpActuator_FW
0xfc3b378d,MoveStrobePopUpActuatorWithTime_FW
0xfc3b37f9,j_GetStrobePopUpActuatorCurrentState_FW
0xfc3b37fb,SetStrobePopUpActuatorLimitAmpereDac_FW
0xfc3b3813,SetStrobePopUpActuatorAmpereLimitMode_FW
0xfc3b3827,SetStrobePopUpActuatorVoltage_FW
0xfc3b3839,LockStrobePopUpActuatorVoltageToMax_FW
0xfc3b384b,UnLockStrobePopUpActuatorVoltageToMax_FW
0xfc3b3853,PowerOnStrobePopUpActuator_FW
0xfc3b3863,PowerOffStrobePopUpActuator_FW
0xfc3b70d5,MoveCZToPoint_FW
0xfc3b70fb,MoveCZToWide_FW
0xfc3b711b,MoveCZToTele_FW
0xfc3b713b,MoveCZToPointByOVF_FW
0xfc3b715d,StopCZ_FW
0xfc3b717b,GetCZStillHighSpeed_FW
0xfc3b717f,GetCZStillLowSpeed_FW
0xfc3b7183,GetCZMovieHighSpeed_FW
0xfc3b7187,GetCZMovieLowSpeed_FW
0xfc3b718b,GetCZStillDefaultSpeed_FW
0xfc3b718f,GetCZMovieDefaultSpeed_FW
0xfc3b7229,ResetFocusLens_FW
0xfc3b7265,EscapeFocusLens_FW
0xfc3b72b5,MoveFocusLensToTerminate_FW
0xfc3b72f1,MoveFocusLensWithDistance_FW
0xfc3b73a5,MoveFocusLensWithPosition_FW
0xfc3b7465,MoveFocusLensWithPositionImmediateReturn_FW
0xfc3b74e5,MoveFocusLensWithPositionWithoutBacklash_FW
0xfc3b759d,MoveFocusLensWithPositionWithCompBacklash_FW
0xfc3b7687,MoveFocusActuator_FW
0xfc3b772d,SetFocusActuatorHoldVoltage_FW
0xfc3b7739,SetFocusActuatorSlopeHoldVoltage_FW
0xfc3b7749,SetFocusLensSpeed_FW
0xfc3b7797,SetFocusLensSpeedTable_FW
0xfc3b77fb,SetFocusLensAccelerationTable_FW
0xfc3b786f,SetFocusLensSlowdownTable_FW
0xfc3b78ad,SetFocusLensDefaultPullOutTable_FW
0xfc3b78b9,SetFocusLensCondition_FW
0xfc3b7935,ShowFocusLensCurrentSpeedTable_FW
0xfc3b7971,SetFocusLensMaxSpeedLimit_FW
0xfc3b797b,CancelFocusLensMaxSpeedLimit_FW
0xfc3b7985,EnableFocusLens_FW
0xfc3b7a1d,DisableFocusLens_FW
0xfc3b7a53,EnableFocusLensGainLockWithVoltage_FW
0xfc3b7a69,DisableFocusLensGainLock_FW
0xfc3b7a71,EnableFocusLensSlopeGain_FW
0xfc3b7a7b,DisableFocusLensSlopeGain_FW
0xfc3b7a83,EnableFocusLensWaveLock_FW
0xfc3b7a91,DisableFocusLensWaveLock_FW
0xfc3b7a99,j_GetFocusLensCurrentPosition_FW
0xfc3b7a9d,j_GetFocusLensCurrentPositionWithMotor_FW
0xfc3b7aa1,j_GetFocusLensResetPosition_FW
0xfc3b7aa5,j_GetFocusLensResetDefaultPosition_FW
0xfc3b7aa9,GetFocusLensSubjectDistance_FW
0xfc3b7abb,GetFocusLensSubjectDistanceNumber_FW
0xfc3b7abf,GetFocusLensPositionRatio_FW
0xfc3b7ac3,GetFocusLensLoadSubjectDistance_FW
0xfc3b7ad9,ChangeFocusDistanceToPosition_FW
0xfc3b7adf,GetFocusLensLoadCamTable_FW
0xfc3b7b05,j_GetFocusLensDriveVoltage_FW
0xfc3b7b09,SetFocusLensDriveVoltage_FW
0xfc3b7b2d,j_GetFocusLensSettingWaitVoltage_FW
0xfc3b7b31,SetFocusLensSettingWaitVoltage_FW
0xfc3b7b55,j_GetFocusLensHoldVoltage_FW
0xfc3b7b59,SetFocusLensHoldVoltage_FW
0xfc3b7b7d,j_GetFocusLensResetVoltage_FW
0xfc3b7b81,j_GetFocusLensGainSlope_FW
0xfc3b7b85,SetFocusLensGainSlope_FW
0xfc3b7ba9,GetFocusLensMoveMaxPosition_FW
0xfc3b7bb9,GetFocusLensMoveMinPosition_FW
0xfc3b7bc9,j_GetFocusLensPullInMaxSpeed_FW
0xfc3b7bcd,GetFocusLensMoveRangeOfTelePoint_FW
0xfc3b7c0d,FocusLensStopQuickly_FW
0xfc3b7c5d,GetFocusLensCarrierFrequency_FW
0xfc3b7c67,SetFocusLensCarrierFrequency_FW
0xfc3b7c8b,MoveFocusLensChangeCarrierFrequency_FW
0xfc3b7d7d,j_GetFocusLensAvCoefficient_FW
0xfc3b7ddd,ResetIris_FW
0xfc3b7dfb,MoveIrisToStandbyPosition_FW
0xfc3b7e19,MoveIrisWithAv
0xfc3b7e19,MoveIrisWithAv_FW
0xfc3b7e3b,MoveIrisWithAvAndSpeed_FW
0xfc3b7e63,MoveIrisToPositionWithBacklash_FW
0xfc3b7e85,MoveIrisToTerminatePosition_FW
0xfc3b7ea3,MoveIrisToFullOpen_FW
0xfc3b7ec1,MoveIrisToFullClose_FW
0xfc3b7edf,j_GetIrisAv_FW
0xfc3b7ee3,j_GetIrisCurrentPosition_FW
0xfc3b7ee7,MoveIrisWithAvWithoutBacklash_FW
0xfc3b7f09,MoveIrisToPositionWithoutBacklash_FW
0xfc3b7f2b,MoveIrisWithAvAndSpeedWithoutBacklash_FW
0xfc3b7f53,EnableIris_FW
0xfc3b7f6d,DisableIris_FW
0xfc3b7f87,j_GetIrisSpecOpenPosition_FW
0xfc3b7f8b,j_GetIrisSpecClosePosition_FW
0xfc3b7f8f,j_GetIrisDriveVoltage_FW
0xfc3b7f93,SetIrisDriveVoltage_FW
0xfc3b7f9f,j_GetIrisDriveVoltageLow_FW
0xfc3b7fa3,SetIrisDriveVoltageLow_FW
0xfc3b7faf,j_GetIrisSettingWaitVoltage_FW
0xfc3b7fb3,SetIrisSettingWaitVoltage_FW
0xfc3b7fbf,j_GetIrisHoldVoltage_FW
0xfc3b7fc3,SetIrisHoldVoltage_FW
0xfc3b7fcf,ChangeIrisSpeed_FW
0xfc3b7fe9,MoveIrisWithAvAndAvSpeed_FW
0xfc3b8011,MoveIrisWithAvAndAvSpeedWithoutBacklash_FW
0xfc3b8079,MoveLensToFirstPoint_FW
0xfc3b80af,MoveLensToTerminatePoint_FW
0xfc3b80d7,j_IsLensOutside_FW
0xfc3b80db,j_GetLensErrorStatus_FW
0xfc3b80df,j_GetFocusStartZoomPosition_FW
0xfc3b80e3,EnableLensError_FW
0xfc3b80ed,DisableLensError_FW
0xfc3b80f7,SetLensOutsideFlag_FW
0xfc3b8103,ShowMechaCondition_FW
0xfc3b8259,WriteMechaLogToRom_FW
0xfc3b8263,WriteMechaLogToFile_FW
0xfc3b827d,EnableMechaCircuit_FW
0xfc3b8287,DisableMechaCircuit_FW
0xfc3b8291,EnableFocusPiCircuit_FW
0xfc3b829b,DisableFocusPiCircuit_FW
0xfc3b82a5,j_GetFocusPiSensorLevel_FW
0xfc3b82a9,EnableZoomPiCircuit_FW
0xfc3b82b3,DisableZoomPiCircuit_FW
0xfc3b82bd,j_GetZoomPiSensorLevel_FW
0xfc3b82c1,EnableZoomEncoderCircuit_FW
0xfc3b82cb,DisableZoomEncoderCircuit_FW
0xfc3b82d5,SendMechaCircuitData_FW
0xfc3b82eb,ReceiveMechaCircuitDataAll_FW
0xfc3b8309,MonSelToCamif_FW
0xfc3b8365,MonSelCamifFunction_FW
0xfc3b83e1,CloseMechaShutter_FW
0xfc3b83fb,OpenMechaShutter_FW
0xfc3b8415,CloseMechaShutterWithTiming_FW
0xfc3b843b,SetMechaShutterCloseDacSetting_FW
0xfc3b844b,GetMechaShutterCloseDacSetting_FW
0xfc3b8467,SetMechaShutterOpenDacSetting_FW
0xfc3b8477,GetMechaShutterOpenDacSetting_FW
0xfc3b8493,SetMechaShutterWaitTimeSetting_FW
0xfc3b849f,j_GetMechaShutterStatus_FW
0xfc3b84a3,j_GetMechaShutterMoveTime_FW
0xfc3b84a7,SetMechaShutterMoveTime_FW
0xfc3b84c9,EnableZoomLensEncoderPowerControl_FW
0xfc3b84d3,DisableZoomLensEncoderPowerControl_FW
0xfc3b8529,ResetZoomLens_FW
0xfc3b8547,ResetZoomLensToFirst_FW
0xfc3b8573,ResetZoomLensToTermiante_FW
0xfc3b859f,MoveZoomLensWithPoint
0xfc3b859f,MoveZoomLensWithPoint_FW
0xfc3b85d1,MoveZoomLensWithPointImmediateReturn_FW
0xfc3b85e3,WaitMoveZoomLensComplete_FW
0xfc3b8601,MoveZoomLensWithPosition_FW
0xfc3b8633,MoveZoomLensToTerminatePosition_FW
0xfc3b8661,MoveZoomLensToMechaEdge_FW
0xfc3b86ab,SetZoomLensSpeedMode_FW
0xfc3b86b7,GetZoomLensDriveAmpereDac_FW
0xfc3b86bd,SetZoomLensDriveAmpereDac_FW
0xfc3b86cd,EnableZoomLensSpeedControl_FW
0xfc3b86d9,DisableZoomLensSpeedControl_FW
0xfc3b86e5,EnableZoomLensElectricControl_FW
0xfc3b86f1,DisableZoomLensElectricControl_FW
0xfc3b86fd,j_GetZoomLensCurrentPoint_FW
0xfc3b8701,j_GetZoomLensCurrentPosition_FW
0xfc3b8705,j_GetZoomLensTelePoint_FW
0xfc3b8709,j_GetZoomLensMechaEdgePosition_FW
0xfc3b870d,ChangeZoomLensPointToMagnification_FW
0xfc3b8715,ChangeZoomLensMagnificationToPoint_FW
0xfc3b8741,ISAutoCenter_FW
0xfc3b874b,StartISLocalAdjust_FW
0xfc3b8755,j_StartISLocalHallAdjust_FW
0xfc3b8759,j_StartISLocalAutoCenter_FW
0xfc3b875d,ISMoveToMechaEdgeOPEN_FW
0xfc3b876b,ISChangeOPENtoCLOSE_FW
0xfc3b8775,SetISDriveAaxis_FW
0xfc3b8783,SetISDriveBaxis_FW
0xfc3b8791,SetISHallOffsetAaxis_FW
0xfc3b879f,SetISHallOffsetBaxis_FW
0xfc3b87ad,SetISHallOffsetbyAxisType_FW
0xfc3b87c1,SetISHallGainAaxis_FW
0xfc3b87cf,SetISHallGainBaxis_FW
0xfc3b87dd,SetISHallGainbyAxisType_FW
0xfc3b87f1,SetISGyroGainAaxis_FW
0xfc3b87ff,SetISGyroGainBaxis_FW
0xfc3b880d,SetISGyroGainbyAxisType_FW
0xfc3b8821,GetISDriveAaxis_FW
0xfc3b8835,GetISDriveBaxis_FW
0xfc3b8849,GetISPositionAaxis_FW
0xfc3b885d,GetISPositionBaxis_FW
0xfc3b8871,GetISHallOffsetAaxis_FW
0xfc3b8885,GetISHallOffsetBaxis_FW
0xfc3b8899,GetISHallOffsetbyAxisType_FW
0xfc3b88b5,GetISHallGainAaxis_FW
0xfc3b88c9,GetISHallGainBaxis_FW
0xfc3b88dd,GetISHallGainbyAxisType_FW
0xfc3b88f9,GetISGyroGainAaxis_FW
0xfc3b890d,GetISGyroGainBaxis_FW
0xfc3b8921,GetISGyroGainbyAxisType_FW
0xfc3b893d,j_GetGyroDataPitch_FW
0xfc3b8941,j_GetGyroDataYaw_FW
0xfc3b8945,SetGyro10BitDACPitch_FW
0xfc3b8953,SetGyro10BitDACYaw_FW
0xfc3b8961,j_GetGyro10BitDACPitch_FW
0xfc3b8965,j_GetGyro10BitDACYaw_FW
0xfc3b8969,SetGyroHPFINOffsetPitch_FW
0xfc3b8977,SetGyroHPFINOffsetYaw_FW
0xfc3b8985,j_GetGyroHPFINOffsetPitch_FW
0xfc3b8989,j_GetGyroHPFINOffsetYaw_FW
0xfc3b898d,j_GetGyroHPFINPitch_FW
0xfc3b8991,j_GetGyroHPFINYaw_FW
0xfc3b8995,SetISTuningFlag_FW
0xfc3b89a3,SetGyroFilterChargeStart_FW
0xfc3b89a7,SetGyroFilterChargeStop_FW
0xfc3b89ab,GetGyroFilterCharge_FW
0xfc3b89bf,GetISFirmVersion_FW
0xfc3b89d9,GetMechaDSPVersion_FW
0xfc3b89f3,GetISParamVersion_FW
0xfc3b8a0d,SetZoomPosition_FW
0xfc3b8a1b,ISControlStart_FW
0xfc3b8a25,ISControlStop_FW
0xfc3b8a2f,ISPanModeStart_FW
0xfc3b8a39,ISPanModeStop_FW
0xfc3b8a43,SetISControlType_FW
0xfc3b8a51,SetISStillStatus_FW
0xfc3b8a5b,SetISMovieStatus_FW
0xfc3b8a65,ChangeParallelMode_FW
0xfc3b8a73,SetLPFParallelBest_FW
0xfc3b8a87,GetLPFParallelBest_FW
0xfc3b8aa9,SelectPositionSignal_FW
0xfc3b8ab7,ClearISIComponent_FW
0xfc3b8ac1,SetISHPFCutoff_FW
0xfc3b8acf,ClearISZData_FW
0xfc3b8ad9,GetISHallOut1Amp_FW
0xfc3b8af3,ISMDStart_FW
0xfc3b8afd,ISMDStop_FW
0xfc3b8b07,SetISLPFAaxis_FW
0xfc3b8b15,SetISLPFBaxis_FW
0xfc3b8b23,EnableISDriveError_FW
0xfc3b8b2d,DisableISDriveError
0xfc3b8b2d,DisableISDriveError_FW
0xfc3b8b37,EnableISAutoGyroOffset_FW
0xfc3b8b41,DisableISAutoGyroOffset_FW
0xfc3b8b4b,SetISHallAmpFirstGain_FW
0xfc3b8b59,GetISHallAmpFirstGain_FW
0xfc3b8b75,StartLoopGainCalc_FW
0xfc3b8b95,GetLoopGainCalcData_FW
0xfc3b8bcb,SetLoopGainAdjValue_FW
0xfc3b8bdd,GetLoopGainAdjValue_FW
0xfc3b8e31,StopLoopGainCalc_FW
0xfc3b8e3b,GetISCrossTalkComp_FW
0xfc3b8e77,SetISCrossTalkCompA1_FW
0xfc3b8e85,SetISCrossTalkCompA2_FW
0xfc3b8e93,SetISCrossTalkCompB1_FW
0xfc3b8ea1,SetISCrossTalkCompB2_FW
0xfc3b8eaf,SetDISModeParam_FW
0xfc3b8ebd,GetDISModeParamType_FW
0xfc3b8ed1,DisableDISModeChange_FW
0xfc3b8edb,EnableDISModeChange_FW
0xfc3b8ee5,SetISAdjData_FW
0xfc3b8eef,SetISCenterShiftA_FW
0xfc3b8efd,SetISCenterShiftB_FW
0xfc3b8f0b,GetISCenterShiftA_FW
0xfc3b8f1d,GetISCenterShiftB_FW
0xfc3b8f2f,EnableMacroIS_FW
0xfc3b8f39,DisableMacroIS_FW
0xfc3b8f43,StartMacroISContiMode_FW
0xfc3b8f4d,StartMacroISAdjust_FW
0xfc3b8f57,StopMacroISAdjust_FW
0xfc3b8f61,GetMacroISEstimRadiusA_FW
0xfc3b8f73,GetMacroISEstimRadiusB_FW
0xfc3b8f85,SetISFocusLensDistance_FW
0xfc3b8f8f,GetMacroISGainA_FW
0xfc3b8fa1,GetMacroISGainB_FW
0xfc3b8fb3,SetMacroISGainA_FW
0xfc3b8fc1,SetMacroISGainB_FW
0xfc3b8fcf,GetMacroISAngleAndVelocityA_FW
0xfc3b8ff1,GetMacroISAngleAndVelocityB_FW
0xfc3b9013,SetPoweredISON_FW
0xfc3b901f,SetPoweredISOFF_FW
0xfc3b902b,ISFixedPWMON_FW
0xfc3b9037,ISFixedPWMOFF_FW
0xfc3b9043,SetFixedPWMOutA_FW
0xfc3b9051,SetFixedPWMOutB_FW
0xfc3b905f,j_GetFixedPWMOutA_FW
0xfc3b9063,j_GetFixedPWMOutB_FW
0xfc3b9067,SetISPWMFreqAndFixed_FW
0xfc3b9073,SetISPWMFrequency_FW
0xfc3b907f,j_GetISPWMFrequency_FW
0xfc3b9083,StartISPWMFreqChangeTest_FW
0xfc3b908d,StopISPWMFreqChangeTest_FW
0xfc3b9097,ActivateISMD_FW
0xfc3b90a5,MechaCPUMemoryDump_FW
0xfc3b90b7,MechaCPUMemoryWrite_FW
0xfc3b90cd,StartImStEventProc_FW
0xfc3b94c7,MemoryChecker_FW
0xfc3b94f1,VerifyByte_FW
0xfc3b95a9,GetDramManufactureId_FW
0xfc3b95b1,GetDramRevision_FW
0xfc3b95b9,GetDramRfu_FW
0xfc3b95c1,GetDramDensity_FW
0xfc3b95c9,GetDramTypeError_FW
0xfc3b9863,FreeMemory_FW
0xfc3b9869,AllocateMemory_FW
0xfc3b987b,Peek32_FW
0xfc3b987f,Peek16_FW
0xfc3b9885,Peek8_FW
0xfc3b989d,GetSystemTime
0xfc3b989d,GetSystemTime_FW
0xfc3b98a9,exec_FW
0xfc3b9971,MakeBootDisk_FW
0xfc3b997d,MakeScriptDisk_FW
0xfc3bc66b,task_Raw2Ss2YuvTask
0xfc3d8f05,zicokick_start
0xfc3d8f79,zicokick_copy
0xfc3dcd81,Bat_Calc_FW
0xfc3dcd81,CalculateBatSenseOffset_FW
0xfc3dce2b,GetCdsGainValue_FW
0xfc3dce43,SetDeltaCDSGain_FW
0xfc3dce71,ReloadCdsAdjustment_FW
0xfc3dce7f,GetObClampValue_FW
0xfc3dce87,SetObClamp_FW
0xfc3dce87,SetObClampValue_FW
0xfc3dce8b,j_GetCdsGainValue_FW
0xfc3dce8d,SetCDSGain_FW
0xfc3dce8d,SetCdsGainValue_FW
0xfc3dcea9,SetCdsPreGainReg_FW
0xfc3dcebf,GetCdsPreGainReg_FW
0xfc3dcec3,j_GetCdsPreGainReg_FW
0xfc3dcec5,SetSensorPreGain_FW
0xfc3dcecd,GetSensorPreGain_FW
0xfc3dced1,GetCurrentDriveBaseSvValue_FW
0xfc3dcee5,j_GetCurrentDriveBaseSvValue_FW
0xfc3dcefd,SetCDSGainStep_FW
0xfc3dcf19,SetAdjCdsMode_FW
0xfc3dcf35,CancelAdjCdsMode_FW
0xfc3dcf45,IsAdjCdsMode_FW
0xfc3dd02d,StopCaptureDrive_FW
0xfc3dd38f,CancelImageDrive_FW
0xfc3dd76d,StartCaptureDrive_FW
0xfc3dd771,CaptureWithParam_FW
0xfc3dd799,ChangeImageDrive_FW
0xfc3dd7a5,GetCrwImageInfo_FW
0xfc3dd825,ConvertTvToExposureTime_FW
0xfc3dd83b,j_GetCurrentExposureTime_FW
0xfc3dd847,j_GetCurrentShutterSpeed_FW
0xfc3dd865,SetShutterSpeedWithMecha_FW
0xfc3dd89d,SetShutterSpeed_FW
0xfc3dd8cf,GetUserSetShutterSPeed_FW
0xfc3dd8db,GetShutterSpeedRegularMaxLimit_FW
0xfc3dd8eb,j_GetShutterSpeedRegularMaxLimit_FW
0xfc3dd8ed,GetShutterSpeedRegularMinLimit_FW
0xfc3dd8fd,j_GetShutterSpeedRegularMinLimit_FW
0xfc3dd919,GetFrameRateWithApex_FW
0xfc3dd977,ReloadNdFilterAdjustment_FW
0xfc3dd989,PutInNdFilter
0xfc3dd989,PutInNdFilter_FW
0xfc3dd9af,PutOutNdFilter
0xfc3dd9af,PutOutNdFilter_FW
0xfc3dda07,CloseMShutter_FW
0xfc3dda2d,OpenMShutter_FW
0xfc3de061,CalculatePeakFromLeastSquareResult_FW
0xfc3de07b,CalculateLog2ToApex_FW
0xfc3de087,CalculatePow2FromApex_FW
0xfc3de08f,CalcLog10
0xfc3de0bb,CalcLog10_FW
0xfc3de0d7,ConvertApexToApexStd_FW
0xfc3de0f1,ConvertApexStdToApex_FW
0xfc3de133,CalcSqrt
0xfc3de15b,CalcSqrt_FW
0xfc3de1b3,ConvertToPositionWithDistanceAndZoomPoint_FW
0xfc3de1c7,ConvertToPositionWithDistance_FW
0xfc3de1cf,ReloadFocusLensAdjustment_FW
0xfc3de1dd,j_GetFocusDefaultResetPosition_FW
0xfc3de1e5,j_GetFocusResetPosition_FW
0xfc3de1ed,j_GetCurrentTargetDistance_FW
0xfc3de227,j_GetCurrentFocusLensPosition_FW
0xfc3de227,j_GetCurrentFocusPosition_FW
0xfc3de249,MoveFocusLensToTerminatePosition_FW
0xfc3de249,MoveFocusToTerminate_FW
0xfc3de2d5,MoveFocusLensToPositionWithMaxSpeed_FW
0xfc3de2fd,MoveFocusLensToPositionWithSpeed_FW
0xfc3de377,MoveFocusLensToPosition_FW
0xfc3de3a3,MoveFocusPosition_FW
0xfc3de41b,MoveFocusDistance_FW
0xfc3de41b,MoveFocusLensToDistance
0xfc3de41b,MoveFocusLensToDistance_FW
0xfc3de45f,ResetFocus_FW
0xfc3de597,j_IsFocusLensOutSidePosition_FW
0xfc3de5bf,SetFocusResetState_FW
0xfc3de637,SaveFocusResetPulse_FW
0xfc3dec85,SetScanLensIndex_FW
0xfc3ded1d,SetScanWindowMode_FW
0xfc3dee9f,SelectAdjBPFilter_FW
0xfc3deeb9,SetAdjAFWinPos_FW
0xfc3deef1,SetBPFilterForBP_FW
0xfc3def11,CancelBPFilterForBP_FW
0xfc3df087,StartAdjAFService_FW
0xfc3df125,StopAdjAFService_FW
0xfc3df29b,GetAdjAFInteg_FW
0xfc3df2d3,StopAdjAFInteg_FW
0xfc3df2dd,StartAdjAFInteg_FW
0xfc3df2ed,SetAdjAFIntegCrwAdd_FW
0xfc3df7e5,StopCustomScan_FW
0xfc3df7ef,StartCustomScan_FW
0xfc3df82f,StartCrwCustomScan_FW
0xfc3dfddd,CalculatePeakPosByLS_FW
0xfc3dfe07,CalculateInterpolationByLS_FW
0xfc3dfe2f,ReloadAFAdjustment_FW
0xfc3dfeeb,PrintScanTable_FW
0xfc3e003f,PrintMultiWinScanTable_FW
0xfc3e027f,GetExStrobeID_FW
0xfc3e0287,IsExStrobeChargeComp_FW
0xfc3e028d,SetExStrobeMode_FW
0xfc3e0293,CancelExStrobeMode_FW
0xfc3e029b,j_GetAutoPopupStrobePiSectionTime_FW
0xfc3e02a3,j_GetAutoPopupStrobeCurrentStatus_FW
0xfc3e02ab,ReloadEfAdjustment_FW
0xfc3e02d7,ChargeStrobe_FW
0xfc3e02f9,ChargeStrobeForFA_FW
0xfc3e0327,StopStrobeChargeForFA_FW
0xfc3e033b,ExecuteInternalPreFlash_FW
0xfc3e03b3,ReloadColorAdjustment_FW
0xfc3e042f,RegistColorMatrix_FW
0xfc3e0451,j_RegistColorMatrix_FW
0xfc3e0453,UnregistColorMatrix_FW
0xfc3e045b,j_UnregistColorMatrix_FW
0xfc3e0567,ShowCurrentExp_FW
0xfc3e0595,SetAE_ShutterSpeed
0xfc3e0595,SetAE_ShutterSpeed_FW
0xfc3e0607,FocusAEWithCompensation_FW
0xfc3e0651,SetAE_CdsGainValue_FW
0xfc3e0659,j_SetAE_CdsGainValue_FW
0xfc3e067d,FixAEWithCompensation_FW
0xfc3e06bb,SetAdj_AEMode_FW
0xfc3e06f7,CancelAdj_AEMode_FW
0xfc3e071d,PreFixAE_FW
0xfc3e0815,AfAEWithAperturePriority_FW
0xfc3e0843,AdjAEWithAperturePriority_FW
0xfc3e0875,SleepAE_FW
0xfc3e09f5,AfAEWithCompensation_FW
0xfc3e0a95,GetVideoOutType
0xfc3e0a95,GetVideoOutType_FW
0xfc3e0ae5,SwitchOffDisplay_FW
0xfc3e0b19,SwitchOnDisplay_FW
0xfc3e0b23,j_GetVideoOutType_FW
0xfc3e0b25,SetVideoOutType
0xfc3e0b51,SetVideoOutType_FW
0xfc3e0b5d,IsEVFDrive_FW
0xfc3e0b75,j_IsEVFDrive_FW
0xfc3e0b9b,StopEVFDrive_FW
0xfc3e0d8d,StartEVFDriveWithMode_FW
0xfc3e0db5,StartEVFDrive_FW
0xfc3e0ded,IsEvfDriveMode_FW
0xfc3e10e5,GetSumYOfVRAMCenterLine_FW
0xfc3e1129,j_GetVRAMHPixelsSize_FW
0xfc3e1131,j_GetVRAMVPixelsSize_FW
0xfc3e1139,StopContinuousVRAMData_FW
0xfc3e118d,GetContinuousVRAMData_FW
0xfc3e161f,GetPixelsOfViewangle_FW
0xfc3e167d,GetContinuousVRAMDataWithRingBuffer_FW
0xfc3e16db,j_GetMovieJpegVRAMHPixelsSize_FW
0xfc3e16e3,j_GetMovieJpegVRAMVPixelsSize_FW
0xfc3e1731,GetContinuousMovieJpegVRAMData_FW
0xfc3e177b,ChangeDistortionSetForLiveImage_FW
0xfc3e19b3,Bat_VIN_FW
0xfc3e19b3,SetInputVoltage_FW
0xfc3e19bf,Bat_Save_FW
0xfc3e19bf,SaveBatSenseOffsetAdjustmentTable_FW
0xfc3e19c9,SetImageMode_FW
0xfc3e19cd,SetDate
0xfc3e19cd,SetDate_FW
0xfc3e1a55,SetYear_FW
0xfc3e1a8d,SetMonth_FW
0xfc3e1ac1,SetDay_FW
0xfc3e1afb,SetHour_FW
0xfc3e1b33,SetMinute_FW
0xfc3e1b6b,SetSecond_FW
0xfc3e1ba3,GetYear_FW
0xfc3e1bbf,GetMonth_FW
0xfc3e1bd7,GetDay_FW
0xfc3e1bed,GetHour_FW
0xfc3e1c03,GetMinute_FW
0xfc3e1c19,GetSecond_FW
0xfc3e1c2f,SetLangMenuType_FW
0xfc3e1c63,SaveFromImage_FW
0xfc3e1df7,SetFactorySerialNumber_FW
0xfc3e1e07,LoadFactoryNumber_FW
0xfc3e1e77,j_LoadFactoryNumber_FW
0xfc3e1e79,LoadSerialNumber_FW
0xfc3e1ee9,j_LoadSerialNumber_FW
0xfc3e1eeb,GetLastVBatADLevel_FW
0xfc3e1ef1,j_GetLastVBatADLevel_FW
0xfc3e1ef3,j_GetVBatVoltage_FW
0xfc3e1ef7,SaveFactoryReserveData_FW
0xfc3e1f29,SetProductVolume_FW
0xfc3e1f77,j_GetDCPAdjOffset_FW
0xfc3e1f7b,SetWindowSystemDrawSetting_FW
0xfc3e2185,ReloadDefectAdjustmentData_FW
0xfc3e218f,ReloadFROMDefectAdjustmentData_FW
0xfc3e2199,ReloadShadingAdjustmentData_FW
0xfc3e21a3,SetWBTemperature_FW
0xfc3e2249,DevelopStillPicture_FW
0xfc3e2319,InitializeMechaDevice_FW
0xfc3e233b,TerminateMechaDevice_FW
0xfc3e2385,CreateJumptable
0xfc3e3a41,HitISLensAgainstTopEdge_FW
0xfc3e3a4d,HitISLensAgainstBottomEdge_FW
0xfc3e3a59,HitISLensAgainstLeftEdge_FW
0xfc3e3a65,HitISLensAgainstRightEdge_FW
0xfc3e3a71,HitISLensToMechaEdge_FW
0xfc3e3a7d,MoveISLensToRightLimitPosition_FW
0xfc3e3a89,MoveISLensToLeftLimitPosition_FW
0xfc3e3a95,MoveISLensToBottomLimitPosition_FW
0xfc3e3aa1,MoveISLensToTopLimitPosition_FW
0xfc3e3aad,MoveISLensToLimitPosition_FW
0xfc3e3ab9,SearchBCentralPosition_FW
0xfc3e3ab9,SearchISLensCentralPosition_FW
0xfc3e3ac3,StopBDrive_FW
0xfc3e3ac3,StopISAdjustmentDrive_FW
0xfc3e3ac3,StopISDrive_FW
0xfc3e3acd,StartBDrive_FW
0xfc3e3acd,StartISAdjustmentDrive_FW
0xfc3e3acd,StartISDrive_FW
0xfc3e3ad7,StopBPanDrive_FW
0xfc3e3ad7,StopISPanDrive_FW
0xfc3e3ae1,SetISControllMode_FW
0xfc3e3aef,StartBPanDrive_FW
0xfc3e3aef,StartISPanDrive_FW
0xfc3e3af9,WriteHallDeviceAdjustment_FW
0xfc3e3b03,WriteGyroAdjustment_FW
0xfc3e3b0d,WritePWMAdjustment_FW
0xfc3e3b4f,SetISPitchPWM_FW
0xfc3e3b57,SetISYawPWM_FW
0xfc3e3b5f,SetISLensDriveValue_FW
0xfc3e3b69,SetISGyroYawGain_FW
0xfc3e3b71,SetISGyroPitchGain_FW
0xfc3e3b79,SetISLensGyroGain_FW
0xfc3e3b83,SetISHallDeviceYawGain_FW
0xfc3e3b8b,SetISHallDevicePitchGain_FW
0xfc3e3b93,SetISLensHallGain_FW
0xfc3e3b9d,SetISHallDeviceYawOffset_FW
0xfc3e3ba5,SetISHallDevicePitchOffset_FW
0xfc3e3bad,SetISLensHallOffset_FW
0xfc3e3bb7,SetZoomPointToIS_FW
0xfc3e3be3,GetISHallOffsetDACValue_FW
0xfc3e3be7,GetISLensEViAaxis_FW
0xfc3e3bed,GetISLensEViBaxis_FW
0xfc3e3bf3,GetISLensCorrectedEViAaxis_FW
0xfc3e3bf9,GetISLensCorrectedEViBaxis_FW
0xfc3e3bff,GetISLensDampAaxis_FW
0xfc3e3c03,GetISLensDampBaxis_FW
0xfc3e3c07,SetISLPFCutOffFreqAaxis_FW
0xfc3e3c0d,SetISLPFCutOffFreqBaxis_FW
0xfc3e3c13,SetLPFForParallelFilter_FW
0xfc3e3c23,SetISCutOffFreqIndex_FW
0xfc3e3c23,SetISHPFCutOffFreqIndex_FW
0xfc3e3c2f,ChangeFilterMode_FW
0xfc3e3c3b,HitISMechaEdgeInOpenControl_FW
0xfc3e3c49,ChangeToISCloseControl_FW
0xfc3e3c53,SetISGyroHPFINOffsetPitch_FW
0xfc3e3c59,SetISGyroHPFINOffsetYaw_FW
0xfc3e3c5f,SetISGyroOffsetHPFINData_FW
0xfc3e3c67,SetISGyro10BitDACPitch_FW
0xfc3e3c6d,SetISGyro10BitDACYaw_FW
0xfc3e3c73,SetISGyroOffset10BitDACData_FW
0xfc3e3c7b,GetISGyroDataPitch_FW
0xfc3e3c7f,GetISGyroDataYaw_FW
0xfc3e3c83,GetISGyroData_FW
0xfc3e3c87,GetISGyroHPFINPitch_FW
0xfc3e3c8b,GetISGyroHPFINYaw_FW
0xfc3e3c8f,GetISHPFINGyroData_FW
0xfc3e3c93,GetISGyro10BitDACPitch_FW
0xfc3e3c97,GetISGyro10BitDACYaw_FW
0xfc3e3c9b,GetISGyroOffset10BitDACData_FW
0xfc3e3c9f,GetISGyroHPFINOffsetPitch_FW
0xfc3e3ca3,GetISGyroHPFINOffsetYaw_FW
0xfc3e3ca7,GetISGyroOffsetHPFINData_FW
0xfc3e3cab,SetISGyroFilterCharge_FW
0xfc3e3cb7,SetISTuningMode_FW
0xfc3e3cc5,SetISTuningOff_FW
0xfc3e3cd1,SetISGyroCompensationMode_FW
0xfc3e3ce3,CalcLoopGain_FW
0xfc3e3d21,GetLoopGainCalcData_FW
0xfc3e3d43,SetLoopGain_FW
0xfc3e3d55,GetLoopGain_FW
0xfc3e3d5b,SetISLensPWMMode_FW
0xfc3e3d67,SetDISModeParameter_FW
0xfc3e3d75,GetGyroFilterChargeStatus_FW
0xfc3e3d83,j_GetDISModeParameter_FW
0xfc3e3d87,SetISCrossTalkCompCoeff_FW
0xfc3e3d99,GetISCrossTalkCompCoeff_FW
0xfc3e3d9d,StartISAdjustMacro_FW
0xfc3e3da7,StopISAdjustMacro_FW
0xfc3e3db1,GetMacroISGain_FW
0xfc3e3db5,SetMacroISGain_FW
0xfc3e3dc7,GetMacroISEstimateRadius_FW
0xfc3e3dcb,GetMacroISEstimateVelocity_FW
0xfc3e3deb,SetISMacroMode_FW
0xfc3e3df7,NotifyISMacroDistance_FW
0xfc3e3e01,GetISHallDevicePitchOffset_FW
0xfc3e3e07,GetISHallDeviceYawOffset_FW
0xfc3e3e55,GetISLensHallOffset_FW
0xfc3e3e5b,GetISHallDevicePitchGain_FW
0xfc3e3e61,GetISHallDeviceYawGain_FW
0xfc3e3e67,GetISLensHallGain_FW
0xfc3e3e6d,GetISPitchPWM_FW
0xfc3e3e73,GetISYawPWM_FW
0xfc3e3e79,GetISLensDriveValue_FW
0xfc3e3e7f,GetISShiftLensPitchPosition_FW
0xfc3e3e83,GetISShiftLensYawPosition_FW
0xfc3e3e87,GetISLensPositionValue_FW
0xfc3e3e8b,GetISGyroPitchGain_FW
0xfc3e3e91,GetISGyroYawGain_FW
0xfc3e3e97,GetISLensGyroGain_FW
0xfc3e3e9d,ClearISCalcZData_FW
0xfc3e3ea7,CancelLoopGainCalc_FW
0xfc3e3eb1,ReloadISAdjustment_FW
0xfc3e3ebb,MoveISLensToCentralPosition_FW
0xfc3ec7f1,task_ImgPlyTask
0xfc3ec8fd,task_ImgPlyLowTask
0xfc3f3811,task_ImagePlaySysConTask
0xfc3f4635,task_ImageRetryConTask
0xfc42eaff,UIFS_PlayTrimExecuteAllImageSize_FW
0xfc42ee71,LCDMsg_Move_FW
0xfc42eec5,LCDMsg_Delete_FW
0xfc42f09f,LCDMsg_Create_FW
0xfc42f131,LCDMsg_SwDisp_FW
0xfc42f1bb,LCDMsg_SetNum_FW
0xfc42f1c9,LCDMsg_SetStr_FW
0xfc42f2bb,LCDMsg_ChangeColor_FW
0xfc435987,SetOneShotWBParam_FW
0xfc435987,SetOneTypeWBParam_FW
0xfc4359e7,OneShotWhigeBalance_FW
0xfc4359e7,OneTypeWhiteBalance_FW
0xfc435a1b,SetWBYlStandardWidth_FW
0xfc435a43,SetReferenceWBGainForCalibration_FW
0xfc435a61,SetToolCorrectCoefficient_FW
0xfc435aa9,ReloadWBAdjustment_FW
0xfc435c59,ConvertCxCyToWBGain_FW
0xfc4362a9,task_CtgTotalTask
