0x010e1009,DebugAssert
0x010e101f,DebugAssert2
0x010e11eb,time
0x010e1255,GetTimeOfSystem_FW
0x010e1589,LocalTime
0x010e1691,strftime
0x010ee231,j_mktime_ext
0x010f4bf0,dry_memcpy
0x010f4cd8,bzero
0x010f4cdc,memset32
0x010f7518,_log
0x010f7a38,_log10
0x010f7ba0,_pow
0x010f9c20,_sqrt
0xbfe10b85,CreateTask_low
0xbfe11fcd,createsemaphore_low
0xbfe12093,givesemaphore_low
0xbfe120bb,takesemaphore_low
0xbfe14969,SleepTask
0xbfe14969,SleepTask_FW
0xbfe149e5,CreateTask
0xbfe149e5,CreateTask_FW
0xbfe14bc7,ExitTask
0xbfe14bc7,ExitTask_FW
0xbfe14c15,CreateEventFlag
0xbfe14c4d,DeleteEventFlag
0xbfe14c89,CheckAnyEventFlag
0xbfe14cbf,CheckAllEventFlag
0xbfe14cf5,WaitForAnyEventFlag
0xbfe14d77,WaitForAllEventFlag
0xbfe14df7,SetEventFlag
0xbfe14e25,ClearEventFlag
0xbfe14e55,GetEventFlagValue
0xbfe14ea9,RegisterInterruptHandler
0xbfe15055,CreateMessageQueue
0xbfe150b9,DeleteMessageQueue
0xbfe15113,ReceiveMessageQueue
0xbfe1519f,TryReceiveMessageQueue
0xbfe151e9,PostMessageQueue
0xbfe15267,TryPostMessageQueue
0xbfe1529d,GetNumberOfPostedMessages
0xbfe15305,CreateBinarySemaphore
0xbfe15351,CreateCountingSemaphore_FW
0xbfe15389,DeleteSemaphore
0xbfe15389,DeleteSemaphore_FW
0xbfe153c9,TryTakeSemaphore
0xbfe153f9,TakeSemaphore
0xbfe153f9,TakeSemaphore_FW
0xbfe15471,GiveSemaphore
0xbfe15471,GiveSemaphore_FW
0xbfe154a1,GetSemaphoreValue
0xbfe15501,CreateTask_alt
0xbfe15501,CreateTaskStrictly
0xbfe15523,CreateMessageQueueStrictly
0xbfe1553d,CreateEventFlagStrictly
0xbfe15557,CreateBinarySemaphoreStrictly
0xbfe15571,CreateCountingSemaphoreStrictly
0xbfe1558b,CreateRecursiveLockStrictly
0xbfe155d9,TakeSemaphoreStrictly
0xbfe15611,PostMessageQueueStrictly
0xbfe1562d,WaitForAnyEventFlagStrictly
0xbfe15649,WaitForAllEventFlagStrictly
0xbfe15665,AcquireRecursiveLockStrictly
0xbfe15915,CreateRecursiveLock
0xbfe15985,AcquireRecursiveLock
0xbfe15a51,ReleaseRecursiveLock
0xfc02089f,PointDefDetect_FW
0xfc0209a5,MergeAndConvertDefect_FW
0xfc020b6f,PointKizuCheck_FW
0xfc020bbf,SensDefCrowdCheck_FW
0xfc020be3,CrossDefDetect_FW
0xfc020c77,MixPixDetect_FW
0xfc020dc3,GetDefectCrawInfo_FW
0xfc020e15,GetDefectAllResultData_FW
0xfc020e45,GetDefectPartResultData_FW
0xfc020e97,SetDefectDebugInfo_FW
0xfc020ecb,GetDefectHistgramInfo_FW
0xfc020ee9,MarkPointDefData_FW
0xfc020eef,GetDefectTvAdj_FW
0xfc020f4b,GetDefectRecParamForCorrelationTest_FW
0xfc020feb,SetDefectRecParam_FW
0xfc021117,ChangeDefectRecParam_FW
0xfc021127,ExecuteDefectRec_FW
0xfc021153,ExecuteDefectRecAndSaveImage_FW
0xfc0211ad,ExecuteDefectRecWithGrade_FW
0xfc0211df,ExecuteDefectRecAndSaveImageWithGrade_FW
0xfc02123b,InitializeDefectRec_FW
0xfc02124d,TerminateDefectRec_FW
0xfc021257,MakeDefectTurnTable_FW
0xfc02127d,ClearDefectTurnTable_FW
0xfc021287,GetDefectTurnTableParam_FW
0xfc0212d3,GetWaitTemperatureDriveType_FW
0xfc0212ef,ChangeDefectSpecParam_FW
0xfc021303,GetDefectErrorInfo_FW
0xfc021329,EngDrvOut_FW
0xfc021339,EngDrvIn_FW
0xfc02133f,EngDrvRead_FW
0xfc021345,EngDrvBits_FW
0xfc021357,EngDrvReadDump_FW
0xfc0214c5,ShowTransparentMemory_FW
0xfc0214d9,DumpTransparentMemoryItem_FW
0xfc0214fd,AddTransparentMemory_FW
0xfc02151b,AttachToTransparentMemory_FW
0xfc021539,RemoveTransparentMemory_FW
0xfc02154b,GetTransparentMemorySize_FW
0xfc021557,GetTransparentMemory_FW
0xfc021579,GetTransparentMemoryPosition_FW
0xfc02181d,InitializeSoundRec_FW
0xfc02184d,TerminateSoundRec_FW
0xfc021867,j_InitializeSoundRec_FW
0xfc021869,j_TerminateSoundRec_FW
0xfc02186b,StartSoundRecord_FW
0xfc021883,StartSoundPlay_FW
0xfc021a69,InitializeFAGeneralTest_FW
0xfc021a73,TerminateFAGeneralTest_FW
0xfc021a7f,InitializeFAExtendFile_FW
0xfc021a87,TerminateFAExtendFile_FW
0xfc021ae5,NR_SetDoubleNRType_FW
0xfc066345,exception_handler_UndefinedInstruction
0xfc066369,exception_handler_PrefetchAbort
0xfc06637f,exception_handler_DataAbort
0xfc066395,exception_handler_SupervisorCall
0xfc0663dd,exception_handler_FIQ
0xfc066539,exception_handler_IRQ
0xfc066779,task_Startup
0xfc067791,task_UartLog
0xfc067901,StartRedirectUART_FW
0xfc0679a1,StopRedirectUART_FW
0xfc06c259,InitializeTestRec_FW
0xfc06c299,TerminateTestRec_FW
0xfc06c96f,Initializedccd_FW
0xfc06c96f,InitializeDigicon_FW
0xfc06cb27,Terminatedccd_FW
0xfc06cb27,TerminateDigicon_FW
0xfc06cb73,ExecuteDigicon_FW
0xfc06d24f,Executedccd_FW
0xfc06d2ab,GetdccdImage_FW
0xfc06d30d,GetdccdFilterValue_FW
0xfc06d3a5,j_InitializeTestRec_FW
0xfc06d3a9,j_TerminateTestRec_FW
0xfc06d3ad,ExecuteTestRec_FW
0xfc06d3b9,ExecuteSubCameraTestRec_FW
0xfc06d3bd,ExecuteTestRecCF_FW
0xfc06d3bd,ExecuteTestRecSD_FW
0xfc06d3cb,SetTestRecMasterCxCy_FW
0xfc06d3f7,ExecuteTestRecWithInteg_FW
0xfc06d405,ExecuteTestRecSw1_FW
0xfc06d43d,GetTestRecCrawAddress_FW
0xfc06d445,CalculateTestRecYUVData_FW
0xfc06d457,SetTestRecSkimmingYUV_FW
0xfc06d47d,ExecuteTestRecDevelopProcess_FW
0xfc06d4b5,j_Initializedccd_FW
0xfc06d4b5,j_InitializeDigicon_FW
0xfc06d4b9,j_Terminatedccd_FW
0xfc06d4b9,j_TerminateDigicon_FW
0xfc06d4bd,j_ExecuteDigicon_FW
0xfc06d4c1,j_Executedccd_FW
0xfc06d4c3,j_GetdccdImage_FW
0xfc06d4c5,j_GetdccdFilterValue_FW
0xfc06d4c7,ResetRegistNoticeCBR_FW
0xfc06d4d1,RegistFirmScanNoticeCBR_FW
0xfc070e19,SetDefaultRecParameter_FW
0xfc072c61,task_dccdCalcTask
0xfc073d87,task_SsStartupTask
0xfc07498d,task_CaptSeq
0xfc07498d,task_CaptSeqTask
0xfc07de1d,get_canon_mode_list
0xfc085ce5,task_ReadScheduleTask
0xfc087fd7,DisplayFactoryMode_FW
0xfc087fdd,UndisplayFactoryMode_FW
0xfc0880a9,IsFAWLANRunning_FW
0xfc0880af,IsFAConnectUSB_FW
0xfc0880b5,task_bomStopPTPIPTask
0xfc0880d7,StopPtpipServiceForFAWLAN_FW
0xfc088289,SetWLANFactoryMode_FW
0xfc0882b1,ClearWLANFactoryMode_FW
0xfc0882db,SetSSIDForFAWLAN_FW
0xfc088315,DummyUSBConnection_FW
0xfc088783,SetDurianMode_FW
0xfc0887ab,ClearDurianMode_FW
0xfc0887ab,ClearFactoryMode_FW
0xfc0887d3,SetFactoryMode_FW
0xfc0887fb,ClearDUIDFixFlag_FW
0xfc08881f,SetDUIDFixFlag_FW
0xfc0888b5,ClearFactoryMasterFlag_FW
0xfc0888bb,SetFactoryMasterFlag_FW
0xfc0888c1,ClearFactoryMasterROMProtection_FW
0xfc0888d7,SetFactoryMasterROMProtection_FW
0xfc0888ed,IsMountLens_FW
0xfc088903,IsFactoryMode_FW
0xfc088955,IsDUIDFixFlag_FW
0xfc088985,IsNormalCameraMode_FW
0xfc088993,StartFactoryModeController_FW
0xfc088a81,InitializeWLAN_FW
0xfc088a97,TerminateWLAN_FW
0xfc088b13,LeaveWLANNetwork_FW
0xfc089671,SSFS_CompleteCaptModeChange_FW
0xfc089671,SSFS_CompleteFileWrite_FW
0xfc089671,SSFS_CompletePreCapt_FW
0xfc089671,SSFS_CompleteShootPicture_FW
0xfc089671,SSFS_CompleteStopDigZoom_FW
0xfc089671,SSFS_CompleteStopZoom_FW
0xfc089671,SSFS_CompleteSynchroWrite_FW
0xfc089671,SSFS_ShootPicture_FW
0xfc08973d,task_SsTask
0xfc08b8e3,task_ReadFileTask
0xfc08d747,EraseAdjustmentArea_FW
0xfc08d771,DumpAdjMirror_FW
0xfc08d789,GetAdjTableVersion_FW
0xfc08d7a9,j_GetAdjTableVersion_FW
0xfc08d7ab,GetAdjTableMapVersion_FW
0xfc08d7b5,GetAdjTableValueVersion_FW
0xfc08d7bf,ShowDefaultAdjTableVersion_FW
0xfc08d81b,LoadAdjustmentTable_FW
0xfc08d823,LoadDefectAdjTable_FW
0xfc08da93,SaveAdjustmentTable_FW
0xfc08dad7,SaveDefectAdjTable_FW
0xfc08dae9,SaveAdjustmentValue_FW
0xfc08db09,LoadAdjustmentValue_FW
0xfc08db1f,PrintAdjTableMap_FW
0xfc08dca5,CreateAdjustmentTableMirror_FW
0xfc08dca9,RefreshAdjustmentTableMirror_FW
0xfc08dcad,CreateDefectTableMirror_FW
0xfc08dcf1,RefreshDefectTableMirror_FW
0xfc08dcf5,j_CreateUserSettingMirror_FW
0xfc08dcf9,PrintAdjKabotanInfo_FW
0xfc08dea9,WRITEADJTABLETOFROM_FW
0xfc08dec5,j_WRITEADJTABLETOFROM_FW
0xfc08dec7,WRITEADJUSTMENTDATATOFROM_FW
0xfc08dee5,WRITEUSERSETTINGDATATOFROM_FW
0xfc08e149,GetDCPAdjOffset_FW
0xfc08e51d,GetAdjustmentOffset_FW
0xfc08e521,GetProductID_FW
0xfc08e533,GetAdjDataAreaAddress_FW
0xfc08e537,GetAdjDurianFlagSize_FW
0xfc08e57f,CreateUserSettingMirror_FW
0xfc091b0d,task_ShutterSoundTask
0xfc091e67,task_DvlpSeqTask
0xfc093a95,task_ResizeTask
0xfc098c65,j_StartCameraLog_FW
0xfc098c69,j_ShowCameraLog_FW
0xfc098c6d,j_ShowCameraLogInfo_FW
0xfc098c71,j_StopCameraLog_FW
0xfc098c75,j_PutsCameraLogEvent_FW
0xfc098c79,OpLog.Create_FW
0xfc098ccb,j_NewTaskShell_FW
0xfc098ccf,j_ExMem.View_FW
0xfc098cd3,j_ExMem.AllocUncacheable_FW
0xfc098cd7,j_ExMem.FreeUncacheable_FW
0xfc098cdb,j_ExMem.AllocCacheable_FW
0xfc098cdf,j_ExMem.FreeCacheable_FW
0xfc098ce3,ExMem_FW
0xfc09a73b,task_DistTask
0xfc09b59d,kbd_read_keys_r2
0xfc09b723,GetKbdState
0xfc09bcc3,j_GetKbdState
0xfc09cfb5,task_OpePlay
0xfc09d0b1,OpLog.Stop_FW
0xfc09d0fd,OpLog.WriteToROM_FW
0xfc09d11d,j_OpLog.WriteToROM_FW
0xfc09d13f,OpLog.ReadFromROM_FW
0xfc09d17f,OpLog.ReadFromSD_FW
0xfc09d38b,OpLog.WriteToSD_FW
0xfc09d847,OpLog.Get_FW
0xfc09d85d,OpLog.GetUsrSet_FW
0xfc09d8df,OpLog.Play_FW
0xfc09d9d1,OpLog.Start_FW
0xfc09da5f,OpLog.Terminate_FW
0xfc09dba1,task_WbSeqTask
0xfc09e93d,task_JpegEncTask
0xfc0a1475,task_CreateHeaderTask
0xfc0a168d,drysh_FW
0xfc0a2531,task_WBCtrl
0xfc0a3361,ExMem.View_FW
0xfc0a37f9,exmem_ualloc
0xfc0a3827,ExMem.AllocUncacheable_FW
0xfc0a38b3,exmem_ufree
0xfc0a38e3,ExMem.FreeUncacheable_FW
0xfc0a38ef,exmem_alloc
0xfc0a3927,ExMem.AllocCacheable_FW
0xfc0a392f,exmem_free
0xfc0a397d,ExMem.FreeCacheable_FW
0xfc0a6e35,task_OBCtrlTask
0xfc0a72a1,task_DevelopRawToYuv
0xfc0a74a5,task_DevelopDist
0xfc0a7a95,task_DevelopResize
0xfc0a7ed1,task_DevelopJpeg
0xfc0af763,HdmiRegDump_FW
0xfc0af7d7,CecRegDump_FW
0xfc0af971,task_EncRemoteEVFJpgTask
0xfc0b2365,NRTBL.SetDarkSubType_FW
0xfc0b2377,NRTBL.SetDefectCorrectType_FW
0xfc0b2389,NRTBL.SetTassenType_FW
0xfc0b278f,HardwareDefect_FW
0xfc0b326f,IsLensOutside_FW
0xfc0b3289,GetFocusStartZoomPosition_FW
0xfc0b3291,GetMechaCondition_FW
0xfc0b7515,task_MovieRecord
0xfc0b87d3,UnLoadScript_FW
0xfc0b8831,Printf_FW
0xfc0b883b,LoadScript_FW
0xfc0ba83f,TurnOnDisplay
0xfc0ba84d,j_TurnOffDisplay
0xfc0bbc9b,task_MotionVector
0xfc0bc7e3,GetLogToFile_FW
0xfc0bc7f9,IsRomLogAvailable_FW
0xfc0bc805,EraseLogSector_FW
0xfc0c242b,task_BatteryTask
0xfc0c2823,GetVBatVoltage_FW
0xfc0c2823,VbattGet
0xfc0c2823,VbattGet_FW
0xfc0c2d99,task_ClockSave
0xfc0c2e99,TurnOffE1_FW
0xfc0c2f03,task_Bye
0xfc0c32ff,task_DevelopModule
0xfc0c41a7,EF.IsChargeFull_FW
0xfc0c41a7,IsStrobeChargeCompleted
0xfc0c67df,LiveImageTool.GetDzoomPosition_FW
0xfc0c6b11,GetVRAMHPixelsSize
0xfc0c6b11,GetVRAMHPixelsSize_FW
0xfc0c6b19,GetVRAMVPixelsSize
0xfc0c6b19,GetVRAMVPixelsSize_FW
0xfc0c6b21,GetMovieJpegVRAMHPixelsSize_FW
0xfc0c6b29,GetMovieJpegVRAMVPixelsSize_FW
0xfc0c77c3,WriteToRom_FW
0xfc0c7823,EraseRom_FW
0xfc0c78a3,GetRomID_FW
0xfc0c85dd,task_ISMainTask
0xfc0c887b,ISInitMotion_FW
0xfc0c8dd7,GetISPWMFreqData_FW
0xfc0c8dd7,GetISPWMFrequency_FW
0xfc0c8ddb,GetISPWMPeriod_FW
0xfc0c8e51,StartISLocalAutoCenter_FW
0xfc0c8e7b,StartISLocalHallAdjust_FW
0xfc0c9167,GetGyroDataPitch_FW
0xfc0c917f,GetGyroDataYaw_FW
0xfc0c91bf,GetGyro10BitDACPitch_FW
0xfc0c91c7,GetGyro10BitDACYaw_FW
0xfc0c91cf,GetGyroHPFINOffsetPitch_FW
0xfc0c91d7,GetGyroHPFINOffsetYaw_FW
0xfc0c91df,GetGyroHPFINPitch_FW
0xfc0c91e5,GetGyroHPFINYaw_FW
0xfc0c9453,GetDISModeParameter_FW
0xfc0c950d,GetFixedPWMOutA_FW
0xfc0c9513,GetFixedPWMOutB_FW
0xfc0cd07d,task_AprocMainTask
0xfc0cd0fb,task_AprocBpPwmTask
0xfc0cd15f,task_AprocBpGenTask
0xfc0cd1c3,task_AprocVaif3Task
0xfc0d5e51,LcdCon_SetLcdBackLightBrightness_FW
0xfc0d5e55,LcdCon_SetLcdBackLightParameter_FW
0xfc0d5e8b,LcdCon_GetLcdBackLightParameter_FW
0xfc0d5eb5,LcdCon_ShowLcdBackLightParameter_FW
0xfc0d5ed9,LcdCon_SaveLcdBackLightParameter_FW
0xfc0d660b,LcdCon_SetCvfBackLightBrightness_FW
0xfc0d6629,LcdCon_SetCvfBackLightParameter_FW
0xfc0d665f,LcdCon_GetCvfBackLightParameter_FW
0xfc0d6689,LcdCon_ShowCvfBackLightParameter_FW
0xfc0d66ad,LcdCon_SaveCvfBackLightParameter_FW
0xfc0d7395,HdmiViewParameter_FW
0xfc0d7515,AprocSigProc_SetSigProcByMode_FW
0xfc0d757f,AprocSigProc_InitialSet_FW
0xfc0d75a9,AprocSigProc_TestGen_FW
0xfc0d75b1,AprocSigProc_DRange_FW
0xfc0d75b7,AprocSigProc_DCCut_FW
0xfc0d75bd,AprocSigProc_BgmMix_FW
0xfc0d75c5,AprocSigProc_GainAdj_FW
0xfc0d75cd,AprocSigProc_NoiseCut_FW
0xfc0d75d5,AprocSigProc_Stereo_FW
0xfc0d75db,AprocSigProc_WindCut_FW
0xfc0d75e1,AprocSigProc_EQ_FW
0xfc0d75e9,AprocSigProc_FIL1_FW
0xfc0d75f1,AprocSigProc_FIL2_FW
0xfc0d75f9,AprocSigProc_FIL3_FW
0xfc0d7601,AprocSigProc_FIL4_FW
0xfc0d7609,AprocSigProc_ALC_FW
0xfc0d760f,AprocSigProc_Limiter_FW
0xfc0d7617,AprocSigProc_BGNoise_FW
0xfc0d761f,AprocSigProc_LevelMeter_FW
0xfc0d7627,AprocSigProc_ALCReset_FW
0xfc0d762f,AprocSigProc_WindCutReset_FW
0xfc0d7637,AprocSigProc_NCReset_FW
0xfc0d764f,AprocSigProc_TestGen1kHz_FW
0xfc0d8359,LoadParamDataFromAdjTableBin_FW
0xfc0d83f1,LoadDataFromAdjTableBin_FW
0xfc0d8477,DeviceUniqueIDCheckSum_FW
0xfc0d8675,LoadDUIDCheckSum_FW
0xfc0d8687,SaveDUID_FW
0xfc0d8697,LoadDUID_FW
0xfc0d869b,SaveDUIDCheckSum_FW
0xfc0d86a7,j_LoadDUIDCheckSum_FW
0xfc0d86a9,SaveFactoryAdjData_FW
0xfc0d86bb,LoadFactoryAdjData_FW
0xfc0d86c3,SaveHistoryAdjData_FW
0xfc0d86d5,LoadHistoryAdjData_FW
0xfc0d86dd,SaveFactoryIDData_FW
0xfc0d86e9,LoadFactoryIDData_FW
0xfc0d9f55,task_DPOFTask
0xfc0daea9,task_FsIoNotifyTask
0xfc0dbb1d,UIFS_CtrlManControllerAnytimeTop_FW
0xfc0dbb23,UIFS_IsAvailableMovieRecOptZoom_FW
0xfc0dbb27,UIFS_IsAvailableMovieRecDigZoom_FW
0xfc0dbb2b,UIFS_IsAvailableServoAF_FW
0xfc0dbb2f,UIFS_IsAvailableRecMenuAFMode_FW
0xfc0dbb33,UIFS_IsAutoPopupDownStrobe_FW
0xfc0dbb37,UIFS_IsAvailableAvTvMode_FW
0xfc0dbb3b,UIFS_IsAvailablePowerZoom_FW
0xfc0dbc6d,UIFS_SetDialMovieRec_FW
0xfc0dbc9b,UIFS_SetDialPlay_FW
0xfc0dbcb5,UIFS_OpenPopupStrobe_FW
0xfc0dbcd7,UIFS_ClosePopupStrobe_FW
0xfc0dbcfb,UIFS_MountExtFlash_FW
0xfc0dbd1d,UIFS_UnmountExtFlash_FW
0xfc0dbd41,UIFS_ConnectVideo_FW
0xfc0dbd65,UIFS_DisconnectVideo_FW
0xfc0dbd89,j_UIFS_MoveZoomTo_FW
0xfc0dbd8d,j_UIFS_MoveZoomToPositionWithTaskSwCtrlServ_FW
0xfc0dbd91,j_UIFS_GetNumOfOptZoomPos_FW
0xfc0dbd95,UIFS_StopPostingUIEvent_FW
0xfc0dbd97,UIFS_RestartPostingUIEvent_FW
0xfc0dbd99,UIFS_PostModeDial_FW
0xfc0dbdc3,j_UIFS_Capture_FW
0xfc0dbdc7,j_UIFS_CaptureNoneStop_FW
0xfc0dbdcb,j_UIFS_StartMovieRecord_FW
0xfc0dbdcf,j_UIFS_StopMovieRecord_FW
0xfc0dbdd3,UIFS_StartClockMode_FW
0xfc0dbddd,UIFS_EndClockMode_FW
0xfc0dbde7,UIFS_SetCradleSetting_FW
0xfc0dbde9,j_UIFS_WriteFirmInfoToFile_FW
0xfc0dbded,j_UIFS_GetMovieRecoadableNumber_FW
0xfc0dbdf1,j_UIFS_GetStillShotableNumber_FW
0xfc0dbdf5,UIFS_ChangeShootState_FW
0xfc0dbe0b,UIFS_GetLastPath_FW
0xfc0dbe2f,UIFS_GetAvItemCount_FW
0xfc0dbe6d,UIFS_GetTvItemCount_FW
0xfc0dbead,UIFS_GetAvItem_FW
0xfc0dbed1,UIFS_GetTvItem_FW
0xfc0dbef5,UIFS_GetCurrentAvString_FW
0xfc0dbf4d,UIFS_GetCurrentTvString_FW
0xfc0dbfab,j_UIFS_IsAvailableShots_FW
0xfc0dbfaf,UIFS_IsOperationEvent_FW
0xfc0dbfd1,UIFS_SetTouchOperation_FW
0xfc0dbfeb,j_UIFS_StartMoviePlay_FW
0xfc0dbfef,UIFS_PostBatAuthOK_FW
0xfc0dc009,UIFS_PostBatAuthNG_FW
0xfc0dc023,UIFS_PostBatNoChange_FW
0xfc0dc03d,UIFS_ExtEvfErrorForExtEvf_FW
0xfc0dc043,UIFS_ExtEvfErrorForPDS_FW
0xfc0dc049,j_UIFS_GetNumberOfDisplayedImage_FW
0xfc0dc04d,j_UIFS_PlayTrimExecuteAllImageSize_FW
0xfc0dc051,j_UIFS_WirelessExecuteSendForever_FW
0xfc0dc055,j_UIFS_CancelStoreLensTimer_FW
0xfc0dc059,UIFS_DisplayFirmUpdateView_FW
0xfc0dc061,UIFS_ResetMenuPos_FW
0xfc0dc0b1,UI.CreatePublic_FW
0xfc0dcae5,UI_ShowStateOfRecMode_FW
0xfc0dcaf7,UI.Create_FW
0xfc0dcaf7,UI_RegistDebugEventProc_FW
0xfc0de9f3,LCDMsg_SetDrawMode_FW
0xfc0dea51,LCDMsg_SetStr_FW
0xfc0deb0f,LCDMsg_SetNum_FW
0xfc0deb8b,LCDMsg_SwDisp_FW
0xfc0debcf,LCDMsg_Move_FW
0xfc0dec55,LCDMsg_MoveRatio_FW
0xfc0dec9d,LCDMsg_ChangeColor_FW
0xfc0ded1d,LCDMsg_Delete_FW
0xfc0dedeb,LCDMsg_Create_FW
0xfc0deeaf,LCDRect_Move_FW
0xfc0def11,LCDRect_MoveRatio_FW
0xfc0defc1,LCDRect_Resize_FW
0xfc0df023,LCDRect_ResizeRatio_FW
0xfc0df0f1,LCDRect_ChangeColor_FW
0xfc0df191,LCDRect_SwDisp_FW
0xfc0df2c3,LCDRect_Create_FW
0xfc0df363,LCDRect_Delete_FW
0xfc0e4659,task_LcdConTask
0xfc0e935d,UIFS_PlayTrimExecuteAllImageSize_FW
0xfc0ec9e7,RegComEventProc_FW
0xfc0ecb7d,kbd_p2_f
0xfc0ece21,task_PhySw
0xfc0ed089,GetSwitchStatus_FW
0xfc0ed0e1,GetSDDetect_FW
0xfc0ed0e7,GetSDProtect_FW
0xfc0ed0f9,GetDialEventId_FW
0xfc0ed0fd,GetLcdPosition_FW
0xfc0ed101,GetBatteryCoverClose_FW
0xfc0ed105,IsHvSensorExist_FW
0xfc0ed109,GetPopupOpen_FW
0xfc0ed115,kbd_read_keys
0xfc0ed14b,kbd_p1_f
0xfc0ed153,kbd_p1_f_cont
0xfc0f04fb,task_HdmiCecTask
0xfc0f0661,ChangePowerState_FW
0xfc0f06b1,EnableHDMIPower
0xfc0f06e1,DisableHDMIPower
0xfc0f39b7,task_EvShel
0xfc0f3a73,NewTaskShell_FW
0xfc0f4075,GUISrv_StartGUISystem_FW
0xfc0f4747,task_FaceFrame
0xfc0f5b3b,vsprintf
0xfc0f5b61,atol_FW
0xfc0f8265,task_DetectMoveTask
0xfc0fe19d,task_WBIntegTask
0xfc0ff9c5,handle_PTP_OC_0x9051
0xfc0ff9c5,handle_PTP_OC_0x905d
0xfc0ffa6d,handle_PTP_OC_0x905b
0xfc0ffb4b,handle_PTP_OC_0x905a
0xfc0ffc35,handle_PTP_OC_0x9059
0xfc0ffce5,handle_PTP_OC_0x9058
0xfc0ffe5d,handle_PTP_OC_0x9057
0xfc0fff0d,handle_PTP_OC_0x9053
0xfc0fff9b,handle_PTP_OC_0x9052
0xfc100029,handle_PTP_OC_0x9050
0xfc100029,handle_PTP_OC_0x905c
0xfc10068b,task_PTPtoFAPI_EventProcTask_Try
0xfc1006f5,task_PTPtoFAPI_EventProcTask_Block
0xfc100a7b,handle_PTP_OC_CANON_ChangeUSBProtocol
0xfc1047a7,task_ComWireless
0xfc105759,task_SelectFuncController
0xfc108795,UIFS_Capture_FW
0xfc108827,UIFS_CaptureNoneStop_FW
0xfc109e83,GetZ_AxisAcceleration_FW
0xfc109e8f,GetY_AxisAcceleration_FW
0xfc109e9b,GetX_AxisAcceleration_FW
0xfc10a043,GetSlantAngle_FW
0xfc10a0bb,GetAoriAngle_FW
0xfc10a0e9,GetAcceleHvPosition_FW
0xfc10a887,_PDS_I2CSendData_FW
0xfc10a8e1,_PDS_I2CReceiveData_FW
0xfc10a939,_PDS_Initialize_FW
0xfc10aa89,_PDS_Detect_FW
0xfc10ab17,_PDS_UnDetect_FW
0xfc10ab59,task_PDSDriver
0xfc10ace5,_DebugModeChange_FW
0xfc10acf7,_PDS_AllRegisterDataRead_FW
0xfc10ae13,_PSDataRead_FW
0xfc10ae37,SendDataForPDS_FW
0xfc10aea7,ReceiveDataForPDS_FW
0xfc10af0f,InitializePDSDriver_FW
0xfc10afb5,EnablePDS_FW
0xfc10b459,GetLatestHVPosition_FW
0xfc10b581,SoundDevParam_SetATTMode_FW
0xfc10b62d,AprocSigProc_LoadProfileAdj_FW
0xfc10b62d,SoundDevSetZoomNCProfile_FW
0xfc10b9e5,AprocSigProc_NoiseCutEffect_FW
0xfc10b9e5,SoundDevZoomNCEffective_FW
0xfc10e76d,task_DefMarkRomCopyTask
0xfc111e69,file_counter_var_init
0xfc113609,task_IrisCycleEvent
0xfc114237,task_MechaNCTask
0xfc119665,UIFS_WriteFirmInfoToFile
0xfc119665,UIFS_WriteFirmInfoToFile_FW
0xfc11a4fd,FmtMenu_ExecuteQuickFormat_FW
0xfc11a9a9,screenlock_helper
0xfc13dad7,task_PingManager
0xfc14526f,task_ReadMultiConTask
0xfc14629d,task_MrkSetTask
0xfc149b2d,task_CtgTotalTask
0xfc14a6fb,task_SAEffect
0xfc151413,open
0xfc151483,close
0xfc151589,Read
0xfc151589,Read_FW
0xfc153239,task__imageSensorTask
0xfc154029,NFCEvt.IsNfcStart_FW
0xfc154037,task_NfcCon_EvtTask
0xfc15408d,NFCEvt.Create_FW
0xfc1554ff,handle_PTP_OC_CloseSession
0xfc155565,handle_PTP_OC_OpenSession
0xfc1555ff,handle_PTP_OC_GetDeviceInfo
0xfc1559dd,scan_FW
0xfc1559eb,join_network_FW
0xfc155acd,startMicroAP_FW
0xfc155b4f,getMacAddress_FW
0xfc155b81,getCurCH_FW
0xfc155b9d,j_initComDiscovery_FW
0xfc155ba1,j_termComDiscovery_FW
0xfc155ba5,j_autoIPAddressing_FW
0xfc155ba9,dhcpAddressing_FW
0xfc155bb1,j_stopIPAddressing_FW
0xfc155bb5,startCameraServiceProvide_FW
0xfc155bc1,stopCameraServiceProvide_FW
0xfc155bc7,imlInitialize_FW
0xfc155c51,PairingDataOutput_FW
0xfc156257,PairingDataFull_FW
0xfc15626f,WebServiceDataOutput_FW
0xfc1562ef,ChangePermission_FW
0xfc1562f7,StopWireless_FW
0xfc156301,ErrorTest_Succession_FW
0xfc15634b,ErrorTest_Disconnect_FW
0xfc1563df,LachesisTest_FW
0xfc15662b,NellConnectAdhoc_FW
0xfc156641,NellConnect_FW
0xfc1566b9,ComDiscovery_FW
0xfc1566e3,RegPTPCmd_FW
0xfc1566f7,RegPTPIPCmd_FW
0xfc156719,SelectFunc_Create_FW
0xfc156721,WebServiceSimError_FW
0xfc156751,getCigUrl_FW
0xfc1567a3,getCWSStatus_FW
0xfc1567b9,getWebServiceNumByAliasID_FW
0xfc1567e3,getNickNameByAliasID_FW
0xfc15680b,WSS_Initialize_FW
0xfc156821,WSS_Terninate_FW
0xfc156837,WSS_SettingTest_FW
0xfc15687b,WSS_SettingSeqenceCheck_FW
0xfc15688b,WSS_GetWebServiceData_FW
0xfc15689b,WSS_SettingDummyCBR_FW
0xfc1568b9,WSS_SettingCancel_FW
0xfc1568c9,PingTest_FW
0xfc1568db,task_RedirectUARTTask
0xfc156d41,task_fprintSNRTask
0xfc156e61,fprintSNR_FW
0xfc156f35,fprintWPSEThroughput_FW
0xfc156f7b,SetWPSEChannel_FW
0xfc156f99,SetSDConClockSpeed_FW
0xfc156fbd,j_SetTurnOffDisplay_FW
0xfc156fc1,GetDefaultNickName_FW
0xfc156fd7,getMacAddressBy1byte_FW
0xfc157015,writeMacAddrToAdjTbl_FW
0xfc15707d,RemCap_EpilogFile_FW
0xfc1570e9,task_LachesisTest
0xfc157609,task_InitFileModules
0xfc15763b,task_CommonDrivers
0xfc15a793,get_displaytype
0xfc15b0f7,TurnOffDisplay
0xfc15b671,DispCon_ShowColorBar_FW
0xfc15b6d5,DispCon_ShowFiveStep_FW
0xfc15b79f,DispCon_ShowWhiteChart_FW
0xfc15b7d1,DispCon_ShowBlackChart_FW
0xfc15b80d,DispCon_ShowBitmapColorBar_FW
0xfc15b847,DispCon_ShowCustomColorBar_FW
0xfc15b8b9,DispCon_SetDisplayType_FW
0xfc15b8cd,DispCon_ShowColorChart_FW
0xfc15b8df,DispCon_ShowWhiteLine_FW
0xfc15ba13,DispCon_ShowNStepsChart_FW
0xfc15bb1d,DispCon_TurnOnDisplay_FW
0xfc15bb27,DispCon_TurnOffDisplay_FW
0xfc15bb31,DispCon_TurnOnBackLight_FW
0xfc15bb35,DispCon_TurnOffBackLight_FW
0xfc15bb39,DispCon_SetMaxBackLightBrightness_FW
0xfc15bb3d,DispCon_TurnOnBackLightForCheckVoltage_FW
0xfc15bbbd,DispCon_SaveNTSCAdjParameter_FW
0xfc15bbc7,DispCon_GetNTSCAdjParameter_FW
0xfc15bbef,DispCon_ShowNTSCAdjParameter_FW
0xfc15bc35,DispCon_SetNTSCAdjParameter_FW
0xfc15bc67,DispCon_SavePALAdjParameter_FW
0xfc15bc71,DispCon_GetPALAdjParameter_FW
0xfc15bc9f,DispCon_ShowPALAdjParameter_FW
0xfc15bcab,DispCon_SetPALAdjParameter_FW
0xfc15bd23,DispCon_SetLcdGainAdjParameter_FW
0xfc15bd61,DispCon_GetLcdGainAdjParameter_FW
0xfc15bd8d,DispCon_ShowLcdGainAdjParameter_FW
0xfc15bd97,DispCon_SaveLcdGainAdjParameter_FW
0xfc15bdab,DispCon_SetCvfGainAdjParameter_FW
0xfc15bde3,DispCon_GetCvfGainAdjParameter_FW
0xfc15be0f,DispCon_ShowCvfGainAdjParameter_FW
0xfc15be35,DispCon_SaveCvfGainAdjParameter_FW
0xfc15be49,DispCon_SetSSCGParameter_FW
0xfc15beaf,DispCon_ShowHdChart_FW
0xfc15beef,LcdCon_SetLcdType_FW
0xfc15c43d,GetAdVBattBottom_FW
0xfc15c443,GetAdChValue
0xfc15c443,GetAdChValue_FW
0xfc15c68d,task_BA_Task
0xfc15c6f5,BA_IsBatteryChanged_FW
0xfc15c77b,GetBASignalLevel_FW
0xfc15c7a1,_ToggleBatteryStatus_FW
0xfc15d521,task_LEDCon
0xfc15e00d,GetInputAverageLevel_FW
0xfc15e02b,SetStereoSeparation_FW
0xfc15e60f,TP_FirmwareUpdate_FW
0xfc15e641,TP_GetFirmwareVersion_FW
0xfc15e9c7,task_TouchPanel
0xfc15ebc7,TouchPanelStartPolling_FW
0xfc15ec37,TouchPanelStopPolling_FW
0xfc15eda9,TouchPanelExecRawDiffTest_FW
0xfc15edf5,TouchPanelExecIDACTest_FW
0xfc15edf7,TouchPanelExecBaselinesTest_FW
0xfc15ee2f,TouchPanelExecTest_FW
0xfc15eeb5,TouchPanelSetSensitive_FW
0xfc15eecf,TouchPanelSetReverseMode_FW
0xfc15eee3,TouchPanelStartPrintPosition_FW
0xfc15eef3,TouchPanelStopPrintPosition_FW
0xfc16089d,task_EdetSBJTask
0xfc163fcb,GetUsableAvRange
0xfc164bc9,GetCurrentAvValue
0xfc164bc9,GetCurrentAvValue_FW
0xfc164bc9,GetIrisAv_FW
0xfc164d37,GetCurrentIrisPosition_FW
0xfc164d37,GetIrisCurrentPosition_FW
0xfc164f6b,GetIrisPRResetPosition_FW
0xfc1654f1,ExecuteShutDownPropertyService_FW
0xfc165cf1,SetHPTimerAfterNow
0xfc165e73,task_WdtPrint
0xfc165ee5,task_WdtReset
0xfc165f61,StartWDT_FW
0xfc165f9d,StopWDT_FW
0xfc16c0bd,strtolx
0xfc16c1ff,strtol
0xfc16c20d,memcpy
0xfc16c20d,memcpy_FW
0xfc16c2a1,strchr
0xfc16c2b3,strrchr
0xfc16ed8b,GraphicSystemCoreFinish_helper
0xfc16ee43,task_Cave2MainTask
0xfc16f5f1,AllocateUncacheableMemory
0xfc16f61d,FreeUncacheableMemory
0xfc17f417,task_BrtMsrTask
0xfc183a15,MovieAF.Suspend_FW
0xfc183a1f,MovieAF.Resume_FW
0xfc1854df,task_AfIntSrvTask
0xfc194029,E2LatOn_FW
0xfc195519,task_SsgMainTask
0xfc195771,task_SsgPeriodTask
0xfc19821d,task__tgTask
0xfc199519,task_LiveImageTask
0xfc19a67b,task_SyncPeriod
0xfc19a7c3,task_SynchTask
0xfc1a1065,task_TimerUtility
0xfc1a18bf,handle_PTP_OC_0x9805
0xfc1a1c47,handle_PTP_OC_0x9804
0xfc1a1cf7,handle_PTP_OC_0x9803
0xfc1a1e55,handle_PTP_OC_0x9802
0xfc1a20e7,handle_PTP_OC_0x9801
0xfc1a2dd9,handle_PTP_OC_CANON_EOS_SetDevicePropValueEx
0xfc1a2ec7,handle_PTP_OC_CANON_EOS_RequestDevicePropValue
0xfc1a304f,handle_PTP_OC_CANON_EOS_GetEvent
0xfc1a5703,handle_PTP_OC_CANON_EOS_SetEventMode
0xfc1a5791,handle_PTP_OC_CANON_EOS_SetUILock
0xfc1a57c1,handle_PTP_OC_CANON_EOS_ResetUILock
0xfc1a57ef,handle_PTP_OC_CANON_EOS_KeepDeviceOn
0xfc1a581d,handle_PTP_OC_CANON_EOS_SetRequestOLCInfoGroup
0xfc1a5995,handle_PTP_OC_CANON_EOS_GetStorageIDs
0xfc1a5a2f,handle_PTP_OC_CANON_EOS_GetStorageInfo
0xfc1a5b73,handle_PTP_OC_CANON_EOS_GetObjectInfo
0xfc1a5bf9,handle_PTP_OC_CANON_EOS_DeleteObject
0xfc1a5c5b,handle_PTP_OC_CANON_EOS_FormatStore
0xfc1a5d87,handle_PTP_OC_CANON_EOS_GetPartialObject
0xfc1a5e87,handle_PTP_OC_CANON_EOS_GetObjectInfoEx
0xfc1a606b,handle_PTP_OC_CANON_EOS_GetThumbEx
0xfc1a6223,handle_PTP_OC_CANON_EOS_SetObjectAttributes
0xfc1a6295,handle_PTP_OC_CANON_EOS_TransferComplete
0xfc1a62c5,handle_PTP_OC_CANON_EOS_CancelTransfer
0xfc1a62f3,handle_PTP_OC_CANON_EOS_GetPartialObjectEx
0xfc1a63df,handle_PTP_OC_CANON_EOS_EndGetPartialObjectEx
0xfc1a6499,handle_PTP_OC_CANON_EOS_GetCTGInfo
0xfc1a66dd,handle_PTP_OC_CANON_EOS_SetRating
0xfc1a6743,handle_PTP_OC_CANON_EOS_RequestInnerDevelopStart
0xfc1a6889,handle_PTP_OC_CANON_EOS_RequestInnerDevelopEnd
0xfc1a6f55,handle_PTP_OC_CANON_EOS_SetRemoteMode
0xfc1a6ff3,handle_PTP_OC_CANON_EOS_RemoteReleaseOn
0xfc1a70e5,handle_PTP_OC_CANON_EOS_RemoteReleaseOff
0xfc1a72dd,handle_PTP_OC_CANON_EOS_GetViewFinderData
0xfc1a75b3,handle_PTP_OC_CANON_EOS_DoAf
0xfc1a75ef,handle_PTP_OC_CANON_EOS_TouchAfPosition
0xfc1a768b,handle_PTP_OC_CANON_EOS_AfCancel
0xfc1a8307,handle_PTP_OC_CANON_CheckEvent
0xfc1a89d5,task_PTPSessionTASK
0xfc1aa5f9,initComDiscovery_FW
0xfc1aa631,stopIPAddressing_FW
0xfc1aa64f,termComDiscovery_FW
0xfc1aacc3,autoIPAddressing_FW
0xfc1ab9c5,startDHCPServer_FW
0xfc1abbb9,stopDHCPServer_FW
0xfc1af5bf,task_IMLApp
0xfc1afe05,SetTurnOffDisplay_FW
0xfc1b149d,task_ImageSyncController
0xfc1b2d1f,ConnectPtpIPService_FW
0xfc1b2d25,DisconnectPtpIPService_FW
0xfc1b32e1,task_WebServiceApp
0xfc1b3da9,task_WSSAPP
0xfc1b5741,ExecuteResetFactoryWithRomWrite_FW
0xfc1b5753,ExecuteResetFactory_FW
0xfc1b5765,j_ExecuteShutDownPropertyService_FW
0xfc1ba43d,Scene.ForbidContiSceneDetect_FW
0xfc1ba461,Scene.TestSunset_FW
0xfc1ba487,Scene.TestBabySmile_FW
0xfc1ba4af,Scene.TestBabySleep_FW
0xfc1ba4d7,Scene.TestHumanSmile_FW
0xfc1ba4ff,Scene.TestHumanSleep_FW
0xfc1ba527,Scene.TestKidMove_FW
0xfc1bb551,task_OhyearKiLiveAlgor
0xfc1bc8e3,task_SceneDetectTask
0xfc1bd8fd,j_GetFaceAuthBinAddr_FW
0xfc1bd901,j_GetFaceAuthBinSize_FW
0xfc1bd905,j_IsOKFaceAuthBinFile_FW
0xfc1c7ec7,task_ImageStoreTask
0xfc1c93b1,task_MediaStatusMngr
0xfc1c9a7f,GetLensErrorStatus_FW
0xfc1c9c71,task_MechaCPUTransfer
0xfc1ca71d,GetMechaShutterMoveTime_FW
0xfc1ca73b,GetMechaShutterStatus_FW
0xfc1ca751,ReloadMechaShutterAdjustment_FW
0xfc1ca8cf,j_get_current_nd_value
0xfc1cac15,GetCurrentZoomLensPosition_FW
0xfc1cac15,GetCurrentZoomPosition_FW
0xfc1cac15,GetZoomLensCurrentPosition
0xfc1cac15,GetZoomLensCurrentPosition_FW
0xfc1cac81,GetCurrentZoomLensPoint_FW
0xfc1cac81,GetCurrentZoomPoint_FW
0xfc1cac81,GetZoomLensCurrentPoint
0xfc1cac81,GetZoomLensCurrentPoint_FW
0xfc1cb057,GetZoomLensTelePoint_FW
0xfc1cb057,GetZoomTelePoint_FW
0xfc1cb35b,IsZoomLensOutSidePosition_FW
0xfc1cb5db,GetZoomLensMechaEdgePosition_FW
0xfc1cb5df,GetZoomDrivingTime_FW
0xfc1cb5ff,GetZoomLensMinimumSpeedMoveLimitTime_FW
0xfc1cce6d,task_EISMainTask
0xfc1cd451,IsUnitFirmMode_FW
0xfc1cdac9,task_TmgGen
0xfc1d06db,task_MovieTranscoder
0xfc1d1a35,task_ConsoleSvr
0xfc1d1d9d,RotateConsoleZOder_FW
0xfc1d1e2b,task_LowConsole
0xfc1d1e6b,taskcreate_LowConsole
0xfc1d1f11,CPrintf_FW
0xfc1d1f49,CPutChar_FW
0xfc1d1f5f,GetCh_FW
0xfc1d1f8f,GetStringWithPrompt_FW
0xfc1d1fcb,OpenConsole_FW
0xfc1d2085,CloseConsole_FW
0xfc20921b,UIFS_StartMoviePlay_FW
0xfc22f36d,qsort
0xfc234c33,task_FmidTask
0xfc23792b,GraphicSystemCoreFinish
0xfc24280d,task_ExpDrvSubTask
0xfc273bcb,StartTestRecLog_FW
0xfc273bd7,StopTestRecLog_FW
0xfc274aad,task_MetaCtgPrsTask
0xfc278f21,task_FileManMarkAllTask
0xfc2790c3,task_SetGeoTagExecution
0xfc279979,task_FORMAT_TASK_PROGRESS
0xfc279bb5,task_FORMAT_TASK_NAME
0xfc2814df,task_ScenarioMaker
0xfc282df1,closedir
0xfc282e29,OpenFastDir
0xfc282ec9,ReadFastDir
0xfc282eff,j_closedir
0xfc28362f,task_FilYuvMaker
0xfc283e9b,task_DecJpgRd
0xfc286651,get_dial_hw_position
0xfc286b99,task_MechaAlarm
0xfc28a3ed,task_SAlbumPlay
0xfc28b301,task_AlbumReader
0xfc28e4cb,GetFaceAuthBinAddr_FW
0xfc28e4cf,GetFaceAuthBinSize_FW
0xfc28e4d5,IsOKFaceAuthBinFile_FW
0xfc28e965,task_ImagePlaySysConTask
0xfc290b49,task_ImageRetryConTask
0xfc29ae1d,EF.ExtGetIntegValue_FW
0xfc2a3327,LcdCon_SetLcdDriver_FW
0xfc2a335d,LcdCon_SetLcdAdjParameter_FW
0xfc2a33c7,LcdCon_GetLcdAdjParameter_FW
0xfc2a33f7,LcdCon_ShowLcdAdjParameter_FW
0xfc2a341b,LcdCon_SaveLcdAdjParameter_FW
0xfc2a342d,LcdCon_SetLcdParameter_FW
0xfc2a3499,LcdCon_GetLcdParameter_FW
0xfc2a34cb,LcdCon_ShowLcdParameter_FW
0xfc2a34f1,LcdCon_SaveLcdParameter_FW
0xfc2a5fdf,PTM_AllReset_FW
0xfc2a6395,PTM_GetWorkingCaptureMode_FW
0xfc2a63a5,PTM_SetCurrentItem_FW
0xfc2a6665,PTM_NextItem_FW
0xfc2a6669,PTM_PrevItem_FW
0xfc2a69f1,PTM_SetProprietyEnable_FW
0xfc2a6bd9,PTM_IsEnableItem_FW
0xfc2a6cd7,PTM_BackupUIProperty_FW
0xfc2a6cd7,SetParameterData
0xfc2a6dc3,GetParameterData
0xfc2b9419,task_AFTask
0xfc2ba509,GetMacroSupportZoomPoint_FW
0xfc2c7eed,task_MoviePlay
0xfc2d2d09,MoveOpticalZoomAt
0xfc2d2ed3,PT_MoveDigitalZoomToWide
0xfc2d2f63,SS.GetDigitalZoomPosition_FW
0xfc2d3509,DoAFLock
0xfc2d3539,UnlockAF
0xfc2d3997,DoAELock
0xfc2d39b5,UnlockAE
0xfc2d4a45,PT_MFOn
0xfc2d4a79,PT_MFOff
0xfc2d4b83,SS.SetAvailShot_FW
0xfc2df4ab,SoundDevSetSyncRate_FW
0xfc2df831,task_SoundTsk
0xfc2df94f,InitializeAudio_FW
0xfc2dfba5,SoundDevAprocSignalMute_FW
0xfc2dfefb,SoundDevSetParamIn_FW
0xfc2e089f,SoundDevSetBgmMixRate_FW
0xfc2e08bd,SoundDevSetBgmData_FW
0xfc2e09fd,SoundDevBgmFadeOut_FW
0xfc2e0a0f,SoundDevMovPlayMuteForStoryHighlight_FW
0xfc2e0f5f,TurnOnVideoOutMode_FW
0xfc2e0f8f,TurnOffVideoOutMode_FW
0xfc2e105b,BeepDrive_FW
0xfc2e106f,BeepDriveComp_FW
0xfc2e1083,BeepDriveStop_FW
0xfc2e1091,SoundDevInitMusic_FW
0xfc2e11d7,SoundDevStopRecMusic_FW
0xfc2e120b,SoundDevClearPath_FW
0xfc2e14bb,SoundDevRecMusic_FW
0xfc2e1589,SoundDevPlayMusic_FW
0xfc2e15e5,SoundDevStopPlayMusic_FW
0xfc2e1635,SoundDevSetZoomNCAdjDigiProcThroughPath_FW
0xfc2e163b,SoundDevSetZoomNCCheckPath_FW
0xfc2e1647,j_SoundDevClearPath_FW
0xfc2e1649,j_SoundDevZoomNCEffective_FW
0xfc2e164d,j_SoundDevSetZoomNCProfile_FW
0xfc2e1651,SoundDevSetMovieRecPath_FW
0xfc2e1667,SoundDevSetSpVol_FW
0xfc2e1671,SoundDevSetSpkpwmVol_FW
0xfc2e1811,SoundDevBeepGenGain_FW
0xfc2e181d,SoundDevSetRecPath_FW
0xfc2e182d,SoundDevSetBeepPWMMuteParam_FW
0xfc2e1847,SoundDevPlayOpSound_FW
0xfc2e18d7,SoundDevPlayOpSoundForStoryAlbum_FW
0xfc2e1aa1,SoundDevRecMusicOnDramTest_FW
0xfc2e1ae7,SoundDevDumpChIn0_FW
0xfc2e1b09,SoundDevRecChIn0_FW
0xfc2e1c3d,ApMoniSel_FW
0xfc2e1c81,SoundDevSetVaifLineSel_FW
0xfc2e1cab,SoundDevAprocSetPathInDramSub_FW
0xfc2e1cc9,SoundDevAprocSigProc_SetBgmFadeSetting_FW
0xfc2e1cd9,SoundDevAprocSetPathMuteLout0_FW
0xfc2e1d07,SoundDevAprocSetPathMuteSout0_FW
0xfc2e1d35,SoundDevAprocSetPathMuteCout0_FW
0xfc2e1d63,SoundDevAprocSetPerifLineMute_FW
0xfc2e1d8d,SoundDevAprocSetPerifHpMute_FW
0xfc2e1db7,SoundDevAprocSetPerifSpMute_FW
0xfc2e2c01,task_MetaCtg
0xfc2f63d7,task_ExpDrv
0xfc2f63d7,task_ExpDrvTask
0xfc31310f,EnableDebugLogMode_FW
0xfc313119,DisableDebugLogMode_FW
0xfc314383,LcdCon_SetCvfDriver_FW
0xfc3143b1,LcdCon_SetCvfAdjParameter_FW
0xfc314415,LcdCon_GetCvfAdjParameter_FW
0xfc314447,LcdCon_ShowCvfAdjParameter_FW
0xfc31446d,LcdCon_SaveCvfAdjParameter_FW
0xfc314481,LcdCon_SetCvfParameter_FW
0xfc3144e5,LcdCon_GetCvfParameter_FW
0xfc314517,LcdCon_ShowCvfParameter_FW
0xfc31453d,LcdCon_SaveCvfParameter_FW
0xfc318edf,get_playrec_mode
0xfc31a3ab,StartCzTuning_FW
0xfc31a3af,MoveCzPeakPositon_FW
0xfc31a3b3,CzDebugPrint_FW
0xfc31a3b3,SetCzDebugFocusMode_FW
0xfc31a3b3,SetCzDebugSubjectDistance_FW
0xfc31a3bf,CzDebugPrintToFile_FW
0xfc334e0b,UIFS_WirelessExecuteSendForever_FW
0xfc33b413,task_Cave2PbTask
0xfc343843,task_ZoomEvent
0xfc3439d9,task_ZoomActuatorSpeedLog
0xfc343fb3,IsZoomActuatorResetSensorPlusSide_FW
0xfc34455d,MoveZoomActuator_FW
0xfc344585,SetZoomActuatorSpeedPPS_FW
0xfc344593,GetZoomActuatorSpeedPPS_FW
0xfc344599,j_GetZoomActuatorCurrentPosition_FW
0xfc34459d,j_IsZoomActuatorResetSensorPlusSide_FW
0xfc34459f,EnableZoomActuatorSpeedLog_FW
0xfc3445a9,DisableZoomActuatorSpeedLog_FW
0xfc3445c5,SetZoomSpeedCheckStopTime_FW
0xfc3445d3,SetZoomPermitTargetMaxSpeedPPS_FW
0xfc3445eb,GetZoomActuatorCurrentPosition_FW
0xfc34c6eb,j_GiveSemaphore
0xfc34cc54,j_DebugAssert2
0xfc34cc7c,j_CreateMessageQueue
0xfc34cd9c,j_CreateRecursiveLock
0xfc34cdac,j_GetNumberOfPostedMessages
0xfc34cdcc,j_AcquireRecursiveLock
0xfc34cdd4,j_WaitForAnyEventFlagStrictly
0xfc34cdec,j_CreateCountingSemaphoreStrictly
0xfc34cdfc,j_AcquireRecursiveLockStrictly
0xfc34ce04,j_ReleaseRecursiveLock
0xfc34ce1c,j_CreateRecursiveLockStrictly
0xfc34ce24,j_CreateTask
0xfc34ce3c,j_GetSemaphoreValue
0xfc34cf14,j_PostMessageQueue
0xfc34cf1c,j_TryReceiveMessageQueue
0xfc34cf3c,j_time
0xfc34cf44,j_CreateEventFlag
0xfc34cf54,j_CheckAnyEventFlag
0xfc34cf5c,j_TryTakeSemaphore
0xfc34cf64,j_WaitForAllEventFlagStrictly
0xfc34cf7c,j_DeleteMessageQueue
0xfc34cf84,j_TryPostMessageQueue
0xfc34cfcc,j_PostMessageQueueStrictly
0xfc34cfdc,j_RegisterInterruptHandler
0xfc34cffc,j_GetEventFlagValue
0xfc34d034,j_CreateMessageQueueStrictly
0xfc34d03c,j_ReceiveMessageQueue
0xfc34d07c,j_CheckAllEventFlag
0xfc34d08c,j__pow
0xfc34d094,j_LocalTime
0xfc34d09c,j_CreateTask_alt
0xfc34d09c,j_CreateTaskStrictly
0xfc34d0a4,j_CreateBinarySemaphoreStrictly
0xfc34d0b4,j_WaitForAllEventFlag
0xfc34d0d4,j_TakeSemaphore
0xfc34d0ec,j_createsemaphore_low
0xfc34d0f4,j_SetEventFlag
0xfc34d10c,j_TakeSemaphoreStrictly
0xfc34d11c,j_CreateBinarySemaphore
0xfc34d124,j_DeleteSemaphore
0xfc34d19c,j_SleepTask
0xfc34d1ac,j_takesemaphore_low
0xfc34d1cc,j_ClearEventFlag
0xfc34d1d4,j_DeleteEventFlag
0xfc34d1e4,j_strftime
0xfc34d20c,j_CreateEventFlagStrictly
0xfc34d214,j_WaitForAnyEventFlag
0xfc34d21c,j__log10
0xfc34d244,j_bzero
0xfc34d24c,j_DebugAssert
0xfc34d254,j_dry_memcpy
0xfc34d25d,task_IrisEvent
0xfc34dcab,EnableIrisActuator_FW
0xfc34dcc5,DisableIrisActuator_FW
0xfc34dcdf,ResetIrisActuator_FW
0xfc350ecd,UIFS_GetNumberOfDisplayedImage_FW
0xfc35a9ab,handle_PTP_OC_ResetDevicePropValue
0xfc35ab01,handle_PTP_OC_SetDevicePropValue
0xfc35abef,handle_PTP_OC_GetDevicePropValue
0xfc35acb9,handle_PTP_OC_GetDevicePropDesc
0xfc35b363,add_ptp_handler
0xfc361e3f,mzrm_createmsg
0xfc361f33,mzrm_sendmsg
0xfc3643e9,StartPlayModeMenu_FW
0xfc364403,StartRecModeMenu_FW
0xfc3644af,ShutdownRecModeMenu_FW
0xfc36462b,ShutdownPlayModeMenu_FW
0xfc3646db,ShutdownPlayModeMenuWithoutPbRedraw_FW
0xfc364f13,PB2Rec
0xfc364f57,Rec2PB
0xfc3666e9,UIFS_CancelStoreLensTimer_FW
0xfc366971,j_Rec2PB
0xfc368b85,task_StartupImage
0xfc36db29,CreateController_FW
0xfc36dbaf,DeleteController_FW
0xfc36dc47,MoveControllerToTopOfZOrder_FW
0xfc36dca3,CtrlMan_ChangeZOrder_FW
0xfc36dcf3,GetSelfControllerHandle_FW
0xfc36e08b,task_FocusEvent
0xfc36edf1,GetFocusLensFinalStopSettingTime_FW
0xfc36f235,task_CorctTask
0xfc38815b,SetCurrentCaptureModeType
0xfc38815b,SetCurrentCaptureModeType_FW
0xfc3892db,GetCurrentCaptureModeType_FW
0xfc38ab9f,UIFS_MoveZoomTo_FW
0xfc38af67,UIFS_GetNumOfOptZoomPos_FW
0xfc38afe7,UIFS_MoveZoomToPositionWithTaskSwCtrlServ_FW
0xfc38f3f9,UIFS_IsAvailableShots_FW
0xfc38fa0d,UIFS_GetStillShotableNumber_FW
0xfc38fa11,UIFS_GetMovieRecoadableNumber_FW
0xfc39132d,UIFS_StartMovieRecord_FW
0xfc391343,UIFS_StopMovieRecord_FW
0xfc39a32f,DispSwCon_TurnOffDisplay_FW
0xfc39ab49,UnlockMainPower
0xfc39ab49,UnlockMainPower_FW
0xfc39abad,LockMainPower
0xfc39abad,LockMainPower_FW
0xfc39abfd,SetAutoShutdownTime
0xfc39abfd,SetAutoShutdownTime_FW
0xfc39b045,set_control_event
0xfc39b075,j_set_control_event
0xfc39b2c3,IsControlEventActive_FW
0xfc39b307,SetLogicalEventActive
0xfc39b307,UiEvnt_SetLogicalEventActive_FW
0xfc39b33f,SetScriptMode
0xfc39b33f,SetScriptMode_FW
0xfc39b3d3,UiEvnt_StartDisguiseCradleStatus_FW
0xfc39b3db,UiEvnt_StopDisguiseCradleStatus_FW
0xfc39b4a5,PutsCameraLogEvent_FW
0xfc39b4d5,ShowCameraLogInfo_FW
0xfc39b51b,ShowCameraLog_FW
0xfc39b547,StartCameraLog_FW
0xfc39b5a9,StopCameraLog_FW
0xfc39b5e3,LogCameraEvent
0xfc39c623,EpilogShow_FW
0xfc39c74f,EpilogFile_FW
0xfc39c76b,task_Epilog
0xfc39c795,EpilogMenu_FW
0xfc3adb23,PTM_AllResetToFactorySetting_FW
0xfc3adb2f,j_PTM_AllReset_FW
0xfc3adb3f,PTM_RestoreUIProperty_FW
0xfc3ae19b,PTM_SetCurrentCaptureMode_FW
0xfc3ae30d,j_PTM_GetWorkingCaptureMode_FW
0xfc3ae315,j_PTM_SetCurrentItem_FW
0xfc3ae321,PTM_GetCurrentItem
0xfc3ae321,PTM_GetCurrentItem_FW
0xfc3ae373,j_PTM_NextItem_FW
0xfc3ae377,j_PTM_PrevItem_FW
0xfc3ae38b,j_PTM_IsEnableItem_FW
0xfc3ae393,j_PTM_SetProprietyEnable_FW
0xfc3ae3a7,j_PTM_BackupUIProperty_FW
0xfc3af9b3,get_current_exp
0xfc3b5b85,Write
0xfc3b5b85,Write_FW
0xfc3b5bc3,Open
0xfc3b5bc3,Open_FW
0xfc3b5bff,Close
0xfc3b5bff,Close_FW
0xfc3b5d99,j_Read_FW
0xfc3b5d9d,j_Write_FW
0xfc3b5ddb,lseek
0xfc3b5ddb,Lseek_FW
0xfc3b5ded,OpenForScrip_FW
0xfc3b5e13,stat
0xfc3b5f83,MakeDirectory_Fut
0xfc3b6005,PrepareDirectory_x
0xfc3b60a3,PrepareDirectory_1
0xfc3b60a7,PrepareDirectory_0
0xfc3b611d,task_CtrlSrv
0xfc3b6e0d,get_fstype
0xfc3b6e73,GetDrive_ClusterSize
0xfc3b7377,GetDrive_FreeClusters
0xfc3b7931,RegisterEventProcedure
0xfc3b7983,RegisterEventProcedure_alt1
0xfc3b7987,UnRegisterEventProcedure
0xfc3b79dd,ExecuteEventProcedure
0xfc3b7a21,ExecuteEventProcedure_FW
0xfc3b7a87,RegisterEventProcedure_alt2
0xfc3b7a8b,RegisterEventProcTable
0xfc3b7aa1,UnRegisterEventProcTable
0xfc3b7f37,ExportToEventProcedure_FW
0xfc3b7f3d,CreateProxyOfEventProcedure_FW
0xfc3b7f75,DeleteProxyOfEventProcedure_FW
0xfc3b7fad,RegisterEventProcTable_alt
0xfc3b7fb1,j_UnRegisterEventProcTable
0xfc3b7fb1,UnRegisterEventProcTable_alt
0xfc3b81ef,SetPropertyCase
0xfc3b8323,GetPropertyCase
0xfc3b8db3,DeleteFile_Fut
0xfc3b8dfd,DeleteDirectory_Fut
0xfc3b8e37,Fopen_Fut
0xfc3b8e37,Fopen_Fut_FW
0xfc3b8e5f,Fclose_Fut
0xfc3b8e5f,Fclose_Fut_FW
0xfc3b8ed1,Fread_Fut
0xfc3b8ed1,Fread_Fut_FW
0xfc3b8f07,Fwrite_Fut
0xfc3b8f07,Fwrite_Fut_FW
0xfc3b8f3d,Fgets_Fut
0xfc3b8f6f,Fseek_Fut
0xfc3b8f6f,Fseek_Fut_FW
0xfc3b9c8d,GetFocusLensPullInMaxSpeed_FW
0xfc3b9eed,GetCurrentTargetDistance_FW
0xfc3b9eed,GetFocusLensSubjectDistance
0xfc3b9f3d,GetCurrentFocusLensPosition_FW
0xfc3b9f3d,GetCurrentFocusPosition_FW
0xfc3ba25f,GetFocusLensAvCoefficient_FW
0xfc3ba2e7,IsFocusLensOutSidePosition_FW
0xfc3ba305,GetFocusResetPosition_FW
0xfc3ba35f,GetFocusDefaultResetPosition_FW
0xfc3babb9,PrintFirmVersion_FW
0xfc3babdd,PrintFaexeVersioin_FW
0xfc3babe7,CreateFADBGSingalID_FW
0xfc3babef,FADBGSingal_FW
0xfc3bac5d,FADBGPrintf_FW
0xfc3bad17,FAPrintf_FW
0xfc3bad43,OutputLogToFile_FW
0xfc3badd5,StopLogOut_FW
0xfc3baff9,GetLogData_FW
0xfc3baffd,GetLogDataOnlyAddMemory_FW
0xfc3bb001,ActivateAdjLog_FW
0xfc3bb00f,InactivateAdjLog_FW
0xfc3bb01d,StartLogOut_FW
0xfc3bb027,IsLogOutType_FW
0xfc3bb02d,GetCurrentMaximumLogSize_FW
0xfc3bb099,strncpy
0xfc3bd6f3,GetLogicalEventName_FW
0xfc3bd739,PostLogicalEventForNotPowerType
0xfc3bd739,PostLogicalEventForNotPowerType_FW
0xfc3bd76d,PostLogicalEventToUI
0xfc3bd76d,PostLogicalEventToUI_FW
0xfc3bd86b,PostEventShootSeqToUI_FW
0xfc3bd89d,ShowLogicalEventName_FW
0xfc3be151,transfer_src_overlay
0xfc3be5c7,VTM_ShrinkLayoutForFinder_FW
0xfc3becc7,transfer_src_overlay_helper
0xfc3bf171,strcat
0xfc3bf193,strncmp
0xfc3bf235,malloc
0xfc3bf26b,free
0xfc3bf29d,strcpy
0xfc3bf29d,strcpy_FW
0xfc3bf341,EngDrvRead
0xfc3bf461,strlen
0xfc3bf461,strlen_FW
0xfc3bf8b9,j_strcmp_FW
0xfc3bf8cd,strcmp
0xfc3bf8cd,strcmp_FW
0xfc3bf8dd,memcmp
0xfc3bf8dd,memcmp_FW
0xfc3bf96d,j_malloc
0xfc3bf971,j_free
0xfc3bf975,malloc_strictly
0xfc3bf9fd,sprintf_FW
0xfc40e791,APE_DraftDump_FW
0xfc41d6cd,zicokick_start
0xfc41d749,zicokick_copy
0xfc422379,GetDcmSpeedLog_FW
0xfc422441,SetPMByGpio_FW
0xfc42244b,ClearPMByGpio_FW
0xfc422459,ClearPMByFs_FW
0xfc422463,MoveDCMotorCW_FW
0xfc422545,MoveDCMotorCCW_FW
0xfc4225a7,SetDCMotorWaitTime_FW
0xfc44fcc3,imager_active_callback
0xfc44fd57,ImagerActivate
0xfc44fdd9,ClearImageDrive_FW
0xfc452b53,task_Accelerometer
0xfc4532d3,GetSlantData_FW
0xfc4532ff,GetAoriAccelerationData_FW
0xfc453419,j_GetX_AxisAcceleration_FW
0xfc45341d,j_GetY_AxisAcceleration_FW
0xfc453421,j_GetZ_AxisAcceleration_FW
0xfc453425,GetScalar_Acceleration_FW
0xfc45342d,GetAccelerometerDataWithCorrect_FW
0xfc45344f,CalcAccelerometerAtanAngle_FW
0xfc45345d,j_GetSlantData_FW
0xfc45345f,EnableAcceleLogWrite_FW
0xfc453469,DisableAcceleLogWrite_FW
0xfc453481,EnableAcceleLogRead_FW
0xfc45348b,DisableAcceleLogRead_FW
0xfc4534a7,StartAcceleSlantMotionDetect_FW
0xfc4534ab,StopAcceleSlantMotionDetect_FW
0xfc4534af,LoadAcceleParamFromFile_FW
0xfc4534f3,RegisterElecLevelInfoNotifyCBR_FW
0xfc453505,UnRegisterElecLevelInfoNotifyCBR_FW
0xfc45350f,EnableHvUpdate_FW
0xfc453519,DisableHvUpdate_FW
0xfc453523,j_GetSlantAngle_FW
0xfc453527,j_GetAcceleHvPosition_FW
0xfc45352b,j_GetAoriAngle_FW
0xfc4536bd,task_Thermometer
0xfc453811,GetCCDTemperature
0xfc453811,GetCCDTemperature_FW
0xfc45386d,GetBatteryTemperature
0xfc45386d,GetBatteryTemperature_FW
0xfc4538c7,GetOpticalTemperature
0xfc4538c7,GetOpticalTemperature_FW
0xfc45391f,GetCCDMilliTemperature_FW
0xfc453987,GetBatteryMilliTemperature_FW
0xfc4539ed,GetOpticalMilliTemperature_FW
0xfc453a91,IsOpticalTemperature_FW
0xfc453ab5,IsCCDTemperature_FW
0xfc453ad9,IsBatteryTemperature_FW
0xfc453b0f,j_GetOpticalTemperature_FW
0xfc453b11,j_GetCCDTemperature_FW
0xfc453b13,j_GetBatteryTemperature_FW
0xfc453b15,j_GetOpticalMilliTemperature_FW
0xfc453b17,j_GetCCDMilliTemperature_FW
0xfc453b19,j_GetBatteryMilliTemperature_FW
0xfc453b1b,j_IsOpticalTemperature_FW
0xfc453b1d,j_IsCCDTemperature_FW
0xfc453b1f,j_IsBatteryTemperature_FW
0xfc453c17,task_UsbcTask
0xfc454069,task_MovieInit
0xfc454491,RomIntegrityCheck_FW
0xfc4544ad,GetBuildDate_FW
0xfc4544b1,PrintBuildDate_FW
0xfc4544b9,GetBuildTime_FW
0xfc4544bd,PrintBuildTime_FW
0xfc4544c5,GetFirmwareVersion_FW
0xfc4544c9,PrintFirmwareVersion_FW
0xfc45450f,GetInternalFirmwareVersion_FW
0xfc454513,PrintInternalFirmwareVersion_FW
0xfc454575,CheckSumAll_FW
0xfc45464d,GetChipVersion_FW
0xfc454653,RomCheckSum_FW
0xfc4571fd,mktime_ext
0xfc45759b,sscanf_FW
0xfc4575ad,srand
0xfc4575b3,rand
0xfc45989f,task_ImgPlyTask
0xfc459a51,task_ImgPlyTsk2
0xfc45f24b,task_DetSeqT
0xfc45f8cd,task_DetSeqSadT
0xfc46139f,task_TskCocoa2
0xfc4613a5,task_TskCocoa1
0xfc4613ab,task_TskCocoa0
0xfc466a53,ExpCtrlTool.SetExpMode_FW
0xfc466a85,ExpCtrlTool.SoundDevTest_FW
0xfc466b45,AFTool.GetEVal_FW
0xfc466c31,j_GetMacroSupportZoomPoint_FW
0xfc466c35,SetLockPosNonCorrectFlag_FW
0xfc466c45,GetDarkFixedFocusPosition_FW
0xfc466c5b,AFTool.StoreAFixPosition_FW
0xfc466c77,AFTool.SetAFLogType_FW
0xfc466c7b,AFTool.SetDebugAFSequence_FW
0xfc466d67,task_GapMan
0xfc4681cf,ActivateImager_FW
0xfc46822b,ActivateImagerXOne_FW
0xfc4682bd,QuietImager_FW
0xfc468325,CancelImager_FW
0xfc46833b,ChangeImagerToRegularDrive_FW
0xfc46833f,ChangeImagerToWholeParallel_FW
0xfc468343,ChangeImagerToWholeParallelBP_FW
0xfc468347,ChangeImagerToWideDraftFinancier_FW
0xfc46834b,ChangeImagerToCombiParallel_FW
0xfc46834f,ChangeImagerToWideDraft_FW
0xfc468353,ChangeImagerToFocusJet_FW
0xfc468357,ChangeImagerToMangoPudding_FW
0xfc46835b,ChangeImagerToSuperWideDraft_FW
0xfc46835f,ChangeImagerToHoneyFlash_FW
0xfc468363,ChangeImagerToMillefeAdjust_FW
0xfc468367,ChangeImagerToDigiconMode_FW
0xfc468367,ChangeImagerToOITA_XAVIER_FW
0xfc46836b,ChangeImagerToAlternateDraft_FW
0xfc46836f,ChangeImagerToUltraGhostQ_FW
0xfc468373,ChangeImagerToMontblancWhole_FW
0xfc468377,ChangeImagerToMontblancMillefe_FW
0xfc46837b,ChangeImagerToMontblancMovie_FW
0xfc46837f,ChangeImagerToHarleyDavidson_FW
0xfc468383,ChangeImagerToMachDashV_FW
0xfc468387,ChangeImagerToFantaJungle_FW
0xfc46838b,ChangeImagerToHoneyFlashDark_FW
0xfc46838f,ChangeImagerToRoadKing_FW
0xfc468393,ChangeImagerToLCWideDraft_FW
0xfc468397,ChangeImagerToFalconJump_FW
0xfc46839b,ChangeImagerToSpriteSunshine_FW
0xfc46839f,ChangeImagerToHealthyVegetable_FW
0xfc4683a3,ChangeImagerToElectraGlide_FW
0xfc4683a7,ChangeImagerToVeryFastWideDraft_FW
0xfc4683ab,ChangeImagerToVeryFastMangoPudding_FW
0xfc4683af,ChangeImagerToHarleySunshine_FW
0xfc4683b3,ChangeImagerToRoadQueen_FW
0xfc4683b7,ChangeImagerToHarleyDavidsonNepal_FW
0xfc4683bb,ChangeImagerToRoadKingNepal_FW
0xfc4683bf,ChangeImagerToSuperWideNepal_FW
0xfc4683c3,ChangeImagerToLasVegasMagic_FW
0xfc4683c7,ChangeImagerToEsperRocketH_FW
0xfc4683cb,ChangeImagerToElectraGlideNepal_FW
0xfc4683cf,ChangeImagerToHarleySunshineNepal_FW
0xfc4683d3,ChangeImagerToEsperRocketHNepal_FW
0xfc4683d7,ChangeImagerToAstroMetamorphose_FW
0xfc4683f3,j_E2LatOn_FW
0xfc4683f7,ChangeAutoSlowShutterEnable_FW
0xfc470b87,GetCurrentShutterSpeed
0xfc470b87,GetCurrentShutterSpeed_FW
0xfc470e7f,GetCurrentExposureTime_FW
0xfc477673,task_WBLPFace
0xfc479c5b,task_NfcConTask
0xfc47b49f,task_NormalThumbCache
0xfc47b833,handle_PTP_OC_GetStorageIDs
0xfc47b8cd,handle_PTP_OC_GetStorageInfo
0xfc47beb1,handle_PTP_OC_GetObject
0xfc47bfa1,handle_PTP_OC_GetThumb
0xfc47c02b,handle_PTP_OC_GetPartialObject
0xfc47c131,handle_PTP_OC_SetObjectProtection
0xfc47c199,handle_PTP_OC_GetObjectInfo
0xfc47c21f,handle_PTP_OC_CANON_GetPartialObjectInfo
0xfc47c399,handle_PTP_OC_CANON_GetPartialObjectEx
0xfc47c52f,handle_PTP_OC_CANON_GetObjectAttributes
0xfc47c58b,handle_PTP_OC_CANON_SetObjectArchive
0xfc47c5e7,handle_PTP_OC_CANON_SendObjectInfoByPath
0xfc47c5e7,handle_PTP_OC_SendObjectInfo
0xfc47c817,handle_PTP_OC_0x904c
0xfc47ca09,handle_PTP_OC_CANON_GetObjectHandleByName
0xfc47cac1,handle_PTP_OC_CANON_SetObjectTime
0xfc47cb0d,handle_PTP_OC_DeleteObject
0xfc47cc05,handle_PTP_OC_FormatStore
0xfc47cc9b,handle_PTP_OC_0x9038
0xfc47cd27,handle_PTP_OC_0x9039
0xfc47cdb7,handle_PTP_OC_0x903a
0xfc47ce27,handle_PTP_OC_0x903b
0xfc47ce4f,handle_PTP_OC_0x904b
0xfc47cf17,handle_PTP_OC_GetNumObjects
0xfc47cfd1,handle_PTP_OC_GetObjectHandles
0xfc47d125,handle_PTP_OC_CANON_GetObjectInfoEx
0xfc47d2f7,handle_PTP_OC_CANON_SendObjectByPath
0xfc47d2f7,handle_PTP_OC_SendObject
0xfc47d491,handle_PTP_OC_CANON_SendPartialObject
0xfc47d5e9,handle_PTP_OC_0x9060
0xfc47d645,handle_PTP_OC_0x9062
0xfc47e305,task_TrnsCtrlTask
0xfc47ef71,connect_FW
0xfc47f06b,disconnect_FW
0xfc47fc5f,stopMicroAP_FW
0xfc47fca1,sendDeauth_FW
0xfc47fceb,getSTAList_FW
0xfc480223,leave_FW
0xfc480439,clear_param_FW
0xfc48068d,setCH_FW
0xfc48069b,setMicroAPCH_FW
0xfc480daf,SetSecurityInvalid_FW
0xfc480db9,getCountry_FW
0xfc480e0d,RecvDeauthPacket_FW
0xfc480e19,getEepromNum_FW
0xfc480e91,getOTPUserData_FW
0xfc48179d,RequestDisconnectPTPIP_FW
0xfc48182d,RequestConnectPTPIP_FW
0xfc481861,RequestConnectPTPIPDef_FW
0xfc4818cd,RegisterNotifyConnectPTPIP_FW
0xfc4818cd,RegisterNotifyPTPIP_FW
0xfc4818e5,RegisterResponseConnectPTPIP_FW
0xfc4818e5,RegisterResponsePTPIP_FW
0xfc4818fd,TerminatePTPIPTransportResponder_FW
0xfc481961,InitializePTPIPTransportResponder_FW
0xfc481c9d,GetDriverInfoEvent_FW
0xfc4886ff,PrintAllAEIntegData_FW
0xfc488dff,AbortAEIntegralValue_FW
0xfc488e23,j_AbortAEIntegralValue_FW
0xfc488e37,SetAEIntegStrobeProperty_FW
0xfc488e99,SetAEIntegCorrectProperty_FW
0xfc488ed3,SetAEIntegralValueProperty_FW
0xfc488ef3,SetAEIntegralGetaTime_FW
0xfc4890cd,GetAEIntegWinData_FW
0xfc4890d7,j_GetAEIntegWinData_FW
0xfc4890d9,GetAEIntegWinDataWithMode_FW
0xfc489275,GetAEIntegralValueWithFix_FW
0xfc48931f,GetAllAEIntegralAllValueWithFix_FW
0xfc48939f,GetOnlyAEIntegData_FW
0xfc4893e3,SetWhiteCoefficient_FW
0xfc48942b,SetAEIntegWindowsMode_FW
0xfc489463,SetAEIntegValueBit_FW
0xfc489473,GetAEIntegValueBit_FW
0xfc489479,GetAEIntegralServiceMode_FW
0xfc48947f,StopAEIntegralService_FW
0xfc48951f,j_StopAEIntegralService_FW
0xfc4896b7,StartAEIntegralService_FW
0xfc4896bd,SetLineDefMarkThroughMode_FW
0xfc4896dd,SetAEIntegAverageOBData_FW
0xfc4896f3,SetAdjAEIntegSmearLimitter_FW
0xfc489705,SetDefaultAEIntegSmearLimitter_FW
0xfc48970f,AttachIntegCrawData_FW
0xfc489829,GetCrawDataAddr_FW
0xfc48a097,task_FileScheduleTask
0xfc48c77b,GetIrisSpecOpenPosition_FW
0xfc48c787,GetIrisSpecClosePosition_FW
0xfc48c815,GetIrisDriveVoltage_FW
0xfc48c81d,GetIrisDriveVoltageLow_FW
0xfc48c82f,GetIrisSettingWaitVoltage_FW
0xfc48c83f,GetIrisHoldVoltage_FW
0xfc48cdd9,task_ControlLog
0xfc48d16d,GetZoomPiSensorLevel_FW
0xfc48d19d,GetFocusPiSensorLevel_FW
0xfc48d1cd,GetIrisPiSensorLevel_FW
0xfc48e3c1,GetZoomPiDefaultPosition_FW
0xfc48e3d5,GetZoomResetSensorLevel_FW
0xfc48e535,GetZoomPiChangePosition_FW
0xfc48fea3,task_MovieEditor
0xfc493aa9,memset
0xfc493aa9,memset_FW
0xfc4ba7bd,task_Cave2RecTask
0xfc4c11b5,task_TricDecVTask
0xfc4ce3fd,EF.StartEFCharge_FW
0xfc4ce435,EF.StopEFCharge_FW
0xfc4ce43f,EF.SetEFChargeTimeOut_FW
0xfc4ce44d,EF.SetChargeOnTime_FW
0xfc4ce469,EF.GetEFY_FW
0xfc4ce4d7,EF.GetEFY2_FW
0xfc4ce4df,EF.GetEFModAddPixelGain_FW
0xfc4ce4e5,j_EF.GetAdjustPreSvOffset_FW
0xfc4ce4e9,j_EF.GetEFModExamDriveType_FW
0xfc4ce4ed,j_EF.IsIrisTypeKosaiShibori_FW
0xfc4ce4f1,EF.StartInternalPreFlash_FW
0xfc4ce51f,EF.StartInternalMainFlash_FW
0xfc4ce577,EF.FlashWithoutSync_FW
0xfc4ce58f,EF.FlashForColorTempEvaluation_FW
0xfc4ce593,EF.SetMainFlashTime_FW
0xfc4ce59f,j_EF.IsChargeFull_FW
0xfc4ce5a3,EF.AdjPreFlash_FW
0xfc4ce5d9,EF.SetChargeMode_FW
0xfc4ce5e7,EF.StartExternalStrobeMode_FW
0xfc4ce5f7,EF.StopExternalStrobeMode_FW
0xfc4ce601,EF.ExIsExStrobe_FW
0xfc4ce60f,EF.ExtFlashTest_FW
0xfc4ce625,j_EF.ExtGetIntegValue_FW
0xfc4d1da3,task_GapBS
0xfc4d28b5,IMX183OBClamp.EnableEvent_FW
0xfc4d28bf,IMX183OBClamp.DisableEvent_FW
0xfc4d28c7,IMX183OBClamp.SetDeltaGainThresh_FW
0xfc4d2911,IMX183OBClamp.SetKidsThresh_FW
0xfc4d291d,IMX183OBClamp.SetChOffK_FW
0xfc4e0af7,j_TouchPanelStartPolling_FW
0xfc4e0afb,j_TouchPanelStopPolling_FW
0xfc4e0c7b,task_OhyIntegTask
0xfc4e8429,task_FileWrite
0xfc4e8429,task_FileWriteTask
0xfc4e8eed,GetFocusLensResetPosition_FW
0xfc4e8ef9,GetFocusLensResetDefaultPosition_FW
0xfc4ea0c1,task_Nd
0xfc4ea7e5,get_current_nd_value
0xfc4ea80b,get_nd_value
0xfc504ee3,task_Raw2Ss2YuvTask
0xfc540f01,task_TricEncVTask
0xfc54185d,task_TricEncMsgTask
0xfc54224d,task_TricInitTask
0xfc54294d,task_DvlpCs
0xfc542c35,EF.GetAdjustPreSvOffset_FW
0xfc542c39,EF.GetEFModExamDriveType_FW
0xfc542c45,EF.IsIrisTypeKosaiShibori_FW
0xfc5548d3,task_SMAL_Enumeration
0xfc558f09,task_ImgPlyDC
0xfc559015,task_ImgPlyDCLow
0xfc55c43d,task_AlbumMaker
0xfc55d069,task_SAlbumStillPlayer
0xfc5dd0e7,ClearNFCSystemArea_FW
0xfc5dd21d,ResetNFCSystemArea_FW
0xfc5dd389,WriteNFCUserArea_FW
0xfc5dd8df,ClearNFCOptUnitAssemblyAreaData_FW
0xfc5ddaed,Edet.Delete_FW
0xfc5ddb01,Edet.Create_FW
0xfc5ddb41,EngApp.Delete_FW
0xfc5ddb7f,EngApp.Create_FW
0xfc5e0c25,task_AutoTrimming
0xfc5e18b9,task_FaceScoreTask
0xfc5e2729,MoveIrisToAv_FW
0xfc5e2757,j_GetCurrentAvValue_FW
0xfc5e27d9,MoveIrisFullOpen_FW
0xfc5e27fb,MoveIrisFullClose_FW
0xfc5e281d,ResetIrisPosition_FW
0xfc5e283f,MoveIrisWithTerminatePosition_FW
0xfc5e2861,MoveIrisMechaPositionWithBacklash_FW
0xfc5e2887,MoveIrisMechaPositionWithoutBacklash_FW
0xfc5e28ad,MoveIrisToAvWithoutBacklash_FW
0xfc5e28d7,GetUsableMinAv
0xfc5e28d7,GetUsableMinAv_FW
0xfc5e28e7,j_GetUsableMinAv_FW
0xfc5e28e9,GetUsableMaxAv
0xfc5e28e9,GetUsableMaxAv_FW
0xfc5e28f9,j_GetUsableMaxAv_FW
0xfc5e28ff,j_GetCurrentIrisPosition_FW
0xfc5e2943,ReloadIrisAdjustment_FW
0xfc5e2951,ReloadGetaAdjustment_FW
0xfc5e295b,GetCurrentAvCoefficient_FW
0xfc5e296b,j_GetCurrentAvCoefficient_FW
0xfc5e2971,j_GetIrisPRResetPosition_FW
0xfc5e29a9,File.ClearExifInfo_FW
0xfc5e2a79,File.Delete_AllImg_FW
0xfc5e2abd,File.Create_FW
0xfc5e3791,j_InitializeMechaUnitExeTest_FW
0xfc5e3795,j_TerminateMechaUnitExeTest_FW
0xfc5e3799,j_IsUnitFirmMode_FW
0xfc5e379d,MechaUnRegisterEventProcedure_FW
0xfc5e37e7,Mecha.Create_FW
0xfc5e3841,MechaReset_FW
0xfc5e3849,MechaTerminate_FW
0xfc5e3851,ShowMechaMacro_FW
0xfc5e388f,GetMechaAdjParamData_FW
0xfc5e3af9,DispDev_EnableEventProc
0xfc5e3af9,DispDev_EnableEventProc_FW
0xfc5e3b31,SetSDPwrPort_FW
0xfc5e3b45,j_GetAdVBattBottom_FW
0xfc5e3b49,j_GetAdChValue_FW
0xfc5e3b4d,j_BeepDrive_FW
0xfc5e3b51,j_BeepDriveComp_FW
0xfc5e3b55,j_BeepDriveStop_FW
0xfc5e3b59,j_SetStereoSeparation_FW
0xfc5e3b5d,j_InitializeAudio_FW
0xfc5e3b61,j_VbattGet_FW
0xfc5e3b65,LEDDrive
0xfc5e3b65,LEDDrive_FW
0xfc5e3b99,ShowPhySwStatus_FW
0xfc5e3ba3,SetRawSWCheckMode_FW
0xfc5e3bad,OnPrintPhySw_FW
0xfc5e3bb7,OffPrintPhySw_FW
0xfc5e3bc1,j_GetSwitchStatus_FW
0xfc5e3bc5,ShowSDStatus_FW
0xfc5e3bcf,j_GetSDDetect_FW
0xfc5e3bd3,j_GetSDProtect_FW
0xfc5e3bd7,SetIgnoreAVJACK_FW
0xfc5e3be1,j_GetDialEventId_FW
0xfc5e3be5,j_GetLcdPosition_FW
0xfc5e3be9,j_GetBatteryCoverClose_FW
0xfc5e3bed,j_IsHvSensorExist_FW
0xfc5e3bf1,j_GetDriverInfoEvent_FW
0xfc5e3bf5,GetTimeFromRTC_FW
0xfc5e3c01,EraseSignature_FW
0xfc5e3c09,j_GetPopupOpen_FW
0xfc5e3c0d,Driver.Create_FW
0xfc5e3c0d,Driver_EnableEventProc_FW
0xfc5e3fb1,SetPropertyCase_FW
0xfc5e3fbf,GetPropertyCase_FW
0xfc5e4001,mod_FW
0xfc5e4011,GetDateAndTime_FW
0xfc5e407b,j_Printf_FW
0xfc5e407f,MonSelEvent_FW
0xfc5e4083,j_MemoryChecker_FW
0xfc5e4087,j_VerifyByte_FW
0xfc5e408b,j_SDump_FW
0xfc5e408f,Dump_FW
0xfc5e4099,Dump32_FW
0xfc5e40a5,Poke32_FW
0xfc5e40af,Poke16_FW
0xfc5e40b9,Poke8_FW
0xfc5e40c3,j_Peek32_FW
0xfc5e40c7,j_Peek16_FW
0xfc5e40cb,j_Peek8_FW
0xfc5e40cf,Wait_FW
0xfc5e40d9,j_exec_FW
0xfc5e40dd,ShowAllTaskInfo_FW
0xfc5e40e7,System.Delete_FW
0xfc5e46c5,System.Create_FW
0xfc5e4a89,SS.MoveOpticalZoomToTele_FW
0xfc5e4a95,SS.MoveOpticalZoomToWide_FW
0xfc5e4aa1,PT_MoveOpticalZoomAt
0xfc5e4aa1,SS.MoveOpticalZoomAt_FW
0xfc5e4ab1,SS.MoveDigitalZoomToTele_FW
0xfc5e4abb,SS.MoveDigitalZoomToWide_FW
0xfc5e4ac5,SS.MoveDigitalZoomAt_FW
0xfc5e4ad3,SS.GetDigitalZoomTele_FW
0xfc5e4ae1,j_SS.GetDigitalZoomPosition_FW
0xfc5e4ae5,SS.ChangeZoomSpeed_FW
0xfc5e4af1,SS.DoAFLock_FW
0xfc5e4afb,SS.UnlockAF_FW
0xfc5e4b05,SS.DoAELock_FW
0xfc5e4b0f,SS.UnlockAE_FW
0xfc5e4b19,SS.MFOn_FW
0xfc5e4b23,SS.MFOff_FW
0xfc5e4b2d,SS.Create_FW
0xfc5e4b69,InitializeAdjustmentSystem_FW
0xfc5e4b89,TerminateAdjustmentSystem_FW
0xfc5e4ba9,InitializeAdjustmentFunction_FW
0xfc5e4bbf,FA.Delete_FW
0xfc5e4bcb,FA.Create_FW
0xfc5e4be5,DispDev.Create_FW
0xfc5e4c01,SaveBmpVRAMData_FW
0xfc5e4d99,SavePaletteData_FW
0xfc5e4ff9,Capture.Create_FW
0xfc5e5031,EngineDriver.Create_FW
0xfc5e506d,EngApp.CreatePub_FW
0xfc5e50fb,AdditionAgentRAM_FW
0xfc5ebf37,Ltkids.SetCapThrough_FW
0xfc5ebf45,Ltkids.SetLiveThrough_FW
0xfc5ebf53,Ltkids.SetCapRtsThrough_FW
0xfc5ebf61,Ltkids.SetLiveRtsThrough_FW
0xfc5ebf6f,Ltkids.SetEventFlg_FW
0xfc5ebf8f,Ltkids.SetIsoSpeed_FW
0xfc5ec281,GetAdjAcceleration_FW
0xfc5ec28d,ReloadProtractorAdjustment_FW
0xfc5ec2c3,GetAdjProtractorAngle_FW
0xfc5ec2c7,CalculateProtractorATanData_FW
0xfc5ec2d5,GetAccelerometerTemperature_FW
0xfc5ec2d9,GetAdjAccelerationDataWithCorrect_FW
0xfc5ec2dd,j_GetAoriAccelerationData_FW
0xfc5ec379,CheckTPRawLevel_FW
0xfc5ec381,ExecuteAvs_FW
0xfc5ec38d,CheckAvs_FW
0xfc5ec3f7,GetEFuseData_FW
0xfc5ec401,LoadAvsAdjData_FW
0xfc5ec405,j_InitializeWLAN_FW
0xfc5ec409,j_TerminateWLAN_FW
0xfc5ec425,JoinWLANNetwork_FW
0xfc5ec509,PingWLANNetwork_FW
0xfc5ec515,j_LeaveWLANNetwork_FW
0xfc5ec519,StartFAWLANService_FW
0xfc5ec51f,StopFAWLANService_FW
0xfc5ec52d,GetWLANMACAddress_FW
0xfc5ec547,WriteWLANMACAddressToFROM_FW
0xfc5ec5ad,GetWLANEepromNum_FW
0xfc5ec5cf,GetCurrentCcdTemp_FW
0xfc5ec5e5,j_GetCurrentCcdTemp_FW
0xfc5ec5e7,GetCurrentOptTemp_FW
0xfc5ec60b,j_GetCurrentOptTemp_FW
0xfc5ec60d,GetCameraInformationData_FW
0xfc5ec631,j_GetCameraInformationData_FW
0xfc5ec633,GetTotalShootCount_FW
0xfc5ec6b5,j_GetTotalShootCount_FW
0xfc5ec921,InitializeSoundDevForRecEvent_FW
0xfc5ec92f,SetNCParamForAdjEvent_FW
0xfc5ec93d,RecSoundForNCAdjEvent_FW
0xfc5ec951,SetNoiseAddParamForZoomNCEvent_FW
0xfc5ec959,ReloadZoomNCProfileEvent_FW
0xfc5ec961,SetZoomNCEffectiveEvent_FW
0xfc5ec96f,ClearSoundDevForRecEvent_FW
0xfc5ec989,GetModeDialState_FW
0xfc5ec9fd,GetModeDialName_FW
0xfc5eca0b,IsSDDetect_FW
0xfc5eca45,j_IsSDDetect_FW
0xfc5eca4b,InitializeNFCAdjustment_FW
0xfc5eca55,j_ClearNFCSystemArea_FW
0xfc5eca5d,WriteNFCSystemArea_FW
0xfc5eca6b,j_WriteNFCUserArea_FW
0xfc5eca83,WriteNFCUserAreaWithInitNFCAdj_FW
0xfc5eca8b,j_ResetNFCSystemArea_FW
0xfc5ecad9,GetNFCSystemAreaData_FW
0xfc5ecb2f,GetNFCUserAreaData_FW
0xfc5ecba5,GetNFCOptUnitAssemblyAreaData_FW
0xfc5ecbcb,WriteNFCOptUnitAssemblyAreaData_FW
0xfc5ecbd7,j_ClearNFCOptUnitAssemblyAreaData_FW
0xfc5ecbe3,WriteNFCSystemAreaForOptUnitAssembly_FW
0xfc5ecc1b,j_WriteNFCSystemAreaForOptUnitAssembly_FW
0xfc5ecc39,GetBatteryVoltage_FW
0xfc5ecc4d,j_GetBatteryVoltage_FW
0xfc5ecc4f,StartDisplayHDMIForFAMode_FW
0xfc5ecc8f,StopDisplayHDMIForFAMode_FW
0xfc5ecc9d,j_StartDisplayHDMIForFAMode_FW
0xfc5ecc9f,j_StopDisplayHDMIForFAMode_FW
0xfc5ed373,GetFocusLensCurrentPosition_FW
0xfc5ed377,GetFocusLensCurrentPositionWithMotor_FW
0xfc5ed37b,GetFocusLensDriveVoltage_FW
0xfc5ed3bd,GetFocusLensHoldVoltage_FW
0xfc5ed3eb,GetFocusLensGainSlope_FW
0xfc5eda85,task_MechaShutter
0xfc5ee327,GetNdMoveTime_FW
0xfc5fed55,Ltkids.IsChangeParamTest_FW
0xfc5ffbfd,GetFocusLensResetVoltage_FW
0xfc60017b,GetZoomAmpereLimitOffTime_FW
0xfc636ddd,task_ITCMainTask
0xfc6593ad,memShow_FW
0xfc6598d3,EFUSE_ReadData_FW
0xfc65becd,DevelopTool.DevelopTest_FW
0xfc65c22b,LiveImageTool.StartEVF_FW
0xfc65c231,LiveImageTool.StartEVFFocusJet_FW
0xfc65c237,LiveImageTool.StartEVFMF_FW
0xfc65c23d,LiveImageTool.StartEVFMovFULLHD_FW
0xfc65c24b,LiveImageTool.StartEVFMovFULLHD30P_FW
0xfc65c259,LiveImageTool.StartEVFMovFULLHD60P_FW
0xfc65c267,LiveImageTool.StartEVFMovHD_FW
0xfc65c275,LiveImageTool.StartEVFMovHD60P_FW
0xfc65c283,LiveImageTool.StartEVFMovQVGA_FW
0xfc65c28f,LiveImageTool.StartEVFMovQVGA_HS_FW
0xfc65c293,LiveImageTool.StartEVFMovVGA_FW
0xfc65c2a1,LiveImageTool.StartEVFMovVGA_HS_FW
0xfc65c2af,LiveImageTool.StopEVF_FW
0xfc65c2b9,LiveImageTool.DzoomTele_FW
0xfc65c2cb,LiveImageTool.DzoomWide_FW
0xfc65c2dd,LiveImageTool.StopDzoom_FW
0xfc65c2e7,LiveImageTool.Pause_FW
0xfc65c2eb,LiveImageTool.Resume_FW
0xfc65c2ef,LiveImageTool.ChangeDzoom_FW
0xfc65c313,j_LiveImageTool.GetDzoomPosition_FW
0xfc65c317,LiveImageTool.Jump_FW
0xfc65c325,LiveImageTool.Dister_FW
0xfc65c36d,HdmiSetOutputResolusion_FW
0xfc65c36f,HdmiChange5VShortState_FW
0xfc65c375,HecHdmiCecPhysicalCheckForScript_FW
0xfc65c3cd,HdmiAudioSampleFreq_FW
0xfc65c3cf,LockHdmiState_FW
0xfc65c3d1,EdidView_FW
0xfc65c3d3,EdidDump_FW
0xfc65c3d5,j_CecRegDump_FW
0xfc65c3d9,j_HdmiRegDump_FW
0xfc65e5ad,GetCurrentAdjImgDriveType_FW
0xfc65e5b9,GetCurrentImgDrvMode_FW
0xfc65e5d3,ConvertAEIntegDrvTypeToAdjImgDriveType_FW
0xfc65e5fd,ConvertAdjImgDrvModeToAdjImgDriveType_FW
0xfc65e639,ChangeAdjImgDrvMode_FW
0xfc65e659,ChangeAEIntegDrvTypeToAdjImgDriveType_FW
0xfc65e695,SetFaexeEventTableActivation_FW
0xfc65e7a7,GetZoomLensResetPlus_FW
0xfc65e925,j_GetCurrentZoomLensPosition_FW
0xfc65e925,j_GetCurrentZoomPosition_FW
0xfc65e92d,j_GetCurrentZoomLensPoint_FW
0xfc65e92d,j_GetCurrentZoomPoint_FW
0xfc65e931,GetCurrentZoomLensDirection_FW
0xfc65e945,j_GetCurrentZoomLensDirection_FW
0xfc65e94b,ReloadZoomAdjustment_FW
0xfc65e9c5,j_GetZoomTelePoint_FW
0xfc65e9cd,j_GetZoomResetSensorLevel_FW
0xfc65ea01,j_GetZoomDrivingTime_FW
0xfc65eac9,ClearZoomDriveParam_FW
0xfc65ed29,j_IsZoomLensOutSidePosition_FW
0xfc65ed33,StopZoomEmergency_FW
0xfc65ed3b,SetZoomResetState_FW
0xfc65ed6d,ResetZoom_FW
0xfc65ed8f,ResetZoomToFirst_FW
0xfc65ed8f,ResetZoomToFirstPoint_FW
0xfc65edb1,ResetZoomToTerminate_FW
0xfc65edb1,ResetZoomToTerminatePoint_FW
0xfc65edd3,MoveZoomLensToPosition_FW
0xfc65edd3,MoveZoomPosition_FW
0xfc65edf9,MoveZoomLensToPoint_FW
0xfc65edf9,MoveZoomPoint_FW
0xfc65ee1f,MoveComputerZoomToPoint_FW
0xfc65ee45,MoveComputerZoomToPointWithSpeed_FW
0xfc65ee71,ResetZoomToAdjFirstPoint_FW
0xfc65ee9f,ResetZoomToAdjTerminatePoint_FW
0xfc65eecd,SetZoomLensEncoderPowerControl_FW
0xfc65eed9,SetZoomSpeedMode_FW
0xfc65ef25,GetZoomDefaultDriveParam_FW
0xfc65ef3b,SetZoomDriveParam_FW
0xfc65ef61,GetZoomResetDriveParam_FW
0xfc65ef75,SetZoomResetDriveParam_FW
0xfc65ef9b,GetZoomNormalDriveParam_FW
0xfc65efaf,SetZoomNormalDriveParam_FW
0xfc65efd5,GetZoomDefaultCommonDriveParam_FW
0xfc65eff5,SetZoomCommonDriveParam_FW
0xfc65f055,ClearZoomCommonDriveParam_FW
0xfc65f075,j_GetZoomLensResetPlus_FW
0xfc65f0e1,MoveZoomLensToMechaEnd_FW
0xfc65f2fb,MoveZoomLensToPositionByManual_FW
0xfc65f387,SetZoomAmpereLimitOffTimeForAdjustZoom_FW
0xfc65f391,j_GetZoomPiDefaultPosition_FW
0xfc65f395,j_GetZoomPiChangePosition_FW
0xfc65f8e3,InitializeMechaUnitExeTest_FW
0xfc65f8ed,TerminateMechaUnitExeTest_FW
0xfc65f9b9,MoveCZToPoint_FW
0xfc65f9df,MoveCZToWide_FW
0xfc65f9ff,MoveCZToTele_FW
0xfc65fa1f,MoveCZToPointByOVF_FW
0xfc65fa41,StopCZ_FW
0xfc65fa5f,GetCZStillHighSpeed_FW
0xfc65fa63,GetCZStillLowSpeed_FW
0xfc65fa67,GetCZMovieHighSpeed_FW
0xfc65fa6b,GetCZMovieLowSpeed_FW
0xfc65fa6f,GetCZStillDefaultSpeed_FW
0xfc65fa73,GetCZMovieDefaultSpeed_FW
0xfc65fa77,IsAvailableCZSpeed_FW
0xfc65fa7d,GetCZFramingAssistStillSpeed_FW
0xfc65fa83,GetCZFramingAssistAutoHighSpeed_FW
0xfc65fa89,GetCZFramingAssistAutoLowSpeed_FW
0xfc65fb21,GetFocusLensIrisCoefficient_FW
0xfc65fb33,ResetFocusLens_FW
0xfc65fb6f,EscapeFocusLens_FW
0xfc65fbbf,MoveFocusLensToTerminate_FW
0xfc65fbfb,MoveFocusLensToTerminateWithKeepExciting_FW
0xfc65fc37,MoveFocusLensWithDistance_FW
0xfc65fca9,MoveFocusLensWithPosition_FW
0xfc65fd21,MoveFocusLensWithPositionWithNonStepOut_FW
0xfc65fd99,MoveFocusLensWithFinalPosition_FW
0xfc65fe19,MoveFocusLensWithPositionImmediateReturn_FW
0xfc65fe59,MoveFocusLensWithPositionWithoutBacklash_FW
0xfc65fee7,MoveFocusLensWithFinalPositionWithNonStepOutWithoutBacklash_FW
0xfc65ff5f,MoveFocusLensWithFinalPositionWithoutBacklash_FW
0xfc65ffd7,MoveFocusLensTowardPosition_FW
0xfc660057,MoveFocusLensWithPositionWithCompBacklash_FW
0xfc6600e7,MoveFocusActuator_FW
0xfc66018b,SetFocusActuatorHoldVoltage_FW
0xfc660197,SetFocusActuatorSlopeHoldVoltage_FW
0xfc6601a7,SetFocusLensSpeed_FW
0xfc6601f5,SetFocusLensSpeedTable_FW
0xfc660263,SetFocusLensAccelerationTable_FW
0xfc6602df,SetFocusLensSlowdownTable_FW
0xfc660345,SetFocusLensDefaultPullOutTable_FW
0xfc660351,SetFocusLensCondition_FW
0xfc6603d5,ShowFocusLensCurrentSpeedTable_FW
0xfc660415,SetFocusLensMaxSpeedLimit_FW
0xfc66041f,CancelFocusLensMaxSpeedLimit_FW
0xfc660429,EnableFocusLens_FW
0xfc66045b,DisableFocusLens_FW
0xfc660491,EnableFocusLensSilentMode_FW
0xfc6604af,DisableFocusLensSilentMode_FW
0xfc6604cd,j_GetFocusLensCurrentPosition_FW
0xfc6604d1,j_GetFocusLensCurrentPositionWithMotor_FW
0xfc6604d5,j_GetFocusLensResetPosition_FW
0xfc6604d9,j_GetFocusLensResetDefaultPosition_FW
0xfc6604dd,GetFocusLensSubjectDistance_FW
0xfc6604ef,GetFocusLensSubjectDistanceNumber_FW
0xfc6604f3,GetFocusLensPositionRatio_FW
0xfc6604f7,GetFocusLensLoadSubjectDistance_FW
0xfc66050d,ChangeFocusDistanceToPosition_FW
0xfc660513,GetFocusLensLoadCamTable_FW
0xfc660535,j_GetFocusLensDriveVoltage_FW
0xfc660539,SetFocusLensDriveVoltage_FW
0xfc66055d,j_GetFocusLensHoldVoltage_FW
0xfc660561,SetFocusLensHoldVoltage_FW
0xfc660585,j_GetFocusLensResetVoltage_FW
0xfc660589,j_GetFocusLensGainSlope_FW
0xfc66058d,SetFocusLensGainSlope_FW
0xfc6605b1,GetFocusLensMoveMaxPosition_FW
0xfc6605c1,GetFocusLensMoveMinPosition_FW
0xfc6605d1,j_GetFocusLensPullInMaxSpeed_FW
0xfc6605d5,GetFocusLensMoveRangeOfTelePoint_FW
0xfc660615,FocusLensStopQuickly_FW
0xfc660665,GetFocusLensCarrierFrequency_FW
0xfc660679,SetFocusLensCarrierFrequency_FW
0xfc66069d,MoveFocusLensChangeCarrierFrequency_FW
0xfc6607e9,j_GetFocusLensAvCoefficient_FW
0xfc6607ed,ShowFocusLensIrisCoefficientCheckSum_FW
0xfc660851,ChangeFocusLensStopSettingType_FW
0xfc66085d,j_GetFocusLensFinalStopSettingTime_FW
0xfc6608dd,ResetIris_FW
0xfc6608fb,MoveIrisToStandbyPosition_FW
0xfc660919,MoveIrisWithAv
0xfc660919,MoveIrisWithAv_FW
0xfc66093b,MoveIrisWithAvAndSpeed_FW
0xfc660963,MoveIrisToPositionWithBacklash_FW
0xfc660985,MoveIrisToTerminatePosition_FW
0xfc6609a3,MoveIrisToFullOpen_FW
0xfc6609c1,MoveIrisToFullClose_FW
0xfc6609df,j_GetIrisAv_FW
0xfc6609e3,j_GetIrisCurrentPosition_FW
0xfc6609e7,MoveIrisWithAvWithoutBacklash_FW
0xfc660a09,MoveIrisToPositionWithoutBacklash_FW
0xfc660a2b,MoveIrisWithAvAndSpeedWithoutBacklash_FW
0xfc660a53,EnableIris_FW
0xfc660a6d,DisableIris_FW
0xfc660a87,j_GetIrisSpecOpenPosition_FW
0xfc660a8b,j_GetIrisSpecClosePosition_FW
0xfc660a8f,j_GetIrisDriveVoltage_FW
0xfc660a93,SetIrisDriveVoltage_FW
0xfc660a9f,j_GetIrisDriveVoltageLow_FW
0xfc660aa3,SetIrisDriveVoltageLow_FW
0xfc660aaf,j_GetIrisSettingWaitVoltage_FW
0xfc660ab3,SetIrisSettingWaitVoltage_FW
0xfc660abf,j_GetIrisHoldVoltage_FW
0xfc660ac3,SetIrisHoldVoltage_FW
0xfc660acf,ChangeIrisSpeed_FW
0xfc660ae9,MoveIrisWithAvAndAvSpeed_FW
0xfc660b11,MoveIrisWithAvAndAvSpeedWithoutBacklash_FW
0xfc660b39,GetIrisAvHysteresisOfPosition_FW
0xfc660b81,MoveLensToFirstPoint_FW
0xfc660bb7,MoveLensToTerminatePoint_FW
0xfc660bdf,j_IsLensOutside_FW
0xfc660be3,j_GetLensErrorStatus_FW
0xfc660be7,j_GetFocusStartZoomPosition_FW
0xfc660beb,EnableLensError_FW
0xfc660bf5,DisableLensError_FW
0xfc660bff,SetLensOutsideFlag_FW
0xfc660c0b,ShowMechaCondition_FW
0xfc660c69,j_GetMechaCondition_FW
0xfc660d65,WriteMechaLogToRom_FW
0xfc660d6f,WriteMechaLogToFile_FW
0xfc660d89,EnableMechaCircuit_FW
0xfc660d93,DisableMechaCircuit_FW
0xfc660d9d,EnableFocusPiCircuit_FW
0xfc660da7,DisableFocusPiCircuit_FW
0xfc660db1,j_GetFocusPiSensorLevel_FW
0xfc660db5,EnableZoomPiCircuit_FW
0xfc660dbf,DisableZoomPiCircuit_FW
0xfc660dc9,j_GetZoomPiSensorLevel_FW
0xfc660dcd,EnableZoomEncoderCircuit_FW
0xfc660dd7,DisableZoomEncoderCircuit_FW
0xfc660de1,EnableIrisPiCircuit_FW
0xfc660deb,DisableIrisPiCircuit_FW
0xfc660df5,j_GetIrisPiSensorLevel_FW
0xfc660df9,SendMechaCircuitData_FW
0xfc660e0f,ReceiveMechaCircuitData_FW
0xfc660e27,ReceiveMechaCircuitDataAll_FW
0xfc660e45,EnableResetGpio_FW
0xfc660e55,DisableResetGpio_FW
0xfc660e61,MonSelToCamif_FW
0xfc660ebd,MonSelCamifFunction_FW
0xfc660ecb,MonSelCamifFunctionPlus_FW
0xfc660f2b,MonSelToCdomain_FW
0xfc660f87,MonSelCdomainFunction_FW
0xfc660f91,MonSelToClkgen_FW
0xfc660fed,MonSelClkgenFunction_FW
0xfc66106d,CloseMechaShutter_FW
0xfc66108b,OpenMechaShutter_FW
0xfc6610a9,CloseMechaShutterWithTiming_FW
0xfc6610d3,SetMechaShutterCloseDacSetting_FW
0xfc6610e3,GetMechaShutterCloseDacSetting_FW
0xfc6610ff,SetMechaShutterOpenDacSetting_FW
0xfc66110f,GetMechaShutterOpenDacSetting_FW
0xfc66112b,SetMechaShutterWaitTimeSetting_FW
0xfc661137,j_GetMechaShutterStatus_FW
0xfc66113b,j_GetMechaShutterMoveTime_FW
0xfc66113f,SetMechaShutterMoveTime_FW
0xfc6611b1,TurnOnNdFilter_FW
0xfc6611cb,TurnOffNdFilter_FW
0xfc6611e5,TurnOnNdFilterWithTiming_FW
0xfc66120b,TurnOffNdFilterWithTiming_FW
0xfc661231,j_GetNdMoveTime_FW
0xfc661235,SetNdMoveTime_FW
0xfc661241,SetNdDacSetting_FW
0xfc66125d,EnableZoomLensEncoderPowerControl_FW
0xfc661267,DisableZoomLensEncoderPowerControl_FW
0xfc6612cd,ResetZoomLens_FW
0xfc6612ed,ResetZoomLensToFirst_FW
0xfc66131b,ResetZoomLensToTerminate_FW
0xfc661349,MoveZoomLensWithPoint
0xfc661349,MoveZoomLensWithPoint_FW
0xfc66137b,MoveZoomLensWithPointImmediateReturn_FW
0xfc66138d,WaitMoveZoomLensComplete_FW
0xfc6613ab,MoveZoomLensWithPosition_FW
0xfc6613dd,MoveZoomLensToTerminatePosition_FW
0xfc66140b,MoveZoomLensToMechaEdge_FW
0xfc661455,SetZoomLensSpeedMode_FW
0xfc661461,GetZoomLensDriveAmpereDac_FW
0xfc661467,SetZoomLensDriveAmpereDac_FW
0xfc661477,EnableZoomLensSpeedControl_FW
0xfc661483,DisableZoomLensSpeedControl_FW
0xfc66148f,EnableZoomLensElectricControl_FW
0xfc66149b,DisableZoomLensElectricControl_FW
0xfc6614a7,j_GetZoomLensCurrentPoint_FW
0xfc6614ab,j_GetZoomLensCurrentPosition_FW
0xfc6614af,j_GetZoomLensTelePoint_FW
0xfc6614b3,j_GetZoomLensMechaEdgePosition_FW
0xfc6614b7,ChangeZoomLensPointToMagnification_FW
0xfc6614bf,ChangeZoomLensMagnificationToPoint_FW
0xfc6614c7,SetZoomAmpereLimitOffTime_FW
0xfc6614d5,j_GetZoomAmpereLimitOffTime_FW
0xfc6614d9,SetZoomLensMoveTimeLimit_FW
0xfc6614e5,j_GetZoomLensMinimumSpeedMoveLimitTime_FW
0xfc6614e9,SetZoomLensSpeedChangeMaxTime_FW
0xfc6614f3,SetZoomLensSpeedChangeRate_FW
0xfc661505,MoveZoomLensWithPositionAndSpeedChange_FW
0xfc661741,DcmWowFla_FW
0xfc6617bf,DcmWowFlaForSD_FW
0xfc661981,DcmTfMeasure_FW
0xfc6619fd,DcmTfMeasureForSD_FW
0xfc661b91,ISAutoCenter_FW
0xfc661b9b,StartISLocalAdjust_FW
0xfc661ba5,j_StartISLocalHallAdjust_FW
0xfc661ba9,j_StartISLocalAutoCenter_FW
0xfc661bad,ISMoveToMechaEdgeOPEN_FW
0xfc661bbb,ISChangeOPENtoCLOSE_FW
0xfc661bc5,SetISDriveAaxis_FW
0xfc661bd3,SetISDriveBaxis_FW
0xfc661be1,SetISHallOffsetAaxis_FW
0xfc661bef,SetISHallOffsetBaxis_FW
0xfc661bfd,SetISHallOffsetbyAxisType_FW
0xfc661c11,SetISHallGainAaxis_FW
0xfc661c1f,SetISHallGainBaxis_FW
0xfc661c2d,SetISHallGainbyAxisType_FW
0xfc661c41,GetISDriveAaxis_FW
0xfc661c55,GetISDriveBaxis_FW
0xfc661c69,GetISPositionAaxis_FW
0xfc661c7d,GetISPositionBaxis_FW
0xfc661c91,GetISHallOffsetAaxis_FW
0xfc661ca5,GetISHallOffsetBaxis_FW
0xfc661cb9,GetISHallOffsetbyAxisType_FW
0xfc661cd5,GetISHallOffsetDacBitNum_FW
0xfc661ce9,GetISHallGainAaxis_FW
0xfc661cfd,GetISHallGainBaxis_FW
0xfc661d11,GetISHallGainbyAxisType_FW
0xfc661d2d,SetISControlType_FW
0xfc661d3b,FixISStatus_FW
0xfc661d49,SetISStillStatus_FW
0xfc661d53,SelectPositionSignal_FW
0xfc661d61,ClearISIComponent_FW
0xfc661d6b,GetISHallOut1Amp_FW
0xfc661d85,GetISHallOut2Amp_FW
0xfc661d9f,ISMDStart_FW
0xfc661da9,ISMDStop_FW
0xfc661db3,EnableISDriveError_FW
0xfc661dbd,DisableISDriveError
0xfc661dbd,DisableISDriveError_FW
0xfc661dc7,SetISHallAmpFirstGain_FW
0xfc661dd5,GetISHallAmpFirstGain_FW
0xfc661df1,StartLoopGainCalc_FW
0xfc661e11,GetLoopGainCalcData_FW
0xfc661e47,SetLoopGainAdjValue_FW
0xfc661e59,GetLoopGainAdjValue_FW
0xfc661e6f,StopLoopGainCalc_FW
0xfc661e79,GetISCrossTalkComp_FW
0xfc661eb5,SetISCrossTalkCompA1_FW
0xfc661ec3,SetISCrossTalkCompA2_FW
0xfc661ed1,SetISCrossTalkCompB1_FW
0xfc661edf,SetISCrossTalkCompB2_FW
0xfc661eed,SetDISModeParam_FW
0xfc661efb,GetDISModeParamType_FW
0xfc661f0f,DisableDISModeChange_FW
0xfc661f19,EnableDISModeChange_FW
0xfc661f23,SetISCenterShiftA_FW
0xfc661f31,SetISCenterShiftB_FW
0xfc661f3f,GetISCenterShiftA_FW
0xfc661f51,GetISCenterShiftB_FW
0xfc661f63,SetPoweredISON_FW
0xfc661f6f,SetPoweredISOFF_FW
0xfc661f7b,ISFixedPWMON_FW
0xfc661f87,ISFixedPWMOFF_FW
0xfc661f93,SetFixedPWMOutA_FW
0xfc661fa1,SetFixedPWMOutB_FW
0xfc661faf,j_GetFixedPWMOutA_FW
0xfc661fb3,j_GetFixedPWMOutB_FW
0xfc661fb7,SetISPWMFreqAndFixed_FW
0xfc661fc3,SetISPWMFrequency_FW
0xfc661fcf,j_GetISPWMFrequency_FW
0xfc661fd3,j_GetISPWMPeriod_FW
0xfc661fd7,StartISPWMFreqChangeTest_FW
0xfc661fe1,StopISPWMFreqChangeTest_FW
0xfc661feb,SetWaitTime_FW
0xfc661ff9,GetWaitTime_FW
0xfc6621f5,SetSlowWaitTime_FW
0xfc662203,GetSlowWaitTime_FW
0xfc662217,SetMoveEdgeWaitTime_FW
0xfc662225,GetMoveEdgeWaitTime_FW
0xfc662239,GetDisSupportStatus_FW
0xfc66223d,GetISCenterDrivebyAxisType_FW
0xfc662259,SetISGyroGainAaxis_FW
0xfc662267,SetISGyroGainBaxis_FW
0xfc662275,SetISGyroGainbyAxisType_FW
0xfc662289,GetISGyroGainAaxis_FW
0xfc66229d,GetISGyroGainBaxis_FW
0xfc6622b1,GetISGyroGainbyAxisType_FW
0xfc6622cd,j_GetGyroDataPitch_FW
0xfc6622d1,j_GetGyroDataYaw_FW
0xfc6622d5,SetGyro10BitDACPitch_FW
0xfc6622e3,SetGyro10BitDACYaw_FW
0xfc6622f1,j_GetGyro10BitDACPitch_FW
0xfc6622f5,j_GetGyro10BitDACYaw_FW
0xfc6622f9,SetGyroHPFINOffsetPitch_FW
0xfc662307,SetGyroHPFINOffsetYaw_FW
0xfc662315,j_GetGyroHPFINOffsetPitch_FW
0xfc662319,j_GetGyroHPFINOffsetYaw_FW
0xfc66231d,j_GetGyroHPFINPitch_FW
0xfc662321,j_GetGyroHPFINYaw_FW
0xfc662325,SetISTuningFlag_FW
0xfc662333,SetGyroFilterChargeStart_FW
0xfc662337,SetGyroFilterChargeStop_FW
0xfc66233b,GetGyroFilterCharge_FW
0xfc66234f,GetISFirmVersion_FW
0xfc662369,GetMechaDSPVersion_FW
0xfc662383,GetISParamVersion_FW
0xfc66239d,SetZoomPosition_FW
0xfc6623ab,ISControlStart_FW
0xfc6623b5,ISControlStop_FW
0xfc6623bf,ISPanModeStart_FW
0xfc6623c9,ISPanModeStop_FW
0xfc6623d3,ChangeParallelMode_FW
0xfc6623e1,SetLPFParallelBest_FW
0xfc6623f5,GetLPFParallelBest_FW
0xfc662417,SetISHPFCutoff_FW
0xfc662425,ClearISZData_FW
0xfc66242f,SetISLPFAaxis_FW
0xfc66243d,SetISLPFBaxis_FW
0xfc66244b,EnableISAutoGyroOffset_FW
0xfc662455,DisableISAutoGyroOffset_FW
0xfc66245f,SetISAdjData_FW
0xfc662469,EnableMacroIS_FW
0xfc662473,DisableMacroIS_FW
0xfc66247d,StartMacroISContiMode_FW
0xfc662487,StartMacroISAdjust_FW
0xfc662491,StopMacroISAdjust_FW
0xfc66249b,GetMacroISEstimRadiusA_FW
0xfc6624ad,GetMacroISEstimRadiusB_FW
0xfc6624bf,SetISFocusLensDistance_FW
0xfc6624c9,GetMacroISGainA_FW
0xfc6624db,GetMacroISGainB_FW
0xfc6624ed,SetMacroISGainA_FW
0xfc6624fb,SetMacroISGainB_FW
0xfc662509,GetMacroISAngleAndVelocityA_FW
0xfc66252b,GetMacroISAngleAndVelocityB_FW
0xfc66254d,GetAccelX_atMechaCpu_FW
0xfc66255f,GetAccelY_atMechaCpu_FW
0xfc662571,GetAccelZ_atMechaCpu_FW
0xfc662583,GetAccelX_Raw_atMechaCpu_FW
0xfc662595,GetAccelY_Raw_atMechaCpu_FW
0xfc6625a7,GetAccelZ_Raw_atMechaCpu_FW
0xfc6625b9,MechaCPUMemoryDump_FW
0xfc6625cb,MechaCPUMemoryWrite_FW
0xfc6625e1,ISMemoryWrite_FW
0xfc66281d,ISActive_FW
0xfc662829,StartImStEventProc_FW
0xfc66286d,GetGyroDataRoll_FW
0xfc662881,SetGyro10BitDACRoll_FW
0xfc66288f,GetGyro10BitDACRoll_FW
0xfc6628a3,SetGyroHPFINOffsetRoll_FW
0xfc6628b1,GetGyroHPFINOffsetRoll_FW
0xfc6628c5,GetGyroHPFINRoll_FW
0xfc662bb7,MemoryChecker_FW
0xfc662be9,VerifyByte_FW
0xfc662ca1,GetDramManufactureId_FW
0xfc662ca9,GetDramRevision_FW
0xfc662cb1,GetDramRfu_FW
0xfc662cb9,GetDramDensity_FW
0xfc662cc1,GetDramTypeError_FW
0xfc662e37,SDump_FW
0xfc662f69,FreeMemory_FW
0xfc662f6f,AllocateMemory_FW
0xfc662f81,Peek32_FW
0xfc662f85,Peek16_FW
0xfc662f8b,Peek8_FW
0xfc662f91,GetSystemTime
0xfc662f91,GetSystemTime_FW
0xfc662f9d,exec_FW
0xfc663061,MakeBootDisk_FW
0xfc66306d,MakeScriptDisk_FW
0xfc6637ed,StopCaptureDrive_FW
0xfc663faf,CancelImageDrive_FW
0xfc664041,StartCaptureDrive_FW
0xfc664045,CaptureWithParam_FW
0xfc66406d,ChangeImageDrive_FW
0xfc664079,GetCrwImageInfo_FW
0xfc6640d7,GetRawBufferAdd_FW
0xfc6640f1,ActivateImageDrive_FW
0xfc664123,QuietImageDrive_FW
0xfc664147,j_ClearImageDrive_FW
0xfc66414b,GetCrwInfoData_FW
0xfc664153,DoMemToMemDarkSubtraction_FW
0xfc664157,SetSafImageReadOutType_FW
0xfc664159,SetSafImagePredictMode_FW
0xfc66415d,SetSafImageWindowHArea_FW
0xfc664161,EnableHeadDirectCapturePath_FW
0xfc664163,DisableHeadDirectCapturePath_FW
0xfc664165,SetLtkidsCorrectThroughMode_FW
0xfc664167,SetLtkidsRealtimeCorrectThroughMode_FW
0xfc664169,SetSafPPPBypassMode_FW
0xfc66416b,SetSafFPGABypassMode_FW
0xfc66416d,CorrectMvFrMem2MemAfterDefMark_FW
0xfc664171,SetLvMagSkipNum_FW
0xfc664175,SetLvMagCenterWindow_FW
0xfc664179,GetLvMagWindowInfo_FW
0xfc664275,ConvertTvToExposureTime_FW
0xfc66428b,j_GetCurrentExposureTime_FW
0xfc664297,j_GetCurrentShutterSpeed_FW
0xfc6642b5,SetShutterSpeedWithMecha_FW
0xfc6642ed,SetShutterSpeed_FW
0xfc66431f,GetUserSetShutterSPeed_FW
0xfc66432b,GetShutterSpeedRegularMaxLimit_FW
0xfc66433b,j_GetShutterSpeedRegularMaxLimit_FW
0xfc66433d,GetShutterSpeedRegularMinLimit_FW
0xfc66434d,j_GetShutterSpeedRegularMinLimit_FW
0xfc664369,GetFrameRateWithApex_FW
0xfc6643eb,GetExStrobeID_FW
0xfc6643f3,IsExStrobeChargeComp_FW
0xfc6643f9,SetExStrobeMode_FW
0xfc6643ff,CancelExStrobeMode_FW
0xfc664407,ReloadEfAdjustment_FW
0xfc664433,ChargeStrobe_FW
0xfc664455,ChargeStrobeForFA_FW
0xfc664483,StopStrobeChargeForFA_FW
0xfc664497,ExecuteInternalPreFlash_FW
0xfc6645d7,ShowCurrentExp_FW
0xfc664605,SetAE_ShutterSpeed
0xfc664605,SetAE_ShutterSpeed_FW
0xfc664677,FocusAEWithCompensation_FW
0xfc6646c5,SetAE_CdsGainValue_FW
0xfc6646eb,FixAEWithCompensation_FW
0xfc664729,SetAdj_AEMode_FW
0xfc664765,CancelAdj_AEMode_FW
0xfc66478b,PreFixAE_FW
0xfc664883,AfAEWithAperturePriority_FW
0xfc6648b1,AdjAEWithAperturePriority_FW
0xfc6648e3,SleepAE_FW
0xfc664a61,AfAEWithCompensation_FW
0xfc664b01,GetVideoOutType_FW
0xfc664b43,SwitchOffDisplay_FW
0xfc664b69,SwitchOnDisplay_FW
0xfc664b73,j_GetVideoOutType_FW
0xfc664ba1,SetVideoOutType_FW
0xfc664bad,IsEVFDrive_FW
0xfc664bc5,j_IsEVFDrive_FW
0xfc664beb,StopEVFDrive_FW
0xfc664e19,StartEVFDriveWithMode_FW
0xfc664e41,StartEVFDrive_FW
0xfc664e79,IsEvfDriveMode_FW
0xfc6651bd,GetSumYOfVRAMCenterLine_FW
0xfc665201,j_GetVRAMHPixelsSize_FW
0xfc665209,j_GetVRAMVPixelsSize_FW
0xfc665211,StopContinuousVRAMData_FW
0xfc665265,GetContinuousVRAMData_FW
0xfc66570d,GetPixelsOfViewangle_FW
0xfc66576b,GetContinuousVRAMDataWithRingBuffer_FW
0xfc6657c9,j_GetMovieJpegVRAMHPixelsSize_FW
0xfc6657d1,j_GetMovieJpegVRAMVPixelsSize_FW
0xfc66581f,GetContinuousMovieJpegVRAMData_FW
0xfc665869,ChangeDistortionSetForLiveImage_FW
0xfc665881,ChangeElectronicRollISSetting_FW
0xfc665aab,Bat_VIN_FW
0xfc665aab,SetInputVoltage_FW
0xfc665ab7,Bat_Save_FW
0xfc665ab7,SaveBatSenseOffsetAdjustmentTable_FW
0xfc665ac1,SetImageMode_FW
0xfc665ac5,CalcLowBatteryOffsetValue_FW
0xfc665ae1,SetDate_FW
0xfc665b69,SetYear_FW
0xfc665ba1,SetMonth_FW
0xfc665bd5,SetDay_FW
0xfc665c0f,SetHour_FW
0xfc665c47,SetMinute_FW
0xfc665c7f,SetSecond_FW
0xfc665cb7,GetYear_FW
0xfc665cd3,GetMonth_FW
0xfc665ceb,GetDay_FW
0xfc665d01,GetHour_FW
0xfc665d17,GetMinute_FW
0xfc665d2d,GetSecond_FW
0xfc665d43,SetLangMenuType_FW
0xfc665d77,SaveFromImage_FW
0xfc665e29,GetFromCountOfRom_FW
0xfc665f23,SetFactorySerialNumber_FW
0xfc665f33,LoadFactoryNumber_FW
0xfc665fa3,j_LoadFactoryNumber_FW
0xfc665fa5,LoadSerialNumber_FW
0xfc666015,j_LoadSerialNumber_FW
0xfc666017,GetLastVBatADLevel_FW
0xfc66601d,j_GetLastVBatADLevel_FW
0xfc66601f,j_GetVBatVoltage_FW
0xfc666023,SaveFactoryReserveData_FW
0xfc666055,j_GetDCPAdjOffset_FW
0xfc666059,SetWindowSystemDrawSetting_FW
0xfc666065,GetEFUSEData_FW
0xfc666071,j_GetEFUSEData_FW
0xfc666077,TurnOffCamera_FW
0xfc666081,task_FAPowerOff
0xfc6660b1,FactoryPowerOffWithTimer_FW
0xfc6660bd,RegistFirmVer_FW
0xfc6660f9,j_RegistFirmVer_FW
0xfc6662d3,CloseMShutter_FW
0xfc6662f9,OpenMShutter_FW
0xfc66631f,SetMShutterDacValue_FW
0xfc666327,GetMShutterDacValue_FW
0xfc66632f,j_ReloadMechaShutterAdjustment_FW
0xfc666333,GetMShutterStatus_FW
0xfc666337,j_GetMShutterStatus_FW
0xfc666379,InitializeMechaDevice_FW
0xfc66639b,TerminateMechaDevice_FW
0xfc66643d,CreateJumptable
0xfc667797,GetCdsGainValue_FW
0xfc6677af,SetDeltaCDSGain_FW
0xfc6677dd,ReloadCdsAdjustment_FW
0xfc6677eb,GetObClampValue_FW
0xfc6677f3,SetObClamp_FW
0xfc6677f3,SetObClampValue_FW
0xfc6677f7,j_GetCdsGainValue_FW
0xfc6677f9,SetCDSGain_FW
0xfc6677f9,SetCdsGainValue_FW
0xfc667815,SetCdsPreGainReg_FW
0xfc66782b,GetCdsPreGainReg_FW
0xfc66782f,j_GetCdsPreGainReg_FW
0xfc667831,SetSensorPreGain_FW
0xfc667839,GetSensorPreGain_FW
0xfc66783d,GetCurrentDriveBaseSvValue_FW
0xfc667851,j_GetCurrentDriveBaseSvValue_FW
0xfc667869,SetCDSGainStep_FW
0xfc667885,SetAdjCdsMode_FW
0xfc6678a1,CancelAdjCdsMode_FW
0xfc6678b1,IsAdjCdsMode_FW
0xfc6679b7,ConvertToPositionWithDistanceAndZoomPoint_FW
0xfc6679cb,ConvertToPositionWithDistance_FW
0xfc6679d3,ReloadFocusLensAdjustment_FW
0xfc6679e1,j_GetFocusDefaultResetPosition_FW
0xfc6679e9,j_GetFocusResetPosition_FW
0xfc6679f1,j_GetCurrentTargetDistance_FW
0xfc667a2b,j_GetCurrentFocusLensPosition_FW
0xfc667a2b,j_GetCurrentFocusPosition_FW
0xfc667a4d,MoveFocusLensToTerminatePosition_FW
0xfc667a4d,MoveFocusToTerminate_FW
0xfc667ad9,MoveFocusLensToPositionWithMaxSpeed_FW
0xfc667b01,MoveFocusLensToPositionWithSpeed_FW
0xfc667b79,MoveFocusLensToPosition_FW
0xfc667ba5,MoveFocusPosition_FW
0xfc667c1d,MoveFocusDistance_FW
0xfc667c1d,MoveFocusLensToDistance
0xfc667c1d,MoveFocusLensToDistance_FW
0xfc667c61,ResetFocus_FW
0xfc667d45,j_IsFocusLensOutSidePosition_FW
0xfc667d6d,SetFocusResetState_FW
0xfc667df7,SaveFocusResetPulse_FW
0xfc667ead,ReloadNdFilterAdjustment_FW
0xfc667ec5,PutInNdFilter
0xfc667ec5,PutInNdFilter_FW
0xfc667eeb,PutOutNdFilter
0xfc667eeb,PutOutNdFilter_FW
0xfc6684ff,SetScanLensIndex_FW
0xfc668597,SetScanWindowMode_FW
0xfc668719,SelectAdjBPFilter_FW
0xfc668733,SetAdjAFWinPos_FW
0xfc66876b,SetBPFilterForBP_FW
0xfc66878b,CancelBPFilterForBP_FW
0xfc6688ed,StartAdjAFService_FW
0xfc668995,StopAdjAFService_FW
0xfc668b01,GetAdjAFInteg_FW
0xfc668b39,StopAdjAFInteg_FW
0xfc668b43,StartAdjAFInteg_FW
0xfc668b53,SetAdjAFIntegCrwAdd_FW
0xfc66903b,StopCustomScan_FW
0xfc669045,StartCustomScan_FW
0xfc669085,StartCrwCustomScan_FW
0xfc669659,CalculatePeakPosByLS_FW
0xfc6696c5,CalculateInterpolationByLS_FW
0xfc6696ed,ReloadAFAdjustment_FW
0xfc669769,PrintScanTable_FW
0xfc6698bd,PrintMultiWinScanTable_FW
0xfc66a071,HitISLensAgainstTopEdge_FW
0xfc66a07d,HitISLensAgainstBottomEdge_FW
0xfc66a089,HitISLensAgainstLeftEdge_FW
0xfc66a095,HitISLensAgainstRightEdge_FW
0xfc66a0a1,HitISLensToMechaEdge_FW
0xfc66a0ad,MoveISLensToRightLimitPosition_FW
0xfc66a0b9,MoveISLensToLeftLimitPosition_FW
0xfc66a0c5,MoveISLensToBottomLimitPosition_FW
0xfc66a0d1,MoveISLensToTopLimitPosition_FW
0xfc66a0dd,MoveISLensToLimitPosition_FW
0xfc66a0e9,SearchBCentralPosition_FW
0xfc66a0e9,SearchISLensCentralPosition_FW
0xfc66a0f3,StopBDrive_FW
0xfc66a0f3,StopISAdjustmentDrive_FW
0xfc66a0f3,StopISDrive_FW
0xfc66a0fd,StartBDrive_FW
0xfc66a0fd,StartISAdjustmentDrive_FW
0xfc66a0fd,StartISDrive_FW
0xfc66a107,StopBPanDrive_FW
0xfc66a107,StopISPanDrive_FW
0xfc66a111,SetISControllMode_FW
0xfc66a11f,StartBPanDrive_FW
0xfc66a11f,StartISPanDrive_FW
0xfc66a129,WriteHallDeviceAdjustment_FW
0xfc66a133,WriteGyroAdjustment_FW
0xfc66a13d,WritePWMAdjustment_FW
0xfc66a147,SetISPitchPWM_FW
0xfc66a14f,SetISYawPWM_FW
0xfc66a157,SetISLensDriveValue_FW
0xfc66a161,SetISGyroYawGain_FW
0xfc66a169,SetISGyroPitchGain_FW
0xfc66a171,SetISLensGyroGain_FW
0xfc66a17b,SetISHallDeviceYawGain_FW
0xfc66a183,SetISHallDevicePitchGain_FW
0xfc66a18b,SetISLensHallGain_FW
0xfc66a195,SetISHallDeviceYawOffset_FW
0xfc66a19d,SetISHallDevicePitchOffset_FW
0xfc66a1a5,SetISLensHallOffset_FW
0xfc66a1af,SetZoomPointToIS_FW
0xfc66a1cb,GetISLens1stHallAmpValue_FW
0xfc66a1db,GetISHallOffsetDACValue_FW
0xfc66a1df,GetISLensEViAaxis_FW
0xfc66a1e5,GetISLensEViBaxis_FW
0xfc66a1eb,GetISLensCorrectedEViAaxis_FW
0xfc66a1f1,GetISLensCorrectedEViBaxis_FW
0xfc66a1f7,GetISLensDampAaxis_FW
0xfc66a1fb,GetISLensDampBaxis_FW
0xfc66a1ff,SetISLPFCutOffFreqAaxis_FW
0xfc66a205,SetISLPFCutOffFreqBaxis_FW
0xfc66a20b,SetLPFForParallelFilter_FW
0xfc66a21b,SetISCutOffFreqIndex_FW
0xfc66a21b,SetISHPFCutOffFreqIndex_FW
0xfc66a227,ChangeFilterMode_FW
0xfc66a233,HitISMechaEdgeInOpenControl_FW
0xfc66a241,ChangeToISCloseControl_FW
0xfc66a24b,SetISGyroHPFINOffsetPitch_FW
0xfc66a251,SetISGyroHPFINOffsetYaw_FW
0xfc66a257,SetISGyroOffsetHPFINData_FW
0xfc66a25f,SetISGyro10BitDACPitch_FW
0xfc66a265,SetISGyro10BitDACYaw_FW
0xfc66a26b,SetISGyroOffset10BitDACData_FW
0xfc66a273,GetISGyroDataPitch_FW
0xfc66a277,GetISGyroDataYaw_FW
0xfc66a27b,GetISGyroData_FW
0xfc66a27f,GetISGyroHPFINPitch_FW
0xfc66a283,GetISGyroHPFINYaw_FW
0xfc66a287,GetISHPFINGyroData_FW
0xfc66a28b,GetISGyro10BitDACPitch_FW
0xfc66a28f,GetISGyro10BitDACYaw_FW
0xfc66a293,GetISGyroOffset10BitDACData_FW
0xfc66a297,GetISGyroHPFINOffsetPitch_FW
0xfc66a29b,GetISGyroHPFINOffsetYaw_FW
0xfc66a29f,GetISGyroOffsetHPFINData_FW
0xfc66a2a3,SetISGyroFilterCharge_FW
0xfc66a2af,SetISTuningMode_FW
0xfc66a2bd,SetISTuningOff_FW
0xfc66a2c9,SetISGyroCompensationMode_FW
0xfc66a2db,CalcLoopGain_FW
0xfc66a319,GetLoopGainCalcData_FW
0xfc66a33b,SetLoopGain_FW
0xfc66a34d,GetLoopGain_FW
0xfc66a353,SetISLensPWMMode_FW
0xfc66a35f,SetDISModeParameter_FW
0xfc66a36d,GetGyroFilterChargeStatus_FW
0xfc66a37b,j_GetDISModeParameter_FW
0xfc66a37f,SetISCrossTalkCompCoeff_FW
0xfc66a391,GetISCrossTalkCompCoeff_FW
0xfc66a395,StartISAdjustMacro_FW
0xfc66a39f,StopISAdjustMacro_FW
0xfc66a3a9,GetMacroISGain_FW
0xfc66a3ad,SetMacroISGain_FW
0xfc66a3bf,GetMacroISEstimateRadius_FW
0xfc66a3c3,GetMacroISEstimateVelocity_FW
0xfc66a3e3,SetISMacroMode_FW
0xfc66a3ef,NotifyISMacroDistance_FW
0xfc66a3f9,GetISHallDevicePitchOffset_FW
0xfc66a3ff,GetISHallDeviceYawOffset_FW
0xfc66a405,GetISLensHallOffset_FW
0xfc66a40b,GetISHallDevicePitchGain_FW
0xfc66a411,GetISHallDeviceYawGain_FW
0xfc66a417,GetISLensHallGain_FW
0xfc66a41d,GetISPitchPWM_FW
0xfc66a423,GetISYawPWM_FW
0xfc66a429,GetISLensDriveValue_FW
0xfc66a42f,GetISShiftLensPitchPosition_FW
0xfc66a433,GetISShiftLensYawPosition_FW
0xfc66a481,GetISLensPositionValue_FW
0xfc66a485,GetISGyroPitchGain_FW
0xfc66a48b,GetISGyroYawGain_FW
0xfc66a491,GetISLensGyroGain_FW
0xfc66a497,ClearISCalcZData_FW
0xfc66a4a1,CancelLoopGainCalc_FW
0xfc66a4ab,ReloadISAdjustment_FW
0xfc66a4b5,MoveISLensToCentralPosition_FW
0xfc66a4bf,GetISHallOffsetDAConvertValue_FW
0xfc66a4c5,SetISPWMFreqData_FW
0xfc66a4d1,j_GetISPWMFreqData_FW
0xfc675335,GetMemInfo
0xfc6753b5,Bat_Calc_FW
0xfc6753b5,CalculateBatSenseOffset_FW
0xfc675a99,CalculatePeakFromLeastSquareResult_FW
0xfc675ab3,CalculateLog2ToApex_FW
0xfc675abf,CalculatePow2FromApex_FW
0xfc675ac7,CalcLog10
0xfc675af3,CalcLog10_FW
0xfc675b0f,ConvertApexToApexStd_FW
0xfc675b29,ConvertApexStdToApex_FW
0xfc675b6b,CalcSqrt
0xfc675b93,CalcSqrt_FW
0xfc675bd3,SetOneShotWBParam_FW
0xfc675bd3,SetOneTypeWBParam_FW
0xfc675c33,OneShotWhigeBalance_FW
0xfc675c33,OneTypeWhiteBalance_FW
0xfc675c67,SetWBYlStandardWidth_FW
0xfc675c8f,SetReferenceWBGainForCalibration_FW
0xfc675cad,SetToolCorrectCoefficient_FW
0xfc675cf5,ReloadWBAdjustment_FW
0xfc675ea5,ConvertCxCyToWBGain_FW
0xfc675f6f,ReloadColorAdjustment_FW
0xfc675feb,RegistColorMatrix_FW
0xfc67600d,j_RegistColorMatrix_FW
0xfc67600f,UnregistColorMatrix_FW
0xfc676017,j_UnregistColorMatrix_FW
0xfc6760e5,ReloadDefectAdjustmentData_FW
0xfc6760ef,ReloadFROMDefectAdjustmentData_FW
0xfc6760f9,ReloadShadingAdjustmentData_FW
0xfc676103,SetWBTemperature_FW
0xfc6761ab,DevelopStillPicture_FW
